[robosuite WARNING] No private macro file found! (macros.py:57)
[robosuite WARNING] It is recommended to use a private macro file (macros.py:58)
[robosuite WARNING] To setup, run: python /mnt/workspace/JCIIOT2026/JCIIOT/robosuite/robosuite/scripts/setup_macros.py (macros.py:59)
[robosuite WARNING] Could not load the mink-based whole-body IK. Make sure you install related import properly (e.g. pip install mink==0.0.5), otherwise you will not be able to use the default IK controller setting for GR1 robot. (__init__.py:41)
[robosuite INFO] Loading controller configuration from: /mnt/workspace/JCIIOT2026/JCIIOT/robosuite/robosuite/controllers/config/robots/default_tiago.json (composite_controller_factory.py:121)
[2026-08-10T12:51:13][collect] level=L1 env=FactorySorting1_3FO3ERFHISEM object=line_5_container_h01_near base_pos=[8.0, 4.6, 0.0] base_ori=[0.0, 0.0, -3.139453] rollouts=50

Rollout 1/50
Target object: line_5_container_h01_near
Robot base xy at reset: (8.000000, 4.600000)
Tracking sites: {'right': 'line_5_container_h01_near_right_grasp_site', 'left': 'line_5_container_h01_near_left_grasp_site'}
Site positions: {'right': array([7.349 , 4.739 , 1.2505]), 'left': array([7.349 , 4.499 , 1.2505])}
Below-site grasp targets: {'right': array([7.349 , 4.739 , 1.2155]), 'left': array([7.349 , 4.499 , 1.2155])}
DataCollectionWrapper: making folder at /tmp/factory_sorting_grasp_raw_9i020761/ep_1786337480_9753056
gripper end center arrival distances before grasp: {'right': 0.02740103047080101, 'left': 0.028647493526928403}
Before grasp close object collision geoms: ['line_5_container_h01_near_container_h01_col_bottom', 'line_5_container_h01_near_container_h01_col_front', 'line_5_container_h01_near_container_h01_col_back', 'line_5_container_h01_near_container_h01_col_left', 'line_5_container_h01_near_container_h01_col_right']
Before grasp close gripper end targets: {'right': [7.349, 4.739, 1.2155], 'left': [7.349, 4.499, 1.2155]}
Before grasp close gripper end positions: {'right': [7.3588, 4.7375, 1.2411], 'left': [7.3603, 4.5002, 1.2418]}
Before grasp close gripper end deltas current-minus-target: {'right': [0.0098, -0.0015, 0.0256], 'left': [0.0113, 0.0012, 0.0263]}
Before grasp close gripper end distances: {'right': 0.02740103047080101, 'left': 0.028647493526928403}
Before grasp close fingerpad contact status: {'right': {'left_fingerpad': False, 'right_fingerpad': False}, 'left': {'left_fingerpad': False, 'right_fingerpad': False}}
Before grasp close fingerpad contact pairs: {'right': {'left_fingerpad': [], 'right_fingerpad': []}, 'left': {'left_fingerpad': [], 'right_fingerpad': []}}
Before grasp close grasp status: {'right': False, 'left': False}
After grasp close object collision geoms: ['line_5_container_h01_near_container_h01_col_bottom', 'line_5_container_h01_near_container_h01_col_front', 'line_5_container_h01_near_container_h01_col_back', 'line_5_container_h01_near_container_h01_col_left', 'line_5_container_h01_near_container_h01_col_right']
After grasp close gripper end targets: {'right': [7.349, 4.739, 1.2155], 'left': [7.349, 4.499, 1.2155]}
After grasp close gripper end positions: {'right': [7.3647, 4.7364, 1.231], 'left': [7.3659, 4.5002, 1.2326]}
After grasp close gripper end deltas current-minus-target: {'right': [0.0157, -0.0026, 0.0155], 'left': [0.0169, 0.0012, 0.0171]}
After grasp close gripper end distances: {'right': 0.022237560374417844, 'left': 0.024089105305208972}
After grasp close fingerpad contact status: {'right': {'left_fingerpad': True, 'right_fingerpad': True}, 'left': {'left_fingerpad': True, 'right_fingerpad': True}}
After grasp close fingerpad contact pairs: {'right': {'left_fingerpad': [('gripper0_right_left_fingerpad_collision', 'line_5_container_h01_near_container_h01_col_right')], 'right_fingerpad': [('gripper0_right_right_fingerpad_collision', 'line_5_container_h01_near_container_h01_col_right')]}, 'left': {'left_fingerpad': [('gripper0_left_left_fingerpad_collision', 'line_5_container_h01_near_container_h01_col_right')], 'right_fingerpad': [('gripper0_left_right_fingerpad_collision', 'line_5_container_h01_near_container_h01_col_right')]}}
After grasp close grasp status: {'right': True, 'left': True}
Result: success: both grippers grasped and held the object

Rollout 2/50
Target object: line_5_container_h01_near
Robot base xy at reset: (8.000000, 4.600000)
Tracking sites: {'right': 'line_5_container_h01_near_right_grasp_site', 'left': 'line_5_container_h01_near_left_grasp_site'}
Site positions: {'right': array([7.349 , 4.739 , 1.2505]), 'left': array([7.349 , 4.499 , 1.2505])}
Below-site grasp targets: {'right': array([7.349 , 4.739 , 1.2155]), 'left': array([7.349 , 4.499 , 1.2155])}
DataCollectionWrapper: making folder at /tmp/factory_sorting_grasp_raw_9i020761/ep_1786337546_6421902
gripper end center arrival distances before grasp: {'right': 0.02740103047080101, 'left': 0.028647493526928403}
Before grasp close object collision geoms: ['line_5_container_h01_near_container_h01_col_bottom', 'line_5_container_h01_near_container_h01_col_front', 'line_5_container_h01_near_container_h01_col_back', 'line_5_container_h01_near_container_h01_col_left', 'line_5_container_h01_near_container_h01_col_right']
Before grasp close gripper end targets: {'right': [7.349, 4.739, 1.2155], 'left': [7.349, 4.499, 1.2155]}
Before grasp close gripper end positions: {'right': [7.3588, 4.7375, 1.2411], 'left': [7.3603, 4.5002, 1.2418]}
Before grasp close gripper end deltas current-minus-target: {'right': [0.0098, -0.0015, 0.0256], 'left': [0.0113, 0.0012, 0.0263]}
Before grasp close gripper end distances: {'right': 0.02740103047080101, 'left': 0.028647493526928403}
Before grasp close fingerpad contact status: {'right': {'left_fingerpad': False, 'right_fingerpad': False}, 'left': {'left_fingerpad': False, 'right_fingerpad': False}}
Before grasp close fingerpad contact pairs: {'right': {'left_fingerpad': [], 'right_fingerpad': []}, 'left': {'left_fingerpad': [], 'right_fingerpad': []}}
Before grasp close grasp status: {'right': False, 'left': False}
After grasp close object collision geoms: ['line_5_container_h01_near_container_h01_col_bottom', 'line_5_container_h01_near_container_h01_col_front', 'line_5_container_h01_near_container_h01_col_back', 'line_5_container_h01_near_container_h01_col_left', 'line_5_container_h01_near_container_h01_col_right']
After grasp close gripper end targets: {'right': [7.349, 4.739, 1.2155], 'left': [7.349, 4.499, 1.2155]}
After grasp close gripper end positions: {'right': [7.3647, 4.7364, 1.231], 'left': [7.3659, 4.5002, 1.2326]}
After grasp close gripper end deltas current-minus-target: {'right': [0.0157, -0.0026, 0.0155], 'left': [0.0169, 0.0012, 0.0171]}
After grasp close gripper end distances: {'right': 0.022237560374417844, 'left': 0.024089105305208972}
After grasp close fingerpad contact status: {'right': {'left_fingerpad': True, 'right_fingerpad': True}, 'left': {'left_fingerpad': True, 'right_fingerpad': True}}
After grasp close fingerpad contact pairs: {'right': {'left_fingerpad': [('gripper0_right_left_fingerpad_collision', 'line_5_container_h01_near_container_h01_col_right')], 'right_fingerpad': [('gripper0_right_right_fingerpad_collision', 'line_5_container_h01_near_container_h01_col_right')]}, 'left': {'left_fingerpad': [('gripper0_left_left_fingerpad_collision', 'line_5_container_h01_near_container_h01_col_right')], 'right_fingerpad': [('gripper0_left_right_fingerpad_collision', 'line_5_container_h01_near_container_h01_col_right')]}}
After grasp close grasp status: {'right': True, 'left': True}
Result: success: both grippers grasped and held the object

Rollout 3/50
Target object: line_5_container_h01_near
Robot base xy at reset: (8.000000, 4.600000)
Tracking sites: {'right': 'line_5_container_h01_near_right_grasp_site', 'left': 'line_5_container_h01_near_left_grasp_site'}
Site positions: {'right': array([7.349 , 4.739 , 1.2505]), 'left': array([7.349 , 4.499 , 1.2505])}
Below-site grasp targets: {'right': array([7.349 , 4.739 , 1.2155]), 'left': array([7.349 , 4.499 , 1.2155])}
DataCollectionWrapper: making folder at /tmp/factory_sorting_grasp_raw_9i020761/ep_1786337619_2774477
gripper end center arrival distances before grasp: {'right': 0.02740103047080101, 'left': 0.028647493526928403}
Before grasp close object collision geoms: ['line_5_container_h01_near_container_h01_col_bottom', 'line_5_container_h01_near_container_h01_col_front', 'line_5_container_h01_near_container_h01_col_back', 'line_5_container_h01_near_container_h01_col_left', 'line_5_container_h01_near_container_h01_col_right']
Before grasp close gripper end targets: {'right': [7.349, 4.739, 1.2155], 'left': [7.349, 4.499, 1.2155]}
Before grasp close gripper end positions: {'right': [7.3588, 4.7375, 1.2411], 'left': [7.3603, 4.5002, 1.2418]}
Before grasp close gripper end deltas current-minus-target: {'right': [0.0098, -0.0015, 0.0256], 'left': [0.0113, 0.0012, 0.0263]}
Before grasp close gripper end distances: {'right': 0.02740103047080101, 'left': 0.028647493526928403}
Before grasp close fingerpad contact status: {'right': {'left_fingerpad': False, 'right_fingerpad': False}, 'left': {'left_fingerpad': False, 'right_fingerpad': False}}
Before grasp close fingerpad contact pairs: {'right': {'left_fingerpad': [], 'right_fingerpad': []}, 'left': {'left_fingerpad': [], 'right_fingerpad': []}}
Before grasp close grasp status: {'right': False, 'left': False}
After grasp close object collision geoms: ['line_5_container_h01_near_container_h01_col_bottom', 'line_5_container_h01_near_container_h01_col_front', 'line_5_container_h01_near_container_h01_col_back', 'line_5_container_h01_near_container_h01_col_left', 'line_5_container_h01_near_container_h01_col_right']
After grasp close gripper end targets: {'right': [7.349, 4.739, 1.2155], 'left': [7.349, 4.499, 1.2155]}
After grasp close gripper end positions: {'right': [7.3647, 4.7364, 1.231], 'left': [7.3659, 4.5002, 1.2326]}
After grasp close gripper end deltas current-minus-target: {'right': [0.0157, -0.0026, 0.0155], 'left': [0.0169, 0.0012, 0.0171]}
After grasp close gripper end distances: {'right': 0.022237560374417844, 'left': 0.024089105305208972}
After grasp close fingerpad contact status: {'right': {'left_fingerpad': True, 'right_fingerpad': True}, 'left': {'left_fingerpad': True, 'right_fingerpad': True}}
After grasp close fingerpad contact pairs: {'right': {'left_fingerpad': [('gripper0_right_left_fingerpad_collision', 'line_5_container_h01_near_container_h01_col_right')], 'right_fingerpad': [('gripper0_right_right_fingerpad_collision', 'line_5_container_h01_near_container_h01_col_right')]}, 'left': {'left_fingerpad': [('gripper0_left_left_fingerpad_collision', 'line_5_container_h01_near_container_h01_col_right')], 'right_fingerpad': [('gripper0_left_right_fingerpad_collision', 'line_5_container_h01_near_container_h01_col_right')]}}
After grasp close grasp status: {'right': True, 'left': True}
Result: success: both grippers grasped and held the object

Rollout 4/50
Target object: line_5_container_h01_near
Robot base xy at reset: (8.000000, 4.600000)
Tracking sites: {'right': 'line_5_container_h01_near_right_grasp_site', 'left': 'line_5_container_h01_near_left_grasp_site'}
Site positions: {'right': array([7.349 , 4.739 , 1.2505]), 'left': array([7.349 , 4.499 , 1.2505])}
Below-site grasp targets: {'right': array([7.349 , 4.739 , 1.2155]), 'left': array([7.349 , 4.499 , 1.2155])}
DataCollectionWrapper: making folder at /tmp/factory_sorting_grasp_raw_9i020761/ep_1786337697_235945
gripper end center arrival distances before grasp: {'right': 0.02740103047080101, 'left': 0.028647493526928403}
Before grasp close object collision geoms: ['line_5_container_h01_near_container_h01_col_bottom', 'line_5_container_h01_near_container_h01_col_front', 'line_5_container_h01_near_container_h01_col_back', 'line_5_container_h01_near_container_h01_col_left', 'line_5_container_h01_near_container_h01_col_right']
Before grasp close gripper end targets: {'right': [7.349, 4.739, 1.2155], 'left': [7.349, 4.499, 1.2155]}
Before grasp close gripper end positions: {'right': [7.3588, 4.7375, 1.2411], 'left': [7.3603, 4.5002, 1.2418]}
Before grasp close gripper end deltas current-minus-target: {'right': [0.0098, -0.0015, 0.0256], 'left': [0.0113, 0.0012, 0.0263]}
Before grasp close gripper end distances: {'right': 0.02740103047080101, 'left': 0.028647493526928403}
Before grasp close fingerpad contact status: {'right': {'left_fingerpad': False, 'right_fingerpad': False}, 'left': {'left_fingerpad': False, 'right_fingerpad': False}}
Before grasp close fingerpad contact pairs: {'right': {'left_fingerpad': [], 'right_fingerpad': []}, 'left': {'left_fingerpad': [], 'right_fingerpad': []}}
Before grasp close grasp status: {'right': False, 'left': False}
After grasp close object collision geoms: ['line_5_container_h01_near_container_h01_col_bottom', 'line_5_container_h01_near_container_h01_col_front', 'line_5_container_h01_near_container_h01_col_back', 'line_5_container_h01_near_container_h01_col_left', 'line_5_container_h01_near_container_h01_col_right']
After grasp close gripper end targets: {'right': [7.349, 4.739, 1.2155], 'left': [7.349, 4.499, 1.2155]}
After grasp close gripper end positions: {'right': [7.3647, 4.7364, 1.231], 'left': [7.3659, 4.5002, 1.2326]}
After grasp close gripper end deltas current-minus-target: {'right': [0.0157, -0.0026, 0.0155], 'left': [0.0169, 0.0012, 0.0171]}
After grasp close gripper end distances: {'right': 0.022237560374417844, 'left': 0.024089105305208972}
After grasp close fingerpad contact status: {'right': {'left_fingerpad': True, 'right_fingerpad': True}, 'left': {'left_fingerpad': True, 'right_fingerpad': True}}
After grasp close fingerpad contact pairs: {'right': {'left_fingerpad': [('gripper0_right_left_fingerpad_collision', 'line_5_container_h01_near_container_h01_col_right')], 'right_fingerpad': [('gripper0_right_right_fingerpad_collision', 'line_5_container_h01_near_container_h01_col_right')]}, 'left': {'left_fingerpad': [('gripper0_left_left_fingerpad_collision', 'line_5_container_h01_near_container_h01_col_right')], 'right_fingerpad': [('gripper0_left_right_fingerpad_collision', 'line_5_container_h01_near_container_h01_col_right')]}}
After grasp close grasp status: {'right': True, 'left': True}
Result: success: both grippers grasped and held the object

Rollout 5/50
Target object: line_5_container_h01_near
Robot base xy at reset: (8.000000, 4.600000)
Tracking sites: {'right': 'line_5_container_h01_near_right_grasp_site', 'left': 'line_5_container_h01_near_left_grasp_site'}
Site positions: {'right': array([7.349 , 4.739 , 1.2505]), 'left': array([7.349 , 4.499 , 1.2505])}
Below-site grasp targets: {'right': array([7.349 , 4.739 , 1.2155]), 'left': array([7.349 , 4.499 , 1.2155])}
DataCollectionWrapper: making folder at /tmp/factory_sorting_grasp_raw_9i020761/ep_1786337792_5610104
gripper end center arrival distances before grasp: {'right': 0.02740103047080101, 'left': 0.028647493526928403}
Before grasp close object collision geoms: ['line_5_container_h01_near_container_h01_col_bottom', 'line_5_container_h01_near_container_h01_col_front', 'line_5_container_h01_near_container_h01_col_back', 'line_5_container_h01_near_container_h01_col_left', 'line_5_container_h01_near_container_h01_col_right']
Before grasp close gripper end targets: {'right': [7.349, 4.739, 1.2155], 'left': [7.349, 4.499, 1.2155]}
Before grasp close gripper end positions: {'right': [7.3588, 4.7375, 1.2411], 'left': [7.3603, 4.5002, 1.2418]}
Before grasp close gripper end deltas current-minus-target: {'right': [0.0098, -0.0015, 0.0256], 'left': [0.0113, 0.0012, 0.0263]}
Before grasp close gripper end distances: {'right': 0.02740103047080101, 'left': 0.028647493526928403}
Before grasp close fingerpad contact status: {'right': {'left_fingerpad': False, 'right_fingerpad': False}, 'left': {'left_fingerpad': False, 'right_fingerpad': False}}
Before grasp close fingerpad contact pairs: {'right': {'left_fingerpad': [], 'right_fingerpad': []}, 'left': {'left_fingerpad': [], 'right_fingerpad': []}}
Before grasp close grasp status: {'right': False, 'left': False}
After grasp close object collision geoms: ['line_5_container_h01_near_container_h01_col_bottom', 'line_5_container_h01_near_container_h01_col_front', 'line_5_container_h01_near_container_h01_col_back', 'line_5_container_h01_near_container_h01_col_left', 'line_5_container_h01_near_container_h01_col_right']
After grasp close gripper end targets: {'right': [7.349, 4.739, 1.2155], 'left': [7.349, 4.499, 1.2155]}
After grasp close gripper end positions: {'right': [7.3647, 4.7364, 1.231], 'left': [7.3659, 4.5002, 1.2326]}
After grasp close gripper end deltas current-minus-target: {'right': [0.0157, -0.0026, 0.0155], 'left': [0.0169, 0.0012, 0.0171]}
After grasp close gripper end distances: {'right': 0.022237560374417844, 'left': 0.024089105305208972}
After grasp close fingerpad contact status: {'right': {'left_fingerpad': True, 'right_fingerpad': True}, 'left': {'left_fingerpad': True, 'right_fingerpad': True}}
After grasp close fingerpad contact pairs: {'right': {'left_fingerpad': [('gripper0_right_left_fingerpad_collision', 'line_5_container_h01_near_container_h01_col_right')], 'right_fingerpad': [('gripper0_right_right_fingerpad_collision', 'line_5_container_h01_near_container_h01_col_right')]}, 'left': {'left_fingerpad': [('gripper0_left_left_fingerpad_collision', 'line_5_container_h01_near_container_h01_col_right')], 'right_fingerpad': [('gripper0_left_right_fingerpad_collision', 'line_5_container_h01_near_container_h01_col_right')]}}
After grasp close grasp status: {'right': True, 'left': True}
Result: success: both grippers grasped and held the object

Rollout 6/50
Target object: line_5_container_h01_near
Robot base xy at reset: (8.000000, 4.600000)
Tracking sites: {'right': 'line_5_container_h01_near_right_grasp_site', 'left': 'line_5_container_h01_near_left_grasp_site'}
Site positions: {'right': array([7.349 , 4.739 , 1.2505]), 'left': array([7.349 , 4.499 , 1.2505])}
Below-site grasp targets: {'right': array([7.349 , 4.739 , 1.2155]), 'left': array([7.349 , 4.499 , 1.2155])}
DataCollectionWrapper: making folder at /tmp/factory_sorting_grasp_raw_9i020761/ep_1786337883_2287514
gripper end center arrival distances before grasp: {'right': 0.02740103047080101, 'left': 0.028647493526928403}
Before grasp close object collision geoms: ['line_5_container_h01_near_container_h01_col_bottom', 'line_5_container_h01_near_container_h01_col_front', 'line_5_container_h01_near_container_h01_col_back', 'line_5_container_h01_near_container_h01_col_left', 'line_5_container_h01_near_container_h01_col_right']
Before grasp close gripper end targets: {'right': [7.349, 4.739, 1.2155], 'left': [7.349, 4.499, 1.2155]}
Before grasp close gripper end positions: {'right': [7.3588, 4.7375, 1.2411], 'left': [7.3603, 4.5002, 1.2418]}
Before grasp close gripper end deltas current-minus-target: {'right': [0.0098, -0.0015, 0.0256], 'left': [0.0113, 0.0012, 0.0263]}
Before grasp close gripper end distances: {'right': 0.02740103047080101, 'left': 0.028647493526928403}
Before grasp close fingerpad contact status: {'right': {'left_fingerpad': False, 'right_fingerpad': False}, 'left': {'left_fingerpad': False, 'right_fingerpad': False}}
Before grasp close fingerpad contact pairs: {'right': {'left_fingerpad': [], 'right_fingerpad': []}, 'left': {'left_fingerpad': [], 'right_fingerpad': []}}
Before grasp close grasp status: {'right': False, 'left': False}
After grasp close object collision geoms: ['line_5_container_h01_near_container_h01_col_bottom', 'line_5_container_h01_near_container_h01_col_front', 'line_5_container_h01_near_container_h01_col_back', 'line_5_container_h01_near_container_h01_col_left', 'line_5_container_h01_near_container_h01_col_right']
After grasp close gripper end targets: {'right': [7.349, 4.739, 1.2155], 'left': [7.349, 4.499, 1.2155]}
After grasp close gripper end positions: {'right': [7.3647, 4.7364, 1.231], 'left': [7.3659, 4.5002, 1.2326]}
After grasp close gripper end deltas current-minus-target: {'right': [0.0157, -0.0026, 0.0155], 'left': [0.0169, 0.0012, 0.0171]}
After grasp close gripper end distances: {'right': 0.022237560374417844, 'left': 0.024089105305208972}
After grasp close fingerpad contact status: {'right': {'left_fingerpad': True, 'right_fingerpad': True}, 'left': {'left_fingerpad': True, 'right_fingerpad': True}}
After grasp close fingerpad contact pairs: {'right': {'left_fingerpad': [('gripper0_right_left_fingerpad_collision', 'line_5_container_h01_near_container_h01_col_right')], 'right_fingerpad': [('gripper0_right_right_fingerpad_collision', 'line_5_container_h01_near_container_h01_col_right')]}, 'left': {'left_fingerpad': [('gripper0_left_left_fingerpad_collision', 'line_5_container_h01_near_container_h01_col_right')], 'right_fingerpad': [('gripper0_left_right_fingerpad_collision', 'line_5_container_h01_near_container_h01_col_right')]}}
After grasp close grasp status: {'right': True, 'left': True}
Result: success: both grippers grasped and held the object

Rollout 7/50
Target object: line_5_container_h01_near
Robot base xy at reset: (8.000000, 4.600000)
Tracking sites: {'right': 'line_5_container_h01_near_right_grasp_site', 'left': 'line_5_container_h01_near_left_grasp_site'}
Site positions: {'right': array([7.349 , 4.739 , 1.2505]), 'left': array([7.349 , 4.499 , 1.2505])}
Below-site grasp targets: {'right': array([7.349 , 4.739 , 1.2155]), 'left': array([7.349 , 4.499 , 1.2155])}
DataCollectionWrapper: making folder at /tmp/factory_sorting_grasp_raw_9i020761/ep_1786337961_6010768
gripper end center arrival distances before grasp: {'right': 0.02740103047080101, 'left': 0.028647493526928403}
Before grasp close object collision geoms: ['line_5_container_h01_near_container_h01_col_bottom', 'line_5_container_h01_near_container_h01_col_front', 'line_5_container_h01_near_container_h01_col_back', 'line_5_container_h01_near_container_h01_col_left', 'line_5_container_h01_near_container_h01_col_right']
Before grasp close gripper end targets: {'right': [7.349, 4.739, 1.2155], 'left': [7.349, 4.499, 1.2155]}
Before grasp close gripper end positions: {'right': [7.3588, 4.7375, 1.2411], 'left': [7.3603, 4.5002, 1.2418]}
Before grasp close gripper end deltas current-minus-target: {'right': [0.0098, -0.0015, 0.0256], 'left': [0.0113, 0.0012, 0.0263]}
Before grasp close gripper end distances: {'right': 0.02740103047080101, 'left': 0.028647493526928403}
Before grasp close fingerpad contact status: {'right': {'left_fingerpad': False, 'right_fingerpad': False}, 'left': {'left_fingerpad': False, 'right_fingerpad': False}}
Before grasp close fingerpad contact pairs: {'right': {'left_fingerpad': [], 'right_fingerpad': []}, 'left': {'left_fingerpad': [], 'right_fingerpad': []}}
Before grasp close grasp status: {'right': False, 'left': False}
After grasp close object collision geoms: ['line_5_container_h01_near_container_h01_col_bottom', 'line_5_container_h01_near_container_h01_col_front', 'line_5_container_h01_near_container_h01_col_back', 'line_5_container_h01_near_container_h01_col_left', 'line_5_container_h01_near_container_h01_col_right']
After grasp close gripper end targets: {'right': [7.349, 4.739, 1.2155], 'left': [7.349, 4.499, 1.2155]}
After grasp close gripper end positions: {'right': [7.3647, 4.7364, 1.231], 'left': [7.3659, 4.5002, 1.2326]}
After grasp close gripper end deltas current-minus-target: {'right': [0.0157, -0.0026, 0.0155], 'left': [0.0169, 0.0012, 0.0171]}
After grasp close gripper end distances: {'right': 0.022237560374417844, 'left': 0.024089105305208972}
After grasp close fingerpad contact status: {'right': {'left_fingerpad': True, 'right_fingerpad': True}, 'left': {'left_fingerpad': True, 'right_fingerpad': True}}
After grasp close fingerpad contact pairs: {'right': {'left_fingerpad': [('gripper0_right_left_fingerpad_collision', 'line_5_container_h01_near_container_h01_col_right')], 'right_fingerpad': [('gripper0_right_right_fingerpad_collision', 'line_5_container_h01_near_container_h01_col_right')]}, 'left': {'left_fingerpad': [('gripper0_left_left_fingerpad_collision', 'line_5_container_h01_near_container_h01_col_right')], 'right_fingerpad': [('gripper0_left_right_fingerpad_collision', 'line_5_container_h01_near_container_h01_col_right')]}}
After grasp close grasp status: {'right': True, 'left': True}
Result: success: both grippers grasped and held the object

Rollout 8/50
Target object: line_5_container_h01_near
Robot base xy at reset: (8.000000, 4.600000)
Tracking sites: {'right': 'line_5_container_h01_near_right_grasp_site', 'left': 'line_5_container_h01_near_left_grasp_site'}
Site positions: {'right': array([7.349 , 4.739 , 1.2505]), 'left': array([7.349 , 4.499 , 1.2505])}
Below-site grasp targets: {'right': array([7.349 , 4.739 , 1.2155]), 'left': array([7.349 , 4.499 , 1.2155])}
DataCollectionWrapper: making folder at /tmp/factory_sorting_grasp_raw_9i020761/ep_1786338040_7315598
gripper end center arrival distances before grasp: {'right': 0.02740103047080101, 'left': 0.028647493526928403}
Before grasp close object collision geoms: ['line_5_container_h01_near_container_h01_col_bottom', 'line_5_container_h01_near_container_h01_col_front', 'line_5_container_h01_near_container_h01_col_back', 'line_5_container_h01_near_container_h01_col_left', 'line_5_container_h01_near_container_h01_col_right']
Before grasp close gripper end targets: {'right': [7.349, 4.739, 1.2155], 'left': [7.349, 4.499, 1.2155]}
Before grasp close gripper end positions: {'right': [7.3588, 4.7375, 1.2411], 'left': [7.3603, 4.5002, 1.2418]}
Before grasp close gripper end deltas current-minus-target: {'right': [0.0098, -0.0015, 0.0256], 'left': [0.0113, 0.0012, 0.0263]}
Before grasp close gripper end distances: {'right': 0.02740103047080101, 'left': 0.028647493526928403}
Before grasp close fingerpad contact status: {'right': {'left_fingerpad': False, 'right_fingerpad': False}, 'left': {'left_fingerpad': False, 'right_fingerpad': False}}
Before grasp close fingerpad contact pairs: {'right': {'left_fingerpad': [], 'right_fingerpad': []}, 'left': {'left_fingerpad': [], 'right_fingerpad': []}}
Before grasp close grasp status: {'right': False, 'left': False}
After grasp close object collision geoms: ['line_5_container_h01_near_container_h01_col_bottom', 'line_5_container_h01_near_container_h01_col_front', 'line_5_container_h01_near_container_h01_col_back', 'line_5_container_h01_near_container_h01_col_left', 'line_5_container_h01_near_container_h01_col_right']
After grasp close gripper end targets: {'right': [7.349, 4.739, 1.2155], 'left': [7.349, 4.499, 1.2155]}
After grasp close gripper end positions: {'right': [7.3647, 4.7364, 1.231], 'left': [7.3659, 4.5002, 1.2326]}
After grasp close gripper end deltas current-minus-target: {'right': [0.0157, -0.0026, 0.0155], 'left': [0.0169, 0.0012, 0.0171]}
After grasp close gripper end distances: {'right': 0.022237560374417844, 'left': 0.024089105305208972}
After grasp close fingerpad contact status: {'right': {'left_fingerpad': True, 'right_fingerpad': True}, 'left': {'left_fingerpad': True, 'right_fingerpad': True}}
After grasp close fingerpad contact pairs: {'right': {'left_fingerpad': [('gripper0_right_left_fingerpad_collision', 'line_5_container_h01_near_container_h01_col_right')], 'right_fingerpad': [('gripper0_right_right_fingerpad_collision', 'line_5_container_h01_near_container_h01_col_right')]}, 'left': {'left_fingerpad': [('gripper0_left_left_fingerpad_collision', 'line_5_container_h01_near_container_h01_col_right')], 'right_fingerpad': [('gripper0_left_right_fingerpad_collision', 'line_5_container_h01_near_container_h01_col_right')]}}
After grasp close grasp status: {'right': True, 'left': True}
Result: success: both grippers grasped and held the object

Rollout 9/50
Target object: line_5_container_h01_near
Robot base xy at reset: (8.000000, 4.600000)
Tracking sites: {'right': 'line_5_container_h01_near_right_grasp_site', 'left': 'line_5_container_h01_near_left_grasp_site'}
Site positions: {'right': array([7.349 , 4.739 , 1.2505]), 'left': array([7.349 , 4.499 , 1.2505])}
Below-site grasp targets: {'right': array([7.349 , 4.739 , 1.2155]), 'left': array([7.349 , 4.499 , 1.2155])}
DataCollectionWrapper: making folder at /tmp/factory_sorting_grasp_raw_9i020761/ep_1786338119_0796545
gripper end center arrival distances before grasp: {'right': 0.02740103047080101, 'left': 0.028647493526928403}
Before grasp close object collision geoms: ['line_5_container_h01_near_container_h01_col_bottom', 'line_5_container_h01_near_container_h01_col_front', 'line_5_container_h01_near_container_h01_col_back', 'line_5_container_h01_near_container_h01_col_left', 'line_5_container_h01_near_container_h01_col_right']
Before grasp close gripper end targets: {'right': [7.349, 4.739, 1.2155], 'left': [7.349, 4.499, 1.2155]}
Before grasp close gripper end positions: {'right': [7.3588, 4.7375, 1.2411], 'left': [7.3603, 4.5002, 1.2418]}
Before grasp close gripper end deltas current-minus-target: {'right': [0.0098, -0.0015, 0.0256], 'left': [0.0113, 0.0012, 0.0263]}
Before grasp close gripper end distances: {'right': 0.02740103047080101, 'left': 0.028647493526928403}
Before grasp close fingerpad contact status: {'right': {'left_fingerpad': False, 'right_fingerpad': False}, 'left': {'left_fingerpad': False, 'right_fingerpad': False}}
Before grasp close fingerpad contact pairs: {'right': {'left_fingerpad': [], 'right_fingerpad': []}, 'left': {'left_fingerpad': [], 'right_fingerpad': []}}
Before grasp close grasp status: {'right': False, 'left': False}
After grasp close object collision geoms: ['line_5_container_h01_near_container_h01_col_bottom', 'line_5_container_h01_near_container_h01_col_front', 'line_5_container_h01_near_container_h01_col_back', 'line_5_container_h01_near_container_h01_col_left', 'line_5_container_h01_near_container_h01_col_right']
After grasp close gripper end targets: {'right': [7.349, 4.739, 1.2155], 'left': [7.349, 4.499, 1.2155]}
After grasp close gripper end positions: {'right': [7.3647, 4.7364, 1.231], 'left': [7.3659, 4.5002, 1.2326]}
After grasp close gripper end deltas current-minus-target: {'right': [0.0157, -0.0026, 0.0155], 'left': [0.0169, 0.0012, 0.0171]}
After grasp close gripper end distances: {'right': 0.022237560374417844, 'left': 0.024089105305208972}
After grasp close fingerpad contact status: {'right': {'left_fingerpad': True, 'right_fingerpad': True}, 'left': {'left_fingerpad': True, 'right_fingerpad': True}}
After grasp close fingerpad contact pairs: {'right': {'left_fingerpad': [('gripper0_right_left_fingerpad_collision', 'line_5_container_h01_near_container_h01_col_right')], 'right_fingerpad': [('gripper0_right_right_fingerpad_collision', 'line_5_container_h01_near_container_h01_col_right')]}, 'left': {'left_fingerpad': [('gripper0_left_left_fingerpad_collision', 'line_5_container_h01_near_container_h01_col_right')], 'right_fingerpad': [('gripper0_left_right_fingerpad_collision', 'line_5_container_h01_near_container_h01_col_right')]}}
After grasp close grasp status: {'right': True, 'left': True}
Result: success: both grippers grasped and held the object

Rollout 10/50
Target object: line_5_container_h01_near
Robot base xy at reset: (8.000000, 4.600000)
Tracking sites: {'right': 'line_5_container_h01_near_right_grasp_site', 'left': 'line_5_container_h01_near_left_grasp_site'}
Site positions: {'right': array([7.349 , 4.739 , 1.2505]), 'left': array([7.349 , 4.499 , 1.2505])}
Below-site grasp targets: {'right': array([7.349 , 4.739 , 1.2155]), 'left': array([7.349 , 4.499 , 1.2155])}
DataCollectionWrapper: making folder at /tmp/factory_sorting_grasp_raw_9i020761/ep_1786338198_917529
gripper end center arrival distances before grasp: {'right': 0.02740103047080101, 'left': 0.028647493526928403}
Before grasp close object collision geoms: ['line_5_container_h01_near_container_h01_col_bottom', 'line_5_container_h01_near_container_h01_col_front', 'line_5_container_h01_near_container_h01_col_back', 'line_5_container_h01_near_container_h01_col_left', 'line_5_container_h01_near_container_h01_col_right']
Before grasp close gripper end targets: {'right': [7.349, 4.739, 1.2155], 'left': [7.349, 4.499, 1.2155]}
Before grasp close gripper end positions: {'right': [7.3588, 4.7375, 1.2411], 'left': [7.3603, 4.5002, 1.2418]}
Before grasp close gripper end deltas current-minus-target: {'right': [0.0098, -0.0015, 0.0256], 'left': [0.0113, 0.0012, 0.0263]}
Before grasp close gripper end distances: {'right': 0.02740103047080101, 'left': 0.028647493526928403}
Before grasp close fingerpad contact status: {'right': {'left_fingerpad': False, 'right_fingerpad': False}, 'left': {'left_fingerpad': False, 'right_fingerpad': False}}
Before grasp close fingerpad contact pairs: {'right': {'left_fingerpad': [], 'right_fingerpad': []}, 'left': {'left_fingerpad': [], 'right_fingerpad': []}}
Before grasp close grasp status: {'right': False, 'left': False}
After grasp close object collision geoms: ['line_5_container_h01_near_container_h01_col_bottom', 'line_5_container_h01_near_container_h01_col_front', 'line_5_container_h01_near_container_h01_col_back', 'line_5_container_h01_near_container_h01_col_left', 'line_5_container_h01_near_container_h01_col_right']
After grasp close gripper end targets: {'right': [7.349, 4.739, 1.2155], 'left': [7.349, 4.499, 1.2155]}
After grasp close gripper end positions: {'right': [7.3647, 4.7364, 1.231], 'left': [7.3659, 4.5002, 1.2326]}
After grasp close gripper end deltas current-minus-target: {'right': [0.0157, -0.0026, 0.0155], 'left': [0.0169, 0.0012, 0.0171]}
After grasp close gripper end distances: {'right': 0.022237560374417844, 'left': 0.024089105305208972}
After grasp close fingerpad contact status: {'right': {'left_fingerpad': True, 'right_fingerpad': True}, 'left': {'left_fingerpad': True, 'right_fingerpad': True}}
After grasp close fingerpad contact pairs: {'right': {'left_fingerpad': [('gripper0_right_left_fingerpad_collision', 'line_5_container_h01_near_container_h01_col_right')], 'right_fingerpad': [('gripper0_right_right_fingerpad_collision', 'line_5_container_h01_near_container_h01_col_right')]}, 'left': {'left_fingerpad': [('gripper0_left_left_fingerpad_collision', 'line_5_container_h01_near_container_h01_col_right')], 'right_fingerpad': [('gripper0_left_right_fingerpad_collision', 'line_5_container_h01_near_container_h01_col_right')]}}
After grasp close grasp status: {'right': True, 'left': True}
Result: success: both grippers grasped and held the object

Rollout 11/50
Target object: line_5_container_h01_near
Robot base xy at reset: (8.000000, 4.600000)
Tracking sites: {'right': 'line_5_container_h01_near_right_grasp_site', 'left': 'line_5_container_h01_near_left_grasp_site'}
Site positions: {'right': array([7.349 , 4.739 , 1.2505]), 'left': array([7.349 , 4.499 , 1.2505])}
Below-site grasp targets: {'right': array([7.349 , 4.739 , 1.2155]), 'left': array([7.349 , 4.499 , 1.2155])}
DataCollectionWrapper: making folder at /tmp/factory_sorting_grasp_raw_9i020761/ep_1786338278_1769662
gripper end center arrival distances before grasp: {'right': 0.02740103047080101, 'left': 0.028647493526928403}
Before grasp close object collision geoms: ['line_5_container_h01_near_container_h01_col_bottom', 'line_5_container_h01_near_container_h01_col_front', 'line_5_container_h01_near_container_h01_col_back', 'line_5_container_h01_near_container_h01_col_left', 'line_5_container_h01_near_container_h01_col_right']
Before grasp close gripper end targets: {'right': [7.349, 4.739, 1.2155], 'left': [7.349, 4.499, 1.2155]}
Before grasp close gripper end positions: {'right': [7.3588, 4.7375, 1.2411], 'left': [7.3603, 4.5002, 1.2418]}
Before grasp close gripper end deltas current-minus-target: {'right': [0.0098, -0.0015, 0.0256], 'left': [0.0113, 0.0012, 0.0263]}
Before grasp close gripper end distances: {'right': 0.02740103047080101, 'left': 0.028647493526928403}
Before grasp close fingerpad contact status: {'right': {'left_fingerpad': False, 'right_fingerpad': False}, 'left': {'left_fingerpad': False, 'right_fingerpad': False}}
Before grasp close fingerpad contact pairs: {'right': {'left_fingerpad': [], 'right_fingerpad': []}, 'left': {'left_fingerpad': [], 'right_fingerpad': []}}
Before grasp close grasp status: {'right': False, 'left': False}
After grasp close object collision geoms: ['line_5_container_h01_near_container_h01_col_bottom', 'line_5_container_h01_near_container_h01_col_front', 'line_5_container_h01_near_container_h01_col_back', 'line_5_container_h01_near_container_h01_col_left', 'line_5_container_h01_near_container_h01_col_right']
After grasp close gripper end targets: {'right': [7.349, 4.739, 1.2155], 'left': [7.349, 4.499, 1.2155]}
After grasp close gripper end positions: {'right': [7.3647, 4.7364, 1.231], 'left': [7.3659, 4.5002, 1.2326]}
After grasp close gripper end deltas current-minus-target: {'right': [0.0157, -0.0026, 0.0155], 'left': [0.0169, 0.0012, 0.0171]}
After grasp close gripper end distances: {'right': 0.022237560374417844, 'left': 0.024089105305208972}
After grasp close fingerpad contact status: {'right': {'left_fingerpad': True, 'right_fingerpad': True}, 'left': {'left_fingerpad': True, 'right_fingerpad': True}}
After grasp close fingerpad contact pairs: {'right': {'left_fingerpad': [('gripper0_right_left_fingerpad_collision', 'line_5_container_h01_near_container_h01_col_right')], 'right_fingerpad': [('gripper0_right_right_fingerpad_collision', 'line_5_container_h01_near_container_h01_col_right')]}, 'left': {'left_fingerpad': [('gripper0_left_left_fingerpad_collision', 'line_5_container_h01_near_container_h01_col_right')], 'right_fingerpad': [('gripper0_left_right_fingerpad_collision', 'line_5_container_h01_near_container_h01_col_right')]}}
After grasp close grasp status: {'right': True, 'left': True}
Result: success: both grippers grasped and held the object

Rollout 12/50
Target object: line_5_container_h01_near
Robot base xy at reset: (8.000000, 4.600000)
Tracking sites: {'right': 'line_5_container_h01_near_right_grasp_site', 'left': 'line_5_container_h01_near_left_grasp_site'}
Site positions: {'right': array([7.349 , 4.739 , 1.2505]), 'left': array([7.349 , 4.499 , 1.2505])}
Below-site grasp targets: {'right': array([7.349 , 4.739 , 1.2155]), 'left': array([7.349 , 4.499 , 1.2155])}
DataCollectionWrapper: making folder at /tmp/factory_sorting_grasp_raw_9i020761/ep_1786338358_0622616
gripper end center arrival distances before grasp: {'right': 0.02740103047080101, 'left': 0.028647493526928403}
Before grasp close object collision geoms: ['line_5_container_h01_near_container_h01_col_bottom', 'line_5_container_h01_near_container_h01_col_front', 'line_5_container_h01_near_container_h01_col_back', 'line_5_container_h01_near_container_h01_col_left', 'line_5_container_h01_near_container_h01_col_right']
Before grasp close gripper end targets: {'right': [7.349, 4.739, 1.2155], 'left': [7.349, 4.499, 1.2155]}
Before grasp close gripper end positions: {'right': [7.3588, 4.7375, 1.2411], 'left': [7.3603, 4.5002, 1.2418]}
Before grasp close gripper end deltas current-minus-target: {'right': [0.0098, -0.0015, 0.0256], 'left': [0.0113, 0.0012, 0.0263]}
Before grasp close gripper end distances: {'right': 0.02740103047080101, 'left': 0.028647493526928403}
Before grasp close fingerpad contact status: {'right': {'left_fingerpad': False, 'right_fingerpad': False}, 'left': {'left_fingerpad': False, 'right_fingerpad': False}}
Before grasp close fingerpad contact pairs: {'right': {'left_fingerpad': [], 'right_fingerpad': []}, 'left': {'left_fingerpad': [], 'right_fingerpad': []}}
Before grasp close grasp status: {'right': False, 'left': False}
After grasp close object collision geoms: ['line_5_container_h01_near_container_h01_col_bottom', 'line_5_container_h01_near_container_h01_col_front', 'line_5_container_h01_near_container_h01_col_back', 'line_5_container_h01_near_container_h01_col_left', 'line_5_container_h01_near_container_h01_col_right']
After grasp close gripper end targets: {'right': [7.349, 4.739, 1.2155], 'left': [7.349, 4.499, 1.2155]}
After grasp close gripper end positions: {'right': [7.3647, 4.7364, 1.231], 'left': [7.3659, 4.5002, 1.2326]}
After grasp close gripper end deltas current-minus-target: {'right': [0.0157, -0.0026, 0.0155], 'left': [0.0169, 0.0012, 0.0171]}
After grasp close gripper end distances: {'right': 0.022237560374417844, 'left': 0.024089105305208972}
After grasp close fingerpad contact status: {'right': {'left_fingerpad': True, 'right_fingerpad': True}, 'left': {'left_fingerpad': True, 'right_fingerpad': True}}
After grasp close fingerpad contact pairs: {'right': {'left_fingerpad': [('gripper0_right_left_fingerpad_collision', 'line_5_container_h01_near_container_h01_col_right')], 'right_fingerpad': [('gripper0_right_right_fingerpad_collision', 'line_5_container_h01_near_container_h01_col_right')]}, 'left': {'left_fingerpad': [('gripper0_left_left_fingerpad_collision', 'line_5_container_h01_near_container_h01_col_right')], 'right_fingerpad': [('gripper0_left_right_fingerpad_collision', 'line_5_container_h01_near_container_h01_col_right')]}}
After grasp close grasp status: {'right': True, 'left': True}
Result: success: both grippers grasped and held the object

Rollout 13/50
Target object: line_5_container_h01_near
Robot base xy at reset: (8.000000, 4.600000)
Tracking sites: {'right': 'line_5_container_h01_near_right_grasp_site', 'left': 'line_5_container_h01_near_left_grasp_site'}
Site positions: {'right': array([7.349 , 4.739 , 1.2505]), 'left': array([7.349 , 4.499 , 1.2505])}
Below-site grasp targets: {'right': array([7.349 , 4.739 , 1.2155]), 'left': array([7.349 , 4.499 , 1.2155])}
DataCollectionWrapper: making folder at /tmp/factory_sorting_grasp_raw_9i020761/ep_1786338439_1986868
gripper end center arrival distances before grasp: {'right': 0.02740103047080101, 'left': 0.028647493526928403}
Before grasp close object collision geoms: ['line_5_container_h01_near_container_h01_col_bottom', 'line_5_container_h01_near_container_h01_col_front', 'line_5_container_h01_near_container_h01_col_back', 'line_5_container_h01_near_container_h01_col_left', 'line_5_container_h01_near_container_h01_col_right']
Before grasp close gripper end targets: {'right': [7.349, 4.739, 1.2155], 'left': [7.349, 4.499, 1.2155]}
Before grasp close gripper end positions: {'right': [7.3588, 4.7375, 1.2411], 'left': [7.3603, 4.5002, 1.2418]}
Before grasp close gripper end deltas current-minus-target: {'right': [0.0098, -0.0015, 0.0256], 'left': [0.0113, 0.0012, 0.0263]}
Before grasp close gripper end distances: {'right': 0.02740103047080101, 'left': 0.028647493526928403}
Before grasp close fingerpad contact status: {'right': {'left_fingerpad': False, 'right_fingerpad': False}, 'left': {'left_fingerpad': False, 'right_fingerpad': False}}
Before grasp close fingerpad contact pairs: {'right': {'left_fingerpad': [], 'right_fingerpad': []}, 'left': {'left_fingerpad': [], 'right_fingerpad': []}}
Before grasp close grasp status: {'right': False, 'left': False}
After grasp close object collision geoms: ['line_5_container_h01_near_container_h01_col_bottom', 'line_5_container_h01_near_container_h01_col_front', 'line_5_container_h01_near_container_h01_col_back', 'line_5_container_h01_near_container_h01_col_left', 'line_5_container_h01_near_container_h01_col_right']
After grasp close gripper end targets: {'right': [7.349, 4.739, 1.2155], 'left': [7.349, 4.499, 1.2155]}
After grasp close gripper end positions: {'right': [7.3647, 4.7364, 1.231], 'left': [7.3659, 4.5002, 1.2326]}
After grasp close gripper end deltas current-minus-target: {'right': [0.0157, -0.0026, 0.0155], 'left': [0.0169, 0.0012, 0.0171]}
After grasp close gripper end distances: {'right': 0.022237560374417844, 'left': 0.024089105305208972}
After grasp close fingerpad contact status: {'right': {'left_fingerpad': True, 'right_fingerpad': True}, 'left': {'left_fingerpad': True, 'right_fingerpad': True}}
After grasp close fingerpad contact pairs: {'right': {'left_fingerpad': [('gripper0_right_left_fingerpad_collision', 'line_5_container_h01_near_container_h01_col_right')], 'right_fingerpad': [('gripper0_right_right_fingerpad_collision', 'line_5_container_h01_near_container_h01_col_right')]}, 'left': {'left_fingerpad': [('gripper0_left_left_fingerpad_collision', 'line_5_container_h01_near_container_h01_col_right')], 'right_fingerpad': [('gripper0_left_right_fingerpad_collision', 'line_5_container_h01_near_container_h01_col_right')]}}
After grasp close grasp status: {'right': True, 'left': True}
Result: success: both grippers grasped and held the object

Rollout 14/50
Target object: line_5_container_h01_near
Robot base xy at reset: (8.000000, 4.600000)
Tracking sites: {'right': 'line_5_container_h01_near_right_grasp_site', 'left': 'line_5_container_h01_near_left_grasp_site'}
Site positions: {'right': array([7.349 , 4.739 , 1.2505]), 'left': array([7.349 , 4.499 , 1.2505])}
Below-site grasp targets: {'right': array([7.349 , 4.739 , 1.2155]), 'left': array([7.349 , 4.499 , 1.2155])}
DataCollectionWrapper: making folder at /tmp/factory_sorting_grasp_raw_9i020761/ep_1786338536_6451612
gripper end center arrival distances before grasp: {'right': 0.02740103047080101, 'left': 0.028647493526928403}
Before grasp close object collision geoms: ['line_5_container_h01_near_container_h01_col_bottom', 'line_5_container_h01_near_container_h01_col_front', 'line_5_container_h01_near_container_h01_col_back', 'line_5_container_h01_near_container_h01_col_left', 'line_5_container_h01_near_container_h01_col_right']
Before grasp close gripper end targets: {'right': [7.349, 4.739, 1.2155], 'left': [7.349, 4.499, 1.2155]}
Before grasp close gripper end positions: {'right': [7.3588, 4.7375, 1.2411], 'left': [7.3603, 4.5002, 1.2418]}
Before grasp close gripper end deltas current-minus-target: {'right': [0.0098, -0.0015, 0.0256], 'left': [0.0113, 0.0012, 0.0263]}
Before grasp close gripper end distances: {'right': 0.02740103047080101, 'left': 0.028647493526928403}
Before grasp close fingerpad contact status: {'right': {'left_fingerpad': False, 'right_fingerpad': False}, 'left': {'left_fingerpad': False, 'right_fingerpad': False}}
Before grasp close fingerpad contact pairs: {'right': {'left_fingerpad': [], 'right_fingerpad': []}, 'left': {'left_fingerpad': [], 'right_fingerpad': []}}
Before grasp close grasp status: {'right': False, 'left': False}
After grasp close object collision geoms: ['line_5_container_h01_near_container_h01_col_bottom', 'line_5_container_h01_near_container_h01_col_front', 'line_5_container_h01_near_container_h01_col_back', 'line_5_container_h01_near_container_h01_col_left', 'line_5_container_h01_near_container_h01_col_right']
After grasp close gripper end targets: {'right': [7.349, 4.739, 1.2155], 'left': [7.349, 4.499, 1.2155]}
After grasp close gripper end positions: {'right': [7.3647, 4.7364, 1.231], 'left': [7.3659, 4.5002, 1.2326]}
After grasp close gripper end deltas current-minus-target: {'right': [0.0157, -0.0026, 0.0155], 'left': [0.0169, 0.0012, 0.0171]}
After grasp close gripper end distances: {'right': 0.022237560374417844, 'left': 0.024089105305208972}
After grasp close fingerpad contact status: {'right': {'left_fingerpad': True, 'right_fingerpad': True}, 'left': {'left_fingerpad': True, 'right_fingerpad': True}}
After grasp close fingerpad contact pairs: {'right': {'left_fingerpad': [('gripper0_right_left_fingerpad_collision', 'line_5_container_h01_near_container_h01_col_right')], 'right_fingerpad': [('gripper0_right_right_fingerpad_collision', 'line_5_container_h01_near_container_h01_col_right')]}, 'left': {'left_fingerpad': [('gripper0_left_left_fingerpad_collision', 'line_5_container_h01_near_container_h01_col_right')], 'right_fingerpad': [('gripper0_left_right_fingerpad_collision', 'line_5_container_h01_near_container_h01_col_right')]}}
After grasp close grasp status: {'right': True, 'left': True}
Result: success: both grippers grasped and held the object

Rollout 15/50
Target object: line_5_container_h01_near
Robot base xy at reset: (8.000000, 4.600000)
Tracking sites: {'right': 'line_5_container_h01_near_right_grasp_site', 'left': 'line_5_container_h01_near_left_grasp_site'}
Site positions: {'right': array([7.349 , 4.739 , 1.2505]), 'left': array([7.349 , 4.499 , 1.2505])}
Below-site grasp targets: {'right': array([7.349 , 4.739 , 1.2155]), 'left': array([7.349 , 4.499 , 1.2155])}
DataCollectionWrapper: making folder at /tmp/factory_sorting_grasp_raw_9i020761/ep_1786338629_2372007
gripper end center arrival distances before grasp: {'right': 0.02740103047080101, 'left': 0.028647493526928403}
Before grasp close object collision geoms: ['line_5_container_h01_near_container_h01_col_bottom', 'line_5_container_h01_near_container_h01_col_front', 'line_5_container_h01_near_container_h01_col_back', 'line_5_container_h01_near_container_h01_col_left', 'line_5_container_h01_near_container_h01_col_right']
Before grasp close gripper end targets: {'right': [7.349, 4.739, 1.2155], 'left': [7.349, 4.499, 1.2155]}
Before grasp close gripper end positions: {'right': [7.3588, 4.7375, 1.2411], 'left': [7.3603, 4.5002, 1.2418]}
Before grasp close gripper end deltas current-minus-target: {'right': [0.0098, -0.0015, 0.0256], 'left': [0.0113, 0.0012, 0.0263]}
Before grasp close gripper end distances: {'right': 0.02740103047080101, 'left': 0.028647493526928403}
Before grasp close fingerpad contact status: {'right': {'left_fingerpad': False, 'right_fingerpad': False}, 'left': {'left_fingerpad': False, 'right_fingerpad': False}}
Before grasp close fingerpad contact pairs: {'right': {'left_fingerpad': [], 'right_fingerpad': []}, 'left': {'left_fingerpad': [], 'right_fingerpad': []}}
Before grasp close grasp status: {'right': False, 'left': False}
After grasp close object collision geoms: ['line_5_container_h01_near_container_h01_col_bottom', 'line_5_container_h01_near_container_h01_col_front', 'line_5_container_h01_near_container_h01_col_back', 'line_5_container_h01_near_container_h01_col_left', 'line_5_container_h01_near_container_h01_col_right']
After grasp close gripper end targets: {'right': [7.349, 4.739, 1.2155], 'left': [7.349, 4.499, 1.2155]}
After grasp close gripper end positions: {'right': [7.3647, 4.7364, 1.231], 'left': [7.3659, 4.5002, 1.2326]}
After grasp close gripper end deltas current-minus-target: {'right': [0.0157, -0.0026, 0.0155], 'left': [0.0169, 0.0012, 0.0171]}
After grasp close gripper end distances: {'right': 0.022237560374417844, 'left': 0.024089105305208972}
After grasp close fingerpad contact status: {'right': {'left_fingerpad': True, 'right_fingerpad': True}, 'left': {'left_fingerpad': True, 'right_fingerpad': True}}
After grasp close fingerpad contact pairs: {'right': {'left_fingerpad': [('gripper0_right_left_fingerpad_collision', 'line_5_container_h01_near_container_h01_col_right')], 'right_fingerpad': [('gripper0_right_right_fingerpad_collision', 'line_5_container_h01_near_container_h01_col_right')]}, 'left': {'left_fingerpad': [('gripper0_left_left_fingerpad_collision', 'line_5_container_h01_near_container_h01_col_right')], 'right_fingerpad': [('gripper0_left_right_fingerpad_collision', 'line_5_container_h01_near_container_h01_col_right')]}}
After grasp close grasp status: {'right': True, 'left': True}
Result: success: both grippers grasped and held the object

Rollout 16/50
Target object: line_5_container_h01_near
Robot base xy at reset: (8.000000, 4.600000)
Tracking sites: {'right': 'line_5_container_h01_near_right_grasp_site', 'left': 'line_5_container_h01_near_left_grasp_site'}
Site positions: {'right': array([7.349 , 4.739 , 1.2505]), 'left': array([7.349 , 4.499 , 1.2505])}
Below-site grasp targets: {'right': array([7.349 , 4.739 , 1.2155]), 'left': array([7.349 , 4.499 , 1.2155])}
DataCollectionWrapper: making folder at /tmp/factory_sorting_grasp_raw_9i020761/ep_1786338709_1389523
gripper end center arrival distances before grasp: {'right': 0.02740103047080101, 'left': 0.028647493526928403}
Before grasp close object collision geoms: ['line_5_container_h01_near_container_h01_col_bottom', 'line_5_container_h01_near_container_h01_col_front', 'line_5_container_h01_near_container_h01_col_back', 'line_5_container_h01_near_container_h01_col_left', 'line_5_container_h01_near_container_h01_col_right']
Before grasp close gripper end targets: {'right': [7.349, 4.739, 1.2155], 'left': [7.349, 4.499, 1.2155]}
Before grasp close gripper end positions: {'right': [7.3588, 4.7375, 1.2411], 'left': [7.3603, 4.5002, 1.2418]}
Before grasp close gripper end deltas current-minus-target: {'right': [0.0098, -0.0015, 0.0256], 'left': [0.0113, 0.0012, 0.0263]}
Before grasp close gripper end distances: {'right': 0.02740103047080101, 'left': 0.028647493526928403}
Before grasp close fingerpad contact status: {'right': {'left_fingerpad': False, 'right_fingerpad': False}, 'left': {'left_fingerpad': False, 'right_fingerpad': False}}
Before grasp close fingerpad contact pairs: {'right': {'left_fingerpad': [], 'right_fingerpad': []}, 'left': {'left_fingerpad': [], 'right_fingerpad': []}}
Before grasp close grasp status: {'right': False, 'left': False}
After grasp close object collision geoms: ['line_5_container_h01_near_container_h01_col_bottom', 'line_5_container_h01_near_container_h01_col_front', 'line_5_container_h01_near_container_h01_col_back', 'line_5_container_h01_near_container_h01_col_left', 'line_5_container_h01_near_container_h01_col_right']
After grasp close gripper end targets: {'right': [7.349, 4.739, 1.2155], 'left': [7.349, 4.499, 1.2155]}
After grasp close gripper end positions: {'right': [7.3647, 4.7364, 1.231], 'left': [7.3659, 4.5002, 1.2326]}
After grasp close gripper end deltas current-minus-target: {'right': [0.0157, -0.0026, 0.0155], 'left': [0.0169, 0.0012, 0.0171]}
After grasp close gripper end distances: {'right': 0.022237560374417844, 'left': 0.024089105305208972}
After grasp close fingerpad contact status: {'right': {'left_fingerpad': True, 'right_fingerpad': True}, 'left': {'left_fingerpad': True, 'right_fingerpad': True}}
After grasp close fingerpad contact pairs: {'right': {'left_fingerpad': [('gripper0_right_left_fingerpad_collision', 'line_5_container_h01_near_container_h01_col_right')], 'right_fingerpad': [('gripper0_right_right_fingerpad_collision', 'line_5_container_h01_near_container_h01_col_right')]}, 'left': {'left_fingerpad': [('gripper0_left_left_fingerpad_collision', 'line_5_container_h01_near_container_h01_col_right')], 'right_fingerpad': [('gripper0_left_right_fingerpad_collision', 'line_5_container_h01_near_container_h01_col_right')]}}
After grasp close grasp status: {'right': True, 'left': True}
Result: success: both grippers grasped and held the object

Rollout 17/50
Target object: line_5_container_h01_near
Robot base xy at reset: (8.000000, 4.600000)
Tracking sites: {'right': 'line_5_container_h01_near_right_grasp_site', 'left': 'line_5_container_h01_near_left_grasp_site'}
Site positions: {'right': array([7.349 , 4.739 , 1.2505]), 'left': array([7.349 , 4.499 , 1.2505])}
Below-site grasp targets: {'right': array([7.349 , 4.739 , 1.2155]), 'left': array([7.349 , 4.499 , 1.2155])}
DataCollectionWrapper: making folder at /tmp/factory_sorting_grasp_raw_9i020761/ep_1786338787_9645762
gripper end center arrival distances before grasp: {'right': 0.02740103047080101, 'left': 0.028647493526928403}
Before grasp close object collision geoms: ['line_5_container_h01_near_container_h01_col_bottom', 'line_5_container_h01_near_container_h01_col_front', 'line_5_container_h01_near_container_h01_col_back', 'line_5_container_h01_near_container_h01_col_left', 'line_5_container_h01_near_container_h01_col_right']
Before grasp close gripper end targets: {'right': [7.349, 4.739, 1.2155], 'left': [7.349, 4.499, 1.2155]}
Before grasp close gripper end positions: {'right': [7.3588, 4.7375, 1.2411], 'left': [7.3603, 4.5002, 1.2418]}
Before grasp close gripper end deltas current-minus-target: {'right': [0.0098, -0.0015, 0.0256], 'left': [0.0113, 0.0012, 0.0263]}
Before grasp close gripper end distances: {'right': 0.02740103047080101, 'left': 0.028647493526928403}
Before grasp close fingerpad contact status: {'right': {'left_fingerpad': False, 'right_fingerpad': False}, 'left': {'left_fingerpad': False, 'right_fingerpad': False}}
Before grasp close fingerpad contact pairs: {'right': {'left_fingerpad': [], 'right_fingerpad': []}, 'left': {'left_fingerpad': [], 'right_fingerpad': []}}
Before grasp close grasp status: {'right': False, 'left': False}
After grasp close object collision geoms: ['line_5_container_h01_near_container_h01_col_bottom', 'line_5_container_h01_near_container_h01_col_front', 'line_5_container_h01_near_container_h01_col_back', 'line_5_container_h01_near_container_h01_col_left', 'line_5_container_h01_near_container_h01_col_right']
After grasp close gripper end targets: {'right': [7.349, 4.739, 1.2155], 'left': [7.349, 4.499, 1.2155]}
After grasp close gripper end positions: {'right': [7.3647, 4.7364, 1.231], 'left': [7.3659, 4.5002, 1.2326]}
After grasp close gripper end deltas current-minus-target: {'right': [0.0157, -0.0026, 0.0155], 'left': [0.0169, 0.0012, 0.0171]}
After grasp close gripper end distances: {'right': 0.022237560374417844, 'left': 0.024089105305208972}
After grasp close fingerpad contact status: {'right': {'left_fingerpad': True, 'right_fingerpad': True}, 'left': {'left_fingerpad': True, 'right_fingerpad': True}}
After grasp close fingerpad contact pairs: {'right': {'left_fingerpad': [('gripper0_right_left_fingerpad_collision', 'line_5_container_h01_near_container_h01_col_right')], 'right_fingerpad': [('gripper0_right_right_fingerpad_collision', 'line_5_container_h01_near_container_h01_col_right')]}, 'left': {'left_fingerpad': [('gripper0_left_left_fingerpad_collision', 'line_5_container_h01_near_container_h01_col_right')], 'right_fingerpad': [('gripper0_left_right_fingerpad_collision', 'line_5_container_h01_near_container_h01_col_right')]}}
After grasp close grasp status: {'right': True, 'left': True}
Result: success: both grippers grasped and held the object

Rollout 18/50
Target object: line_5_container_h01_near
Robot base xy at reset: (8.000000, 4.600000)
Tracking sites: {'right': 'line_5_container_h01_near_right_grasp_site', 'left': 'line_5_container_h01_near_left_grasp_site'}
Site positions: {'right': array([7.349 , 4.739 , 1.2505]), 'left': array([7.349 , 4.499 , 1.2505])}
Below-site grasp targets: {'right': array([7.349 , 4.739 , 1.2155]), 'left': array([7.349 , 4.499 , 1.2155])}
DataCollectionWrapper: making folder at /tmp/factory_sorting_grasp_raw_9i020761/ep_1786338866_930348
gripper end center arrival distances before grasp: {'right': 0.02740103047080101, 'left': 0.028647493526928403}
Before grasp close object collision geoms: ['line_5_container_h01_near_container_h01_col_bottom', 'line_5_container_h01_near_container_h01_col_front', 'line_5_container_h01_near_container_h01_col_back', 'line_5_container_h01_near_container_h01_col_left', 'line_5_container_h01_near_container_h01_col_right']
Before grasp close gripper end targets: {'right': [7.349, 4.739, 1.2155], 'left': [7.349, 4.499, 1.2155]}
Before grasp close gripper end positions: {'right': [7.3588, 4.7375, 1.2411], 'left': [7.3603, 4.5002, 1.2418]}
Before grasp close gripper end deltas current-minus-target: {'right': [0.0098, -0.0015, 0.0256], 'left': [0.0113, 0.0012, 0.0263]}
Before grasp close gripper end distances: {'right': 0.02740103047080101, 'left': 0.028647493526928403}
Before grasp close fingerpad contact status: {'right': {'left_fingerpad': False, 'right_fingerpad': False}, 'left': {'left_fingerpad': False, 'right_fingerpad': False}}
Before grasp close fingerpad contact pairs: {'right': {'left_fingerpad': [], 'right_fingerpad': []}, 'left': {'left_fingerpad': [], 'right_fingerpad': []}}
Before grasp close grasp status: {'right': False, 'left': False}
After grasp close object collision geoms: ['line_5_container_h01_near_container_h01_col_bottom', 'line_5_container_h01_near_container_h01_col_front', 'line_5_container_h01_near_container_h01_col_back', 'line_5_container_h01_near_container_h01_col_left', 'line_5_container_h01_near_container_h01_col_right']
After grasp close gripper end targets: {'right': [7.349, 4.739, 1.2155], 'left': [7.349, 4.499, 1.2155]}
After grasp close gripper end positions: {'right': [7.3647, 4.7364, 1.231], 'left': [7.3659, 4.5002, 1.2326]}
After grasp close gripper end deltas current-minus-target: {'right': [0.0157, -0.0026, 0.0155], 'left': [0.0169, 0.0012, 0.0171]}
After grasp close gripper end distances: {'right': 0.022237560374417844, 'left': 0.024089105305208972}
After grasp close fingerpad contact status: {'right': {'left_fingerpad': True, 'right_fingerpad': True}, 'left': {'left_fingerpad': True, 'right_fingerpad': True}}
After grasp close fingerpad contact pairs: {'right': {'left_fingerpad': [('gripper0_right_left_fingerpad_collision', 'line_5_container_h01_near_container_h01_col_right')], 'right_fingerpad': [('gripper0_right_right_fingerpad_collision', 'line_5_container_h01_near_container_h01_col_right')]}, 'left': {'left_fingerpad': [('gripper0_left_left_fingerpad_collision', 'line_5_container_h01_near_container_h01_col_right')], 'right_fingerpad': [('gripper0_left_right_fingerpad_collision', 'line_5_container_h01_near_container_h01_col_right')]}}
After grasp close grasp status: {'right': True, 'left': True}
Result: success: both grippers grasped and held the object

Rollout 19/50
Target object: line_5_container_h01_near
Robot base xy at reset: (8.000000, 4.600000)
Tracking sites: {'right': 'line_5_container_h01_near_right_grasp_site', 'left': 'line_5_container_h01_near_left_grasp_site'}
Site positions: {'right': array([7.349 , 4.739 , 1.2505]), 'left': array([7.349 , 4.499 , 1.2505])}
Below-site grasp targets: {'right': array([7.349 , 4.739 , 1.2155]), 'left': array([7.349 , 4.499 , 1.2155])}
DataCollectionWrapper: making folder at /tmp/factory_sorting_grasp_raw_9i020761/ep_1786338953_6963837
gripper end center arrival distances before grasp: {'right': 0.02740103047080101, 'left': 0.028647493526928403}
Before grasp close object collision geoms: ['line_5_container_h01_near_container_h01_col_bottom', 'line_5_container_h01_near_container_h01_col_front', 'line_5_container_h01_near_container_h01_col_back', 'line_5_container_h01_near_container_h01_col_left', 'line_5_container_h01_near_container_h01_col_right']
Before grasp close gripper end targets: {'right': [7.349, 4.739, 1.2155], 'left': [7.349, 4.499, 1.2155]}
Before grasp close gripper end positions: {'right': [7.3588, 4.7375, 1.2411], 'left': [7.3603, 4.5002, 1.2418]}
Before grasp close gripper end deltas current-minus-target: {'right': [0.0098, -0.0015, 0.0256], 'left': [0.0113, 0.0012, 0.0263]}
Before grasp close gripper end distances: {'right': 0.02740103047080101, 'left': 0.028647493526928403}
Before grasp close fingerpad contact status: {'right': {'left_fingerpad': False, 'right_fingerpad': False}, 'left': {'left_fingerpad': False, 'right_fingerpad': False}}
Before grasp close fingerpad contact pairs: {'right': {'left_fingerpad': [], 'right_fingerpad': []}, 'left': {'left_fingerpad': [], 'right_fingerpad': []}}
Before grasp close grasp status: {'right': False, 'left': False}
After grasp close object collision geoms: ['line_5_container_h01_near_container_h01_col_bottom', 'line_5_container_h01_near_container_h01_col_front', 'line_5_container_h01_near_container_h01_col_back', 'line_5_container_h01_near_container_h01_col_left', 'line_5_container_h01_near_container_h01_col_right']
After grasp close gripper end targets: {'right': [7.349, 4.739, 1.2155], 'left': [7.349, 4.499, 1.2155]}
After grasp close gripper end positions: {'right': [7.3647, 4.7364, 1.231], 'left': [7.3659, 4.5002, 1.2326]}
After grasp close gripper end deltas current-minus-target: {'right': [0.0157, -0.0026, 0.0155], 'left': [0.0169, 0.0012, 0.0171]}
After grasp close gripper end distances: {'right': 0.022237560374417844, 'left': 0.024089105305208972}
After grasp close fingerpad contact status: {'right': {'left_fingerpad': True, 'right_fingerpad': True}, 'left': {'left_fingerpad': True, 'right_fingerpad': True}}
After grasp close fingerpad contact pairs: {'right': {'left_fingerpad': [('gripper0_right_left_fingerpad_collision', 'line_5_container_h01_near_container_h01_col_right')], 'right_fingerpad': [('gripper0_right_right_fingerpad_collision', 'line_5_container_h01_near_container_h01_col_right')]}, 'left': {'left_fingerpad': [('gripper0_left_left_fingerpad_collision', 'line_5_container_h01_near_container_h01_col_right')], 'right_fingerpad': [('gripper0_left_right_fingerpad_collision', 'line_5_container_h01_near_container_h01_col_right')]}}
After grasp close grasp status: {'right': True, 'left': True}
Result: success: both grippers grasped and held the object

Rollout 20/50
Target object: line_5_container_h01_near
Robot base xy at reset: (8.000000, 4.600000)
Tracking sites: {'right': 'line_5_container_h01_near_right_grasp_site', 'left': 'line_5_container_h01_near_left_grasp_site'}
Site positions: {'right': array([7.349 , 4.739 , 1.2505]), 'left': array([7.349 , 4.499 , 1.2505])}
Below-site grasp targets: {'right': array([7.349 , 4.739 , 1.2155]), 'left': array([7.349 , 4.499 , 1.2155])}
DataCollectionWrapper: making folder at /tmp/factory_sorting_grasp_raw_9i020761/ep_1786339050_047579
gripper end center arrival distances before grasp: {'right': 0.02740103047080101, 'left': 0.028647493526928403}
Before grasp close object collision geoms: ['line_5_container_h01_near_container_h01_col_bottom', 'line_5_container_h01_near_container_h01_col_front', 'line_5_container_h01_near_container_h01_col_back', 'line_5_container_h01_near_container_h01_col_left', 'line_5_container_h01_near_container_h01_col_right']
Before grasp close gripper end targets: {'right': [7.349, 4.739, 1.2155], 'left': [7.349, 4.499, 1.2155]}
Before grasp close gripper end positions: {'right': [7.3588, 4.7375, 1.2411], 'left': [7.3603, 4.5002, 1.2418]}
Before grasp close gripper end deltas current-minus-target: {'right': [0.0098, -0.0015, 0.0256], 'left': [0.0113, 0.0012, 0.0263]}
Before grasp close gripper end distances: {'right': 0.02740103047080101, 'left': 0.028647493526928403}
Before grasp close fingerpad contact status: {'right': {'left_fingerpad': False, 'right_fingerpad': False}, 'left': {'left_fingerpad': False, 'right_fingerpad': False}}
Before grasp close fingerpad contact pairs: {'right': {'left_fingerpad': [], 'right_fingerpad': []}, 'left': {'left_fingerpad': [], 'right_fingerpad': []}}
Before grasp close grasp status: {'right': False, 'left': False}
After grasp close object collision geoms: ['line_5_container_h01_near_container_h01_col_bottom', 'line_5_container_h01_near_container_h01_col_front', 'line_5_container_h01_near_container_h01_col_back', 'line_5_container_h01_near_container_h01_col_left', 'line_5_container_h01_near_container_h01_col_right']
After grasp close gripper end targets: {'right': [7.349, 4.739, 1.2155], 'left': [7.349, 4.499, 1.2155]}
After grasp close gripper end positions: {'right': [7.3647, 4.7364, 1.231], 'left': [7.3659, 4.5002, 1.2326]}
After grasp close gripper end deltas current-minus-target: {'right': [0.0157, -0.0026, 0.0155], 'left': [0.0169, 0.0012, 0.0171]}
After grasp close gripper end distances: {'right': 0.022237560374417844, 'left': 0.024089105305208972}
After grasp close fingerpad contact status: {'right': {'left_fingerpad': True, 'right_fingerpad': True}, 'left': {'left_fingerpad': True, 'right_fingerpad': True}}
After grasp close fingerpad contact pairs: {'right': {'left_fingerpad': [('gripper0_right_left_fingerpad_collision', 'line_5_container_h01_near_container_h01_col_right')], 'right_fingerpad': [('gripper0_right_right_fingerpad_collision', 'line_5_container_h01_near_container_h01_col_right')]}, 'left': {'left_fingerpad': [('gripper0_left_left_fingerpad_collision', 'line_5_container_h01_near_container_h01_col_right')], 'right_fingerpad': [('gripper0_left_right_fingerpad_collision', 'line_5_container_h01_near_container_h01_col_right')]}}
After grasp close grasp status: {'right': True, 'left': True}
Result: success: both grippers grasped and held the object

Rollout 21/50
Target object: line_5_container_h01_near
Robot base xy at reset: (8.000000, 4.600000)
Tracking sites: {'right': 'line_5_container_h01_near_right_grasp_site', 'left': 'line_5_container_h01_near_left_grasp_site'}
Site positions: {'right': array([7.349 , 4.739 , 1.2505]), 'left': array([7.349 , 4.499 , 1.2505])}
Below-site grasp targets: {'right': array([7.349 , 4.739 , 1.2155]), 'left': array([7.349 , 4.499 , 1.2155])}
DataCollectionWrapper: making folder at /tmp/factory_sorting_grasp_raw_9i020761/ep_1786339145_1817567
gripper end center arrival distances before grasp: {'right': 0.02740103047080101, 'left': 0.028647493526928403}
Before grasp close object collision geoms: ['line_5_container_h01_near_container_h01_col_bottom', 'line_5_container_h01_near_container_h01_col_front', 'line_5_container_h01_near_container_h01_col_back', 'line_5_container_h01_near_container_h01_col_left', 'line_5_container_h01_near_container_h01_col_right']
Before grasp close gripper end targets: {'right': [7.349, 4.739, 1.2155], 'left': [7.349, 4.499, 1.2155]}
Before grasp close gripper end positions: {'right': [7.3588, 4.7375, 1.2411], 'left': [7.3603, 4.5002, 1.2418]}
Before grasp close gripper end deltas current-minus-target: {'right': [0.0098, -0.0015, 0.0256], 'left': [0.0113, 0.0012, 0.0263]}
Before grasp close gripper end distances: {'right': 0.02740103047080101, 'left': 0.028647493526928403}
Before grasp close fingerpad contact status: {'right': {'left_fingerpad': False, 'right_fingerpad': False}, 'left': {'left_fingerpad': False, 'right_fingerpad': False}}
Before grasp close fingerpad contact pairs: {'right': {'left_fingerpad': [], 'right_fingerpad': []}, 'left': {'left_fingerpad': [], 'right_fingerpad': []}}
Before grasp close grasp status: {'right': False, 'left': False}
After grasp close object collision geoms: ['line_5_container_h01_near_container_h01_col_bottom', 'line_5_container_h01_near_container_h01_col_front', 'line_5_container_h01_near_container_h01_col_back', 'line_5_container_h01_near_container_h01_col_left', 'line_5_container_h01_near_container_h01_col_right']
After grasp close gripper end targets: {'right': [7.349, 4.739, 1.2155], 'left': [7.349, 4.499, 1.2155]}
After grasp close gripper end positions: {'right': [7.3647, 4.7364, 1.231], 'left': [7.3659, 4.5002, 1.2326]}
After grasp close gripper end deltas current-minus-target: {'right': [0.0157, -0.0026, 0.0155], 'left': [0.0169, 0.0012, 0.0171]}
After grasp close gripper end distances: {'right': 0.022237560374417844, 'left': 0.024089105305208972}
After grasp close fingerpad contact status: {'right': {'left_fingerpad': True, 'right_fingerpad': True}, 'left': {'left_fingerpad': True, 'right_fingerpad': True}}
After grasp close fingerpad contact pairs: {'right': {'left_fingerpad': [('gripper0_right_left_fingerpad_collision', 'line_5_container_h01_near_container_h01_col_right')], 'right_fingerpad': [('gripper0_right_right_fingerpad_collision', 'line_5_container_h01_near_container_h01_col_right')]}, 'left': {'left_fingerpad': [('gripper0_left_left_fingerpad_collision', 'line_5_container_h01_near_container_h01_col_right')], 'right_fingerpad': [('gripper0_left_right_fingerpad_collision', 'line_5_container_h01_near_container_h01_col_right')]}}
After grasp close grasp status: {'right': True, 'left': True}
Result: success: both grippers grasped and held the object

Rollout 22/50
Target object: line_5_container_h01_near
Robot base xy at reset: (8.000000, 4.600000)
Tracking sites: {'right': 'line_5_container_h01_near_right_grasp_site', 'left': 'line_5_container_h01_near_left_grasp_site'}
Site positions: {'right': array([7.349 , 4.739 , 1.2505]), 'left': array([7.349 , 4.499 , 1.2505])}
Below-site grasp targets: {'right': array([7.349 , 4.739 , 1.2155]), 'left': array([7.349 , 4.499 , 1.2155])}
DataCollectionWrapper: making folder at /tmp/factory_sorting_grasp_raw_9i020761/ep_1786339224_8317168
gripper end center arrival distances before grasp: {'right': 0.02740103047080101, 'left': 0.028647493526928403}
Before grasp close object collision geoms: ['line_5_container_h01_near_container_h01_col_bottom', 'line_5_container_h01_near_container_h01_col_front', 'line_5_container_h01_near_container_h01_col_back', 'line_5_container_h01_near_container_h01_col_left', 'line_5_container_h01_near_container_h01_col_right']
Before grasp close gripper end targets: {'right': [7.349, 4.739, 1.2155], 'left': [7.349, 4.499, 1.2155]}
Before grasp close gripper end positions: {'right': [7.3588, 4.7375, 1.2411], 'left': [7.3603, 4.5002, 1.2418]}
Before grasp close gripper end deltas current-minus-target: {'right': [0.0098, -0.0015, 0.0256], 'left': [0.0113, 0.0012, 0.0263]}
Before grasp close gripper end distances: {'right': 0.02740103047080101, 'left': 0.028647493526928403}
Before grasp close fingerpad contact status: {'right': {'left_fingerpad': False, 'right_fingerpad': False}, 'left': {'left_fingerpad': False, 'right_fingerpad': False}}
Before grasp close fingerpad contact pairs: {'right': {'left_fingerpad': [], 'right_fingerpad': []}, 'left': {'left_fingerpad': [], 'right_fingerpad': []}}
Before grasp close grasp status: {'right': False, 'left': False}
After grasp close object collision geoms: ['line_5_container_h01_near_container_h01_col_bottom', 'line_5_container_h01_near_container_h01_col_front', 'line_5_container_h01_near_container_h01_col_back', 'line_5_container_h01_near_container_h01_col_left', 'line_5_container_h01_near_container_h01_col_right']
After grasp close gripper end targets: {'right': [7.349, 4.739, 1.2155], 'left': [7.349, 4.499, 1.2155]}
After grasp close gripper end positions: {'right': [7.3647, 4.7364, 1.231], 'left': [7.3659, 4.5002, 1.2326]}
After grasp close gripper end deltas current-minus-target: {'right': [0.0157, -0.0026, 0.0155], 'left': [0.0169, 0.0012, 0.0171]}
After grasp close gripper end distances: {'right': 0.022237560374417844, 'left': 0.024089105305208972}
After grasp close fingerpad contact status: {'right': {'left_fingerpad': True, 'right_fingerpad': True}, 'left': {'left_fingerpad': True, 'right_fingerpad': True}}
After grasp close fingerpad contact pairs: {'right': {'left_fingerpad': [('gripper0_right_left_fingerpad_collision', 'line_5_container_h01_near_container_h01_col_right')], 'right_fingerpad': [('gripper0_right_right_fingerpad_collision', 'line_5_container_h01_near_container_h01_col_right')]}, 'left': {'left_fingerpad': [('gripper0_left_left_fingerpad_collision', 'line_5_container_h01_near_container_h01_col_right')], 'right_fingerpad': [('gripper0_left_right_fingerpad_collision', 'line_5_container_h01_near_container_h01_col_right')]}}
After grasp close grasp status: {'right': True, 'left': True}
Result: success: both grippers grasped and held the object

Rollout 23/50
Target object: line_5_container_h01_near
Robot base xy at reset: (8.000000, 4.600000)
Tracking sites: {'right': 'line_5_container_h01_near_right_grasp_site', 'left': 'line_5_container_h01_near_left_grasp_site'}
Site positions: {'right': array([7.349 , 4.739 , 1.2505]), 'left': array([7.349 , 4.499 , 1.2505])}
Below-site grasp targets: {'right': array([7.349 , 4.739 , 1.2155]), 'left': array([7.349 , 4.499 , 1.2155])}
DataCollectionWrapper: making folder at /tmp/factory_sorting_grasp_raw_9i020761/ep_1786339320_9489844
gripper end center arrival distances before grasp: {'right': 0.02740103047080101, 'left': 0.028647493526928403}
Before grasp close object collision geoms: ['line_5_container_h01_near_container_h01_col_bottom', 'line_5_container_h01_near_container_h01_col_front', 'line_5_container_h01_near_container_h01_col_back', 'line_5_container_h01_near_container_h01_col_left', 'line_5_container_h01_near_container_h01_col_right']
Before grasp close gripper end targets: {'right': [7.349, 4.739, 1.2155], 'left': [7.349, 4.499, 1.2155]}
Before grasp close gripper end positions: {'right': [7.3588, 4.7375, 1.2411], 'left': [7.3603, 4.5002, 1.2418]}
Before grasp close gripper end deltas current-minus-target: {'right': [0.0098, -0.0015, 0.0256], 'left': [0.0113, 0.0012, 0.0263]}
Before grasp close gripper end distances: {'right': 0.02740103047080101, 'left': 0.028647493526928403}
Before grasp close fingerpad contact status: {'right': {'left_fingerpad': False, 'right_fingerpad': False}, 'left': {'left_fingerpad': False, 'right_fingerpad': False}}
Before grasp close fingerpad contact pairs: {'right': {'left_fingerpad': [], 'right_fingerpad': []}, 'left': {'left_fingerpad': [], 'right_fingerpad': []}}
Before grasp close grasp status: {'right': False, 'left': False}
After grasp close object collision geoms: ['line_5_container_h01_near_container_h01_col_bottom', 'line_5_container_h01_near_container_h01_col_front', 'line_5_container_h01_near_container_h01_col_back', 'line_5_container_h01_near_container_h01_col_left', 'line_5_container_h01_near_container_h01_col_right']
After grasp close gripper end targets: {'right': [7.349, 4.739, 1.2155], 'left': [7.349, 4.499, 1.2155]}
After grasp close gripper end positions: {'right': [7.3647, 4.7364, 1.231], 'left': [7.3659, 4.5002, 1.2326]}
After grasp close gripper end deltas current-minus-target: {'right': [0.0157, -0.0026, 0.0155], 'left': [0.0169, 0.0012, 0.0171]}
After grasp close gripper end distances: {'right': 0.022237560374417844, 'left': 0.024089105305208972}
After grasp close fingerpad contact status: {'right': {'left_fingerpad': True, 'right_fingerpad': True}, 'left': {'left_fingerpad': True, 'right_fingerpad': True}}
After grasp close fingerpad contact pairs: {'right': {'left_fingerpad': [('gripper0_right_left_fingerpad_collision', 'line_5_container_h01_near_container_h01_col_right')], 'right_fingerpad': [('gripper0_right_right_fingerpad_collision', 'line_5_container_h01_near_container_h01_col_right')]}, 'left': {'left_fingerpad': [('gripper0_left_left_fingerpad_collision', 'line_5_container_h01_near_container_h01_col_right')], 'right_fingerpad': [('gripper0_left_right_fingerpad_collision', 'line_5_container_h01_near_container_h01_col_right')]}}
After grasp close grasp status: {'right': True, 'left': True}
Result: success: both grippers grasped and held the object

Rollout 24/50
Target object: line_5_container_h01_near
Robot base xy at reset: (8.000000, 4.600000)
Tracking sites: {'right': 'line_5_container_h01_near_right_grasp_site', 'left': 'line_5_container_h01_near_left_grasp_site'}
Site positions: {'right': array([7.349 , 4.739 , 1.2505]), 'left': array([7.349 , 4.499 , 1.2505])}
Below-site grasp targets: {'right': array([7.349 , 4.739 , 1.2155]), 'left': array([7.349 , 4.499 , 1.2155])}
DataCollectionWrapper: making folder at /tmp/factory_sorting_grasp_raw_9i020761/ep_1786339417_1930954
gripper end center arrival distances before grasp: {'right': 0.02740103047080101, 'left': 0.028647493526928403}
Before grasp close object collision geoms: ['line_5_container_h01_near_container_h01_col_bottom', 'line_5_container_h01_near_container_h01_col_front', 'line_5_container_h01_near_container_h01_col_back', 'line_5_container_h01_near_container_h01_col_left', 'line_5_container_h01_near_container_h01_col_right']
Before grasp close gripper end targets: {'right': [7.349, 4.739, 1.2155], 'left': [7.349, 4.499, 1.2155]}
Before grasp close gripper end positions: {'right': [7.3588, 4.7375, 1.2411], 'left': [7.3603, 4.5002, 1.2418]}
Before grasp close gripper end deltas current-minus-target: {'right': [0.0098, -0.0015, 0.0256], 'left': [0.0113, 0.0012, 0.0263]}
Before grasp close gripper end distances: {'right': 0.02740103047080101, 'left': 0.028647493526928403}
Before grasp close fingerpad contact status: {'right': {'left_fingerpad': False, 'right_fingerpad': False}, 'left': {'left_fingerpad': False, 'right_fingerpad': False}}
Before grasp close fingerpad contact pairs: {'right': {'left_fingerpad': [], 'right_fingerpad': []}, 'left': {'left_fingerpad': [], 'right_fingerpad': []}}
Before grasp close grasp status: {'right': False, 'left': False}
After grasp close object collision geoms: ['line_5_container_h01_near_container_h01_col_bottom', 'line_5_container_h01_near_container_h01_col_front', 'line_5_container_h01_near_container_h01_col_back', 'line_5_container_h01_near_container_h01_col_left', 'line_5_container_h01_near_container_h01_col_right']
After grasp close gripper end targets: {'right': [7.349, 4.739, 1.2155], 'left': [7.349, 4.499, 1.2155]}
After grasp close gripper end positions: {'right': [7.3647, 4.7364, 1.231], 'left': [7.3659, 4.5002, 1.2326]}
After grasp close gripper end deltas current-minus-target: {'right': [0.0157, -0.0026, 0.0155], 'left': [0.0169, 0.0012, 0.0171]}
After grasp close gripper end distances: {'right': 0.022237560374417844, 'left': 0.024089105305208972}
After grasp close fingerpad contact status: {'right': {'left_fingerpad': True, 'right_fingerpad': True}, 'left': {'left_fingerpad': True, 'right_fingerpad': True}}
After grasp close fingerpad contact pairs: {'right': {'left_fingerpad': [('gripper0_right_left_fingerpad_collision', 'line_5_container_h01_near_container_h01_col_right')], 'right_fingerpad': [('gripper0_right_right_fingerpad_collision', 'line_5_container_h01_near_container_h01_col_right')]}, 'left': {'left_fingerpad': [('gripper0_left_left_fingerpad_collision', 'line_5_container_h01_near_container_h01_col_right')], 'right_fingerpad': [('gripper0_left_right_fingerpad_collision', 'line_5_container_h01_near_container_h01_col_right')]}}
After grasp close grasp status: {'right': True, 'left': True}
Result: success: both grippers grasped and held the object

Rollout 25/50
Target object: line_5_container_h01_near
Robot base xy at reset: (8.000000, 4.600000)
Tracking sites: {'right': 'line_5_container_h01_near_right_grasp_site', 'left': 'line_5_container_h01_near_left_grasp_site'}
Site positions: {'right': array([7.349 , 4.739 , 1.2505]), 'left': array([7.349 , 4.499 , 1.2505])}
Below-site grasp targets: {'right': array([7.349 , 4.739 , 1.2155]), 'left': array([7.349 , 4.499 , 1.2155])}
DataCollectionWrapper: making folder at /tmp/factory_sorting_grasp_raw_9i020761/ep_1786339513_0256217
gripper end center arrival distances before grasp: {'right': 0.02740103047080101, 'left': 0.028647493526928403}
Before grasp close object collision geoms: ['line_5_container_h01_near_container_h01_col_bottom', 'line_5_container_h01_near_container_h01_col_front', 'line_5_container_h01_near_container_h01_col_back', 'line_5_container_h01_near_container_h01_col_left', 'line_5_container_h01_near_container_h01_col_right']
Before grasp close gripper end targets: {'right': [7.349, 4.739, 1.2155], 'left': [7.349, 4.499, 1.2155]}
Before grasp close gripper end positions: {'right': [7.3588, 4.7375, 1.2411], 'left': [7.3603, 4.5002, 1.2418]}
Before grasp close gripper end deltas current-minus-target: {'right': [0.0098, -0.0015, 0.0256], 'left': [0.0113, 0.0012, 0.0263]}
Before grasp close gripper end distances: {'right': 0.02740103047080101, 'left': 0.028647493526928403}
Before grasp close fingerpad contact status: {'right': {'left_fingerpad': False, 'right_fingerpad': False}, 'left': {'left_fingerpad': False, 'right_fingerpad': False}}
Before grasp close fingerpad contact pairs: {'right': {'left_fingerpad': [], 'right_fingerpad': []}, 'left': {'left_fingerpad': [], 'right_fingerpad': []}}
Before grasp close grasp status: {'right': False, 'left': False}
After grasp close object collision geoms: ['line_5_container_h01_near_container_h01_col_bottom', 'line_5_container_h01_near_container_h01_col_front', 'line_5_container_h01_near_container_h01_col_back', 'line_5_container_h01_near_container_h01_col_left', 'line_5_container_h01_near_container_h01_col_right']
After grasp close gripper end targets: {'right': [7.349, 4.739, 1.2155], 'left': [7.349, 4.499, 1.2155]}
After grasp close gripper end positions: {'right': [7.3647, 4.7364, 1.231], 'left': [7.3659, 4.5002, 1.2326]}
After grasp close gripper end deltas current-minus-target: {'right': [0.0157, -0.0026, 0.0155], 'left': [0.0169, 0.0012, 0.0171]}
After grasp close gripper end distances: {'right': 0.022237560374417844, 'left': 0.024089105305208972}
After grasp close fingerpad contact status: {'right': {'left_fingerpad': True, 'right_fingerpad': True}, 'left': {'left_fingerpad': True, 'right_fingerpad': True}}
After grasp close fingerpad contact pairs: {'right': {'left_fingerpad': [('gripper0_right_left_fingerpad_collision', 'line_5_container_h01_near_container_h01_col_right')], 'right_fingerpad': [('gripper0_right_right_fingerpad_collision', 'line_5_container_h01_near_container_h01_col_right')]}, 'left': {'left_fingerpad': [('gripper0_left_left_fingerpad_collision', 'line_5_container_h01_near_container_h01_col_right')], 'right_fingerpad': [('gripper0_left_right_fingerpad_collision', 'line_5_container_h01_near_container_h01_col_right')]}}
After grasp close grasp status: {'right': True, 'left': True}
Result: success: both grippers grasped and held the object

Rollout 26/50
Target object: line_5_container_h01_near
Robot base xy at reset: (8.000000, 4.600000)
Tracking sites: {'right': 'line_5_container_h01_near_right_grasp_site', 'left': 'line_5_container_h01_near_left_grasp_site'}
Site positions: {'right': array([7.349 , 4.739 , 1.2505]), 'left': array([7.349 , 4.499 , 1.2505])}
Below-site grasp targets: {'right': array([7.349 , 4.739 , 1.2155]), 'left': array([7.349 , 4.499 , 1.2155])}
DataCollectionWrapper: making folder at /tmp/factory_sorting_grasp_raw_9i020761/ep_1786339610_7179005
gripper end center arrival distances before grasp: {'right': 0.02740103047080101, 'left': 0.028647493526928403}
Before grasp close object collision geoms: ['line_5_container_h01_near_container_h01_col_bottom', 'line_5_container_h01_near_container_h01_col_front', 'line_5_container_h01_near_container_h01_col_back', 'line_5_container_h01_near_container_h01_col_left', 'line_5_container_h01_near_container_h01_col_right']
Before grasp close gripper end targets: {'right': [7.349, 4.739, 1.2155], 'left': [7.349, 4.499, 1.2155]}
Before grasp close gripper end positions: {'right': [7.3588, 4.7375, 1.2411], 'left': [7.3603, 4.5002, 1.2418]}
Before grasp close gripper end deltas current-minus-target: {'right': [0.0098, -0.0015, 0.0256], 'left': [0.0113, 0.0012, 0.0263]}
Before grasp close gripper end distances: {'right': 0.02740103047080101, 'left': 0.028647493526928403}
Before grasp close fingerpad contact status: {'right': {'left_fingerpad': False, 'right_fingerpad': False}, 'left': {'left_fingerpad': False, 'right_fingerpad': False}}
Before grasp close fingerpad contact pairs: {'right': {'left_fingerpad': [], 'right_fingerpad': []}, 'left': {'left_fingerpad': [], 'right_fingerpad': []}}
Before grasp close grasp status: {'right': False, 'left': False}
After grasp close object collision geoms: ['line_5_container_h01_near_container_h01_col_bottom', 'line_5_container_h01_near_container_h01_col_front', 'line_5_container_h01_near_container_h01_col_back', 'line_5_container_h01_near_container_h01_col_left', 'line_5_container_h01_near_container_h01_col_right']
After grasp close gripper end targets: {'right': [7.349, 4.739, 1.2155], 'left': [7.349, 4.499, 1.2155]}
After grasp close gripper end positions: {'right': [7.3647, 4.7364, 1.231], 'left': [7.3659, 4.5002, 1.2326]}
After grasp close gripper end deltas current-minus-target: {'right': [0.0157, -0.0026, 0.0155], 'left': [0.0169, 0.0012, 0.0171]}
After grasp close gripper end distances: {'right': 0.022237560374417844, 'left': 0.024089105305208972}
After grasp close fingerpad contact status: {'right': {'left_fingerpad': True, 'right_fingerpad': True}, 'left': {'left_fingerpad': True, 'right_fingerpad': True}}
After grasp close fingerpad contact pairs: {'right': {'left_fingerpad': [('gripper0_right_left_fingerpad_collision', 'line_5_container_h01_near_container_h01_col_right')], 'right_fingerpad': [('gripper0_right_right_fingerpad_collision', 'line_5_container_h01_near_container_h01_col_right')]}, 'left': {'left_fingerpad': [('gripper0_left_left_fingerpad_collision', 'line_5_container_h01_near_container_h01_col_right')], 'right_fingerpad': [('gripper0_left_right_fingerpad_collision', 'line_5_container_h01_near_container_h01_col_right')]}}
After grasp close grasp status: {'right': True, 'left': True}
Result: success: both grippers grasped and held the object

Rollout 27/50
Target object: line_5_container_h01_near
Robot base xy at reset: (8.000000, 4.600000)
Tracking sites: {'right': 'line_5_container_h01_near_right_grasp_site', 'left': 'line_5_container_h01_near_left_grasp_site'}
Site positions: {'right': array([7.349 , 4.739 , 1.2505]), 'left': array([7.349 , 4.499 , 1.2505])}
Below-site grasp targets: {'right': array([7.349 , 4.739 , 1.2155]), 'left': array([7.349 , 4.499 , 1.2155])}
DataCollectionWrapper: making folder at /tmp/factory_sorting_grasp_raw_9i020761/ep_1786339702_9506319
gripper end center arrival distances before grasp: {'right': 0.02740103047080101, 'left': 0.028647493526928403}
Before grasp close object collision geoms: ['line_5_container_h01_near_container_h01_col_bottom', 'line_5_container_h01_near_container_h01_col_front', 'line_5_container_h01_near_container_h01_col_back', 'line_5_container_h01_near_container_h01_col_left', 'line_5_container_h01_near_container_h01_col_right']
Before grasp close gripper end targets: {'right': [7.349, 4.739, 1.2155], 'left': [7.349, 4.499, 1.2155]}
Before grasp close gripper end positions: {'right': [7.3588, 4.7375, 1.2411], 'left': [7.3603, 4.5002, 1.2418]}
Before grasp close gripper end deltas current-minus-target: {'right': [0.0098, -0.0015, 0.0256], 'left': [0.0113, 0.0012, 0.0263]}
Before grasp close gripper end distances: {'right': 0.02740103047080101, 'left': 0.028647493526928403}
Before grasp close fingerpad contact status: {'right': {'left_fingerpad': False, 'right_fingerpad': False}, 'left': {'left_fingerpad': False, 'right_fingerpad': False}}
Before grasp close fingerpad contact pairs: {'right': {'left_fingerpad': [], 'right_fingerpad': []}, 'left': {'left_fingerpad': [], 'right_fingerpad': []}}
Before grasp close grasp status: {'right': False, 'left': False}
After grasp close object collision geoms: ['line_5_container_h01_near_container_h01_col_bottom', 'line_5_container_h01_near_container_h01_col_front', 'line_5_container_h01_near_container_h01_col_back', 'line_5_container_h01_near_container_h01_col_left', 'line_5_container_h01_near_container_h01_col_right']
After grasp close gripper end targets: {'right': [7.349, 4.739, 1.2155], 'left': [7.349, 4.499, 1.2155]}
After grasp close gripper end positions: {'right': [7.3647, 4.7364, 1.231], 'left': [7.3659, 4.5002, 1.2326]}
After grasp close gripper end deltas current-minus-target: {'right': [0.0157, -0.0026, 0.0155], 'left': [0.0169, 0.0012, 0.0171]}
After grasp close gripper end distances: {'right': 0.022237560374417844, 'left': 0.024089105305208972}
After grasp close fingerpad contact status: {'right': {'left_fingerpad': True, 'right_fingerpad': True}, 'left': {'left_fingerpad': True, 'right_fingerpad': True}}
After grasp close fingerpad contact pairs: {'right': {'left_fingerpad': [('gripper0_right_left_fingerpad_collision', 'line_5_container_h01_near_container_h01_col_right')], 'right_fingerpad': [('gripper0_right_right_fingerpad_collision', 'line_5_container_h01_near_container_h01_col_right')]}, 'left': {'left_fingerpad': [('gripper0_left_left_fingerpad_collision', 'line_5_container_h01_near_container_h01_col_right')], 'right_fingerpad': [('gripper0_left_right_fingerpad_collision', 'line_5_container_h01_near_container_h01_col_right')]}}
After grasp close grasp status: {'right': True, 'left': True}
Result: success: both grippers grasped and held the object

Rollout 28/50
Target object: line_5_container_h01_near
Robot base xy at reset: (8.000000, 4.600000)
Tracking sites: {'right': 'line_5_container_h01_near_right_grasp_site', 'left': 'line_5_container_h01_near_left_grasp_site'}
Site positions: {'right': array([7.349 , 4.739 , 1.2505]), 'left': array([7.349 , 4.499 , 1.2505])}
Below-site grasp targets: {'right': array([7.349 , 4.739 , 1.2155]), 'left': array([7.349 , 4.499 , 1.2155])}
DataCollectionWrapper: making folder at /tmp/factory_sorting_grasp_raw_9i020761/ep_1786339796_5648015
gripper end center arrival distances before grasp: {'right': 0.02740103047080101, 'left': 0.028647493526928403}
Before grasp close object collision geoms: ['line_5_container_h01_near_container_h01_col_bottom', 'line_5_container_h01_near_container_h01_col_front', 'line_5_container_h01_near_container_h01_col_back', 'line_5_container_h01_near_container_h01_col_left', 'line_5_container_h01_near_container_h01_col_right']
Before grasp close gripper end targets: {'right': [7.349, 4.739, 1.2155], 'left': [7.349, 4.499, 1.2155]}
Before grasp close gripper end positions: {'right': [7.3588, 4.7375, 1.2411], 'left': [7.3603, 4.5002, 1.2418]}
Before grasp close gripper end deltas current-minus-target: {'right': [0.0098, -0.0015, 0.0256], 'left': [0.0113, 0.0012, 0.0263]}
Before grasp close gripper end distances: {'right': 0.02740103047080101, 'left': 0.028647493526928403}
Before grasp close fingerpad contact status: {'right': {'left_fingerpad': False, 'right_fingerpad': False}, 'left': {'left_fingerpad': False, 'right_fingerpad': False}}
Before grasp close fingerpad contact pairs: {'right': {'left_fingerpad': [], 'right_fingerpad': []}, 'left': {'left_fingerpad': [], 'right_fingerpad': []}}
Before grasp close grasp status: {'right': False, 'left': False}
After grasp close object collision geoms: ['line_5_container_h01_near_container_h01_col_bottom', 'line_5_container_h01_near_container_h01_col_front', 'line_5_container_h01_near_container_h01_col_back', 'line_5_container_h01_near_container_h01_col_left', 'line_5_container_h01_near_container_h01_col_right']
After grasp close gripper end targets: {'right': [7.349, 4.739, 1.2155], 'left': [7.349, 4.499, 1.2155]}
After grasp close gripper end positions: {'right': [7.3647, 4.7364, 1.231], 'left': [7.3659, 4.5002, 1.2326]}
After grasp close gripper end deltas current-minus-target: {'right': [0.0157, -0.0026, 0.0155], 'left': [0.0169, 0.0012, 0.0171]}
After grasp close gripper end distances: {'right': 0.022237560374417844, 'left': 0.024089105305208972}
After grasp close fingerpad contact status: {'right': {'left_fingerpad': True, 'right_fingerpad': True}, 'left': {'left_fingerpad': True, 'right_fingerpad': True}}
After grasp close fingerpad contact pairs: {'right': {'left_fingerpad': [('gripper0_right_left_fingerpad_collision', 'line_5_container_h01_near_container_h01_col_right')], 'right_fingerpad': [('gripper0_right_right_fingerpad_collision', 'line_5_container_h01_near_container_h01_col_right')]}, 'left': {'left_fingerpad': [('gripper0_left_left_fingerpad_collision', 'line_5_container_h01_near_container_h01_col_right')], 'right_fingerpad': [('gripper0_left_right_fingerpad_collision', 'line_5_container_h01_near_container_h01_col_right')]}}
After grasp close grasp status: {'right': True, 'left': True}
Result: success: both grippers grasped and held the object

Rollout 29/50
Target object: line_5_container_h01_near
Robot base xy at reset: (8.000000, 4.600000)
Tracking sites: {'right': 'line_5_container_h01_near_right_grasp_site', 'left': 'line_5_container_h01_near_left_grasp_site'}
Site positions: {'right': array([7.349 , 4.739 , 1.2505]), 'left': array([7.349 , 4.499 , 1.2505])}
Below-site grasp targets: {'right': array([7.349 , 4.739 , 1.2155]), 'left': array([7.349 , 4.499 , 1.2155])}
DataCollectionWrapper: making folder at /tmp/factory_sorting_grasp_raw_9i020761/ep_1786339887_8203907
gripper end center arrival distances before grasp: {'right': 0.02740103047080101, 'left': 0.028647493526928403}
Before grasp close object collision geoms: ['line_5_container_h01_near_container_h01_col_bottom', 'line_5_container_h01_near_container_h01_col_front', 'line_5_container_h01_near_container_h01_col_back', 'line_5_container_h01_near_container_h01_col_left', 'line_5_container_h01_near_container_h01_col_right']
Before grasp close gripper end targets: {'right': [7.349, 4.739, 1.2155], 'left': [7.349, 4.499, 1.2155]}
Before grasp close gripper end positions: {'right': [7.3588, 4.7375, 1.2411], 'left': [7.3603, 4.5002, 1.2418]}
Before grasp close gripper end deltas current-minus-target: {'right': [0.0098, -0.0015, 0.0256], 'left': [0.0113, 0.0012, 0.0263]}
Before grasp close gripper end distances: {'right': 0.02740103047080101, 'left': 0.028647493526928403}
Before grasp close fingerpad contact status: {'right': {'left_fingerpad': False, 'right_fingerpad': False}, 'left': {'left_fingerpad': False, 'right_fingerpad': False}}
Before grasp close fingerpad contact pairs: {'right': {'left_fingerpad': [], 'right_fingerpad': []}, 'left': {'left_fingerpad': [], 'right_fingerpad': []}}
Before grasp close grasp status: {'right': False, 'left': False}
After grasp close object collision geoms: ['line_5_container_h01_near_container_h01_col_bottom', 'line_5_container_h01_near_container_h01_col_front', 'line_5_container_h01_near_container_h01_col_back', 'line_5_container_h01_near_container_h01_col_left', 'line_5_container_h01_near_container_h01_col_right']
After grasp close gripper end targets: {'right': [7.349, 4.739, 1.2155], 'left': [7.349, 4.499, 1.2155]}
After grasp close gripper end positions: {'right': [7.3647, 4.7364, 1.231], 'left': [7.3659, 4.5002, 1.2326]}
After grasp close gripper end deltas current-minus-target: {'right': [0.0157, -0.0026, 0.0155], 'left': [0.0169, 0.0012, 0.0171]}
After grasp close gripper end distances: {'right': 0.022237560374417844, 'left': 0.024089105305208972}
After grasp close fingerpad contact status: {'right': {'left_fingerpad': True, 'right_fingerpad': True}, 'left': {'left_fingerpad': True, 'right_fingerpad': True}}
After grasp close fingerpad contact pairs: {'right': {'left_fingerpad': [('gripper0_right_left_fingerpad_collision', 'line_5_container_h01_near_container_h01_col_right')], 'right_fingerpad': [('gripper0_right_right_fingerpad_collision', 'line_5_container_h01_near_container_h01_col_right')]}, 'left': {'left_fingerpad': [('gripper0_left_left_fingerpad_collision', 'line_5_container_h01_near_container_h01_col_right')], 'right_fingerpad': [('gripper0_left_right_fingerpad_collision', 'line_5_container_h01_near_container_h01_col_right')]}}
After grasp close grasp status: {'right': True, 'left': True}
Result: success: both grippers grasped and held the object

Rollout 30/50
Target object: line_5_container_h01_near
Robot base xy at reset: (8.000000, 4.600000)
Tracking sites: {'right': 'line_5_container_h01_near_right_grasp_site', 'left': 'line_5_container_h01_near_left_grasp_site'}
Site positions: {'right': array([7.349 , 4.739 , 1.2505]), 'left': array([7.349 , 4.499 , 1.2505])}
Below-site grasp targets: {'right': array([7.349 , 4.739 , 1.2155]), 'left': array([7.349 , 4.499 , 1.2155])}
DataCollectionWrapper: making folder at /tmp/factory_sorting_grasp_raw_9i020761/ep_1786339983_7889934
gripper end center arrival distances before grasp: {'right': 0.02740103047080101, 'left': 0.028647493526928403}
Before grasp close object collision geoms: ['line_5_container_h01_near_container_h01_col_bottom', 'line_5_container_h01_near_container_h01_col_front', 'line_5_container_h01_near_container_h01_col_back', 'line_5_container_h01_near_container_h01_col_left', 'line_5_container_h01_near_container_h01_col_right']
Before grasp close gripper end targets: {'right': [7.349, 4.739, 1.2155], 'left': [7.349, 4.499, 1.2155]}
Before grasp close gripper end positions: {'right': [7.3588, 4.7375, 1.2411], 'left': [7.3603, 4.5002, 1.2418]}
Before grasp close gripper end deltas current-minus-target: {'right': [0.0098, -0.0015, 0.0256], 'left': [0.0113, 0.0012, 0.0263]}
Before grasp close gripper end distances: {'right': 0.02740103047080101, 'left': 0.028647493526928403}
Before grasp close fingerpad contact status: {'right': {'left_fingerpad': False, 'right_fingerpad': False}, 'left': {'left_fingerpad': False, 'right_fingerpad': False}}
Before grasp close fingerpad contact pairs: {'right': {'left_fingerpad': [], 'right_fingerpad': []}, 'left': {'left_fingerpad': [], 'right_fingerpad': []}}
Before grasp close grasp status: {'right': False, 'left': False}
After grasp close object collision geoms: ['line_5_container_h01_near_container_h01_col_bottom', 'line_5_container_h01_near_container_h01_col_front', 'line_5_container_h01_near_container_h01_col_back', 'line_5_container_h01_near_container_h01_col_left', 'line_5_container_h01_near_container_h01_col_right']
After grasp close gripper end targets: {'right': [7.349, 4.739, 1.2155], 'left': [7.349, 4.499, 1.2155]}
After grasp close gripper end positions: {'right': [7.3647, 4.7364, 1.231], 'left': [7.3659, 4.5002, 1.2326]}
After grasp close gripper end deltas current-minus-target: {'right': [0.0157, -0.0026, 0.0155], 'left': [0.0169, 0.0012, 0.0171]}
After grasp close gripper end distances: {'right': 0.022237560374417844, 'left': 0.024089105305208972}
After grasp close fingerpad contact status: {'right': {'left_fingerpad': True, 'right_fingerpad': True}, 'left': {'left_fingerpad': True, 'right_fingerpad': True}}
After grasp close fingerpad contact pairs: {'right': {'left_fingerpad': [('gripper0_right_left_fingerpad_collision', 'line_5_container_h01_near_container_h01_col_right')], 'right_fingerpad': [('gripper0_right_right_fingerpad_collision', 'line_5_container_h01_near_container_h01_col_right')]}, 'left': {'left_fingerpad': [('gripper0_left_left_fingerpad_collision', 'line_5_container_h01_near_container_h01_col_right')], 'right_fingerpad': [('gripper0_left_right_fingerpad_collision', 'line_5_container_h01_near_container_h01_col_right')]}}
After grasp close grasp status: {'right': True, 'left': True}
Result: success: both grippers grasped and held the object

Rollout 31/50
Target object: line_5_container_h01_near
Robot base xy at reset: (8.000000, 4.600000)
Tracking sites: {'right': 'line_5_container_h01_near_right_grasp_site', 'left': 'line_5_container_h01_near_left_grasp_site'}
Site positions: {'right': array([7.349 , 4.739 , 1.2505]), 'left': array([7.349 , 4.499 , 1.2505])}
Below-site grasp targets: {'right': array([7.349 , 4.739 , 1.2155]), 'left': array([7.349 , 4.499 , 1.2155])}
DataCollectionWrapper: making folder at /tmp/factory_sorting_grasp_raw_9i020761/ep_1786340080_3532236
gripper end center arrival distances before grasp: {'right': 0.02740103047080101, 'left': 0.028647493526928403}
Before grasp close object collision geoms: ['line_5_container_h01_near_container_h01_col_bottom', 'line_5_container_h01_near_container_h01_col_front', 'line_5_container_h01_near_container_h01_col_back', 'line_5_container_h01_near_container_h01_col_left', 'line_5_container_h01_near_container_h01_col_right']
Before grasp close gripper end targets: {'right': [7.349, 4.739, 1.2155], 'left': [7.349, 4.499, 1.2155]}
Before grasp close gripper end positions: {'right': [7.3588, 4.7375, 1.2411], 'left': [7.3603, 4.5002, 1.2418]}
Before grasp close gripper end deltas current-minus-target: {'right': [0.0098, -0.0015, 0.0256], 'left': [0.0113, 0.0012, 0.0263]}
Before grasp close gripper end distances: {'right': 0.02740103047080101, 'left': 0.028647493526928403}
Before grasp close fingerpad contact status: {'right': {'left_fingerpad': False, 'right_fingerpad': False}, 'left': {'left_fingerpad': False, 'right_fingerpad': False}}
Before grasp close fingerpad contact pairs: {'right': {'left_fingerpad': [], 'right_fingerpad': []}, 'left': {'left_fingerpad': [], 'right_fingerpad': []}}
Before grasp close grasp status: {'right': False, 'left': False}
After grasp close object collision geoms: ['line_5_container_h01_near_container_h01_col_bottom', 'line_5_container_h01_near_container_h01_col_front', 'line_5_container_h01_near_container_h01_col_back', 'line_5_container_h01_near_container_h01_col_left', 'line_5_container_h01_near_container_h01_col_right']
After grasp close gripper end targets: {'right': [7.349, 4.739, 1.2155], 'left': [7.349, 4.499, 1.2155]}
After grasp close gripper end positions: {'right': [7.3647, 4.7364, 1.231], 'left': [7.3659, 4.5002, 1.2326]}
After grasp close gripper end deltas current-minus-target: {'right': [0.0157, -0.0026, 0.0155], 'left': [0.0169, 0.0012, 0.0171]}
After grasp close gripper end distances: {'right': 0.022237560374417844, 'left': 0.024089105305208972}
After grasp close fingerpad contact status: {'right': {'left_fingerpad': True, 'right_fingerpad': True}, 'left': {'left_fingerpad': True, 'right_fingerpad': True}}
After grasp close fingerpad contact pairs: {'right': {'left_fingerpad': [('gripper0_right_left_fingerpad_collision', 'line_5_container_h01_near_container_h01_col_right')], 'right_fingerpad': [('gripper0_right_right_fingerpad_collision', 'line_5_container_h01_near_container_h01_col_right')]}, 'left': {'left_fingerpad': [('gripper0_left_left_fingerpad_collision', 'line_5_container_h01_near_container_h01_col_right')], 'right_fingerpad': [('gripper0_left_right_fingerpad_collision', 'line_5_container_h01_near_container_h01_col_right')]}}
After grasp close grasp status: {'right': True, 'left': True}
Result: success: both grippers grasped and held the object

Rollout 32/50
Target object: line_5_container_h01_near
Robot base xy at reset: (8.000000, 4.600000)
Tracking sites: {'right': 'line_5_container_h01_near_right_grasp_site', 'left': 'line_5_container_h01_near_left_grasp_site'}
Site positions: {'right': array([7.349 , 4.739 , 1.2505]), 'left': array([7.349 , 4.499 , 1.2505])}
Below-site grasp targets: {'right': array([7.349 , 4.739 , 1.2155]), 'left': array([7.349 , 4.499 , 1.2155])}
DataCollectionWrapper: making folder at /tmp/factory_sorting_grasp_raw_9i020761/ep_1786340162_3865633
gripper end center arrival distances before grasp: {'right': 0.02740103047080101, 'left': 0.028647493526928403}
Before grasp close object collision geoms: ['line_5_container_h01_near_container_h01_col_bottom', 'line_5_container_h01_near_container_h01_col_front', 'line_5_container_h01_near_container_h01_col_back', 'line_5_container_h01_near_container_h01_col_left', 'line_5_container_h01_near_container_h01_col_right']
Before grasp close gripper end targets: {'right': [7.349, 4.739, 1.2155], 'left': [7.349, 4.499, 1.2155]}
Before grasp close gripper end positions: {'right': [7.3588, 4.7375, 1.2411], 'left': [7.3603, 4.5002, 1.2418]}
Before grasp close gripper end deltas current-minus-target: {'right': [0.0098, -0.0015, 0.0256], 'left': [0.0113, 0.0012, 0.0263]}
Before grasp close gripper end distances: {'right': 0.02740103047080101, 'left': 0.028647493526928403}
Before grasp close fingerpad contact status: {'right': {'left_fingerpad': False, 'right_fingerpad': False}, 'left': {'left_fingerpad': False, 'right_fingerpad': False}}
Before grasp close fingerpad contact pairs: {'right': {'left_fingerpad': [], 'right_fingerpad': []}, 'left': {'left_fingerpad': [], 'right_fingerpad': []}}
Before grasp close grasp status: {'right': False, 'left': False}
After grasp close object collision geoms: ['line_5_container_h01_near_container_h01_col_bottom', 'line_5_container_h01_near_container_h01_col_front', 'line_5_container_h01_near_container_h01_col_back', 'line_5_container_h01_near_container_h01_col_left', 'line_5_container_h01_near_container_h01_col_right']
After grasp close gripper end targets: {'right': [7.349, 4.739, 1.2155], 'left': [7.349, 4.499, 1.2155]}
After grasp close gripper end positions: {'right': [7.3647, 4.7364, 1.231], 'left': [7.3659, 4.5002, 1.2326]}
After grasp close gripper end deltas current-minus-target: {'right': [0.0157, -0.0026, 0.0155], 'left': [0.0169, 0.0012, 0.0171]}
After grasp close gripper end distances: {'right': 0.022237560374417844, 'left': 0.024089105305208972}
After grasp close fingerpad contact status: {'right': {'left_fingerpad': True, 'right_fingerpad': True}, 'left': {'left_fingerpad': True, 'right_fingerpad': True}}
After grasp close fingerpad contact pairs: {'right': {'left_fingerpad': [('gripper0_right_left_fingerpad_collision', 'line_5_container_h01_near_container_h01_col_right')], 'right_fingerpad': [('gripper0_right_right_fingerpad_collision', 'line_5_container_h01_near_container_h01_col_right')]}, 'left': {'left_fingerpad': [('gripper0_left_left_fingerpad_collision', 'line_5_container_h01_near_container_h01_col_right')], 'right_fingerpad': [('gripper0_left_right_fingerpad_collision', 'line_5_container_h01_near_container_h01_col_right')]}}
After grasp close grasp status: {'right': True, 'left': True}
Result: success: both grippers grasped and held the object

Rollout 33/50
Target object: line_5_container_h01_near
Robot base xy at reset: (8.000000, 4.600000)
Tracking sites: {'right': 'line_5_container_h01_near_right_grasp_site', 'left': 'line_5_container_h01_near_left_grasp_site'}
Site positions: {'right': array([7.349 , 4.739 , 1.2505]), 'left': array([7.349 , 4.499 , 1.2505])}
Below-site grasp targets: {'right': array([7.349 , 4.739 , 1.2155]), 'left': array([7.349 , 4.499 , 1.2155])}
DataCollectionWrapper: making folder at /tmp/factory_sorting_grasp_raw_9i020761/ep_1786340247_1078777
gripper end center arrival distances before grasp: {'right': 0.02740103047080101, 'left': 0.028647493526928403}
Before grasp close object collision geoms: ['line_5_container_h01_near_container_h01_col_bottom', 'line_5_container_h01_near_container_h01_col_front', 'line_5_container_h01_near_container_h01_col_back', 'line_5_container_h01_near_container_h01_col_left', 'line_5_container_h01_near_container_h01_col_right']
Before grasp close gripper end targets: {'right': [7.349, 4.739, 1.2155], 'left': [7.349, 4.499, 1.2155]}
Before grasp close gripper end positions: {'right': [7.3588, 4.7375, 1.2411], 'left': [7.3603, 4.5002, 1.2418]}
Before grasp close gripper end deltas current-minus-target: {'right': [0.0098, -0.0015, 0.0256], 'left': [0.0113, 0.0012, 0.0263]}
Before grasp close gripper end distances: {'right': 0.02740103047080101, 'left': 0.028647493526928403}
Before grasp close fingerpad contact status: {'right': {'left_fingerpad': False, 'right_fingerpad': False}, 'left': {'left_fingerpad': False, 'right_fingerpad': False}}
Before grasp close fingerpad contact pairs: {'right': {'left_fingerpad': [], 'right_fingerpad': []}, 'left': {'left_fingerpad': [], 'right_fingerpad': []}}
Before grasp close grasp status: {'right': False, 'left': False}
After grasp close object collision geoms: ['line_5_container_h01_near_container_h01_col_bottom', 'line_5_container_h01_near_container_h01_col_front', 'line_5_container_h01_near_container_h01_col_back', 'line_5_container_h01_near_container_h01_col_left', 'line_5_container_h01_near_container_h01_col_right']
After grasp close gripper end targets: {'right': [7.349, 4.739, 1.2155], 'left': [7.349, 4.499, 1.2155]}
After grasp close gripper end positions: {'right': [7.3647, 4.7364, 1.231], 'left': [7.3659, 4.5002, 1.2326]}
After grasp close gripper end deltas current-minus-target: {'right': [0.0157, -0.0026, 0.0155], 'left': [0.0169, 0.0012, 0.0171]}
After grasp close gripper end distances: {'right': 0.022237560374417844, 'left': 0.024089105305208972}
After grasp close fingerpad contact status: {'right': {'left_fingerpad': True, 'right_fingerpad': True}, 'left': {'left_fingerpad': True, 'right_fingerpad': True}}
After grasp close fingerpad contact pairs: {'right': {'left_fingerpad': [('gripper0_right_left_fingerpad_collision', 'line_5_container_h01_near_container_h01_col_right')], 'right_fingerpad': [('gripper0_right_right_fingerpad_collision', 'line_5_container_h01_near_container_h01_col_right')]}, 'left': {'left_fingerpad': [('gripper0_left_left_fingerpad_collision', 'line_5_container_h01_near_container_h01_col_right')], 'right_fingerpad': [('gripper0_left_right_fingerpad_collision', 'line_5_container_h01_near_container_h01_col_right')]}}
After grasp close grasp status: {'right': True, 'left': True}
Result: success: both grippers grasped and held the object

Rollout 34/50
Target object: line_5_container_h01_near
Robot base xy at reset: (8.000000, 4.600000)
Tracking sites: {'right': 'line_5_container_h01_near_right_grasp_site', 'left': 'line_5_container_h01_near_left_grasp_site'}
Site positions: {'right': array([7.349 , 4.739 , 1.2505]), 'left': array([7.349 , 4.499 , 1.2505])}
Below-site grasp targets: {'right': array([7.349 , 4.739 , 1.2155]), 'left': array([7.349 , 4.499 , 1.2155])}
DataCollectionWrapper: making folder at /tmp/factory_sorting_grasp_raw_9i020761/ep_1786340344_15137
gripper end center arrival distances before grasp: {'right': 0.02740103047080101, 'left': 0.028647493526928403}
Before grasp close object collision geoms: ['line_5_container_h01_near_container_h01_col_bottom', 'line_5_container_h01_near_container_h01_col_front', 'line_5_container_h01_near_container_h01_col_back', 'line_5_container_h01_near_container_h01_col_left', 'line_5_container_h01_near_container_h01_col_right']
Before grasp close gripper end targets: {'right': [7.349, 4.739, 1.2155], 'left': [7.349, 4.499, 1.2155]}
Before grasp close gripper end positions: {'right': [7.3588, 4.7375, 1.2411], 'left': [7.3603, 4.5002, 1.2418]}
Before grasp close gripper end deltas current-minus-target: {'right': [0.0098, -0.0015, 0.0256], 'left': [0.0113, 0.0012, 0.0263]}
Before grasp close gripper end distances: {'right': 0.02740103047080101, 'left': 0.028647493526928403}
Before grasp close fingerpad contact status: {'right': {'left_fingerpad': False, 'right_fingerpad': False}, 'left': {'left_fingerpad': False, 'right_fingerpad': False}}
Before grasp close fingerpad contact pairs: {'right': {'left_fingerpad': [], 'right_fingerpad': []}, 'left': {'left_fingerpad': [], 'right_fingerpad': []}}
Before grasp close grasp status: {'right': False, 'left': False}
After grasp close object collision geoms: ['line_5_container_h01_near_container_h01_col_bottom', 'line_5_container_h01_near_container_h01_col_front', 'line_5_container_h01_near_container_h01_col_back', 'line_5_container_h01_near_container_h01_col_left', 'line_5_container_h01_near_container_h01_col_right']
After grasp close gripper end targets: {'right': [7.349, 4.739, 1.2155], 'left': [7.349, 4.499, 1.2155]}
After grasp close gripper end positions: {'right': [7.3647, 4.7364, 1.231], 'left': [7.3659, 4.5002, 1.2326]}
After grasp close gripper end deltas current-minus-target: {'right': [0.0157, -0.0026, 0.0155], 'left': [0.0169, 0.0012, 0.0171]}
After grasp close gripper end distances: {'right': 0.022237560374417844, 'left': 0.024089105305208972}
After grasp close fingerpad contact status: {'right': {'left_fingerpad': True, 'right_fingerpad': True}, 'left': {'left_fingerpad': True, 'right_fingerpad': True}}
After grasp close fingerpad contact pairs: {'right': {'left_fingerpad': [('gripper0_right_left_fingerpad_collision', 'line_5_container_h01_near_container_h01_col_right')], 'right_fingerpad': [('gripper0_right_right_fingerpad_collision', 'line_5_container_h01_near_container_h01_col_right')]}, 'left': {'left_fingerpad': [('gripper0_left_left_fingerpad_collision', 'line_5_container_h01_near_container_h01_col_right')], 'right_fingerpad': [('gripper0_left_right_fingerpad_collision', 'line_5_container_h01_near_container_h01_col_right')]}}
After grasp close grasp status: {'right': True, 'left': True}
Result: success: both grippers grasped and held the object

Rollout 35/50
Target object: line_5_container_h01_near
Robot base xy at reset: (8.000000, 4.600000)
Tracking sites: {'right': 'line_5_container_h01_near_right_grasp_site', 'left': 'line_5_container_h01_near_left_grasp_site'}
Site positions: {'right': array([7.349 , 4.739 , 1.2505]), 'left': array([7.349 , 4.499 , 1.2505])}
Below-site grasp targets: {'right': array([7.349 , 4.739 , 1.2155]), 'left': array([7.349 , 4.499 , 1.2155])}
DataCollectionWrapper: making folder at /tmp/factory_sorting_grasp_raw_9i020761/ep_1786340440_925078
gripper end center arrival distances before grasp: {'right': 0.02740103047080101, 'left': 0.028647493526928403}
Before grasp close object collision geoms: ['line_5_container_h01_near_container_h01_col_bottom', 'line_5_container_h01_near_container_h01_col_front', 'line_5_container_h01_near_container_h01_col_back', 'line_5_container_h01_near_container_h01_col_left', 'line_5_container_h01_near_container_h01_col_right']
Before grasp close gripper end targets: {'right': [7.349, 4.739, 1.2155], 'left': [7.349, 4.499, 1.2155]}
Before grasp close gripper end positions: {'right': [7.3588, 4.7375, 1.2411], 'left': [7.3603, 4.5002, 1.2418]}
Before grasp close gripper end deltas current-minus-target: {'right': [0.0098, -0.0015, 0.0256], 'left': [0.0113, 0.0012, 0.0263]}
Before grasp close gripper end distances: {'right': 0.02740103047080101, 'left': 0.028647493526928403}
Before grasp close fingerpad contact status: {'right': {'left_fingerpad': False, 'right_fingerpad': False}, 'left': {'left_fingerpad': False, 'right_fingerpad': False}}
Before grasp close fingerpad contact pairs: {'right': {'left_fingerpad': [], 'right_fingerpad': []}, 'left': {'left_fingerpad': [], 'right_fingerpad': []}}
Before grasp close grasp status: {'right': False, 'left': False}
After grasp close object collision geoms: ['line_5_container_h01_near_container_h01_col_bottom', 'line_5_container_h01_near_container_h01_col_front', 'line_5_container_h01_near_container_h01_col_back', 'line_5_container_h01_near_container_h01_col_left', 'line_5_container_h01_near_container_h01_col_right']
After grasp close gripper end targets: {'right': [7.349, 4.739, 1.2155], 'left': [7.349, 4.499, 1.2155]}
After grasp close gripper end positions: {'right': [7.3647, 4.7364, 1.231], 'left': [7.3659, 4.5002, 1.2326]}
After grasp close gripper end deltas current-minus-target: {'right': [0.0157, -0.0026, 0.0155], 'left': [0.0169, 0.0012, 0.0171]}
After grasp close gripper end distances: {'right': 0.022237560374417844, 'left': 0.024089105305208972}
After grasp close fingerpad contact status: {'right': {'left_fingerpad': True, 'right_fingerpad': True}, 'left': {'left_fingerpad': True, 'right_fingerpad': True}}
After grasp close fingerpad contact pairs: {'right': {'left_fingerpad': [('gripper0_right_left_fingerpad_collision', 'line_5_container_h01_near_container_h01_col_right')], 'right_fingerpad': [('gripper0_right_right_fingerpad_collision', 'line_5_container_h01_near_container_h01_col_right')]}, 'left': {'left_fingerpad': [('gripper0_left_left_fingerpad_collision', 'line_5_container_h01_near_container_h01_col_right')], 'right_fingerpad': [('gripper0_left_right_fingerpad_collision', 'line_5_container_h01_near_container_h01_col_right')]}}
After grasp close grasp status: {'right': True, 'left': True}
Result: success: both grippers grasped and held the object

Rollout 36/50
Target object: line_5_container_h01_near
Robot base xy at reset: (8.000000, 4.600000)
Tracking sites: {'right': 'line_5_container_h01_near_right_grasp_site', 'left': 'line_5_container_h01_near_left_grasp_site'}
Site positions: {'right': array([7.349 , 4.739 , 1.2505]), 'left': array([7.349 , 4.499 , 1.2505])}
Below-site grasp targets: {'right': array([7.349 , 4.739 , 1.2155]), 'left': array([7.349 , 4.499 , 1.2155])}
DataCollectionWrapper: making folder at /tmp/factory_sorting_grasp_raw_9i020761/ep_1786340538_0371187
gripper end center arrival distances before grasp: {'right': 0.02740103047080101, 'left': 0.028647493526928403}
Before grasp close object collision geoms: ['line_5_container_h01_near_container_h01_col_bottom', 'line_5_container_h01_near_container_h01_col_front', 'line_5_container_h01_near_container_h01_col_back', 'line_5_container_h01_near_container_h01_col_left', 'line_5_container_h01_near_container_h01_col_right']
Before grasp close gripper end targets: {'right': [7.349, 4.739, 1.2155], 'left': [7.349, 4.499, 1.2155]}
Before grasp close gripper end positions: {'right': [7.3588, 4.7375, 1.2411], 'left': [7.3603, 4.5002, 1.2418]}
Before grasp close gripper end deltas current-minus-target: {'right': [0.0098, -0.0015, 0.0256], 'left': [0.0113, 0.0012, 0.0263]}
Before grasp close gripper end distances: {'right': 0.02740103047080101, 'left': 0.028647493526928403}
Before grasp close fingerpad contact status: {'right': {'left_fingerpad': False, 'right_fingerpad': False}, 'left': {'left_fingerpad': False, 'right_fingerpad': False}}
Before grasp close fingerpad contact pairs: {'right': {'left_fingerpad': [], 'right_fingerpad': []}, 'left': {'left_fingerpad': [], 'right_fingerpad': []}}
Before grasp close grasp status: {'right': False, 'left': False}
After grasp close object collision geoms: ['line_5_container_h01_near_container_h01_col_bottom', 'line_5_container_h01_near_container_h01_col_front', 'line_5_container_h01_near_container_h01_col_back', 'line_5_container_h01_near_container_h01_col_left', 'line_5_container_h01_near_container_h01_col_right']
After grasp close gripper end targets: {'right': [7.349, 4.739, 1.2155], 'left': [7.349, 4.499, 1.2155]}
After grasp close gripper end positions: {'right': [7.3647, 4.7364, 1.231], 'left': [7.3659, 4.5002, 1.2326]}
After grasp close gripper end deltas current-minus-target: {'right': [0.0157, -0.0026, 0.0155], 'left': [0.0169, 0.0012, 0.0171]}
After grasp close gripper end distances: {'right': 0.022237560374417844, 'left': 0.024089105305208972}
After grasp close fingerpad contact status: {'right': {'left_fingerpad': True, 'right_fingerpad': True}, 'left': {'left_fingerpad': True, 'right_fingerpad': True}}
After grasp close fingerpad contact pairs: {'right': {'left_fingerpad': [('gripper0_right_left_fingerpad_collision', 'line_5_container_h01_near_container_h01_col_right')], 'right_fingerpad': [('gripper0_right_right_fingerpad_collision', 'line_5_container_h01_near_container_h01_col_right')]}, 'left': {'left_fingerpad': [('gripper0_left_left_fingerpad_collision', 'line_5_container_h01_near_container_h01_col_right')], 'right_fingerpad': [('gripper0_left_right_fingerpad_collision', 'line_5_container_h01_near_container_h01_col_right')]}}
After grasp close grasp status: {'right': True, 'left': True}
Result: success: both grippers grasped and held the object

Rollout 37/50
Target object: line_5_container_h01_near
Robot base xy at reset: (8.000000, 4.600000)
Tracking sites: {'right': 'line_5_container_h01_near_right_grasp_site', 'left': 'line_5_container_h01_near_left_grasp_site'}
Site positions: {'right': array([7.349 , 4.739 , 1.2505]), 'left': array([7.349 , 4.499 , 1.2505])}
Below-site grasp targets: {'right': array([7.349 , 4.739 , 1.2155]), 'left': array([7.349 , 4.499 , 1.2155])}
DataCollectionWrapper: making folder at /tmp/factory_sorting_grasp_raw_9i020761/ep_1786340635_368635
gripper end center arrival distances before grasp: {'right': 0.02740103047080101, 'left': 0.028647493526928403}
Before grasp close object collision geoms: ['line_5_container_h01_near_container_h01_col_bottom', 'line_5_container_h01_near_container_h01_col_front', 'line_5_container_h01_near_container_h01_col_back', 'line_5_container_h01_near_container_h01_col_left', 'line_5_container_h01_near_container_h01_col_right']
Before grasp close gripper end targets: {'right': [7.349, 4.739, 1.2155], 'left': [7.349, 4.499, 1.2155]}
Before grasp close gripper end positions: {'right': [7.3588, 4.7375, 1.2411], 'left': [7.3603, 4.5002, 1.2418]}
Before grasp close gripper end deltas current-minus-target: {'right': [0.0098, -0.0015, 0.0256], 'left': [0.0113, 0.0012, 0.0263]}
Before grasp close gripper end distances: {'right': 0.02740103047080101, 'left': 0.028647493526928403}
Before grasp close fingerpad contact status: {'right': {'left_fingerpad': False, 'right_fingerpad': False}, 'left': {'left_fingerpad': False, 'right_fingerpad': False}}
Before grasp close fingerpad contact pairs: {'right': {'left_fingerpad': [], 'right_fingerpad': []}, 'left': {'left_fingerpad': [], 'right_fingerpad': []}}
Before grasp close grasp status: {'right': False, 'left': False}
After grasp close object collision geoms: ['line_5_container_h01_near_container_h01_col_bottom', 'line_5_container_h01_near_container_h01_col_front', 'line_5_container_h01_near_container_h01_col_back', 'line_5_container_h01_near_container_h01_col_left', 'line_5_container_h01_near_container_h01_col_right']
After grasp close gripper end targets: {'right': [7.349, 4.739, 1.2155], 'left': [7.349, 4.499, 1.2155]}
After grasp close gripper end positions: {'right': [7.3647, 4.7364, 1.231], 'left': [7.3659, 4.5002, 1.2326]}
After grasp close gripper end deltas current-minus-target: {'right': [0.0157, -0.0026, 0.0155], 'left': [0.0169, 0.0012, 0.0171]}
After grasp close gripper end distances: {'right': 0.022237560374417844, 'left': 0.024089105305208972}
After grasp close fingerpad contact status: {'right': {'left_fingerpad': True, 'right_fingerpad': True}, 'left': {'left_fingerpad': True, 'right_fingerpad': True}}
After grasp close fingerpad contact pairs: {'right': {'left_fingerpad': [('gripper0_right_left_fingerpad_collision', 'line_5_container_h01_near_container_h01_col_right')], 'right_fingerpad': [('gripper0_right_right_fingerpad_collision', 'line_5_container_h01_near_container_h01_col_right')]}, 'left': {'left_fingerpad': [('gripper0_left_left_fingerpad_collision', 'line_5_container_h01_near_container_h01_col_right')], 'right_fingerpad': [('gripper0_left_right_fingerpad_collision', 'line_5_container_h01_near_container_h01_col_right')]}}
After grasp close grasp status: {'right': True, 'left': True}
Result: success: both grippers grasped and held the object

Rollout 38/50
Target object: line_5_container_h01_near
Robot base xy at reset: (8.000000, 4.600000)
Tracking sites: {'right': 'line_5_container_h01_near_right_grasp_site', 'left': 'line_5_container_h01_near_left_grasp_site'}
Site positions: {'right': array([7.349 , 4.739 , 1.2505]), 'left': array([7.349 , 4.499 , 1.2505])}
Below-site grasp targets: {'right': array([7.349 , 4.739 , 1.2155]), 'left': array([7.349 , 4.499 , 1.2155])}
DataCollectionWrapper: making folder at /tmp/factory_sorting_grasp_raw_9i020761/ep_1786340733_081533
gripper end center arrival distances before grasp: {'right': 0.02740103047080101, 'left': 0.028647493526928403}
Before grasp close object collision geoms: ['line_5_container_h01_near_container_h01_col_bottom', 'line_5_container_h01_near_container_h01_col_front', 'line_5_container_h01_near_container_h01_col_back', 'line_5_container_h01_near_container_h01_col_left', 'line_5_container_h01_near_container_h01_col_right']
Before grasp close gripper end targets: {'right': [7.349, 4.739, 1.2155], 'left': [7.349, 4.499, 1.2155]}
Before grasp close gripper end positions: {'right': [7.3588, 4.7375, 1.2411], 'left': [7.3603, 4.5002, 1.2418]}
Before grasp close gripper end deltas current-minus-target: {'right': [0.0098, -0.0015, 0.0256], 'left': [0.0113, 0.0012, 0.0263]}
Before grasp close gripper end distances: {'right': 0.02740103047080101, 'left': 0.028647493526928403}
Before grasp close fingerpad contact status: {'right': {'left_fingerpad': False, 'right_fingerpad': False}, 'left': {'left_fingerpad': False, 'right_fingerpad': False}}
Before grasp close fingerpad contact pairs: {'right': {'left_fingerpad': [], 'right_fingerpad': []}, 'left': {'left_fingerpad': [], 'right_fingerpad': []}}
Before grasp close grasp status: {'right': False, 'left': False}
After grasp close object collision geoms: ['line_5_container_h01_near_container_h01_col_bottom', 'line_5_container_h01_near_container_h01_col_front', 'line_5_container_h01_near_container_h01_col_back', 'line_5_container_h01_near_container_h01_col_left', 'line_5_container_h01_near_container_h01_col_right']
After grasp close gripper end targets: {'right': [7.349, 4.739, 1.2155], 'left': [7.349, 4.499, 1.2155]}
After grasp close gripper end positions: {'right': [7.3647, 4.7364, 1.231], 'left': [7.3659, 4.5002, 1.2326]}
After grasp close gripper end deltas current-minus-target: {'right': [0.0157, -0.0026, 0.0155], 'left': [0.0169, 0.0012, 0.0171]}
After grasp close gripper end distances: {'right': 0.022237560374417844, 'left': 0.024089105305208972}
After grasp close fingerpad contact status: {'right': {'left_fingerpad': True, 'right_fingerpad': True}, 'left': {'left_fingerpad': True, 'right_fingerpad': True}}
After grasp close fingerpad contact pairs: {'right': {'left_fingerpad': [('gripper0_right_left_fingerpad_collision', 'line_5_container_h01_near_container_h01_col_right')], 'right_fingerpad': [('gripper0_right_right_fingerpad_collision', 'line_5_container_h01_near_container_h01_col_right')]}, 'left': {'left_fingerpad': [('gripper0_left_left_fingerpad_collision', 'line_5_container_h01_near_container_h01_col_right')], 'right_fingerpad': [('gripper0_left_right_fingerpad_collision', 'line_5_container_h01_near_container_h01_col_right')]}}
After grasp close grasp status: {'right': True, 'left': True}
Result: success: both grippers grasped and held the object

Rollout 39/50
Target object: line_5_container_h01_near
Robot base xy at reset: (8.000000, 4.600000)
Tracking sites: {'right': 'line_5_container_h01_near_right_grasp_site', 'left': 'line_5_container_h01_near_left_grasp_site'}
Site positions: {'right': array([7.349 , 4.739 , 1.2505]), 'left': array([7.349 , 4.499 , 1.2505])}
Below-site grasp targets: {'right': array([7.349 , 4.739 , 1.2155]), 'left': array([7.349 , 4.499 , 1.2155])}
DataCollectionWrapper: making folder at /tmp/factory_sorting_grasp_raw_9i020761/ep_1786340829_8123274
gripper end center arrival distances before grasp: {'right': 0.02740103047080101, 'left': 0.028647493526928403}
Before grasp close object collision geoms: ['line_5_container_h01_near_container_h01_col_bottom', 'line_5_container_h01_near_container_h01_col_front', 'line_5_container_h01_near_container_h01_col_back', 'line_5_container_h01_near_container_h01_col_left', 'line_5_container_h01_near_container_h01_col_right']
Before grasp close gripper end targets: {'right': [7.349, 4.739, 1.2155], 'left': [7.349, 4.499, 1.2155]}
Before grasp close gripper end positions: {'right': [7.3588, 4.7375, 1.2411], 'left': [7.3603, 4.5002, 1.2418]}
Before grasp close gripper end deltas current-minus-target: {'right': [0.0098, -0.0015, 0.0256], 'left': [0.0113, 0.0012, 0.0263]}
Before grasp close gripper end distances: {'right': 0.02740103047080101, 'left': 0.028647493526928403}
Before grasp close fingerpad contact status: {'right': {'left_fingerpad': False, 'right_fingerpad': False}, 'left': {'left_fingerpad': False, 'right_fingerpad': False}}
Before grasp close fingerpad contact pairs: {'right': {'left_fingerpad': [], 'right_fingerpad': []}, 'left': {'left_fingerpad': [], 'right_fingerpad': []}}
Before grasp close grasp status: {'right': False, 'left': False}
After grasp close object collision geoms: ['line_5_container_h01_near_container_h01_col_bottom', 'line_5_container_h01_near_container_h01_col_front', 'line_5_container_h01_near_container_h01_col_back', 'line_5_container_h01_near_container_h01_col_left', 'line_5_container_h01_near_container_h01_col_right']
After grasp close gripper end targets: {'right': [7.349, 4.739, 1.2155], 'left': [7.349, 4.499, 1.2155]}
After grasp close gripper end positions: {'right': [7.3647, 4.7364, 1.231], 'left': [7.3659, 4.5002, 1.2326]}
After grasp close gripper end deltas current-minus-target: {'right': [0.0157, -0.0026, 0.0155], 'left': [0.0169, 0.0012, 0.0171]}
After grasp close gripper end distances: {'right': 0.022237560374417844, 'left': 0.024089105305208972}
After grasp close fingerpad contact status: {'right': {'left_fingerpad': True, 'right_fingerpad': True}, 'left': {'left_fingerpad': True, 'right_fingerpad': True}}
After grasp close fingerpad contact pairs: {'right': {'left_fingerpad': [('gripper0_right_left_fingerpad_collision', 'line_5_container_h01_near_container_h01_col_right')], 'right_fingerpad': [('gripper0_right_right_fingerpad_collision', 'line_5_container_h01_near_container_h01_col_right')]}, 'left': {'left_fingerpad': [('gripper0_left_left_fingerpad_collision', 'line_5_container_h01_near_container_h01_col_right')], 'right_fingerpad': [('gripper0_left_right_fingerpad_collision', 'line_5_container_h01_near_container_h01_col_right')]}}
After grasp close grasp status: {'right': True, 'left': True}
Result: success: both grippers grasped and held the object

Rollout 40/50
Target object: line_5_container_h01_near
Robot base xy at reset: (8.000000, 4.600000)
Tracking sites: {'right': 'line_5_container_h01_near_right_grasp_site', 'left': 'line_5_container_h01_near_left_grasp_site'}
Site positions: {'right': array([7.349 , 4.739 , 1.2505]), 'left': array([7.349 , 4.499 , 1.2505])}
Below-site grasp targets: {'right': array([7.349 , 4.739 , 1.2155]), 'left': array([7.349 , 4.499 , 1.2155])}
DataCollectionWrapper: making folder at /tmp/factory_sorting_grasp_raw_9i020761/ep_1786340928_2681584
gripper end center arrival distances before grasp: {'right': 0.02740103047080101, 'left': 0.028647493526928403}
Before grasp close object collision geoms: ['line_5_container_h01_near_container_h01_col_bottom', 'line_5_container_h01_near_container_h01_col_front', 'line_5_container_h01_near_container_h01_col_back', 'line_5_container_h01_near_container_h01_col_left', 'line_5_container_h01_near_container_h01_col_right']
Before grasp close gripper end targets: {'right': [7.349, 4.739, 1.2155], 'left': [7.349, 4.499, 1.2155]}
Before grasp close gripper end positions: {'right': [7.3588, 4.7375, 1.2411], 'left': [7.3603, 4.5002, 1.2418]}
Before grasp close gripper end deltas current-minus-target: {'right': [0.0098, -0.0015, 0.0256], 'left': [0.0113, 0.0012, 0.0263]}
Before grasp close gripper end distances: {'right': 0.02740103047080101, 'left': 0.028647493526928403}
Before grasp close fingerpad contact status: {'right': {'left_fingerpad': False, 'right_fingerpad': False}, 'left': {'left_fingerpad': False, 'right_fingerpad': False}}
Before grasp close fingerpad contact pairs: {'right': {'left_fingerpad': [], 'right_fingerpad': []}, 'left': {'left_fingerpad': [], 'right_fingerpad': []}}
Before grasp close grasp status: {'right': False, 'left': False}
After grasp close object collision geoms: ['line_5_container_h01_near_container_h01_col_bottom', 'line_5_container_h01_near_container_h01_col_front', 'line_5_container_h01_near_container_h01_col_back', 'line_5_container_h01_near_container_h01_col_left', 'line_5_container_h01_near_container_h01_col_right']
After grasp close gripper end targets: {'right': [7.349, 4.739, 1.2155], 'left': [7.349, 4.499, 1.2155]}
After grasp close gripper end positions: {'right': [7.3647, 4.7364, 1.231], 'left': [7.3659, 4.5002, 1.2326]}
After grasp close gripper end deltas current-minus-target: {'right': [0.0157, -0.0026, 0.0155], 'left': [0.0169, 0.0012, 0.0171]}
After grasp close gripper end distances: {'right': 0.022237560374417844, 'left': 0.024089105305208972}
After grasp close fingerpad contact status: {'right': {'left_fingerpad': True, 'right_fingerpad': True}, 'left': {'left_fingerpad': True, 'right_fingerpad': True}}
After grasp close fingerpad contact pairs: {'right': {'left_fingerpad': [('gripper0_right_left_fingerpad_collision', 'line_5_container_h01_near_container_h01_col_right')], 'right_fingerpad': [('gripper0_right_right_fingerpad_collision', 'line_5_container_h01_near_container_h01_col_right')]}, 'left': {'left_fingerpad': [('gripper0_left_left_fingerpad_collision', 'line_5_container_h01_near_container_h01_col_right')], 'right_fingerpad': [('gripper0_left_right_fingerpad_collision', 'line_5_container_h01_near_container_h01_col_right')]}}
After grasp close grasp status: {'right': True, 'left': True}
Result: success: both grippers grasped and held the object

Rollout 41/50
Target object: line_5_container_h01_near
Robot base xy at reset: (8.000000, 4.600000)
Tracking sites: {'right': 'line_5_container_h01_near_right_grasp_site', 'left': 'line_5_container_h01_near_left_grasp_site'}
Site positions: {'right': array([7.349 , 4.739 , 1.2505]), 'left': array([7.349 , 4.499 , 1.2505])}
Below-site grasp targets: {'right': array([7.349 , 4.739 , 1.2155]), 'left': array([7.349 , 4.499 , 1.2155])}
DataCollectionWrapper: making folder at /tmp/factory_sorting_grasp_raw_9i020761/ep_1786341024_5400364
gripper end center arrival distances before grasp: {'right': 0.02740103047080101, 'left': 0.028647493526928403}
Before grasp close object collision geoms: ['line_5_container_h01_near_container_h01_col_bottom', 'line_5_container_h01_near_container_h01_col_front', 'line_5_container_h01_near_container_h01_col_back', 'line_5_container_h01_near_container_h01_col_left', 'line_5_container_h01_near_container_h01_col_right']
Before grasp close gripper end targets: {'right': [7.349, 4.739, 1.2155], 'left': [7.349, 4.499, 1.2155]}
Before grasp close gripper end positions: {'right': [7.3588, 4.7375, 1.2411], 'left': [7.3603, 4.5002, 1.2418]}
Before grasp close gripper end deltas current-minus-target: {'right': [0.0098, -0.0015, 0.0256], 'left': [0.0113, 0.0012, 0.0263]}
Before grasp close gripper end distances: {'right': 0.02740103047080101, 'left': 0.028647493526928403}
Before grasp close fingerpad contact status: {'right': {'left_fingerpad': False, 'right_fingerpad': False}, 'left': {'left_fingerpad': False, 'right_fingerpad': False}}
Before grasp close fingerpad contact pairs: {'right': {'left_fingerpad': [], 'right_fingerpad': []}, 'left': {'left_fingerpad': [], 'right_fingerpad': []}}
Before grasp close grasp status: {'right': False, 'left': False}
After grasp close object collision geoms: ['line_5_container_h01_near_container_h01_col_bottom', 'line_5_container_h01_near_container_h01_col_front', 'line_5_container_h01_near_container_h01_col_back', 'line_5_container_h01_near_container_h01_col_left', 'line_5_container_h01_near_container_h01_col_right']
After grasp close gripper end targets: {'right': [7.349, 4.739, 1.2155], 'left': [7.349, 4.499, 1.2155]}
After grasp close gripper end positions: {'right': [7.3647, 4.7364, 1.231], 'left': [7.3659, 4.5002, 1.2326]}
After grasp close gripper end deltas current-minus-target: {'right': [0.0157, -0.0026, 0.0155], 'left': [0.0169, 0.0012, 0.0171]}
After grasp close gripper end distances: {'right': 0.022237560374417844, 'left': 0.024089105305208972}
After grasp close fingerpad contact status: {'right': {'left_fingerpad': True, 'right_fingerpad': True}, 'left': {'left_fingerpad': True, 'right_fingerpad': True}}
After grasp close fingerpad contact pairs: {'right': {'left_fingerpad': [('gripper0_right_left_fingerpad_collision', 'line_5_container_h01_near_container_h01_col_right')], 'right_fingerpad': [('gripper0_right_right_fingerpad_collision', 'line_5_container_h01_near_container_h01_col_right')]}, 'left': {'left_fingerpad': [('gripper0_left_left_fingerpad_collision', 'line_5_container_h01_near_container_h01_col_right')], 'right_fingerpad': [('gripper0_left_right_fingerpad_collision', 'line_5_container_h01_near_container_h01_col_right')]}}
After grasp close grasp status: {'right': True, 'left': True}
Result: success: both grippers grasped and held the object

Rollout 42/50
Target object: line_5_container_h01_near
Robot base xy at reset: (8.000000, 4.600000)
Tracking sites: {'right': 'line_5_container_h01_near_right_grasp_site', 'left': 'line_5_container_h01_near_left_grasp_site'}
Site positions: {'right': array([7.349 , 4.739 , 1.2505]), 'left': array([7.349 , 4.499 , 1.2505])}
Below-site grasp targets: {'right': array([7.349 , 4.739 , 1.2155]), 'left': array([7.349 , 4.499 , 1.2155])}
DataCollectionWrapper: making folder at /tmp/factory_sorting_grasp_raw_9i020761/ep_1786341120_5475051
gripper end center arrival distances before grasp: {'right': 0.02740103047080101, 'left': 0.028647493526928403}
Before grasp close object collision geoms: ['line_5_container_h01_near_container_h01_col_bottom', 'line_5_container_h01_near_container_h01_col_front', 'line_5_container_h01_near_container_h01_col_back', 'line_5_container_h01_near_container_h01_col_left', 'line_5_container_h01_near_container_h01_col_right']
Before grasp close gripper end targets: {'right': [7.349, 4.739, 1.2155], 'left': [7.349, 4.499, 1.2155]}
Before grasp close gripper end positions: {'right': [7.3588, 4.7375, 1.2411], 'left': [7.3603, 4.5002, 1.2418]}
Before grasp close gripper end deltas current-minus-target: {'right': [0.0098, -0.0015, 0.0256], 'left': [0.0113, 0.0012, 0.0263]}
Before grasp close gripper end distances: {'right': 0.02740103047080101, 'left': 0.028647493526928403}
Before grasp close fingerpad contact status: {'right': {'left_fingerpad': False, 'right_fingerpad': False}, 'left': {'left_fingerpad': False, 'right_fingerpad': False}}
Before grasp close fingerpad contact pairs: {'right': {'left_fingerpad': [], 'right_fingerpad': []}, 'left': {'left_fingerpad': [], 'right_fingerpad': []}}
Before grasp close grasp status: {'right': False, 'left': False}
After grasp close object collision geoms: ['line_5_container_h01_near_container_h01_col_bottom', 'line_5_container_h01_near_container_h01_col_front', 'line_5_container_h01_near_container_h01_col_back', 'line_5_container_h01_near_container_h01_col_left', 'line_5_container_h01_near_container_h01_col_right']
After grasp close gripper end targets: {'right': [7.349, 4.739, 1.2155], 'left': [7.349, 4.499, 1.2155]}
After grasp close gripper end positions: {'right': [7.3647, 4.7364, 1.231], 'left': [7.3659, 4.5002, 1.2326]}
After grasp close gripper end deltas current-minus-target: {'right': [0.0157, -0.0026, 0.0155], 'left': [0.0169, 0.0012, 0.0171]}
After grasp close gripper end distances: {'right': 0.022237560374417844, 'left': 0.024089105305208972}
After grasp close fingerpad contact status: {'right': {'left_fingerpad': True, 'right_fingerpad': True}, 'left': {'left_fingerpad': True, 'right_fingerpad': True}}
After grasp close fingerpad contact pairs: {'right': {'left_fingerpad': [('gripper0_right_left_fingerpad_collision', 'line_5_container_h01_near_container_h01_col_right')], 'right_fingerpad': [('gripper0_right_right_fingerpad_collision', 'line_5_container_h01_near_container_h01_col_right')]}, 'left': {'left_fingerpad': [('gripper0_left_left_fingerpad_collision', 'line_5_container_h01_near_container_h01_col_right')], 'right_fingerpad': [('gripper0_left_right_fingerpad_collision', 'line_5_container_h01_near_container_h01_col_right')]}}
After grasp close grasp status: {'right': True, 'left': True}
Result: success: both grippers grasped and held the object

Rollout 43/50
Target object: line_5_container_h01_near
Robot base xy at reset: (8.000000, 4.600000)
Tracking sites: {'right': 'line_5_container_h01_near_right_grasp_site', 'left': 'line_5_container_h01_near_left_grasp_site'}
Site positions: {'right': array([7.349 , 4.739 , 1.2505]), 'left': array([7.349 , 4.499 , 1.2505])}
Below-site grasp targets: {'right': array([7.349 , 4.739 , 1.2155]), 'left': array([7.349 , 4.499 , 1.2155])}
DataCollectionWrapper: making folder at /tmp/factory_sorting_grasp_raw_9i020761/ep_1786341218_3147926
gripper end center arrival distances before grasp: {'right': 0.02740103047080101, 'left': 0.028647493526928403}
Before grasp close object collision geoms: ['line_5_container_h01_near_container_h01_col_bottom', 'line_5_container_h01_near_container_h01_col_front', 'line_5_container_h01_near_container_h01_col_back', 'line_5_container_h01_near_container_h01_col_left', 'line_5_container_h01_near_container_h01_col_right']
Before grasp close gripper end targets: {'right': [7.349, 4.739, 1.2155], 'left': [7.349, 4.499, 1.2155]}
Before grasp close gripper end positions: {'right': [7.3588, 4.7375, 1.2411], 'left': [7.3603, 4.5002, 1.2418]}
Before grasp close gripper end deltas current-minus-target: {'right': [0.0098, -0.0015, 0.0256], 'left': [0.0113, 0.0012, 0.0263]}
Before grasp close gripper end distances: {'right': 0.02740103047080101, 'left': 0.028647493526928403}
Before grasp close fingerpad contact status: {'right': {'left_fingerpad': False, 'right_fingerpad': False}, 'left': {'left_fingerpad': False, 'right_fingerpad': False}}
Before grasp close fingerpad contact pairs: {'right': {'left_fingerpad': [], 'right_fingerpad': []}, 'left': {'left_fingerpad': [], 'right_fingerpad': []}}
Before grasp close grasp status: {'right': False, 'left': False}
After grasp close object collision geoms: ['line_5_container_h01_near_container_h01_col_bottom', 'line_5_container_h01_near_container_h01_col_front', 'line_5_container_h01_near_container_h01_col_back', 'line_5_container_h01_near_container_h01_col_left', 'line_5_container_h01_near_container_h01_col_right']
After grasp close gripper end targets: {'right': [7.349, 4.739, 1.2155], 'left': [7.349, 4.499, 1.2155]}
After grasp close gripper end positions: {'right': [7.3647, 4.7364, 1.231], 'left': [7.3659, 4.5002, 1.2326]}
After grasp close gripper end deltas current-minus-target: {'right': [0.0157, -0.0026, 0.0155], 'left': [0.0169, 0.0012, 0.0171]}
After grasp close gripper end distances: {'right': 0.022237560374417844, 'left': 0.024089105305208972}
After grasp close fingerpad contact status: {'right': {'left_fingerpad': True, 'right_fingerpad': True}, 'left': {'left_fingerpad': True, 'right_fingerpad': True}}
After grasp close fingerpad contact pairs: {'right': {'left_fingerpad': [('gripper0_right_left_fingerpad_collision', 'line_5_container_h01_near_container_h01_col_right')], 'right_fingerpad': [('gripper0_right_right_fingerpad_collision', 'line_5_container_h01_near_container_h01_col_right')]}, 'left': {'left_fingerpad': [('gripper0_left_left_fingerpad_collision', 'line_5_container_h01_near_container_h01_col_right')], 'right_fingerpad': [('gripper0_left_right_fingerpad_collision', 'line_5_container_h01_near_container_h01_col_right')]}}
After grasp close grasp status: {'right': True, 'left': True}
Result: success: both grippers grasped and held the object

Rollout 44/50
Target object: line_5_container_h01_near
Robot base xy at reset: (8.000000, 4.600000)
Tracking sites: {'right': 'line_5_container_h01_near_right_grasp_site', 'left': 'line_5_container_h01_near_left_grasp_site'}
Site positions: {'right': array([7.349 , 4.739 , 1.2505]), 'left': array([7.349 , 4.499 , 1.2505])}
Below-site grasp targets: {'right': array([7.349 , 4.739 , 1.2155]), 'left': array([7.349 , 4.499 , 1.2155])}
DataCollectionWrapper: making folder at /tmp/factory_sorting_grasp_raw_9i020761/ep_1786341314_5029259
gripper end center arrival distances before grasp: {'right': 0.02740103047080101, 'left': 0.028647493526928403}
Before grasp close object collision geoms: ['line_5_container_h01_near_container_h01_col_bottom', 'line_5_container_h01_near_container_h01_col_front', 'line_5_container_h01_near_container_h01_col_back', 'line_5_container_h01_near_container_h01_col_left', 'line_5_container_h01_near_container_h01_col_right']
Before grasp close gripper end targets: {'right': [7.349, 4.739, 1.2155], 'left': [7.349, 4.499, 1.2155]}
Before grasp close gripper end positions: {'right': [7.3588, 4.7375, 1.2411], 'left': [7.3603, 4.5002, 1.2418]}
Before grasp close gripper end deltas current-minus-target: {'right': [0.0098, -0.0015, 0.0256], 'left': [0.0113, 0.0012, 0.0263]}
Before grasp close gripper end distances: {'right': 0.02740103047080101, 'left': 0.028647493526928403}
Before grasp close fingerpad contact status: {'right': {'left_fingerpad': False, 'right_fingerpad': False}, 'left': {'left_fingerpad': False, 'right_fingerpad': False}}
Before grasp close fingerpad contact pairs: {'right': {'left_fingerpad': [], 'right_fingerpad': []}, 'left': {'left_fingerpad': [], 'right_fingerpad': []}}
Before grasp close grasp status: {'right': False, 'left': False}
After grasp close object collision geoms: ['line_5_container_h01_near_container_h01_col_bottom', 'line_5_container_h01_near_container_h01_col_front', 'line_5_container_h01_near_container_h01_col_back', 'line_5_container_h01_near_container_h01_col_left', 'line_5_container_h01_near_container_h01_col_right']
After grasp close gripper end targets: {'right': [7.349, 4.739, 1.2155], 'left': [7.349, 4.499, 1.2155]}
After grasp close gripper end positions: {'right': [7.3647, 4.7364, 1.231], 'left': [7.3659, 4.5002, 1.2326]}
After grasp close gripper end deltas current-minus-target: {'right': [0.0157, -0.0026, 0.0155], 'left': [0.0169, 0.0012, 0.0171]}
After grasp close gripper end distances: {'right': 0.022237560374417844, 'left': 0.024089105305208972}
After grasp close fingerpad contact status: {'right': {'left_fingerpad': True, 'right_fingerpad': True}, 'left': {'left_fingerpad': True, 'right_fingerpad': True}}
After grasp close fingerpad contact pairs: {'right': {'left_fingerpad': [('gripper0_right_left_fingerpad_collision', 'line_5_container_h01_near_container_h01_col_right')], 'right_fingerpad': [('gripper0_right_right_fingerpad_collision', 'line_5_container_h01_near_container_h01_col_right')]}, 'left': {'left_fingerpad': [('gripper0_left_left_fingerpad_collision', 'line_5_container_h01_near_container_h01_col_right')], 'right_fingerpad': [('gripper0_left_right_fingerpad_collision', 'line_5_container_h01_near_container_h01_col_right')]}}
After grasp close grasp status: {'right': True, 'left': True}
Result: success: both grippers grasped and held the object

Rollout 45/50
Target object: line_5_container_h01_near
Robot base xy at reset: (8.000000, 4.600000)
Tracking sites: {'right': 'line_5_container_h01_near_right_grasp_site', 'left': 'line_5_container_h01_near_left_grasp_site'}
Site positions: {'right': array([7.349 , 4.739 , 1.2505]), 'left': array([7.349 , 4.499 , 1.2505])}
Below-site grasp targets: {'right': array([7.349 , 4.739 , 1.2155]), 'left': array([7.349 , 4.499 , 1.2155])}
DataCollectionWrapper: making folder at /tmp/factory_sorting_grasp_raw_9i020761/ep_1786341411_4075882
gripper end center arrival distances before grasp: {'right': 0.02740103047080101, 'left': 0.028647493526928403}
Before grasp close object collision geoms: ['line_5_container_h01_near_container_h01_col_bottom', 'line_5_container_h01_near_container_h01_col_front', 'line_5_container_h01_near_container_h01_col_back', 'line_5_container_h01_near_container_h01_col_left', 'line_5_container_h01_near_container_h01_col_right']
Before grasp close gripper end targets: {'right': [7.349, 4.739, 1.2155], 'left': [7.349, 4.499, 1.2155]}
Before grasp close gripper end positions: {'right': [7.3588, 4.7375, 1.2411], 'left': [7.3603, 4.5002, 1.2418]}
Before grasp close gripper end deltas current-minus-target: {'right': [0.0098, -0.0015, 0.0256], 'left': [0.0113, 0.0012, 0.0263]}
Before grasp close gripper end distances: {'right': 0.02740103047080101, 'left': 0.028647493526928403}
Before grasp close fingerpad contact status: {'right': {'left_fingerpad': False, 'right_fingerpad': False}, 'left': {'left_fingerpad': False, 'right_fingerpad': False}}
Before grasp close fingerpad contact pairs: {'right': {'left_fingerpad': [], 'right_fingerpad': []}, 'left': {'left_fingerpad': [], 'right_fingerpad': []}}
Before grasp close grasp status: {'right': False, 'left': False}
After grasp close object collision geoms: ['line_5_container_h01_near_container_h01_col_bottom', 'line_5_container_h01_near_container_h01_col_front', 'line_5_container_h01_near_container_h01_col_back', 'line_5_container_h01_near_container_h01_col_left', 'line_5_container_h01_near_container_h01_col_right']
After grasp close gripper end targets: {'right': [7.349, 4.739, 1.2155], 'left': [7.349, 4.499, 1.2155]}
After grasp close gripper end positions: {'right': [7.3647, 4.7364, 1.231], 'left': [7.3659, 4.5002, 1.2326]}
After grasp close gripper end deltas current-minus-target: {'right': [0.0157, -0.0026, 0.0155], 'left': [0.0169, 0.0012, 0.0171]}
After grasp close gripper end distances: {'right': 0.022237560374417844, 'left': 0.024089105305208972}
After grasp close fingerpad contact status: {'right': {'left_fingerpad': True, 'right_fingerpad': True}, 'left': {'left_fingerpad': True, 'right_fingerpad': True}}
After grasp close fingerpad contact pairs: {'right': {'left_fingerpad': [('gripper0_right_left_fingerpad_collision', 'line_5_container_h01_near_container_h01_col_right')], 'right_fingerpad': [('gripper0_right_right_fingerpad_collision', 'line_5_container_h01_near_container_h01_col_right')]}, 'left': {'left_fingerpad': [('gripper0_left_left_fingerpad_collision', 'line_5_container_h01_near_container_h01_col_right')], 'right_fingerpad': [('gripper0_left_right_fingerpad_collision', 'line_5_container_h01_near_container_h01_col_right')]}}
After grasp close grasp status: {'right': True, 'left': True}
Result: success: both grippers grasped and held the object

Rollout 46/50
Target object: line_5_container_h01_near
Robot base xy at reset: (8.000000, 4.600000)
Tracking sites: {'right': 'line_5_container_h01_near_right_grasp_site', 'left': 'line_5_container_h01_near_left_grasp_site'}
Site positions: {'right': array([7.349 , 4.739 , 1.2505]), 'left': array([7.349 , 4.499 , 1.2505])}
Below-site grasp targets: {'right': array([7.349 , 4.739 , 1.2155]), 'left': array([7.349 , 4.499 , 1.2155])}
DataCollectionWrapper: making folder at /tmp/factory_sorting_grasp_raw_9i020761/ep_1786341506_7409291
gripper end center arrival distances before grasp: {'right': 0.02740103047080101, 'left': 0.028647493526928403}
Before grasp close object collision geoms: ['line_5_container_h01_near_container_h01_col_bottom', 'line_5_container_h01_near_container_h01_col_front', 'line_5_container_h01_near_container_h01_col_back', 'line_5_container_h01_near_container_h01_col_left', 'line_5_container_h01_near_container_h01_col_right']
Before grasp close gripper end targets: {'right': [7.349, 4.739, 1.2155], 'left': [7.349, 4.499, 1.2155]}
Before grasp close gripper end positions: {'right': [7.3588, 4.7375, 1.2411], 'left': [7.3603, 4.5002, 1.2418]}
Before grasp close gripper end deltas current-minus-target: {'right': [0.0098, -0.0015, 0.0256], 'left': [0.0113, 0.0012, 0.0263]}
Before grasp close gripper end distances: {'right': 0.02740103047080101, 'left': 0.028647493526928403}
Before grasp close fingerpad contact status: {'right': {'left_fingerpad': False, 'right_fingerpad': False}, 'left': {'left_fingerpad': False, 'right_fingerpad': False}}
Before grasp close fingerpad contact pairs: {'right': {'left_fingerpad': [], 'right_fingerpad': []}, 'left': {'left_fingerpad': [], 'right_fingerpad': []}}
Before grasp close grasp status: {'right': False, 'left': False}
After grasp close object collision geoms: ['line_5_container_h01_near_container_h01_col_bottom', 'line_5_container_h01_near_container_h01_col_front', 'line_5_container_h01_near_container_h01_col_back', 'line_5_container_h01_near_container_h01_col_left', 'line_5_container_h01_near_container_h01_col_right']
After grasp close gripper end targets: {'right': [7.349, 4.739, 1.2155], 'left': [7.349, 4.499, 1.2155]}
After grasp close gripper end positions: {'right': [7.3647, 4.7364, 1.231], 'left': [7.3659, 4.5002, 1.2326]}
After grasp close gripper end deltas current-minus-target: {'right': [0.0157, -0.0026, 0.0155], 'left': [0.0169, 0.0012, 0.0171]}
After grasp close gripper end distances: {'right': 0.022237560374417844, 'left': 0.024089105305208972}
After grasp close fingerpad contact status: {'right': {'left_fingerpad': True, 'right_fingerpad': True}, 'left': {'left_fingerpad': True, 'right_fingerpad': True}}
After grasp close fingerpad contact pairs: {'right': {'left_fingerpad': [('gripper0_right_left_fingerpad_collision', 'line_5_container_h01_near_container_h01_col_right')], 'right_fingerpad': [('gripper0_right_right_fingerpad_collision', 'line_5_container_h01_near_container_h01_col_right')]}, 'left': {'left_fingerpad': [('gripper0_left_left_fingerpad_collision', 'line_5_container_h01_near_container_h01_col_right')], 'right_fingerpad': [('gripper0_left_right_fingerpad_collision', 'line_5_container_h01_near_container_h01_col_right')]}}
After grasp close grasp status: {'right': True, 'left': True}
Result: success: both grippers grasped and held the object

Rollout 47/50
Target object: line_5_container_h01_near
Robot base xy at reset: (8.000000, 4.600000)
Tracking sites: {'right': 'line_5_container_h01_near_right_grasp_site', 'left': 'line_5_container_h01_near_left_grasp_site'}
Site positions: {'right': array([7.349 , 4.739 , 1.2505]), 'left': array([7.349 , 4.499 , 1.2505])}
Below-site grasp targets: {'right': array([7.349 , 4.739 , 1.2155]), 'left': array([7.349 , 4.499 , 1.2155])}
DataCollectionWrapper: making folder at /tmp/factory_sorting_grasp_raw_9i020761/ep_1786341603_9048417
gripper end center arrival distances before grasp: {'right': 0.02740103047080101, 'left': 0.028647493526928403}
Before grasp close object collision geoms: ['line_5_container_h01_near_container_h01_col_bottom', 'line_5_container_h01_near_container_h01_col_front', 'line_5_container_h01_near_container_h01_col_back', 'line_5_container_h01_near_container_h01_col_left', 'line_5_container_h01_near_container_h01_col_right']
Before grasp close gripper end targets: {'right': [7.349, 4.739, 1.2155], 'left': [7.349, 4.499, 1.2155]}
Before grasp close gripper end positions: {'right': [7.3588, 4.7375, 1.2411], 'left': [7.3603, 4.5002, 1.2418]}
Before grasp close gripper end deltas current-minus-target: {'right': [0.0098, -0.0015, 0.0256], 'left': [0.0113, 0.0012, 0.0263]}
Before grasp close gripper end distances: {'right': 0.02740103047080101, 'left': 0.028647493526928403}
Before grasp close fingerpad contact status: {'right': {'left_fingerpad': False, 'right_fingerpad': False}, 'left': {'left_fingerpad': False, 'right_fingerpad': False}}
Before grasp close fingerpad contact pairs: {'right': {'left_fingerpad': [], 'right_fingerpad': []}, 'left': {'left_fingerpad': [], 'right_fingerpad': []}}
Before grasp close grasp status: {'right': False, 'left': False}
After grasp close object collision geoms: ['line_5_container_h01_near_container_h01_col_bottom', 'line_5_container_h01_near_container_h01_col_front', 'line_5_container_h01_near_container_h01_col_back', 'line_5_container_h01_near_container_h01_col_left', 'line_5_container_h01_near_container_h01_col_right']
After grasp close gripper end targets: {'right': [7.349, 4.739, 1.2155], 'left': [7.349, 4.499, 1.2155]}
After grasp close gripper end positions: {'right': [7.3647, 4.7364, 1.231], 'left': [7.3659, 4.5002, 1.2326]}
After grasp close gripper end deltas current-minus-target: {'right': [0.0157, -0.0026, 0.0155], 'left': [0.0169, 0.0012, 0.0171]}
After grasp close gripper end distances: {'right': 0.022237560374417844, 'left': 0.024089105305208972}
After grasp close fingerpad contact status: {'right': {'left_fingerpad': True, 'right_fingerpad': True}, 'left': {'left_fingerpad': True, 'right_fingerpad': True}}
After grasp close fingerpad contact pairs: {'right': {'left_fingerpad': [('gripper0_right_left_fingerpad_collision', 'line_5_container_h01_near_container_h01_col_right')], 'right_fingerpad': [('gripper0_right_right_fingerpad_collision', 'line_5_container_h01_near_container_h01_col_right')]}, 'left': {'left_fingerpad': [('gripper0_left_left_fingerpad_collision', 'line_5_container_h01_near_container_h01_col_right')], 'right_fingerpad': [('gripper0_left_right_fingerpad_collision', 'line_5_container_h01_near_container_h01_col_right')]}}
After grasp close grasp status: {'right': True, 'left': True}
Result: success: both grippers grasped and held the object

Rollout 48/50
Target object: line_5_container_h01_near
Robot base xy at reset: (8.000000, 4.600000)
Tracking sites: {'right': 'line_5_container_h01_near_right_grasp_site', 'left': 'line_5_container_h01_near_left_grasp_site'}
Site positions: {'right': array([7.349 , 4.739 , 1.2505]), 'left': array([7.349 , 4.499 , 1.2505])}
Below-site grasp targets: {'right': array([7.349 , 4.739 , 1.2155]), 'left': array([7.349 , 4.499 , 1.2155])}
DataCollectionWrapper: making folder at /tmp/factory_sorting_grasp_raw_9i020761/ep_1786341700_9994
gripper end center arrival distances before grasp: {'right': 0.02740103047080101, 'left': 0.028647493526928403}
Before grasp close object collision geoms: ['line_5_container_h01_near_container_h01_col_bottom', 'line_5_container_h01_near_container_h01_col_front', 'line_5_container_h01_near_container_h01_col_back', 'line_5_container_h01_near_container_h01_col_left', 'line_5_container_h01_near_container_h01_col_right']
Before grasp close gripper end targets: {'right': [7.349, 4.739, 1.2155], 'left': [7.349, 4.499, 1.2155]}
Before grasp close gripper end positions: {'right': [7.3588, 4.7375, 1.2411], 'left': [7.3603, 4.5002, 1.2418]}
Before grasp close gripper end deltas current-minus-target: {'right': [0.0098, -0.0015, 0.0256], 'left': [0.0113, 0.0012, 0.0263]}
Before grasp close gripper end distances: {'right': 0.02740103047080101, 'left': 0.028647493526928403}
Before grasp close fingerpad contact status: {'right': {'left_fingerpad': False, 'right_fingerpad': False}, 'left': {'left_fingerpad': False, 'right_fingerpad': False}}
Before grasp close fingerpad contact pairs: {'right': {'left_fingerpad': [], 'right_fingerpad': []}, 'left': {'left_fingerpad': [], 'right_fingerpad': []}}
Before grasp close grasp status: {'right': False, 'left': False}
After grasp close object collision geoms: ['line_5_container_h01_near_container_h01_col_bottom', 'line_5_container_h01_near_container_h01_col_front', 'line_5_container_h01_near_container_h01_col_back', 'line_5_container_h01_near_container_h01_col_left', 'line_5_container_h01_near_container_h01_col_right']
After grasp close gripper end targets: {'right': [7.349, 4.739, 1.2155], 'left': [7.349, 4.499, 1.2155]}
After grasp close gripper end positions: {'right': [7.3647, 4.7364, 1.231], 'left': [7.3659, 4.5002, 1.2326]}
After grasp close gripper end deltas current-minus-target: {'right': [0.0157, -0.0026, 0.0155], 'left': [0.0169, 0.0012, 0.0171]}
After grasp close gripper end distances: {'right': 0.022237560374417844, 'left': 0.024089105305208972}
After grasp close fingerpad contact status: {'right': {'left_fingerpad': True, 'right_fingerpad': True}, 'left': {'left_fingerpad': True, 'right_fingerpad': True}}
After grasp close fingerpad contact pairs: {'right': {'left_fingerpad': [('gripper0_right_left_fingerpad_collision', 'line_5_container_h01_near_container_h01_col_right')], 'right_fingerpad': [('gripper0_right_right_fingerpad_collision', 'line_5_container_h01_near_container_h01_col_right')]}, 'left': {'left_fingerpad': [('gripper0_left_left_fingerpad_collision', 'line_5_container_h01_near_container_h01_col_right')], 'right_fingerpad': [('gripper0_left_right_fingerpad_collision', 'line_5_container_h01_near_container_h01_col_right')]}}
After grasp close grasp status: {'right': True, 'left': True}
Result: success: both grippers grasped and held the object

Rollout 49/50
Target object: line_5_container_h01_near
Robot base xy at reset: (8.000000, 4.600000)
Tracking sites: {'right': 'line_5_container_h01_near_right_grasp_site', 'left': 'line_5_container_h01_near_left_grasp_site'}
Site positions: {'right': array([7.349 , 4.739 , 1.2505]), 'left': array([7.349 , 4.499 , 1.2505])}
Below-site grasp targets: {'right': array([7.349 , 4.739 , 1.2155]), 'left': array([7.349 , 4.499 , 1.2155])}
DataCollectionWrapper: making folder at /tmp/factory_sorting_grasp_raw_9i020761/ep_1786341797_307371
gripper end center arrival distances before grasp: {'right': 0.02740103047080101, 'left': 0.028647493526928403}
Before grasp close object collision geoms: ['line_5_container_h01_near_container_h01_col_bottom', 'line_5_container_h01_near_container_h01_col_front', 'line_5_container_h01_near_container_h01_col_back', 'line_5_container_h01_near_container_h01_col_left', 'line_5_container_h01_near_container_h01_col_right']
Before grasp close gripper end targets: {'right': [7.349, 4.739, 1.2155], 'left': [7.349, 4.499, 1.2155]}
Before grasp close gripper end positions: {'right': [7.3588, 4.7375, 1.2411], 'left': [7.3603, 4.5002, 1.2418]}
Before grasp close gripper end deltas current-minus-target: {'right': [0.0098, -0.0015, 0.0256], 'left': [0.0113, 0.0012, 0.0263]}
Before grasp close gripper end distances: {'right': 0.02740103047080101, 'left': 0.028647493526928403}
Before grasp close fingerpad contact status: {'right': {'left_fingerpad': False, 'right_fingerpad': False}, 'left': {'left_fingerpad': False, 'right_fingerpad': False}}
Before grasp close fingerpad contact pairs: {'right': {'left_fingerpad': [], 'right_fingerpad': []}, 'left': {'left_fingerpad': [], 'right_fingerpad': []}}
Before grasp close grasp status: {'right': False, 'left': False}
After grasp close object collision geoms: ['line_5_container_h01_near_container_h01_col_bottom', 'line_5_container_h01_near_container_h01_col_front', 'line_5_container_h01_near_container_h01_col_back', 'line_5_container_h01_near_container_h01_col_left', 'line_5_container_h01_near_container_h01_col_right']
After grasp close gripper end targets: {'right': [7.349, 4.739, 1.2155], 'left': [7.349, 4.499, 1.2155]}
After grasp close gripper end positions: {'right': [7.3647, 4.7364, 1.231], 'left': [7.3659, 4.5002, 1.2326]}
After grasp close gripper end deltas current-minus-target: {'right': [0.0157, -0.0026, 0.0155], 'left': [0.0169, 0.0012, 0.0171]}
After grasp close gripper end distances: {'right': 0.022237560374417844, 'left': 0.024089105305208972}
After grasp close fingerpad contact status: {'right': {'left_fingerpad': True, 'right_fingerpad': True}, 'left': {'left_fingerpad': True, 'right_fingerpad': True}}
After grasp close fingerpad contact pairs: {'right': {'left_fingerpad': [('gripper0_right_left_fingerpad_collision', 'line_5_container_h01_near_container_h01_col_right')], 'right_fingerpad': [('gripper0_right_right_fingerpad_collision', 'line_5_container_h01_near_container_h01_col_right')]}, 'left': {'left_fingerpad': [('gripper0_left_left_fingerpad_collision', 'line_5_container_h01_near_container_h01_col_right')], 'right_fingerpad': [('gripper0_left_right_fingerpad_collision', 'line_5_container_h01_near_container_h01_col_right')]}}
After grasp close grasp status: {'right': True, 'left': True}
Result: success: both grippers grasped and held the object

Rollout 50/50
Target object: line_5_container_h01_near
Robot base xy at reset: (8.000000, 4.600000)
Tracking sites: {'right': 'line_5_container_h01_near_right_grasp_site', 'left': 'line_5_container_h01_near_left_grasp_site'}
Site positions: {'right': array([7.349 , 4.739 , 1.2505]), 'left': array([7.349 , 4.499 , 1.2505])}
Below-site grasp targets: {'right': array([7.349 , 4.739 , 1.2155]), 'left': array([7.349 , 4.499 , 1.2155])}
DataCollectionWrapper: making folder at /tmp/factory_sorting_grasp_raw_9i020761/ep_1786341894_2995083
gripper end center arrival distances before grasp: {'right': 0.02740103047080101, 'left': 0.028647493526928403}
Before grasp close object collision geoms: ['line_5_container_h01_near_container_h01_col_bottom', 'line_5_container_h01_near_container_h01_col_front', 'line_5_container_h01_near_container_h01_col_back', 'line_5_container_h01_near_container_h01_col_left', 'line_5_container_h01_near_container_h01_col_right']
Before grasp close gripper end targets: {'right': [7.349, 4.739, 1.2155], 'left': [7.349, 4.499, 1.2155]}
Before grasp close gripper end positions: {'right': [7.3588, 4.7375, 1.2411], 'left': [7.3603, 4.5002, 1.2418]}
Before grasp close gripper end deltas current-minus-target: {'right': [0.0098, -0.0015, 0.0256], 'left': [0.0113, 0.0012, 0.0263]}
Before grasp close gripper end distances: {'right': 0.02740103047080101, 'left': 0.028647493526928403}
Before grasp close fingerpad contact status: {'right': {'left_fingerpad': False, 'right_fingerpad': False}, 'left': {'left_fingerpad': False, 'right_fingerpad': False}}
Before grasp close fingerpad contact pairs: {'right': {'left_fingerpad': [], 'right_fingerpad': []}, 'left': {'left_fingerpad': [], 'right_fingerpad': []}}
Before grasp close grasp status: {'right': False, 'left': False}
After grasp close object collision geoms: ['line_5_container_h01_near_container_h01_col_bottom', 'line_5_container_h01_near_container_h01_col_front', 'line_5_container_h01_near_container_h01_col_back', 'line_5_container_h01_near_container_h01_col_left', 'line_5_container_h01_near_container_h01_col_right']
After grasp close gripper end targets: {'right': [7.349, 4.739, 1.2155], 'left': [7.349, 4.499, 1.2155]}
After grasp close gripper end positions: {'right': [7.3647, 4.7364, 1.231], 'left': [7.3659, 4.5002, 1.2326]}
After grasp close gripper end deltas current-minus-target: {'right': [0.0157, -0.0026, 0.0155], 'left': [0.0169, 0.0012, 0.0171]}
After grasp close gripper end distances: {'right': 0.022237560374417844, 'left': 0.024089105305208972}
After grasp close fingerpad contact status: {'right': {'left_fingerpad': True, 'right_fingerpad': True}, 'left': {'left_fingerpad': True, 'right_fingerpad': True}}
After grasp close fingerpad contact pairs: {'right': {'left_fingerpad': [('gripper0_right_left_fingerpad_collision', 'line_5_container_h01_near_container_h01_col_right')], 'right_fingerpad': [('gripper0_right_right_fingerpad_collision', 'line_5_container_h01_near_container_h01_col_right')]}, 'left': {'left_fingerpad': [('gripper0_left_left_fingerpad_collision', 'line_5_container_h01_near_container_h01_col_right')], 'right_fingerpad': [('gripper0_left_right_fingerpad_collision', 'line_5_container_h01_near_container_h01_col_right')]}}
After grasp close grasp status: {'right': True, 'left': True}
Result: success: both grippers grasped and held the object

Attempts: 50, successes: 50, saved demos: 50
HDF5 saved to: /mnt/workspace/JCIIOT2026/JCIIOT/robosuite/robosuite/models/assets/demonstrations_private/202608101251/grasp_l1_202608101251.hdf5
Raw trajectory directory: /tmp/factory_sorting_grasp_raw_9i020761
EXIT_L1_FULL=0
