/mnt/workspace/JCIIOT2026/JCIIOT/robosuite/robosuite/__init__.py:49: SyntaxWarning: invalid escape sequence '\ '
  /[_]\  [~]\/    |//  |
[robosuite WARNING] No private macro file found! (macros.py:57)
[robosuite WARNING] It is recommended to use a private macro file (macros.py:58)
[robosuite WARNING] To setup, run: python /mnt/workspace/JCIIOT2026/JCIIOT/robosuite/robosuite/scripts/setup_macros.py (macros.py:59)
[robosuite WARNING] Could not import robosuite_models. Some robots may not be available. If you want to use these robots, please install robosuite_models from source (https://github.com/ARISE-Initiative/robosuite_models) or through pip install. (__init__.py:31)
[robosuite WARNING] Could not load the mink-based whole-body IK. Make sure you install related import properly (e.g. pip install mink==0.0.5), otherwise you will not be able to use the default IK controller setting for GR1 robot. (__init__.py:41)
[robosuite INFO] Loading controller configuration from: /mnt/workspace/JCIIOT2026/JCIIOT/robosuite/robosuite/controllers/config/robots/default_tiago.json (composite_controller_factory.py:121)
[robosuite INFO] Loading controller configuration from: /mnt/workspace/JCIIOT2026/JCIIOT/robosuite/robosuite/controllers/config/robots/default_tiago.json (composite_controller_factory.py:121)
[robosuite INFO] Loading controller configuration from: /mnt/workspace/JCIIOT2026/JCIIOT/robosuite/robosuite/controllers/config/robots/default_tiago.json (composite_controller_factory.py:121)
[robosuite INFO] Loading controller configuration from: /mnt/workspace/JCIIOT2026/JCIIOT/robosuite/robosuite/controllers/config/robots/default_tiago.json (composite_controller_factory.py:121)

============= Initialized Observation Utils with Obs Spec =============

using obs modality: low_dim with keys: ['robot0_right_gripper_qpos', 'robot0_left_gripper_qpos', 'robot0_right_eef_pos', 'robot0_right_eef_quat', 'robot0_left_eef_quat', 'robot0_left_eef_pos']
using obs modality: rgb with keys: []
using obs modality: depth with keys: []
using obs modality: scan with keys: []
Loaded robomimic checkpoint: /mnt/workspace/JCIIOT2026/JCIIOT/robosuite/robosuite/model_epoch_150.pth
Evaluation device: cuda:0
[BACKEND v4] grasp_object_physics called
[robosuite INFO] Loading controller configuration from: /mnt/workspace/JCIIOT2026/JCIIOT/robosuite/robosuite/controllers/config/robots/default_tiago.json (composite_controller_factory.py:121)
Evaluation factory scene: FactorySorting3_3FO3ERRPH7X9
[BC_INPUT] robot_base_pos=(13.010629,3.923647,0.000000)
[BC_INPUT] robot_base_ori=[0.000000,0.000000,-3.139453] (yaw=-0.9993*pi)
[BC_INPUT] actual_base_pose=(13.010629,3.923647) yaw=-3.139453
[BC_INPUT] object_name=green_tote_b01_upper
[BC_INPUT] torso_lift=0.3500
[BC_INPUT] arm_right_1=0.7426
[BC_INPUT] arm_right_3=2.1378
[BC_INPUT] arm_right_4=2.1057
[BC_INPUT] gripper_r=0.0120
[BC_INPUT] scene=FactorySorting3_3FO3ERRPH7X9
[BC_INPUT] object green_tote_b01_lower: pos=(11.8676,3.1954,1.2000)
[BC_INPUT] object green_tote_b01_upper: pos=(11.8676,4.6249,1.2000)
Target object: green_tote_b01_upper
Robot base xy at reset: (13.010629, 3.923647)
Tracking sites: {'right': 'green_tote_b01_upper_right_grasp_site', 'left': 'green_tote_b01_upper_left_grasp_site'}
Below-site grasp targets: {'right': array([ 0.165, -0.215,  0.165]), 'left': array([-0.165, -0.215,  0.165])}
wrapped_env_grasp_start_pose: x=13.010629, y=3.923647, yaw=-3.139453
Executing scripted grasp policy (deterministic OSC waypoint servo)
[SCRIPTED] site_positions (world): {'right': 'green_tote_b01_upper_right_grasp_site', 'left': 'green_tote_b01_upper_left_grasp_site'}
[SCRIPTED] right site world pos: [12.032624   4.409856   1.3999995], below_target: [12.032624   4.409856   1.3649995]
[SCRIPTED] left site world pos: [11.702624   4.409856   1.3999995], below_target: [11.702624   4.409856   1.3649995]
[SCRIPTED] eef starts: right=[12.64202483  4.19160377  1.1359892 ], left=[12.62669306  3.7379133   1.1086439 ]
[SCRIPTED] WARNING: large y offset (0.672m), disabling contact rejection
[SCRIPTED] Phase 1: safe vertical lift (60 steps, safe_z=1.550)
[SCRIPTED] Phase 2: XY approach (120 steps)
After same-env wrapped policy execution object collision geoms: ['green_tote_b01_upper_tote_b01_col_bottom', 'green_tote_b01_upper_tote_b01_col_front', 'green_tote_b01_upper_tote_b01_col_back', 'green_tote_b01_upper_tote_b01_col_left', 'green_tote_b01_upper_tote_b01_col_right']
After same-env wrapped policy execution gripper end targets: {'right': [12.0326, 4.4099, 1.365], 'left': [11.7026, 4.4099, 1.365]}
After same-env wrapped policy execution gripper end positions: {'right': [12.0756, 4.1656, 1.446], 'left': [12.2853, 3.6679, 0.9737]}
After same-env wrapped policy execution gripper end deltas current-minus-target: {'right': [0.043, -0.2443, 0.081], 'left': [0.5827, -0.7419, -0.3913]}
After same-env wrapped policy execution gripper end distances: {'right': 0.2609466651334349, 'left': 1.0213238786089118}
After same-env wrapped policy execution fingerpad contact status: {'right': {'left_fingerpad': False, 'right_fingerpad': False}, 'left': {'left_fingerpad': False, 'right_fingerpad': False}}
After same-env wrapped policy execution fingerpad contact pairs: {'right': {'left_fingerpad': [], 'right_fingerpad': []}, 'left': {'left_fingerpad': [], 'right_fingerpad': []}}
After same-env wrapped policy execution grasp status: {'right': False, 'left': False}
Scripted grasp total_steps=180
Same-env wrapped grasp success: False
Scripted grasp failure: XY approach target tolerance failed after settle: {'right': 0.2660241880275814, 'left': 1.1056896092600652}
lift_initial_grasp_status: {'right': False, 'left': False}
[BACKEND] grasp pipeline failed, skipping transport attachment: grasp_success=False, lift_success=False, lift_failure=object is not grasped by both grippers: {'right': False, 'left': False}
Step 1 (pick_up): all 1 attempts failed
Step 2 (pick_up) failed: Physics grasp FAIL: input_6
Step 2 failed softly, continuing after pick_up failure
judge_collision_detected:
robot_base_x: 12.818825
robot_base_y: 4.573345
robot_base_yaw: -3.139258
robot_geom: gripper0_left_right_fingertip_collision
proxy_geom: scene_aabb_proxy_input_6
judge_collision_detected:
robot_base_x: 12.829781
robot_base_y: 4.529700
robot_base_yaw: -3.139318
robot_geom: gripper0_left_right_fingertip_collision
proxy_geom: scene_aabb_proxy_input_6
judge_collision_detected:
robot_base_x: 12.835259
robot_base_y: 4.507878
robot_base_yaw: -3.139344
robot_geom: gripper0_left_right_fingertip_collision
proxy_geom: scene_aabb_proxy_input_6
judge_collision_detected:
robot_base_x: 12.840736
robot_base_y: 4.486055
robot_base_yaw: -3.139369
robot_geom: gripper0_left_right_fingertip_collision
proxy_geom: scene_aabb_proxy_input_6
judge_collision_detected:
robot_base_x: 12.846214
robot_base_y: 4.464233
robot_base_yaw: -3.139393
robot_geom: gripper0_left_right_fingertip_collision
proxy_geom: scene_aabb_proxy_input_6
judge_collision_detected:
robot_base_x: 12.851692
robot_base_y: 4.442410
robot_base_yaw: -3.139417
robot_geom: gripper0_left_right_fingertip_collision
proxy_geom: scene_aabb_proxy_input_6
judge_collision_detected:
robot_base_x: 12.857170
robot_base_y: 4.420588
robot_base_yaw: -3.139440
robot_geom: gripper0_left_right_fingertip_collision
proxy_geom: scene_aabb_proxy_input_6
judge_collision_detected:
robot_base_x: 12.862648
robot_base_y: 4.398765
robot_base_yaw: -3.139461
robot_geom: gripper0_left_right_fingertip_collision
proxy_geom: scene_aabb_proxy_input_6
judge_collision_detected:
robot_base_x: 12.868126
robot_base_y: 4.376942
robot_base_yaw: -3.139482
robot_geom: gripper0_left_right_fingertip_collision
proxy_geom: scene_aabb_proxy_input_6
judge_collision_detected:
robot_base_x: 12.873604
robot_base_y: 4.355120
robot_base_yaw: -3.139502
robot_geom: gripper0_left_right_fingertip_collision
proxy_geom: scene_aabb_proxy_input_6
judge_collision_detected:
robot_base_x: 12.879082
robot_base_y: 4.333297
robot_base_yaw: -3.139519
robot_geom: gripper0_left_right_fingertip_collision
proxy_geom: scene_aabb_proxy_input_6
judge_collision_detected:
robot_base_x: 12.884560
robot_base_y: 4.311475
robot_base_yaw: -3.139539
robot_geom: gripper0_left_right_fingertip_collision
proxy_geom: scene_aabb_proxy_input_6
judge_collision_detected:
robot_base_x: 12.890038
robot_base_y: 4.289653
robot_base_yaw: -3.139558
robot_geom: gripper0_left_right_fingertip_collision
proxy_geom: scene_aabb_proxy_input_6
judge_collision_detected:
robot_base_x: 12.895518
robot_base_y: 4.267832
robot_base_yaw: -3.139577
robot_geom: gripper0_left_right_fingertip_collision
proxy_geom: scene_aabb_proxy_input_6
judge_collision_detected:
robot_base_x: 12.895757
robot_base_y: 4.245333
robot_base_yaw: -3.139601
robot_geom: gripper0_left_right_fingertip_collision
proxy_geom: scene_aabb_proxy_input_6
judge_collision_detected:
robot_base_x: 12.895996
robot_base_y: 4.222835
robot_base_yaw: -3.139627
robot_geom: gripper0_left_right_fingertip_collision
proxy_geom: scene_aabb_proxy_input_6
judge_collision_detected:
robot_base_x: 12.896235
robot_base_y: 4.200337
robot_base_yaw: -3.139651
robot_geom: gripper0_left_right_fingertip_collision
proxy_geom: scene_aabb_proxy_input_6
judge_collision_detected:
robot_base_x: 12.896477
robot_base_y: 4.177838
robot_base_yaw: -3.139678
robot_geom: gripper0_left_right_fingertip_collision
proxy_geom: scene_aabb_proxy_input_6
judge_collision_detected:
robot_base_x: 12.896718
robot_base_y: 4.155339
robot_base_yaw: -3.139708
robot_geom: gripper0_left_right_fingertip_collision
proxy_geom: scene_aabb_proxy_input_6
judge_collision_detected:
robot_base_x: 12.896957
robot_base_y: 4.132841
robot_base_yaw: -3.139731
robot_geom: gripper0_left_right_fingertip_collision
proxy_geom: scene_aabb_proxy_input_6
judge_collision_detected:
robot_base_x: 12.897196
robot_base_y: 4.110343
robot_base_yaw: -3.139754
robot_geom: gripper0_left_right_fingertip_collision
proxy_geom: scene_aabb_proxy_input_6
judge_collision_detected:
robot_base_x: 12.897436
robot_base_y: 4.087845
robot_base_yaw: -3.139777
robot_geom: gripper0_left_right_fingertip_collision
proxy_geom: scene_aabb_proxy_input_6
judge_collision_detected:
robot_base_x: 12.897676
robot_base_y: 4.065347
robot_base_yaw: -3.139800
robot_geom: gripper0_left_right_fingertip_collision
proxy_geom: scene_aabb_proxy_input_6
judge_collision_detected:
robot_base_x: 12.897916
robot_base_y: 4.042849
robot_base_yaw: -3.139823
robot_geom: gripper0_left_right_fingertip_collision
proxy_geom: scene_aabb_proxy_input_6
judge_collision_detected:
robot_base_x: 12.898156
robot_base_y: 4.020351
robot_base_yaw: -3.139846
robot_geom: gripper0_left_right_fingertip_collision
proxy_geom: scene_aabb_proxy_input_6
judge_collision_detected:
robot_base_x: 12.898397
robot_base_y: 3.997853
robot_base_yaw: -3.139869
robot_geom: gripper0_left_right_fingertip_collision
proxy_geom: scene_aabb_proxy_input_6
judge_collision_detected:
robot_base_x: 12.898638
robot_base_y: 3.975355
robot_base_yaw: -3.139892
robot_geom: gripper0_left_right_fingertip_collision
proxy_geom: scene_aabb_proxy_input_6
judge_collision_detected:
robot_base_x: 12.898880
robot_base_y: 3.952856
robot_base_yaw: -3.139915
robot_geom: gripper0_left_right_fingertip_collision
proxy_geom: scene_aabb_proxy_input_6
judge_collision_detected:
robot_base_x: 12.899122
robot_base_y: 3.930358
robot_base_yaw: -3.139938
robot_geom: gripper0_left_right_fingertip_collision
proxy_geom: scene_aabb_proxy_input_6
judge_collision_detected:
robot_base_x: 12.899365
robot_base_y: 3.907860
robot_base_yaw: -3.139961
robot_geom: gripper0_left_right_fingertip_collision
proxy_geom: scene_aabb_proxy_input_6
judge_collision_detected:
robot_base_x: 12.899609
robot_base_y: 3.885362
robot_base_yaw: -3.139984
robot_geom: gripper0_left_right_fingertip_collision
proxy_geom: scene_aabb_proxy_input_6
judge_collision_detected:
robot_base_x: 12.899855
robot_base_y: 3.862864
robot_base_yaw: -3.140007
robot_geom: gripper0_left_right_fingertip_collision
proxy_geom: scene_aabb_proxy_input_6
judge_collision_detected:
robot_base_x: 12.899860
robot_base_y: 3.840365
robot_base_yaw: -3.140030
robot_geom: gripper0_left_right_fingertip_collision
proxy_geom: scene_aabb_proxy_input_6
judge_collision_detected:
robot_base_x: 12.899866
robot_base_y: 3.817865
robot_base_yaw: -3.140053
robot_geom: gripper0_left_right_fingertip_collision
proxy_geom: scene_aabb_proxy_input_6
judge_collision_detected:
robot_base_x: 12.899871
robot_base_y: 3.795366
robot_base_yaw: -3.140076
robot_geom: gripper0_left_right_fingertip_collision
proxy_geom: scene_aabb_proxy_input_6
collision_detected:
  robot_geom=gripper0_right_right_inner_finger_collision, other_geom=scene_aabb_proxy_line_6_center_machine_module
  robot_geom=gripper0_right_right_fingertip_collision, other_geom=scene_aabb_proxy_line_6_center_machine_module
  robot_geom=gripper0_right_right_fingertip_collision, other_geom=scene_aabb_proxy_line_6_center_machine_module
  robot_geom=gripper0_right_right_fingertip_collision, other_geom=scene_aabb_proxy_line_6_center_machine_module
judge_collision_detected:
robot_base_x: 12.652512
robot_base_y: 2.412376
robot_base_yaw: -3.140592
robot_geom: gripper0_right_right_fingerpad_collision
proxy_geom: scene_aabb_proxy_line_6_center_machine_module
judge_collision_detected:
robot_base_x: 12.652512
robot_base_y: 2.412376
robot_base_yaw: -3.140592
robot_geom: gripper0_right_right_fingertip_collision
proxy_geom: scene_aabb_proxy_line_6_center_machine_module
judge_collision_detected:
robot_base_x: 12.652512
robot_base_y: 2.412376
robot_base_yaw: -3.140592
robot_geom: gripper0_right_right_inner_finger_collision
proxy_geom: scene_aabb_proxy_line_6_center_machine_module
collision_detected:
  robot_geom=gripper0_right_right_inner_finger_collision, other_geom=scene_aabb_proxy_line_6_center_machine_module
judge_collision_detected:
robot_base_x: 12.651620
robot_base_y: 2.389887
robot_base_yaw: -3.140547
robot_geom: gripper0_right_right_fingertip_collision
proxy_geom: scene_aabb_proxy_line_6_center_machine_module
collision_detected:
  robot_geom=gripper0_right_right_inner_finger_collision, other_geom=scene_aabb_proxy_line_6_center_machine_module
  robot_geom=gripper0_right_right_fingertip_collision, other_geom=scene_aabb_proxy_line_6_center_machine_module
  robot_geom=gripper0_right_right_fingertip_collision, other_geom=scene_aabb_proxy_line_6_center_machine_module
  robot_geom=gripper0_right_right_fingertip_collision, other_geom=scene_aabb_proxy_line_6_center_machine_module
  robot_geom=gripper0_right_right_fingertip_collision, other_geom=scene_aabb_proxy_line_6_center_machine_module
  robot_geom=gripper0_right_right_fingerpad_collision, other_geom=scene_aabb_proxy_line_6_center_machine_module
  robot_geom=gripper0_right_right_fingerpad_collision, other_geom=scene_aabb_proxy_line_6_center_machine_module
judge_collision_detected:
robot_base_x: 12.650722
robot_base_y: 2.367396
robot_base_yaw: -3.140483
robot_geom: gripper0_right_right_fingertip_collision
proxy_geom: scene_aabb_proxy_line_6_center_machine_module
collision_detected:
  robot_geom=gripper0_right_right_inner_finger_collision, other_geom=scene_aabb_proxy_line_6_center_machine_module
  robot_geom=gripper0_right_right_fingertip_collision, other_geom=scene_aabb_proxy_line_6_center_machine_module
  robot_geom=gripper0_right_right_fingertip_collision, other_geom=scene_aabb_proxy_line_6_center_machine_module
  robot_geom=gripper0_right_right_fingertip_collision, other_geom=scene_aabb_proxy_line_6_center_machine_module
  robot_geom=gripper0_right_right_fingertip_collision, other_geom=scene_aabb_proxy_line_6_center_machine_module
  robot_geom=gripper0_right_right_fingerpad_collision, other_geom=scene_aabb_proxy_line_6_center_machine_module
  robot_geom=gripper0_right_right_fingerpad_collision, other_geom=scene_aabb_proxy_line_6_center_machine_module
  robot_geom=gripper0_right_right_fingerpad_collision, other_geom=scene_aabb_proxy_line_6_center_machine_module
  ... 1 more contact pairs
judge_collision_detected:
robot_base_x: 12.650698
robot_base_y: 2.344887
robot_base_yaw: -3.140419
robot_geom: gripper0_right_left_fingerpad_collision
proxy_geom: scene_aabb_proxy_line_6_center_machine_module
judge_collision_detected:
robot_base_x: 12.650698
robot_base_y: 2.344887
robot_base_yaw: -3.140419
robot_geom: gripper0_right_right_fingertip_collision
proxy_geom: scene_aabb_proxy_line_6_center_machine_module
collision_detected:
  robot_geom=gripper0_right_right_inner_finger_collision, other_geom=scene_aabb_proxy_line_6_center_machine_module
  robot_geom=gripper0_right_right_fingertip_collision, other_geom=scene_aabb_proxy_line_6_center_machine_module
  robot_geom=gripper0_right_right_fingertip_collision, other_geom=scene_aabb_proxy_line_6_center_machine_module
  robot_geom=gripper0_right_right_fingertip_collision, other_geom=scene_aabb_proxy_line_6_center_machine_module
  robot_geom=gripper0_right_right_fingertip_collision, other_geom=scene_aabb_proxy_line_6_center_machine_module
  robot_geom=gripper0_right_right_fingerpad_collision, other_geom=scene_aabb_proxy_line_6_center_machine_module
  robot_geom=gripper0_right_right_fingerpad_collision, other_geom=scene_aabb_proxy_line_6_center_machine_module
  robot_geom=gripper0_right_right_fingerpad_collision, other_geom=scene_aabb_proxy_line_6_center_machine_module
  ... 1 more contact pairs
judge_collision_detected:
robot_base_x: 12.650674
robot_base_y: 2.322380
robot_base_yaw: -3.140381
robot_geom: gripper0_right_left_fingerpad_collision
proxy_geom: scene_aabb_proxy_line_6_center_machine_module
judge_collision_detected:
robot_base_x: 12.650674
robot_base_y: 2.322380
robot_base_yaw: -3.140381
robot_geom: gripper0_right_right_fingertip_collision
proxy_geom: scene_aabb_proxy_line_6_center_machine_module
collision_detected:
  robot_geom=gripper0_right_right_inner_finger_collision, other_geom=scene_aabb_proxy_line_6_center_machine_module
  robot_geom=gripper0_right_right_fingertip_collision, other_geom=scene_aabb_proxy_line_6_center_machine_module
  robot_geom=gripper0_right_right_fingertip_collision, other_geom=scene_aabb_proxy_line_6_center_machine_module
  robot_geom=gripper0_right_right_fingertip_collision, other_geom=scene_aabb_proxy_line_6_center_machine_module
  robot_geom=gripper0_right_right_fingertip_collision, other_geom=scene_aabb_proxy_line_6_center_machine_module
  robot_geom=gripper0_right_right_fingerpad_collision, other_geom=scene_aabb_proxy_line_6_center_machine_module
  robot_geom=gripper0_right_right_fingerpad_collision, other_geom=scene_aabb_proxy_line_6_center_machine_module
  robot_geom=gripper0_right_right_fingerpad_collision, other_geom=scene_aabb_proxy_line_6_center_machine_module
  ... 1 more contact pairs
judge_collision_detected:
robot_base_x: 12.650650
robot_base_y: 2.299875
robot_base_yaw: -3.140380
robot_geom: gripper0_right_left_fingerpad_collision
proxy_geom: scene_aabb_proxy_line_6_center_machine_module
judge_collision_detected:
robot_base_x: 12.650650
robot_base_y: 2.299875
robot_base_yaw: -3.140380
robot_geom: gripper0_right_left_fingertip_collision
proxy_geom: scene_aabb_proxy_line_6_center_machine_module
judge_collision_detected:
robot_base_x: 12.650650
robot_base_y: 2.299875
robot_base_yaw: -3.140380
robot_geom: gripper0_right_right_fingertip_collision
proxy_geom: scene_aabb_proxy_line_6_center_machine_module
collision_detected:
  robot_geom=gripper0_right_left_fingertip_collision, other_geom=scene_aabb_proxy_line_6_center_machine_module
  robot_geom=gripper0_right_left_fingertip_collision, other_geom=scene_aabb_proxy_line_6_center_machine_module
  robot_geom=gripper0_right_left_fingerpad_collision, other_geom=scene_aabb_proxy_line_6_center_machine_module
  robot_geom=gripper0_right_right_inner_finger_collision, other_geom=scene_aabb_proxy_line_6_center_machine_module
  robot_geom=gripper0_right_right_fingertip_collision, other_geom=scene_aabb_proxy_line_6_center_machine_module
  robot_geom=gripper0_right_right_fingertip_collision, other_geom=scene_aabb_proxy_line_6_center_machine_module
  robot_geom=gripper0_right_right_fingertip_collision, other_geom=scene_aabb_proxy_line_6_center_machine_module
  robot_geom=gripper0_right_right_fingertip_collision, other_geom=scene_aabb_proxy_line_6_center_machine_module
  ... 4 more contact pairs
judge_collision_detected:
robot_base_x: 12.650628
robot_base_y: 2.277370
robot_base_yaw: -3.140377
robot_geom: gripper0_right_left_inner_finger_collision
proxy_geom: scene_aabb_proxy_line_6_center_machine_module
judge_collision_detected:
robot_base_x: 12.650628
robot_base_y: 2.277370
robot_base_yaw: -3.140377
robot_geom: gripper0_right_right_fingertip_collision
proxy_geom: scene_aabb_proxy_line_6_center_machine_module
collision_detected:
  robot_geom=gripper0_right_left_inner_finger_collision, other_geom=scene_aabb_proxy_line_6_center_machine_module
  robot_geom=gripper0_right_right_inner_finger_collision, other_geom=scene_aabb_proxy_line_6_center_machine_module
  robot_geom=gripper0_right_right_fingertip_collision, other_geom=scene_aabb_proxy_line_6_center_machine_module
  robot_geom=gripper0_right_right_fingertip_collision, other_geom=scene_aabb_proxy_line_6_center_machine_module
  robot_geom=gripper0_right_right_fingertip_collision, other_geom=scene_aabb_proxy_line_6_center_machine_module
  robot_geom=gripper0_right_right_fingertip_collision, other_geom=scene_aabb_proxy_line_6_center_machine_module
  robot_geom=gripper0_right_right_fingerpad_collision, other_geom=scene_aabb_proxy_line_6_center_machine_module
  robot_geom=gripper0_right_right_fingerpad_collision, other_geom=scene_aabb_proxy_line_6_center_machine_module
  ... 2 more contact pairs
judge_collision_detected:
robot_base_x: 12.650615
robot_base_y: 2.254869
robot_base_yaw: -3.140476
robot_geom: gripper0_right_left_fingerpad_collision
proxy_geom: scene_aabb_proxy_line_6_center_machine_module
judge_collision_detected:
robot_base_x: 12.650615
robot_base_y: 2.254869
robot_base_yaw: -3.140476
robot_geom: gripper0_right_left_fingertip_collision
proxy_geom: scene_aabb_proxy_line_6_center_machine_module
judge_collision_detected:
robot_base_x: 12.650615
robot_base_y: 2.254869
robot_base_yaw: -3.140476
robot_geom: gripper0_right_right_fingertip_collision
proxy_geom: scene_aabb_proxy_line_6_center_machine_module
collision_detected:
  robot_geom=gripper0_right_left_inner_finger_collision, other_geom=scene_aabb_proxy_line_6_center_machine_module
  robot_geom=gripper0_right_left_fingertip_collision, other_geom=scene_aabb_proxy_line_6_center_machine_module
  robot_geom=gripper0_right_left_fingertip_collision, other_geom=scene_aabb_proxy_line_6_center_machine_module
  robot_geom=gripper0_right_left_fingertip_collision, other_geom=scene_aabb_proxy_line_6_center_machine_module
  robot_geom=gripper0_right_left_fingertip_collision, other_geom=scene_aabb_proxy_line_6_center_machine_module
  robot_geom=gripper0_right_left_fingerpad_collision, other_geom=scene_aabb_proxy_line_6_center_machine_module
  robot_geom=gripper0_right_left_fingerpad_collision, other_geom=scene_aabb_proxy_line_6_center_machine_module
  robot_geom=gripper0_right_left_fingerpad_collision, other_geom=scene_aabb_proxy_line_6_center_machine_module
  ... 10 more contact pairs
judge_collision_detected:
robot_base_x: 12.650604
robot_base_y: 2.232370
robot_base_yaw: -3.140597
robot_geom: gripper0_right_left_fingerpad_collision
proxy_geom: scene_aabb_proxy_line_6_center_machine_module
judge_collision_detected:
robot_base_x: 12.650604
robot_base_y: 2.232370
robot_base_yaw: -3.140597
robot_geom: gripper0_right_left_fingertip_collision
proxy_geom: scene_aabb_proxy_line_6_center_machine_module
judge_collision_detected:
robot_base_x: 12.650604
robot_base_y: 2.232370
robot_base_yaw: -3.140597
robot_geom: gripper0_right_right_fingertip_collision
proxy_geom: scene_aabb_proxy_line_6_center_machine_module
collision_detected:
  robot_geom=gripper0_right_left_inner_finger_collision, other_geom=scene_aabb_proxy_line_6_center_machine_module
  robot_geom=gripper0_right_left_fingertip_collision, other_geom=scene_aabb_proxy_line_6_center_machine_module
  robot_geom=gripper0_right_left_fingertip_collision, other_geom=scene_aabb_proxy_line_6_center_machine_module
  robot_geom=gripper0_right_left_fingertip_collision, other_geom=scene_aabb_proxy_line_6_center_machine_module
  robot_geom=gripper0_right_left_fingertip_collision, other_geom=scene_aabb_proxy_line_6_center_machine_module
  robot_geom=gripper0_right_left_fingerpad_collision, other_geom=scene_aabb_proxy_line_6_center_machine_module
  robot_geom=gripper0_right_left_fingerpad_collision, other_geom=scene_aabb_proxy_line_6_center_machine_module
  robot_geom=gripper0_right_left_fingerpad_collision, other_geom=scene_aabb_proxy_line_6_center_machine_module
  ... 10 more contact pairs
judge_collision_detected:
robot_base_x: 12.650590
robot_base_y: 2.209870
robot_base_yaw: -3.140718
robot_geom: gripper0_right_left_fingerpad_collision
proxy_geom: scene_aabb_proxy_line_6_center_machine_module
judge_collision_detected:
robot_base_x: 12.650590
robot_base_y: 2.209870
robot_base_yaw: -3.140718
robot_geom: gripper0_right_left_fingertip_collision
proxy_geom: scene_aabb_proxy_line_6_center_machine_module
judge_collision_detected:
robot_base_x: 12.650590
robot_base_y: 2.209870
robot_base_yaw: -3.140718
robot_geom: gripper0_right_right_fingertip_collision
proxy_geom: scene_aabb_proxy_line_6_center_machine_module
collision_detected:
  robot_geom=gripper0_right_left_inner_finger_collision, other_geom=scene_aabb_proxy_line_6_center_machine_module
  robot_geom=gripper0_right_left_fingertip_collision, other_geom=scene_aabb_proxy_line_6_center_machine_module
  robot_geom=gripper0_right_left_fingertip_collision, other_geom=scene_aabb_proxy_line_6_center_machine_module
  robot_geom=gripper0_right_left_fingertip_collision, other_geom=scene_aabb_proxy_line_6_center_machine_module
  robot_geom=gripper0_right_left_fingertip_collision, other_geom=scene_aabb_proxy_line_6_center_machine_module
  robot_geom=gripper0_right_left_fingerpad_collision, other_geom=scene_aabb_proxy_line_6_center_machine_module
  robot_geom=gripper0_right_left_fingerpad_collision, other_geom=scene_aabb_proxy_line_6_center_machine_module
  robot_geom=gripper0_right_left_fingerpad_collision, other_geom=scene_aabb_proxy_line_6_center_machine_module
  ... 10 more contact pairs
judge_collision_detected:
robot_base_x: 12.650573
robot_base_y: 2.187370
robot_base_yaw: -3.140837
robot_geom: gripper0_right_left_fingerpad_collision
proxy_geom: scene_aabb_proxy_line_6_center_machine_module
judge_collision_detected:
robot_base_x: 12.650573
robot_base_y: 2.187370
robot_base_yaw: -3.140837
robot_geom: gripper0_right_left_fingertip_collision
proxy_geom: scene_aabb_proxy_line_6_center_machine_module
judge_collision_detected:
robot_base_x: 12.650573
robot_base_y: 2.187370
robot_base_yaw: -3.140837
robot_geom: gripper0_right_right_fingertip_collision
proxy_geom: scene_aabb_proxy_line_6_center_machine_module
collision_detected:
  robot_geom=gripper0_right_left_inner_finger_collision, other_geom=scene_aabb_proxy_line_6_center_machine_module
  robot_geom=gripper0_right_left_fingertip_collision, other_geom=scene_aabb_proxy_line_6_center_machine_module
  robot_geom=gripper0_right_left_fingertip_collision, other_geom=scene_aabb_proxy_line_6_center_machine_module
  robot_geom=gripper0_right_left_fingertip_collision, other_geom=scene_aabb_proxy_line_6_center_machine_module
  robot_geom=gripper0_right_left_fingertip_collision, other_geom=scene_aabb_proxy_line_6_center_machine_module
  robot_geom=gripper0_right_left_fingerpad_collision, other_geom=scene_aabb_proxy_line_6_center_machine_module
  robot_geom=gripper0_right_left_fingerpad_collision, other_geom=scene_aabb_proxy_line_6_center_machine_module
  robot_geom=gripper0_right_left_fingerpad_collision, other_geom=scene_aabb_proxy_line_6_center_machine_module
  ... 10 more contact pairs
judge_collision_detected:
robot_base_x: 12.650553
robot_base_y: 2.164870
robot_base_yaw: -3.140958
robot_geom: gripper0_right_left_fingerpad_collision
proxy_geom: scene_aabb_proxy_line_6_center_machine_module
judge_collision_detected:
robot_base_x: 12.650553
robot_base_y: 2.164870
robot_base_yaw: -3.140958
robot_geom: gripper0_right_left_fingertip_collision
proxy_geom: scene_aabb_proxy_line_6_center_machine_module
judge_collision_detected:
robot_base_x: 12.650553
robot_base_y: 2.164870
robot_base_yaw: -3.140958
robot_geom: gripper0_right_right_fingertip_collision
proxy_geom: scene_aabb_proxy_line_6_center_machine_module
collision_detected:
  robot_geom=gripper0_right_left_inner_finger_collision, other_geom=scene_aabb_proxy_line_6_center_machine_module
  robot_geom=gripper0_right_left_fingertip_collision, other_geom=scene_aabb_proxy_line_6_center_machine_module
  robot_geom=gripper0_right_left_fingertip_collision, other_geom=scene_aabb_proxy_line_6_center_machine_module
  robot_geom=gripper0_right_left_fingertip_collision, other_geom=scene_aabb_proxy_line_6_center_machine_module
  robot_geom=gripper0_right_left_fingertip_collision, other_geom=scene_aabb_proxy_line_6_center_machine_module
  robot_geom=gripper0_right_left_fingerpad_collision, other_geom=scene_aabb_proxy_line_6_center_machine_module
  robot_geom=gripper0_right_left_fingerpad_collision, other_geom=scene_aabb_proxy_line_6_center_machine_module
  robot_geom=gripper0_right_left_fingerpad_collision, other_geom=scene_aabb_proxy_line_6_center_machine_module
  ... 10 more contact pairs
judge_collision_detected:
robot_base_x: 12.650529
robot_base_y: 2.142371
robot_base_yaw: -3.141078
robot_geom: gripper0_right_left_fingerpad_collision
proxy_geom: scene_aabb_proxy_line_6_center_machine_module
judge_collision_detected:
robot_base_x: 12.650529
robot_base_y: 2.142371
robot_base_yaw: -3.141078
robot_geom: gripper0_right_left_fingertip_collision
proxy_geom: scene_aabb_proxy_line_6_center_machine_module
judge_collision_detected:
robot_base_x: 12.650529
robot_base_y: 2.142371
robot_base_yaw: -3.141078
robot_geom: gripper0_right_right_fingertip_collision
proxy_geom: scene_aabb_proxy_line_6_center_machine_module
collision_detected:
  robot_geom=gripper0_right_left_inner_finger_collision, other_geom=scene_aabb_proxy_line_6_center_machine_module
  robot_geom=gripper0_right_left_fingertip_collision, other_geom=scene_aabb_proxy_line_6_center_machine_module
  robot_geom=gripper0_right_left_fingertip_collision, other_geom=scene_aabb_proxy_line_6_center_machine_module
  robot_geom=gripper0_right_left_fingertip_collision, other_geom=scene_aabb_proxy_line_6_center_machine_module
  robot_geom=gripper0_right_left_fingertip_collision, other_geom=scene_aabb_proxy_line_6_center_machine_module
  robot_geom=gripper0_right_left_fingerpad_collision, other_geom=scene_aabb_proxy_line_6_center_machine_module
  robot_geom=gripper0_right_left_fingerpad_collision, other_geom=scene_aabb_proxy_line_6_center_machine_module
  robot_geom=gripper0_right_left_fingerpad_collision, other_geom=scene_aabb_proxy_line_6_center_machine_module
  ... 10 more contact pairs
judge_collision_detected:
robot_base_x: 12.650501
robot_base_y: 2.119871
robot_base_yaw: -3.141197
robot_geom: gripper0_right_left_fingerpad_collision
proxy_geom: scene_aabb_proxy_line_6_center_machine_module
judge_collision_detected:
robot_base_x: 12.650501
robot_base_y: 2.119871
robot_base_yaw: -3.141197
robot_geom: gripper0_right_left_fingertip_collision
proxy_geom: scene_aabb_proxy_line_6_center_machine_module
judge_collision_detected:
robot_base_x: 12.650501
robot_base_y: 2.119871
robot_base_yaw: -3.141197
robot_geom: gripper0_right_right_fingertip_collision
proxy_geom: scene_aabb_proxy_line_6_center_machine_module
collision_detected:
  robot_geom=gripper0_right_left_inner_finger_collision, other_geom=scene_aabb_proxy_line_6_center_machine_module
  robot_geom=gripper0_right_left_fingertip_collision, other_geom=scene_aabb_proxy_line_6_center_machine_module
  robot_geom=gripper0_right_left_fingertip_collision, other_geom=scene_aabb_proxy_line_6_center_machine_module
  robot_geom=gripper0_right_left_fingertip_collision, other_geom=scene_aabb_proxy_line_6_center_machine_module
  robot_geom=gripper0_right_left_fingertip_collision, other_geom=scene_aabb_proxy_line_6_center_machine_module
  robot_geom=gripper0_right_left_fingerpad_collision, other_geom=scene_aabb_proxy_line_6_center_machine_module
  robot_geom=gripper0_right_left_fingerpad_collision, other_geom=scene_aabb_proxy_line_6_center_machine_module
  robot_geom=gripper0_right_left_fingerpad_collision, other_geom=scene_aabb_proxy_line_6_center_machine_module
  ... 10 more contact pairs
judge_collision_detected:
robot_base_x: 12.650469
robot_base_y: 2.097371
robot_base_yaw: -3.141318
robot_geom: gripper0_right_left_fingerpad_collision
proxy_geom: scene_aabb_proxy_line_6_center_machine_module
judge_collision_detected:
robot_base_x: 12.650469
robot_base_y: 2.097371
robot_base_yaw: -3.141318
robot_geom: gripper0_right_left_fingertip_collision
proxy_geom: scene_aabb_proxy_line_6_center_machine_module
judge_collision_detected:
robot_base_x: 12.650469
robot_base_y: 2.097371
robot_base_yaw: -3.141318
robot_geom: gripper0_right_right_fingertip_collision
proxy_geom: scene_aabb_proxy_line_6_center_machine_module
collision_detected:
  robot_geom=gripper0_right_left_inner_finger_collision, other_geom=scene_aabb_proxy_line_6_center_machine_module
  robot_geom=gripper0_right_left_fingertip_collision, other_geom=scene_aabb_proxy_line_6_center_machine_module
  robot_geom=gripper0_right_left_fingertip_collision, other_geom=scene_aabb_proxy_line_6_center_machine_module
  robot_geom=gripper0_right_left_fingertip_collision, other_geom=scene_aabb_proxy_line_6_center_machine_module
  robot_geom=gripper0_right_left_fingertip_collision, other_geom=scene_aabb_proxy_line_6_center_machine_module
  robot_geom=gripper0_right_left_fingerpad_collision, other_geom=scene_aabb_proxy_line_6_center_machine_module
  robot_geom=gripper0_right_left_fingerpad_collision, other_geom=scene_aabb_proxy_line_6_center_machine_module
  robot_geom=gripper0_right_left_fingerpad_collision, other_geom=scene_aabb_proxy_line_6_center_machine_module
  ... 10 more contact pairs
judge_collision_detected:
robot_base_x: 12.650431
robot_base_y: 2.074871
robot_base_yaw: -3.141438
robot_geom: gripper0_right_left_fingerpad_collision
proxy_geom: scene_aabb_proxy_line_6_center_machine_module
judge_collision_detected:
robot_base_x: 12.650431
robot_base_y: 2.074871
robot_base_yaw: -3.141438
robot_geom: gripper0_right_left_fingertip_collision
proxy_geom: scene_aabb_proxy_line_6_center_machine_module
judge_collision_detected:
robot_base_x: 12.650431
robot_base_y: 2.074871
robot_base_yaw: -3.141438
robot_geom: gripper0_right_right_fingertip_collision
proxy_geom: scene_aabb_proxy_line_6_center_machine_module
collision_detected:
  robot_geom=gripper0_right_left_inner_finger_collision, other_geom=scene_aabb_proxy_line_6_center_machine_module
  robot_geom=gripper0_right_left_fingertip_collision, other_geom=scene_aabb_proxy_line_6_center_machine_module
  robot_geom=gripper0_right_left_fingertip_collision, other_geom=scene_aabb_proxy_line_6_center_machine_module
  robot_geom=gripper0_right_left_fingertip_collision, other_geom=scene_aabb_proxy_line_6_center_machine_module
  robot_geom=gripper0_right_left_fingertip_collision, other_geom=scene_aabb_proxy_line_6_center_machine_module
  robot_geom=gripper0_right_left_fingerpad_collision, other_geom=scene_aabb_proxy_line_6_center_machine_module
  robot_geom=gripper0_right_left_fingerpad_collision, other_geom=scene_aabb_proxy_line_6_center_machine_module
  robot_geom=gripper0_right_left_fingerpad_collision, other_geom=scene_aabb_proxy_line_6_center_machine_module
  ... 10 more contact pairs
judge_collision_detected:
robot_base_x: 12.650388
robot_base_y: 2.052371
robot_base_yaw: -3.141557
robot_geom: gripper0_right_left_fingerpad_collision
proxy_geom: scene_aabb_proxy_line_6_center_machine_module
judge_collision_detected:
robot_base_x: 12.650388
robot_base_y: 2.052371
robot_base_yaw: -3.141557
robot_geom: gripper0_right_left_fingertip_collision
proxy_geom: scene_aabb_proxy_line_6_center_machine_module
judge_collision_detected:
robot_base_x: 12.650388
robot_base_y: 2.052371
robot_base_yaw: -3.141557
robot_geom: gripper0_right_right_fingertip_collision
proxy_geom: scene_aabb_proxy_line_6_center_machine_module
collision_detected:
  robot_geom=gripper0_right_left_inner_finger_collision, other_geom=scene_aabb_proxy_line_6_center_machine_module
  robot_geom=gripper0_right_left_fingertip_collision, other_geom=scene_aabb_proxy_line_6_center_machine_module
  robot_geom=gripper0_right_left_fingertip_collision, other_geom=scene_aabb_proxy_line_6_center_machine_module
  robot_geom=gripper0_right_left_fingertip_collision, other_geom=scene_aabb_proxy_line_6_center_machine_module
  robot_geom=gripper0_right_left_fingertip_collision, other_geom=scene_aabb_proxy_line_6_center_machine_module
  robot_geom=gripper0_right_left_fingerpad_collision, other_geom=scene_aabb_proxy_line_6_center_machine_module
  robot_geom=gripper0_right_left_fingerpad_collision, other_geom=scene_aabb_proxy_line_6_center_machine_module
  robot_geom=gripper0_right_left_fingerpad_collision, other_geom=scene_aabb_proxy_line_6_center_machine_module
  ... 10 more contact pairs
judge_collision_detected:
robot_base_x: 12.650337
robot_base_y: 2.029871
robot_base_yaw: 3.141508
robot_geom: gripper0_right_left_fingerpad_collision
proxy_geom: scene_aabb_proxy_line_6_center_machine_module
judge_collision_detected:
robot_base_x: 12.650337
robot_base_y: 2.029871
robot_base_yaw: 3.141508
robot_geom: gripper0_right_left_fingertip_collision
proxy_geom: scene_aabb_proxy_line_6_center_machine_module
judge_collision_detected:
robot_base_x: 12.650337
robot_base_y: 2.029871
robot_base_yaw: 3.141508
robot_geom: gripper0_right_right_fingertip_collision
proxy_geom: scene_aabb_proxy_line_6_center_machine_module
collision_detected:
  robot_geom=gripper0_right_left_inner_finger_collision, other_geom=scene_aabb_proxy_line_6_center_machine_module
  robot_geom=gripper0_right_left_fingertip_collision, other_geom=scene_aabb_proxy_line_6_center_machine_module
  robot_geom=gripper0_right_left_fingertip_collision, other_geom=scene_aabb_proxy_line_6_center_machine_module
  robot_geom=gripper0_right_left_fingertip_collision, other_geom=scene_aabb_proxy_line_6_center_machine_module
  robot_geom=gripper0_right_left_fingertip_collision, other_geom=scene_aabb_proxy_line_6_center_machine_module
  robot_geom=gripper0_right_left_fingerpad_collision, other_geom=scene_aabb_proxy_line_6_center_machine_module
  robot_geom=gripper0_right_left_fingerpad_collision, other_geom=scene_aabb_proxy_line_6_center_machine_module
  robot_geom=gripper0_right_left_fingerpad_collision, other_geom=scene_aabb_proxy_line_6_center_machine_module
  ... 10 more contact pairs
judge_collision_detected:
robot_base_x: 12.650276
robot_base_y: 2.007372
robot_base_yaw: 3.141388
robot_geom: gripper0_right_left_fingerpad_collision
proxy_geom: scene_aabb_proxy_line_6_center_machine_module
judge_collision_detected:
robot_base_x: 12.650276
robot_base_y: 2.007372
robot_base_yaw: 3.141388
robot_geom: gripper0_right_left_fingertip_collision
proxy_geom: scene_aabb_proxy_line_6_center_machine_module
judge_collision_detected:
robot_base_x: 12.650276
robot_base_y: 2.007372
robot_base_yaw: 3.141388
robot_geom: gripper0_right_right_fingertip_collision
proxy_geom: scene_aabb_proxy_line_6_center_machine_module
collision_detected:
  robot_geom=gripper0_right_left_inner_finger_collision, other_geom=scene_aabb_proxy_line_6_center_machine_module
  robot_geom=gripper0_right_left_fingertip_collision, other_geom=scene_aabb_proxy_line_6_center_machine_module
  robot_geom=gripper0_right_left_fingertip_collision, other_geom=scene_aabb_proxy_line_6_center_machine_module
  robot_geom=gripper0_right_left_fingertip_collision, other_geom=scene_aabb_proxy_line_6_center_machine_module
  robot_geom=gripper0_right_left_fingertip_collision, other_geom=scene_aabb_proxy_line_6_center_machine_module
  robot_geom=gripper0_right_left_fingerpad_collision, other_geom=scene_aabb_proxy_line_6_center_machine_module
  robot_geom=gripper0_right_left_fingerpad_collision, other_geom=scene_aabb_proxy_line_6_center_machine_module
  robot_geom=gripper0_right_left_fingerpad_collision, other_geom=scene_aabb_proxy_line_6_center_machine_module
  ... 10 more contact pairs
judge_collision_detected:
robot_base_x: 12.650201
robot_base_y: 1.984872
robot_base_yaw: 3.141268
robot_geom: gripper0_right_left_fingerpad_collision
proxy_geom: scene_aabb_proxy_line_6_center_machine_module
judge_collision_detected:
robot_base_x: 12.650201
robot_base_y: 1.984872
robot_base_yaw: 3.141268
robot_geom: gripper0_right_left_fingertip_collision
proxy_geom: scene_aabb_proxy_line_6_center_machine_module
judge_collision_detected:
robot_base_x: 12.650201
robot_base_y: 1.984872
robot_base_yaw: 3.141268
robot_geom: gripper0_right_right_fingertip_collision
proxy_geom: scene_aabb_proxy_line_6_center_machine_module
collision_detected:
  robot_geom=gripper0_right_left_inner_finger_collision, other_geom=scene_aabb_proxy_line_6_center_machine_module
  robot_geom=gripper0_right_left_fingertip_collision, other_geom=scene_aabb_proxy_line_6_center_machine_module
  robot_geom=gripper0_right_left_fingertip_collision, other_geom=scene_aabb_proxy_line_6_center_machine_module
  robot_geom=gripper0_right_left_fingertip_collision, other_geom=scene_aabb_proxy_line_6_center_machine_module
  robot_geom=gripper0_right_left_fingertip_collision, other_geom=scene_aabb_proxy_line_6_center_machine_module
  robot_geom=gripper0_right_left_fingerpad_collision, other_geom=scene_aabb_proxy_line_6_center_machine_module
  robot_geom=gripper0_right_left_fingerpad_collision, other_geom=scene_aabb_proxy_line_6_center_machine_module
  robot_geom=gripper0_right_left_fingerpad_collision, other_geom=scene_aabb_proxy_line_6_center_machine_module
  ... 10 more contact pairs
judge_collision_detected:
robot_base_x: 12.650105
robot_base_y: 1.962373
robot_base_yaw: 3.141147
robot_geom: gripper0_right_left_fingerpad_collision
proxy_geom: scene_aabb_proxy_line_6_center_machine_module
judge_collision_detected:
robot_base_x: 12.650105
robot_base_y: 1.962373
robot_base_yaw: 3.141147
robot_geom: gripper0_right_left_fingertip_collision
proxy_geom: scene_aabb_proxy_line_6_center_machine_module
judge_collision_detected:
robot_base_x: 12.650105
robot_base_y: 1.962373
robot_base_yaw: 3.141147
robot_geom: gripper0_right_right_fingertip_collision
proxy_geom: scene_aabb_proxy_line_6_center_machine_module
collision_detected:
  robot_geom=gripper0_right_left_inner_finger_collision, other_geom=scene_aabb_proxy_line_6_center_machine_module
  robot_geom=gripper0_right_left_fingertip_collision, other_geom=scene_aabb_proxy_line_6_center_machine_module
  robot_geom=gripper0_right_left_fingertip_collision, other_geom=scene_aabb_proxy_line_6_center_machine_module
  robot_geom=gripper0_right_left_fingertip_collision, other_geom=scene_aabb_proxy_line_6_center_machine_module
  robot_geom=gripper0_right_left_fingertip_collision, other_geom=scene_aabb_proxy_line_6_center_machine_module
  robot_geom=gripper0_right_left_fingerpad_collision, other_geom=scene_aabb_proxy_line_6_center_machine_module
  robot_geom=gripper0_right_left_fingerpad_collision, other_geom=scene_aabb_proxy_line_6_center_machine_module
  robot_geom=gripper0_right_left_fingerpad_collision, other_geom=scene_aabb_proxy_line_6_center_machine_module
  ... 10 more contact pairs
judge_collision_detected:
robot_base_x: 12.650134
robot_base_y: 1.939873
robot_base_yaw: 3.141028
robot_geom: gripper0_right_left_fingerpad_collision
proxy_geom: scene_aabb_proxy_line_6_center_machine_module
judge_collision_detected:
robot_base_x: 12.650134
robot_base_y: 1.939873
robot_base_yaw: 3.141028
robot_geom: gripper0_right_left_fingertip_collision
proxy_geom: scene_aabb_proxy_line_6_center_machine_module
judge_collision_detected:
robot_base_x: 12.650134
robot_base_y: 1.939873
robot_base_yaw: 3.141028
robot_geom: gripper0_right_right_fingertip_collision
proxy_geom: scene_aabb_proxy_line_6_center_machine_module
collision_detected:
  robot_geom=gripper0_right_left_inner_finger_collision, other_geom=scene_aabb_proxy_line_6_center_machine_module
  robot_geom=gripper0_right_left_fingertip_collision, other_geom=scene_aabb_proxy_line_6_center_machine_module
  robot_geom=gripper0_right_left_fingertip_collision, other_geom=scene_aabb_proxy_line_6_center_machine_module
  robot_geom=gripper0_right_left_fingertip_collision, other_geom=scene_aabb_proxy_line_6_center_machine_module
  robot_geom=gripper0_right_left_fingertip_collision, other_geom=scene_aabb_proxy_line_6_center_machine_module
  robot_geom=gripper0_right_left_fingerpad_collision, other_geom=scene_aabb_proxy_line_6_center_machine_module
  robot_geom=gripper0_right_left_fingerpad_collision, other_geom=scene_aabb_proxy_line_6_center_machine_module
  robot_geom=gripper0_right_left_fingerpad_collision, other_geom=scene_aabb_proxy_line_6_center_machine_module
  ... 10 more contact pairs
judge_collision_detected:
robot_base_x: 12.650160
robot_base_y: 1.917373
robot_base_yaw: 3.140908
robot_geom: gripper0_right_left_fingerpad_collision
proxy_geom: scene_aabb_proxy_line_6_center_machine_module
judge_collision_detected:
robot_base_x: 12.650160
robot_base_y: 1.917373
robot_base_yaw: 3.140908
robot_geom: gripper0_right_left_fingertip_collision
proxy_geom: scene_aabb_proxy_line_6_center_machine_module
judge_collision_detected:
robot_base_x: 12.650160
robot_base_y: 1.917373
robot_base_yaw: 3.140908
robot_geom: gripper0_right_right_fingertip_collision
proxy_geom: scene_aabb_proxy_line_6_center_machine_module
collision_detected:
  robot_geom=gripper0_right_left_inner_finger_collision, other_geom=scene_aabb_proxy_line_6_center_machine_module
  robot_geom=gripper0_right_left_fingertip_collision, other_geom=scene_aabb_proxy_line_6_center_machine_module
  robot_geom=gripper0_right_left_fingertip_collision, other_geom=scene_aabb_proxy_line_6_center_machine_module
  robot_geom=gripper0_right_left_fingertip_collision, other_geom=scene_aabb_proxy_line_6_center_machine_module
  robot_geom=gripper0_right_left_fingertip_collision, other_geom=scene_aabb_proxy_line_6_center_machine_module
  robot_geom=gripper0_right_left_fingerpad_collision, other_geom=scene_aabb_proxy_line_6_center_machine_module
  robot_geom=gripper0_right_left_fingerpad_collision, other_geom=scene_aabb_proxy_line_6_center_machine_module
  robot_geom=gripper0_right_left_fingerpad_collision, other_geom=scene_aabb_proxy_line_6_center_machine_module
  ... 10 more contact pairs
judge_collision_detected:
robot_base_x: 12.650184
robot_base_y: 1.894873
robot_base_yaw: 3.140789
robot_geom: gripper0_right_left_fingerpad_collision
proxy_geom: scene_aabb_proxy_line_6_center_machine_module
judge_collision_detected:
robot_base_x: 12.650184
robot_base_y: 1.894873
robot_base_yaw: 3.140789
robot_geom: gripper0_right_left_fingertip_collision
proxy_geom: scene_aabb_proxy_line_6_center_machine_module
judge_collision_detected:
robot_base_x: 12.650184
robot_base_y: 1.894873
robot_base_yaw: 3.140789
robot_geom: gripper0_right_right_fingertip_collision
proxy_geom: scene_aabb_proxy_line_6_center_machine_module
collision_detected:
  robot_geom=gripper0_right_left_inner_finger_collision, other_geom=scene_aabb_proxy_line_6_center_machine_module
  robot_geom=gripper0_right_left_fingertip_collision, other_geom=scene_aabb_proxy_line_6_center_machine_module
  robot_geom=gripper0_right_left_fingertip_collision, other_geom=scene_aabb_proxy_line_6_center_machine_module
  robot_geom=gripper0_right_left_fingertip_collision, other_geom=scene_aabb_proxy_line_6_center_machine_module
  robot_geom=gripper0_right_left_fingertip_collision, other_geom=scene_aabb_proxy_line_6_center_machine_module
  robot_geom=gripper0_right_left_fingerpad_collision, other_geom=scene_aabb_proxy_line_6_center_machine_module
  robot_geom=gripper0_right_left_fingerpad_collision, other_geom=scene_aabb_proxy_line_6_center_machine_module
  robot_geom=gripper0_right_left_fingerpad_collision, other_geom=scene_aabb_proxy_line_6_center_machine_module
  ... 10 more contact pairs
judge_collision_detected:
robot_base_x: 12.650207
robot_base_y: 1.872372
robot_base_yaw: 3.140670
robot_geom: gripper0_right_left_fingerpad_collision
proxy_geom: scene_aabb_proxy_line_6_center_machine_module
judge_collision_detected:
robot_base_x: 12.650207
robot_base_y: 1.872372
robot_base_yaw: 3.140670
robot_geom: gripper0_right_left_fingertip_collision
proxy_geom: scene_aabb_proxy_line_6_center_machine_module
judge_collision_detected:
robot_base_x: 12.650207
robot_base_y: 1.872372
robot_base_yaw: 3.140670
robot_geom: gripper0_right_right_fingertip_collision
proxy_geom: scene_aabb_proxy_line_6_center_machine_module
collision_detected:
  robot_geom=gripper0_right_left_inner_finger_collision, other_geom=scene_aabb_proxy_line_6_center_machine_module
  robot_geom=gripper0_right_left_fingertip_collision, other_geom=scene_aabb_proxy_line_6_center_machine_module
  robot_geom=gripper0_right_left_fingertip_collision, other_geom=scene_aabb_proxy_line_6_center_machine_module
  robot_geom=gripper0_right_left_fingertip_collision, other_geom=scene_aabb_proxy_line_6_center_machine_module
  robot_geom=gripper0_right_left_fingertip_collision, other_geom=scene_aabb_proxy_line_6_center_machine_module
  robot_geom=gripper0_right_left_fingerpad_collision, other_geom=scene_aabb_proxy_line_6_center_machine_module
  robot_geom=gripper0_right_left_fingerpad_collision, other_geom=scene_aabb_proxy_line_6_center_machine_module
  robot_geom=gripper0_right_left_fingerpad_collision, other_geom=scene_aabb_proxy_line_6_center_machine_module
  ... 10 more contact pairs
judge_collision_detected:
robot_base_x: 12.650226
robot_base_y: 1.849872
robot_base_yaw: 3.140551
robot_geom: gripper0_right_left_fingerpad_collision
proxy_geom: scene_aabb_proxy_line_6_center_machine_module
judge_collision_detected:
robot_base_x: 12.650226
robot_base_y: 1.849872
robot_base_yaw: 3.140551
robot_geom: gripper0_right_left_fingertip_collision
proxy_geom: scene_aabb_proxy_line_6_center_machine_module
judge_collision_detected:
robot_base_x: 12.650226
robot_base_y: 1.849872
robot_base_yaw: 3.140551
robot_geom: gripper0_right_right_fingertip_collision
proxy_geom: scene_aabb_proxy_line_6_center_machine_module
collision_detected:
  robot_geom=gripper0_right_left_inner_finger_collision, other_geom=scene_aabb_proxy_line_6_center_machine_module
  robot_geom=gripper0_right_left_fingertip_collision, other_geom=scene_aabb_proxy_line_6_center_machine_module
  robot_geom=gripper0_right_left_fingertip_collision, other_geom=scene_aabb_proxy_line_6_center_machine_module
  robot_geom=gripper0_right_left_fingertip_collision, other_geom=scene_aabb_proxy_line_6_center_machine_module
  robot_geom=gripper0_right_left_fingertip_collision, other_geom=scene_aabb_proxy_line_6_center_machine_module
  robot_geom=gripper0_right_left_fingerpad_collision, other_geom=scene_aabb_proxy_line_6_center_machine_module
  robot_geom=gripper0_right_left_fingerpad_collision, other_geom=scene_aabb_proxy_line_6_center_machine_module
  robot_geom=gripper0_right_left_fingerpad_collision, other_geom=scene_aabb_proxy_line_6_center_machine_module
  ... 10 more contact pairs
judge_collision_detected:
robot_base_x: 12.650243
robot_base_y: 1.827372
robot_base_yaw: 3.140432
robot_geom: gripper0_right_left_fingerpad_collision
proxy_geom: scene_aabb_proxy_line_6_center_machine_module
judge_collision_detected:
robot_base_x: 12.650243
robot_base_y: 1.827372
robot_base_yaw: 3.140432
robot_geom: gripper0_right_left_fingertip_collision
proxy_geom: scene_aabb_proxy_line_6_center_machine_module
judge_collision_detected:
robot_base_x: 12.650243
robot_base_y: 1.827372
robot_base_yaw: 3.140432
robot_geom: gripper0_right_right_fingertip_collision
proxy_geom: scene_aabb_proxy_line_6_center_machine_module
collision_detected:
  robot_geom=gripper0_right_left_inner_finger_collision, other_geom=scene_aabb_proxy_line_6_center_machine_module
  robot_geom=gripper0_right_left_fingertip_collision, other_geom=scene_aabb_proxy_line_6_center_machine_module
  robot_geom=gripper0_right_left_fingertip_collision, other_geom=scene_aabb_proxy_line_6_center_machine_module
  robot_geom=gripper0_right_left_fingertip_collision, other_geom=scene_aabb_proxy_line_6_center_machine_module
  robot_geom=gripper0_right_left_fingertip_collision, other_geom=scene_aabb_proxy_line_6_center_machine_module
  robot_geom=gripper0_right_left_fingerpad_collision, other_geom=scene_aabb_proxy_line_6_center_machine_module
  robot_geom=gripper0_right_left_fingerpad_collision, other_geom=scene_aabb_proxy_line_6_center_machine_module
  robot_geom=gripper0_right_left_fingerpad_collision, other_geom=scene_aabb_proxy_line_6_center_machine_module
  ... 10 more contact pairs
judge_collision_detected:
robot_base_x: 12.650258
robot_base_y: 1.804872
robot_base_yaw: 3.140313
robot_geom: gripper0_right_left_fingerpad_collision
proxy_geom: scene_aabb_proxy_line_6_center_machine_module
judge_collision_detected:
robot_base_x: 12.650258
robot_base_y: 1.804872
robot_base_yaw: 3.140313
robot_geom: gripper0_right_left_fingertip_collision
proxy_geom: scene_aabb_proxy_line_6_center_machine_module
judge_collision_detected:
robot_base_x: 12.650258
robot_base_y: 1.804872
robot_base_yaw: 3.140313
robot_geom: gripper0_right_right_fingertip_collision
proxy_geom: scene_aabb_proxy_line_6_center_machine_module
collision_detected:
  robot_geom=gripper0_right_left_inner_finger_collision, other_geom=scene_aabb_proxy_line_6_center_machine_module
  robot_geom=gripper0_right_left_fingertip_collision, other_geom=scene_aabb_proxy_line_6_center_machine_module
  robot_geom=gripper0_right_left_fingertip_collision, other_geom=scene_aabb_proxy_line_6_center_machine_module
  robot_geom=gripper0_right_left_fingertip_collision, other_geom=scene_aabb_proxy_line_6_center_machine_module
  robot_geom=gripper0_right_left_fingertip_collision, other_geom=scene_aabb_proxy_line_6_center_machine_module
  robot_geom=gripper0_right_left_fingerpad_collision, other_geom=scene_aabb_proxy_line_6_center_machine_module
  robot_geom=gripper0_right_left_fingerpad_collision, other_geom=scene_aabb_proxy_line_6_center_machine_module
  robot_geom=gripper0_right_left_fingerpad_collision, other_geom=scene_aabb_proxy_line_6_center_machine_module
  ... 10 more contact pairs
judge_collision_detected:
robot_base_x: 12.650269
robot_base_y: 1.782372
robot_base_yaw: 3.140194
robot_geom: gripper0_right_left_fingerpad_collision
proxy_geom: scene_aabb_proxy_line_6_center_machine_module
judge_collision_detected:
robot_base_x: 12.650269
robot_base_y: 1.782372
robot_base_yaw: 3.140194
robot_geom: gripper0_right_left_fingertip_collision
proxy_geom: scene_aabb_proxy_line_6_center_machine_module
judge_collision_detected:
robot_base_x: 12.650269
robot_base_y: 1.782372
robot_base_yaw: 3.140194
robot_geom: gripper0_right_right_fingertip_collision
proxy_geom: scene_aabb_proxy_line_6_center_machine_module
collision_detected:
  robot_geom=gripper0_right_left_inner_finger_collision, other_geom=scene_aabb_proxy_line_6_center_machine_module
  robot_geom=gripper0_right_left_fingertip_collision, other_geom=scene_aabb_proxy_line_6_center_machine_module
  robot_geom=gripper0_right_left_fingertip_collision, other_geom=scene_aabb_proxy_line_6_center_machine_module
  robot_geom=gripper0_right_left_fingertip_collision, other_geom=scene_aabb_proxy_line_6_center_machine_module
  robot_geom=gripper0_right_left_fingertip_collision, other_geom=scene_aabb_proxy_line_6_center_machine_module
  robot_geom=gripper0_right_left_fingerpad_collision, other_geom=scene_aabb_proxy_line_6_center_machine_module
  robot_geom=gripper0_right_left_fingerpad_collision, other_geom=scene_aabb_proxy_line_6_center_machine_module
  robot_geom=gripper0_right_left_fingerpad_collision, other_geom=scene_aabb_proxy_line_6_center_machine_module
  ... 10 more contact pairs
judge_collision_detected:
robot_base_x: 12.650277
robot_base_y: 1.759872
robot_base_yaw: 3.140076
robot_geom: gripper0_right_left_fingerpad_collision
proxy_geom: scene_aabb_proxy_line_6_center_machine_module
judge_collision_detected:
robot_base_x: 12.650277
robot_base_y: 1.759872
robot_base_yaw: 3.140076
robot_geom: gripper0_right_left_fingertip_collision
proxy_geom: scene_aabb_proxy_line_6_center_machine_module
judge_collision_detected:
robot_base_x: 12.650277
robot_base_y: 1.759872
robot_base_yaw: 3.140076
robot_geom: gripper0_right_right_fingertip_collision
proxy_geom: scene_aabb_proxy_line_6_center_machine_module
collision_detected:
  robot_geom=gripper0_right_left_inner_finger_collision, other_geom=scene_aabb_proxy_line_6_center_machine_module
  robot_geom=gripper0_right_left_fingertip_collision, other_geom=scene_aabb_proxy_line_6_center_machine_module
  robot_geom=gripper0_right_left_fingertip_collision, other_geom=scene_aabb_proxy_line_6_center_machine_module
  robot_geom=gripper0_right_left_fingertip_collision, other_geom=scene_aabb_proxy_line_6_center_machine_module
  robot_geom=gripper0_right_left_fingertip_collision, other_geom=scene_aabb_proxy_line_6_center_machine_module
  robot_geom=gripper0_right_left_fingerpad_collision, other_geom=scene_aabb_proxy_line_6_center_machine_module
  robot_geom=gripper0_right_left_fingerpad_collision, other_geom=scene_aabb_proxy_line_6_center_machine_module
  robot_geom=gripper0_right_left_fingerpad_collision, other_geom=scene_aabb_proxy_line_6_center_machine_module
  ... 10 more contact pairs
judge_collision_detected:
robot_base_x: 12.650281
robot_base_y: 1.737372
robot_base_yaw: 3.139957
robot_geom: gripper0_right_left_fingerpad_collision
proxy_geom: scene_aabb_proxy_line_6_center_machine_module
judge_collision_detected:
robot_base_x: 12.650281
robot_base_y: 1.737372
robot_base_yaw: 3.139957
robot_geom: gripper0_right_left_fingertip_collision
proxy_geom: scene_aabb_proxy_line_6_center_machine_module
judge_collision_detected:
robot_base_x: 12.650281
robot_base_y: 1.737372
robot_base_yaw: 3.139957
robot_geom: gripper0_right_right_fingertip_collision
proxy_geom: scene_aabb_proxy_line_6_center_machine_module
collision_detected:
  robot_geom=gripper0_right_left_inner_finger_collision, other_geom=scene_aabb_proxy_line_6_center_machine_module
  robot_geom=gripper0_right_left_fingertip_collision, other_geom=scene_aabb_proxy_line_6_center_machine_module
  robot_geom=gripper0_right_left_fingertip_collision, other_geom=scene_aabb_proxy_line_6_center_machine_module
  robot_geom=gripper0_right_left_fingertip_collision, other_geom=scene_aabb_proxy_line_6_center_machine_module
  robot_geom=gripper0_right_left_fingertip_collision, other_geom=scene_aabb_proxy_line_6_center_machine_module
  robot_geom=gripper0_right_left_fingerpad_collision, other_geom=scene_aabb_proxy_line_6_center_machine_module
  robot_geom=gripper0_right_left_fingerpad_collision, other_geom=scene_aabb_proxy_line_6_center_machine_module
  robot_geom=gripper0_right_left_fingerpad_collision, other_geom=scene_aabb_proxy_line_6_center_machine_module
  ... 10 more contact pairs
judge_collision_detected:
robot_base_x: 12.650282
robot_base_y: 1.714872
robot_base_yaw: 3.139839
robot_geom: gripper0_right_left_fingerpad_collision
proxy_geom: scene_aabb_proxy_line_6_center_machine_module
judge_collision_detected:
robot_base_x: 12.650282
robot_base_y: 1.714872
robot_base_yaw: 3.139839
robot_geom: gripper0_right_left_fingertip_collision
proxy_geom: scene_aabb_proxy_line_6_center_machine_module
judge_collision_detected:
robot_base_x: 12.650282
robot_base_y: 1.714872
robot_base_yaw: 3.139839
robot_geom: gripper0_right_right_fingertip_collision
proxy_geom: scene_aabb_proxy_line_6_center_machine_module
collision_detected:
  robot_geom=gripper0_right_left_inner_finger_collision, other_geom=scene_aabb_proxy_line_6_center_machine_module
  robot_geom=gripper0_right_left_fingertip_collision, other_geom=scene_aabb_proxy_line_6_center_machine_module
  robot_geom=gripper0_right_left_fingertip_collision, other_geom=scene_aabb_proxy_line_6_center_machine_module
  robot_geom=gripper0_right_left_fingertip_collision, other_geom=scene_aabb_proxy_line_6_center_machine_module
  robot_geom=gripper0_right_left_fingertip_collision, other_geom=scene_aabb_proxy_line_6_center_machine_module
  robot_geom=gripper0_right_left_fingerpad_collision, other_geom=scene_aabb_proxy_line_6_center_machine_module
  robot_geom=gripper0_right_left_fingerpad_collision, other_geom=scene_aabb_proxy_line_6_center_machine_module
  robot_geom=gripper0_right_left_fingerpad_collision, other_geom=scene_aabb_proxy_line_6_center_machine_module
  ... 10 more contact pairs
judge_collision_detected:
robot_base_x: 12.650277
robot_base_y: 1.692372
robot_base_yaw: 3.139722
robot_geom: gripper0_right_left_fingerpad_collision
proxy_geom: scene_aabb_proxy_line_6_center_machine_module
judge_collision_detected:
robot_base_x: 12.650277
robot_base_y: 1.692372
robot_base_yaw: 3.139722
robot_geom: gripper0_right_left_fingertip_collision
proxy_geom: scene_aabb_proxy_line_6_center_machine_module
judge_collision_detected:
robot_base_x: 12.650277
robot_base_y: 1.692372
robot_base_yaw: 3.139722
robot_geom: gripper0_right_right_fingertip_collision
proxy_geom: scene_aabb_proxy_line_6_center_machine_module
collision_detected:
  robot_geom=gripper0_right_left_inner_finger_collision, other_geom=scene_aabb_proxy_line_6_center_machine_module
  robot_geom=gripper0_right_left_fingertip_collision, other_geom=scene_aabb_proxy_line_6_center_machine_module
  robot_geom=gripper0_right_left_fingertip_collision, other_geom=scene_aabb_proxy_line_6_center_machine_module
  robot_geom=gripper0_right_left_fingertip_collision, other_geom=scene_aabb_proxy_line_6_center_machine_module
  robot_geom=gripper0_right_left_fingertip_collision, other_geom=scene_aabb_proxy_line_6_center_machine_module
  robot_geom=gripper0_right_left_fingerpad_collision, other_geom=scene_aabb_proxy_line_6_center_machine_module
  robot_geom=gripper0_right_left_fingerpad_collision, other_geom=scene_aabb_proxy_line_6_center_machine_module
  robot_geom=gripper0_right_left_fingerpad_collision, other_geom=scene_aabb_proxy_line_6_center_machine_module
  ... 10 more contact pairs
judge_collision_detected:
robot_base_x: 12.650267
robot_base_y: 1.669872
robot_base_yaw: 3.139604
robot_geom: gripper0_right_left_fingerpad_collision
proxy_geom: scene_aabb_proxy_line_6_center_machine_module
judge_collision_detected:
robot_base_x: 12.650267
robot_base_y: 1.669872
robot_base_yaw: 3.139604
robot_geom: gripper0_right_left_fingertip_collision
proxy_geom: scene_aabb_proxy_line_6_center_machine_module
judge_collision_detected:
robot_base_x: 12.650267
robot_base_y: 1.669872
robot_base_yaw: 3.139604
robot_geom: gripper0_right_right_fingertip_collision
proxy_geom: scene_aabb_proxy_line_6_center_machine_module
collision_detected:
  robot_geom=gripper0_right_left_inner_finger_collision, other_geom=scene_aabb_proxy_line_6_center_machine_module
  robot_geom=gripper0_right_left_fingertip_collision, other_geom=scene_aabb_proxy_line_6_center_machine_module
  robot_geom=gripper0_right_left_fingertip_collision, other_geom=scene_aabb_proxy_line_6_center_machine_module
  robot_geom=gripper0_right_left_fingertip_collision, other_geom=scene_aabb_proxy_line_6_center_machine_module
  robot_geom=gripper0_right_left_fingertip_collision, other_geom=scene_aabb_proxy_line_6_center_machine_module
  robot_geom=gripper0_right_left_fingerpad_collision, other_geom=scene_aabb_proxy_line_6_center_machine_module
  robot_geom=gripper0_right_left_fingerpad_collision, other_geom=scene_aabb_proxy_line_6_center_machine_module
  robot_geom=gripper0_right_left_fingerpad_collision, other_geom=scene_aabb_proxy_line_6_center_machine_module
  ... 10 more contact pairs
judge_collision_detected:
robot_base_x: 12.650251
robot_base_y: 1.647372
robot_base_yaw: 3.139486
robot_geom: gripper0_right_left_fingerpad_collision
proxy_geom: scene_aabb_proxy_line_6_center_machine_module
judge_collision_detected:
robot_base_x: 12.650251
robot_base_y: 1.647372
robot_base_yaw: 3.139486
robot_geom: gripper0_right_left_fingertip_collision
proxy_geom: scene_aabb_proxy_line_6_center_machine_module
judge_collision_detected:
robot_base_x: 12.650251
robot_base_y: 1.647372
robot_base_yaw: 3.139486
robot_geom: gripper0_right_right_fingertip_collision
proxy_geom: scene_aabb_proxy_line_6_center_machine_module
collision_detected:
  robot_geom=gripper0_right_left_inner_finger_collision, other_geom=scene_aabb_proxy_line_6_center_machine_module
  robot_geom=gripper0_right_left_fingertip_collision, other_geom=scene_aabb_proxy_line_6_center_machine_module
  robot_geom=gripper0_right_left_fingertip_collision, other_geom=scene_aabb_proxy_line_6_center_machine_module
  robot_geom=gripper0_right_left_fingertip_collision, other_geom=scene_aabb_proxy_line_6_center_machine_module
  robot_geom=gripper0_right_left_fingertip_collision, other_geom=scene_aabb_proxy_line_6_center_machine_module
  robot_geom=gripper0_right_left_fingerpad_collision, other_geom=scene_aabb_proxy_line_6_center_machine_module
  robot_geom=gripper0_right_left_fingerpad_collision, other_geom=scene_aabb_proxy_line_6_center_machine_module
  robot_geom=gripper0_right_left_fingerpad_collision, other_geom=scene_aabb_proxy_line_6_center_machine_module
  ... 10 more contact pairs
judge_collision_detected:
robot_base_x: 12.650227
robot_base_y: 1.624872
robot_base_yaw: 3.139368
robot_geom: gripper0_right_left_fingerpad_collision
proxy_geom: scene_aabb_proxy_line_6_center_machine_module
judge_collision_detected:
robot_base_x: 12.650227
robot_base_y: 1.624872
robot_base_yaw: 3.139368
robot_geom: gripper0_right_left_fingertip_collision
proxy_geom: scene_aabb_proxy_line_6_center_machine_module
judge_collision_detected:
robot_base_x: 12.650227
robot_base_y: 1.624872
robot_base_yaw: 3.139368
robot_geom: gripper0_right_right_fingertip_collision
proxy_geom: scene_aabb_proxy_line_6_center_machine_module
collision_detected:
  robot_geom=gripper0_right_left_inner_finger_collision, other_geom=scene_aabb_proxy_line_6_center_machine_module
  robot_geom=gripper0_right_left_fingertip_collision, other_geom=scene_aabb_proxy_line_6_center_machine_module
  robot_geom=gripper0_right_left_fingertip_collision, other_geom=scene_aabb_proxy_line_6_center_machine_module
  robot_geom=gripper0_right_left_fingertip_collision, other_geom=scene_aabb_proxy_line_6_center_machine_module
  robot_geom=gripper0_right_left_fingertip_collision, other_geom=scene_aabb_proxy_line_6_center_machine_module
  robot_geom=gripper0_right_left_fingerpad_collision, other_geom=scene_aabb_proxy_line_6_center_machine_module
  robot_geom=gripper0_right_left_fingerpad_collision, other_geom=scene_aabb_proxy_line_6_center_machine_module
  robot_geom=gripper0_right_left_fingerpad_collision, other_geom=scene_aabb_proxy_line_6_center_machine_module
  ... 10 more contact pairs
judge_collision_detected:
robot_base_x: 12.650192
robot_base_y: 1.602372
robot_base_yaw: 3.139250
robot_geom: gripper0_right_left_fingerpad_collision
proxy_geom: scene_aabb_proxy_line_6_center_machine_module
judge_collision_detected:
robot_base_x: 12.650192
robot_base_y: 1.602372
robot_base_yaw: 3.139250
robot_geom: gripper0_right_left_fingertip_collision
proxy_geom: scene_aabb_proxy_line_6_center_machine_module
judge_collision_detected:
robot_base_x: 12.650192
robot_base_y: 1.602372
robot_base_yaw: 3.139250
robot_geom: gripper0_right_right_fingertip_collision
proxy_geom: scene_aabb_proxy_line_6_center_machine_module
collision_detected:
  robot_geom=gripper0_right_left_inner_finger_collision, other_geom=scene_aabb_proxy_line_6_center_machine_module
  robot_geom=gripper0_right_left_fingertip_collision, other_geom=scene_aabb_proxy_line_6_center_machine_module
  robot_geom=gripper0_right_left_fingertip_collision, other_geom=scene_aabb_proxy_line_6_center_machine_module
  robot_geom=gripper0_right_left_fingertip_collision, other_geom=scene_aabb_proxy_line_6_center_machine_module
  robot_geom=gripper0_right_left_fingertip_collision, other_geom=scene_aabb_proxy_line_6_center_machine_module
  robot_geom=gripper0_right_left_fingerpad_collision, other_geom=scene_aabb_proxy_line_6_center_machine_module
  robot_geom=gripper0_right_left_fingerpad_collision, other_geom=scene_aabb_proxy_line_6_center_machine_module
  robot_geom=gripper0_right_left_fingerpad_collision, other_geom=scene_aabb_proxy_line_6_center_machine_module
  ... 10 more contact pairs
judge_collision_detected:
robot_base_x: 12.650143
robot_base_y: 1.579872
robot_base_yaw: 3.139132
robot_geom: gripper0_right_left_fingerpad_collision
proxy_geom: scene_aabb_proxy_line_6_center_machine_module
judge_collision_detected:
robot_base_x: 12.650143
robot_base_y: 1.579872
robot_base_yaw: 3.139132
robot_geom: gripper0_right_left_fingertip_collision
proxy_geom: scene_aabb_proxy_line_6_center_machine_module
judge_collision_detected:
robot_base_x: 12.650143
robot_base_y: 1.579872
robot_base_yaw: 3.139132
robot_geom: gripper0_right_right_fingertip_collision
proxy_geom: scene_aabb_proxy_line_6_center_machine_module
collision_detected:
  robot_geom=gripper0_right_left_inner_finger_collision, other_geom=scene_aabb_proxy_line_6_center_machine_module
  robot_geom=gripper0_right_left_fingertip_collision, other_geom=scene_aabb_proxy_line_6_center_machine_module
  robot_geom=gripper0_right_left_fingertip_collision, other_geom=scene_aabb_proxy_line_6_center_machine_module
  robot_geom=gripper0_right_left_fingertip_collision, other_geom=scene_aabb_proxy_line_6_center_machine_module
  robot_geom=gripper0_right_left_fingertip_collision, other_geom=scene_aabb_proxy_line_6_center_machine_module
  robot_geom=gripper0_right_left_fingerpad_collision, other_geom=scene_aabb_proxy_line_6_center_machine_module
  robot_geom=gripper0_right_left_fingerpad_collision, other_geom=scene_aabb_proxy_line_6_center_machine_module
  robot_geom=gripper0_right_left_fingerpad_collision, other_geom=scene_aabb_proxy_line_6_center_machine_module
  ... 10 more contact pairs
judge_collision_detected:
robot_base_x: 12.650170
robot_base_y: 1.557372
robot_base_yaw: 3.139015
robot_geom: gripper0_right_left_fingerpad_collision
proxy_geom: scene_aabb_proxy_line_6_center_machine_module
judge_collision_detected:
robot_base_x: 12.650170
robot_base_y: 1.557372
robot_base_yaw: 3.139015
robot_geom: gripper0_right_left_fingertip_collision
proxy_geom: scene_aabb_proxy_line_6_center_machine_module
judge_collision_detected:
robot_base_x: 12.650170
robot_base_y: 1.557372
robot_base_yaw: 3.139015
robot_geom: gripper0_right_right_fingertip_collision
proxy_geom: scene_aabb_proxy_line_6_center_machine_module
collision_detected:
  robot_geom=gripper0_right_left_inner_finger_collision, other_geom=scene_aabb_proxy_line_6_center_machine_module
  robot_geom=gripper0_right_left_fingertip_collision, other_geom=scene_aabb_proxy_line_6_center_machine_module
  robot_geom=gripper0_right_left_fingertip_collision, other_geom=scene_aabb_proxy_line_6_center_machine_module
  robot_geom=gripper0_right_left_fingertip_collision, other_geom=scene_aabb_proxy_line_6_center_machine_module
  robot_geom=gripper0_right_left_fingertip_collision, other_geom=scene_aabb_proxy_line_6_center_machine_module
  robot_geom=gripper0_right_left_fingerpad_collision, other_geom=scene_aabb_proxy_line_6_center_machine_module
  robot_geom=gripper0_right_left_fingerpad_collision, other_geom=scene_aabb_proxy_line_6_center_machine_module
  robot_geom=gripper0_right_left_fingerpad_collision, other_geom=scene_aabb_proxy_line_6_center_machine_module
  ... 10 more contact pairs
judge_collision_detected:
robot_base_x: 12.650194
robot_base_y: 1.534871
robot_base_yaw: 3.138898
robot_geom: gripper0_right_left_fingerpad_collision
proxy_geom: scene_aabb_proxy_line_6_center_machine_module
judge_collision_detected:
robot_base_x: 12.650194
robot_base_y: 1.534871
robot_base_yaw: 3.138898
robot_geom: gripper0_right_left_fingertip_collision
proxy_geom: scene_aabb_proxy_line_6_center_machine_module
judge_collision_detected:
robot_base_x: 12.650194
robot_base_y: 1.534871
robot_base_yaw: 3.138898
robot_geom: gripper0_right_right_fingertip_collision
proxy_geom: scene_aabb_proxy_line_6_center_machine_module
collision_detected:
  robot_geom=gripper0_right_left_inner_finger_collision, other_geom=scene_aabb_proxy_line_6_center_machine_module
  robot_geom=gripper0_right_left_fingertip_collision, other_geom=scene_aabb_proxy_line_6_center_machine_module
  robot_geom=gripper0_right_left_fingertip_collision, other_geom=scene_aabb_proxy_line_6_center_machine_module
  robot_geom=gripper0_right_left_fingertip_collision, other_geom=scene_aabb_proxy_line_6_center_machine_module
  robot_geom=gripper0_right_left_fingertip_collision, other_geom=scene_aabb_proxy_line_6_center_machine_module
  robot_geom=gripper0_right_left_fingerpad_collision, other_geom=scene_aabb_proxy_line_6_center_machine_module
  robot_geom=gripper0_right_left_fingerpad_collision, other_geom=scene_aabb_proxy_line_6_center_machine_module
  robot_geom=gripper0_right_left_fingerpad_collision, other_geom=scene_aabb_proxy_line_6_center_machine_module
  ... 10 more contact pairs
judge_collision_detected:
robot_base_x: 12.650217
robot_base_y: 1.512371
robot_base_yaw: 3.138781
robot_geom: gripper0_right_left_fingerpad_collision
proxy_geom: scene_aabb_proxy_line_6_center_machine_module
judge_collision_detected:
robot_base_x: 12.650217
robot_base_y: 1.512371
robot_base_yaw: 3.138781
robot_geom: gripper0_right_left_fingertip_collision
proxy_geom: scene_aabb_proxy_line_6_center_machine_module
judge_collision_detected:
robot_base_x: 12.650217
robot_base_y: 1.512371
robot_base_yaw: 3.138781
robot_geom: gripper0_right_right_fingertip_collision
proxy_geom: scene_aabb_proxy_line_6_center_machine_module
collision_detected:
  robot_geom=gripper0_right_left_inner_finger_collision, other_geom=scene_aabb_proxy_line_6_center_machine_module
  robot_geom=gripper0_right_left_fingertip_collision, other_geom=scene_aabb_proxy_line_6_center_machine_module
  robot_geom=gripper0_right_left_fingertip_collision, other_geom=scene_aabb_proxy_line_6_center_machine_module
  robot_geom=gripper0_right_left_fingertip_collision, other_geom=scene_aabb_proxy_line_6_center_machine_module
  robot_geom=gripper0_right_left_fingertip_collision, other_geom=scene_aabb_proxy_line_6_center_machine_module
  robot_geom=gripper0_right_left_fingerpad_collision, other_geom=scene_aabb_proxy_line_6_center_machine_module
  robot_geom=gripper0_right_left_fingerpad_collision, other_geom=scene_aabb_proxy_line_6_center_machine_module
  robot_geom=gripper0_right_left_fingerpad_collision, other_geom=scene_aabb_proxy_line_6_center_machine_module
  ... 10 more contact pairs
judge_collision_detected:
robot_base_x: 12.650238
robot_base_y: 1.489871
robot_base_yaw: 3.138664
robot_geom: gripper0_right_left_fingerpad_collision
proxy_geom: scene_aabb_proxy_line_6_center_machine_module
judge_collision_detected:
robot_base_x: 12.650238
robot_base_y: 1.489871
robot_base_yaw: 3.138664
robot_geom: gripper0_right_left_fingertip_collision
proxy_geom: scene_aabb_proxy_line_6_center_machine_module
judge_collision_detected:
robot_base_x: 12.650238
robot_base_y: 1.489871
robot_base_yaw: 3.138664
robot_geom: gripper0_right_right_fingertip_collision
proxy_geom: scene_aabb_proxy_line_6_center_machine_module
collision_detected:
  robot_geom=gripper0_right_left_inner_finger_collision, other_geom=scene_aabb_proxy_line_6_center_machine_module
  robot_geom=gripper0_right_left_fingertip_collision, other_geom=scene_aabb_proxy_line_6_center_machine_module
  robot_geom=gripper0_right_left_fingertip_collision, other_geom=scene_aabb_proxy_line_6_center_machine_module
  robot_geom=gripper0_right_left_fingertip_collision, other_geom=scene_aabb_proxy_line_6_center_machine_module
  robot_geom=gripper0_right_left_fingertip_collision, other_geom=scene_aabb_proxy_line_6_center_machine_module
  robot_geom=gripper0_right_left_fingerpad_collision, other_geom=scene_aabb_proxy_line_6_center_machine_module
  robot_geom=gripper0_right_left_fingerpad_collision, other_geom=scene_aabb_proxy_line_6_center_machine_module
  robot_geom=gripper0_right_left_fingerpad_collision, other_geom=scene_aabb_proxy_line_6_center_machine_module
  ... 10 more contact pairs
judge_collision_detected:
robot_base_x: 12.650256
robot_base_y: 1.467371
robot_base_yaw: 3.138547
robot_geom: gripper0_right_left_fingerpad_collision
proxy_geom: scene_aabb_proxy_line_6_center_machine_module
judge_collision_detected:
robot_base_x: 12.650256
robot_base_y: 1.467371
robot_base_yaw: 3.138547
robot_geom: gripper0_right_left_fingertip_collision
proxy_geom: scene_aabb_proxy_line_6_center_machine_module
judge_collision_detected:
robot_base_x: 12.650256
robot_base_y: 1.467371
robot_base_yaw: 3.138547
robot_geom: gripper0_right_right_fingertip_collision
proxy_geom: scene_aabb_proxy_line_6_center_machine_module
collision_detected:
  robot_geom=gripper0_right_left_inner_finger_collision, other_geom=scene_aabb_proxy_line_6_center_machine_module
  robot_geom=gripper0_right_left_fingertip_collision, other_geom=scene_aabb_proxy_line_6_center_machine_module
  robot_geom=gripper0_right_left_fingertip_collision, other_geom=scene_aabb_proxy_line_6_center_machine_module
  robot_geom=gripper0_right_left_fingertip_collision, other_geom=scene_aabb_proxy_line_6_center_machine_module
  robot_geom=gripper0_right_left_fingertip_collision, other_geom=scene_aabb_proxy_line_6_center_machine_module
  robot_geom=gripper0_right_left_fingerpad_collision, other_geom=scene_aabb_proxy_line_6_center_machine_module
  robot_geom=gripper0_right_left_fingerpad_collision, other_geom=scene_aabb_proxy_line_6_center_machine_module
  robot_geom=gripper0_right_left_fingerpad_collision, other_geom=scene_aabb_proxy_line_6_center_machine_module
  ... 10 more contact pairs
judge_collision_detected:
robot_base_x: 12.650272
robot_base_y: 1.444871
robot_base_yaw: 3.138431
robot_geom: gripper0_right_left_fingerpad_collision
proxy_geom: scene_aabb_proxy_line_6_center_machine_module
judge_collision_detected:
robot_base_x: 12.650272
robot_base_y: 1.444871
robot_base_yaw: 3.138431
robot_geom: gripper0_right_left_fingertip_collision
proxy_geom: scene_aabb_proxy_line_6_center_machine_module
judge_collision_detected:
robot_base_x: 12.650272
robot_base_y: 1.444871
robot_base_yaw: 3.138431
robot_geom: gripper0_right_right_fingertip_collision
proxy_geom: scene_aabb_proxy_line_6_center_machine_module
collision_detected:
  robot_geom=gripper0_right_left_inner_finger_collision, other_geom=scene_aabb_proxy_line_6_center_machine_module
  robot_geom=gripper0_right_left_fingertip_collision, other_geom=scene_aabb_proxy_line_6_center_machine_module
  robot_geom=gripper0_right_left_fingertip_collision, other_geom=scene_aabb_proxy_line_6_center_machine_module
  robot_geom=gripper0_right_left_fingertip_collision, other_geom=scene_aabb_proxy_line_6_center_machine_module
  robot_geom=gripper0_right_left_fingertip_collision, other_geom=scene_aabb_proxy_line_6_center_machine_module
  robot_geom=gripper0_right_left_fingerpad_collision, other_geom=scene_aabb_proxy_line_6_center_machine_module
  robot_geom=gripper0_right_left_fingerpad_collision, other_geom=scene_aabb_proxy_line_6_center_machine_module
  robot_geom=gripper0_right_left_fingerpad_collision, other_geom=scene_aabb_proxy_line_6_center_machine_module
  ... 10 more contact pairs
judge_collision_detected:
robot_base_x: 12.650285
robot_base_y: 1.422370
robot_base_yaw: 3.138314
robot_geom: gripper0_right_left_fingerpad_collision
proxy_geom: scene_aabb_proxy_line_6_center_machine_module
judge_collision_detected:
robot_base_x: 12.650285
robot_base_y: 1.422370
robot_base_yaw: 3.138314
robot_geom: gripper0_right_left_fingertip_collision
proxy_geom: scene_aabb_proxy_line_6_center_machine_module
judge_collision_detected:
robot_base_x: 12.650285
robot_base_y: 1.422370
robot_base_yaw: 3.138314
robot_geom: gripper0_right_right_fingertip_collision
proxy_geom: scene_aabb_proxy_line_6_center_machine_module
collision_detected:
  robot_geom=gripper0_right_left_inner_finger_collision, other_geom=scene_aabb_proxy_line_6_center_machine_module
  robot_geom=gripper0_right_left_fingertip_collision, other_geom=scene_aabb_proxy_line_6_center_machine_module
  robot_geom=gripper0_right_left_fingertip_collision, other_geom=scene_aabb_proxy_line_6_center_machine_module
  robot_geom=gripper0_right_left_fingertip_collision, other_geom=scene_aabb_proxy_line_6_center_machine_module
  robot_geom=gripper0_right_left_fingertip_collision, other_geom=scene_aabb_proxy_line_6_center_machine_module
  robot_geom=gripper0_right_left_fingerpad_collision, other_geom=scene_aabb_proxy_line_6_center_machine_module
  robot_geom=gripper0_right_left_fingerpad_collision, other_geom=scene_aabb_proxy_line_6_center_machine_module
  robot_geom=gripper0_right_left_fingerpad_collision, other_geom=scene_aabb_proxy_line_6_center_machine_module
  ... 10 more contact pairs
judge_collision_detected:
robot_base_x: 12.650295
robot_base_y: 1.399870
robot_base_yaw: 3.138198
robot_geom: gripper0_right_left_fingerpad_collision
proxy_geom: scene_aabb_proxy_line_6_center_machine_module
judge_collision_detected:
robot_base_x: 12.650295
robot_base_y: 1.399870
robot_base_yaw: 3.138198
robot_geom: gripper0_right_left_fingertip_collision
proxy_geom: scene_aabb_proxy_line_6_center_machine_module
judge_collision_detected:
robot_base_x: 12.650295
robot_base_y: 1.399870
robot_base_yaw: 3.138198
robot_geom: gripper0_right_right_fingertip_collision
proxy_geom: scene_aabb_proxy_line_6_center_machine_module
collision_detected:
  robot_geom=gripper0_right_left_inner_finger_collision, other_geom=scene_aabb_proxy_line_6_center_machine_module
  robot_geom=gripper0_right_left_fingertip_collision, other_geom=scene_aabb_proxy_line_6_center_machine_module
  robot_geom=gripper0_right_left_fingertip_collision, other_geom=scene_aabb_proxy_line_6_center_machine_module
  robot_geom=gripper0_right_left_fingertip_collision, other_geom=scene_aabb_proxy_line_6_center_machine_module
  robot_geom=gripper0_right_left_fingertip_collision, other_geom=scene_aabb_proxy_line_6_center_machine_module
  robot_geom=gripper0_right_left_fingerpad_collision, other_geom=scene_aabb_proxy_line_6_center_machine_module
  robot_geom=gripper0_right_left_fingerpad_collision, other_geom=scene_aabb_proxy_line_6_center_machine_module
  robot_geom=gripper0_right_left_fingerpad_collision, other_geom=scene_aabb_proxy_line_6_center_machine_module
  ... 10 more contact pairs
judge_collision_detected:
robot_base_x: 12.650302
robot_base_y: 1.377370
robot_base_yaw: 3.138082
robot_geom: gripper0_right_left_fingerpad_collision
proxy_geom: scene_aabb_proxy_line_6_center_machine_module
judge_collision_detected:
robot_base_x: 12.650302
robot_base_y: 1.377370
robot_base_yaw: 3.138082
robot_geom: gripper0_right_left_fingertip_collision
proxy_geom: scene_aabb_proxy_line_6_center_machine_module
judge_collision_detected:
robot_base_x: 12.650302
robot_base_y: 1.377370
robot_base_yaw: 3.138082
robot_geom: gripper0_right_right_fingertip_collision
proxy_geom: scene_aabb_proxy_line_6_center_machine_module
collision_detected:
  robot_geom=gripper0_right_left_inner_finger_collision, other_geom=scene_aabb_proxy_line_6_center_machine_module
  robot_geom=gripper0_right_left_fingertip_collision, other_geom=scene_aabb_proxy_line_6_center_machine_module
  robot_geom=gripper0_right_left_fingertip_collision, other_geom=scene_aabb_proxy_line_6_center_machine_module
  robot_geom=gripper0_right_left_fingertip_collision, other_geom=scene_aabb_proxy_line_6_center_machine_module
  robot_geom=gripper0_right_left_fingertip_collision, other_geom=scene_aabb_proxy_line_6_center_machine_module
  robot_geom=gripper0_right_left_fingerpad_collision, other_geom=scene_aabb_proxy_line_6_center_machine_module
  robot_geom=gripper0_right_left_fingerpad_collision, other_geom=scene_aabb_proxy_line_6_center_machine_module
  robot_geom=gripper0_right_left_fingerpad_collision, other_geom=scene_aabb_proxy_line_6_center_machine_module
  ... 10 more contact pairs
judge_collision_detected:
robot_base_x: 12.650306
robot_base_y: 1.354870
robot_base_yaw: 3.137966
robot_geom: gripper0_right_left_fingerpad_collision
proxy_geom: scene_aabb_proxy_line_6_center_machine_module
judge_collision_detected:
robot_base_x: 12.650306
robot_base_y: 1.354870
robot_base_yaw: 3.137966
robot_geom: gripper0_right_left_fingertip_collision
proxy_geom: scene_aabb_proxy_line_6_center_machine_module
judge_collision_detected:
robot_base_x: 12.650306
robot_base_y: 1.354870
robot_base_yaw: 3.137966
robot_geom: gripper0_right_right_fingertip_collision
proxy_geom: scene_aabb_proxy_line_6_center_machine_module
collision_detected:
  robot_geom=gripper0_right_left_inner_finger_collision, other_geom=scene_aabb_proxy_line_6_center_machine_module
  robot_geom=gripper0_right_left_fingertip_collision, other_geom=scene_aabb_proxy_line_6_center_machine_module
  robot_geom=gripper0_right_left_fingertip_collision, other_geom=scene_aabb_proxy_line_6_center_machine_module
  robot_geom=gripper0_right_left_fingertip_collision, other_geom=scene_aabb_proxy_line_6_center_machine_module
  robot_geom=gripper0_right_left_fingertip_collision, other_geom=scene_aabb_proxy_line_6_center_machine_module
  robot_geom=gripper0_right_left_fingerpad_collision, other_geom=scene_aabb_proxy_line_6_center_machine_module
  robot_geom=gripper0_right_left_fingerpad_collision, other_geom=scene_aabb_proxy_line_6_center_machine_module
  robot_geom=gripper0_right_left_fingerpad_collision, other_geom=scene_aabb_proxy_line_6_center_machine_module
  ... 10 more contact pairs
judge_collision_detected:
robot_base_x: 12.650306
robot_base_y: 1.332369
robot_base_yaw: 3.137850
robot_geom: gripper0_right_left_fingerpad_collision
proxy_geom: scene_aabb_proxy_line_6_center_machine_module
judge_collision_detected:
robot_base_x: 12.650306
robot_base_y: 1.332369
robot_base_yaw: 3.137850
robot_geom: gripper0_right_left_fingertip_collision
proxy_geom: scene_aabb_proxy_line_6_center_machine_module
judge_collision_detected:
robot_base_x: 12.650306
robot_base_y: 1.332369
robot_base_yaw: 3.137850
robot_geom: gripper0_right_right_fingertip_collision
proxy_geom: scene_aabb_proxy_line_6_center_machine_module
collision_detected:
  robot_geom=gripper0_right_left_inner_finger_collision, other_geom=scene_aabb_proxy_line_6_center_machine_module
  robot_geom=gripper0_right_left_fingertip_collision, other_geom=scene_aabb_proxy_line_6_center_machine_module
  robot_geom=gripper0_right_left_fingertip_collision, other_geom=scene_aabb_proxy_line_6_center_machine_module
  robot_geom=gripper0_right_left_fingertip_collision, other_geom=scene_aabb_proxy_line_6_center_machine_module
  robot_geom=gripper0_right_left_fingertip_collision, other_geom=scene_aabb_proxy_line_6_center_machine_module
  robot_geom=gripper0_right_left_fingerpad_collision, other_geom=scene_aabb_proxy_line_6_center_machine_module
  robot_geom=gripper0_right_left_fingerpad_collision, other_geom=scene_aabb_proxy_line_6_center_machine_module
  robot_geom=gripper0_right_left_fingerpad_collision, other_geom=scene_aabb_proxy_line_6_center_machine_module
  ... 10 more contact pairs
judge_collision_detected:
robot_base_x: 12.650302
robot_base_y: 1.309869
robot_base_yaw: 3.137734
robot_geom: gripper0_right_left_fingerpad_collision
proxy_geom: scene_aabb_proxy_line_6_center_machine_module
judge_collision_detected:
robot_base_x: 12.650302
robot_base_y: 1.309869
robot_base_yaw: 3.137734
robot_geom: gripper0_right_left_fingertip_collision
proxy_geom: scene_aabb_proxy_line_6_center_machine_module
judge_collision_detected:
robot_base_x: 12.650302
robot_base_y: 1.309869
robot_base_yaw: 3.137734
robot_geom: gripper0_right_right_fingertip_collision
proxy_geom: scene_aabb_proxy_line_6_center_machine_module
collision_detected:
  robot_geom=gripper0_right_left_inner_finger_collision, other_geom=scene_aabb_proxy_line_6_center_machine_module
  robot_geom=gripper0_right_left_fingertip_collision, other_geom=scene_aabb_proxy_line_6_center_machine_module
  robot_geom=gripper0_right_left_fingertip_collision, other_geom=scene_aabb_proxy_line_6_center_machine_module
  robot_geom=gripper0_right_left_fingertip_collision, other_geom=scene_aabb_proxy_line_6_center_machine_module
  robot_geom=gripper0_right_left_fingertip_collision, other_geom=scene_aabb_proxy_line_6_center_machine_module
  robot_geom=gripper0_right_left_fingerpad_collision, other_geom=scene_aabb_proxy_line_6_center_machine_module
  robot_geom=gripper0_right_left_fingerpad_collision, other_geom=scene_aabb_proxy_line_6_center_machine_module
  robot_geom=gripper0_right_left_fingerpad_collision, other_geom=scene_aabb_proxy_line_6_center_machine_module
  ... 10 more contact pairs
judge_collision_detected:
robot_base_x: 12.650294
robot_base_y: 1.287369
robot_base_yaw: 3.137618
robot_geom: gripper0_right_left_fingerpad_collision
proxy_geom: scene_aabb_proxy_line_6_center_machine_module
judge_collision_detected:
robot_base_x: 12.650294
robot_base_y: 1.287369
robot_base_yaw: 3.137618
robot_geom: gripper0_right_left_fingertip_collision
proxy_geom: scene_aabb_proxy_line_6_center_machine_module
judge_collision_detected:
robot_base_x: 12.650294
robot_base_y: 1.287369
robot_base_yaw: 3.137618
robot_geom: gripper0_right_right_fingertip_collision
proxy_geom: scene_aabb_proxy_line_6_center_machine_module
collision_detected:
  robot_geom=gripper0_right_left_inner_finger_collision, other_geom=scene_aabb_proxy_line_6_center_machine_module
  robot_geom=gripper0_right_left_fingertip_collision, other_geom=scene_aabb_proxy_line_6_center_machine_module
  robot_geom=gripper0_right_left_fingertip_collision, other_geom=scene_aabb_proxy_line_6_center_machine_module
  robot_geom=gripper0_right_left_fingertip_collision, other_geom=scene_aabb_proxy_line_6_center_machine_module
  robot_geom=gripper0_right_left_fingertip_collision, other_geom=scene_aabb_proxy_line_6_center_machine_module
  robot_geom=gripper0_right_left_fingerpad_collision, other_geom=scene_aabb_proxy_line_6_center_machine_module
  robot_geom=gripper0_right_left_fingerpad_collision, other_geom=scene_aabb_proxy_line_6_center_machine_module
  robot_geom=gripper0_right_left_fingerpad_collision, other_geom=scene_aabb_proxy_line_6_center_machine_module
  ... 10 more contact pairs
judge_collision_detected:
robot_base_x: 12.650279
robot_base_y: 1.264869
robot_base_yaw: 3.137502
robot_geom: gripper0_right_left_fingerpad_collision
proxy_geom: scene_aabb_proxy_line_6_center_machine_module
judge_collision_detected:
robot_base_x: 12.650279
robot_base_y: 1.264869
robot_base_yaw: 3.137502
robot_geom: gripper0_right_left_fingertip_collision
proxy_geom: scene_aabb_proxy_line_6_center_machine_module
judge_collision_detected:
robot_base_x: 12.650279
robot_base_y: 1.264869
robot_base_yaw: 3.137502
robot_geom: gripper0_right_right_fingertip_collision
proxy_geom: scene_aabb_proxy_line_6_center_machine_module
collision_detected:
  robot_geom=gripper0_right_left_inner_finger_collision, other_geom=scene_aabb_proxy_line_6_center_machine_module
  robot_geom=gripper0_right_left_fingertip_collision, other_geom=scene_aabb_proxy_line_6_center_machine_module
  robot_geom=gripper0_right_left_fingertip_collision, other_geom=scene_aabb_proxy_line_6_center_machine_module
  robot_geom=gripper0_right_left_fingertip_collision, other_geom=scene_aabb_proxy_line_6_center_machine_module
  robot_geom=gripper0_right_left_fingertip_collision, other_geom=scene_aabb_proxy_line_6_center_machine_module
  robot_geom=gripper0_right_left_fingerpad_collision, other_geom=scene_aabb_proxy_line_6_center_machine_module
  robot_geom=gripper0_right_left_fingerpad_collision, other_geom=scene_aabb_proxy_line_6_center_machine_module
  robot_geom=gripper0_right_left_fingerpad_collision, other_geom=scene_aabb_proxy_line_6_center_machine_module
  ... 10 more contact pairs
judge_collision_detected:
robot_base_x: 12.650258
robot_base_y: 1.242368
robot_base_yaw: 3.137386
robot_geom: gripper0_right_left_fingerpad_collision
proxy_geom: scene_aabb_proxy_line_6_center_machine_module
judge_collision_detected:
robot_base_x: 12.650258
robot_base_y: 1.242368
robot_base_yaw: 3.137386
robot_geom: gripper0_right_left_fingertip_collision
proxy_geom: scene_aabb_proxy_line_6_center_machine_module
judge_collision_detected:
robot_base_x: 12.650258
robot_base_y: 1.242368
robot_base_yaw: 3.137386
robot_geom: gripper0_right_right_fingertip_collision
proxy_geom: scene_aabb_proxy_line_6_center_machine_module
collision_detected:
  robot_geom=gripper0_right_left_inner_finger_collision, other_geom=scene_aabb_proxy_line_6_center_machine_module
  robot_geom=gripper0_right_left_fingertip_collision, other_geom=scene_aabb_proxy_line_6_center_machine_module
  robot_geom=gripper0_right_left_fingertip_collision, other_geom=scene_aabb_proxy_line_6_center_machine_module
  robot_geom=gripper0_right_left_fingertip_collision, other_geom=scene_aabb_proxy_line_6_center_machine_module
  robot_geom=gripper0_right_left_fingertip_collision, other_geom=scene_aabb_proxy_line_6_center_machine_module
  robot_geom=gripper0_right_left_fingerpad_collision, other_geom=scene_aabb_proxy_line_6_center_machine_module
  robot_geom=gripper0_right_left_fingerpad_collision, other_geom=scene_aabb_proxy_line_6_center_machine_module
  robot_geom=gripper0_right_left_fingerpad_collision, other_geom=scene_aabb_proxy_line_6_center_machine_module
  ... 10 more contact pairs
judge_collision_detected:
robot_base_x: 12.650229
robot_base_y: 1.219868
robot_base_yaw: 3.137270
robot_geom: gripper0_right_left_fingerpad_collision
proxy_geom: scene_aabb_proxy_line_6_center_machine_module
judge_collision_detected:
robot_base_x: 12.650229
robot_base_y: 1.219868
robot_base_yaw: 3.137270
robot_geom: gripper0_right_left_fingertip_collision
proxy_geom: scene_aabb_proxy_line_6_center_machine_module
judge_collision_detected:
robot_base_x: 12.650229
robot_base_y: 1.219868
robot_base_yaw: 3.137270
robot_geom: gripper0_right_right_fingertip_collision
proxy_geom: scene_aabb_proxy_line_6_center_machine_module
collision_detected:
  robot_geom=gripper0_right_left_inner_finger_collision, other_geom=scene_aabb_proxy_line_6_center_machine_module
  robot_geom=gripper0_right_left_fingertip_collision, other_geom=scene_aabb_proxy_line_6_center_machine_module
  robot_geom=gripper0_right_left_fingertip_collision, other_geom=scene_aabb_proxy_line_6_center_machine_module
  robot_geom=gripper0_right_left_fingertip_collision, other_geom=scene_aabb_proxy_line_6_center_machine_module
  robot_geom=gripper0_right_left_fingertip_collision, other_geom=scene_aabb_proxy_line_6_center_machine_module
  robot_geom=gripper0_right_left_fingerpad_collision, other_geom=scene_aabb_proxy_line_6_center_machine_module
  robot_geom=gripper0_right_left_fingerpad_collision, other_geom=scene_aabb_proxy_line_6_center_machine_module
  robot_geom=gripper0_right_left_fingerpad_collision, other_geom=scene_aabb_proxy_line_6_center_machine_module
  ... 10 more contact pairs
judge_collision_detected:
robot_base_x: 12.650189
robot_base_y: 1.197368
robot_base_yaw: 3.137154
robot_geom: gripper0_right_left_fingerpad_collision
proxy_geom: scene_aabb_proxy_line_6_center_machine_module
judge_collision_detected:
robot_base_x: 12.650189
robot_base_y: 1.197368
robot_base_yaw: 3.137154
robot_geom: gripper0_right_left_fingertip_collision
proxy_geom: scene_aabb_proxy_line_6_center_machine_module
judge_collision_detected:
robot_base_x: 12.650189
robot_base_y: 1.197368
robot_base_yaw: 3.137154
robot_geom: gripper0_right_right_fingertip_collision
proxy_geom: scene_aabb_proxy_line_6_center_machine_module
collision_detected:
  robot_geom=gripper0_right_left_inner_finger_collision, other_geom=scene_aabb_proxy_line_6_center_machine_module
  robot_geom=gripper0_right_left_fingertip_collision, other_geom=scene_aabb_proxy_line_6_center_machine_module
  robot_geom=gripper0_right_left_fingertip_collision, other_geom=scene_aabb_proxy_line_6_center_machine_module
  robot_geom=gripper0_right_left_fingertip_collision, other_geom=scene_aabb_proxy_line_6_center_machine_module
  robot_geom=gripper0_right_left_fingertip_collision, other_geom=scene_aabb_proxy_line_6_center_machine_module
  robot_geom=gripper0_right_left_fingerpad_collision, other_geom=scene_aabb_proxy_line_6_center_machine_module
  robot_geom=gripper0_right_left_fingerpad_collision, other_geom=scene_aabb_proxy_line_6_center_machine_module
  robot_geom=gripper0_right_left_fingerpad_collision, other_geom=scene_aabb_proxy_line_6_center_machine_module
  ... 10 more contact pairs
judge_collision_detected:
robot_base_x: 12.650133
robot_base_y: 1.174868
robot_base_yaw: 3.137038
robot_geom: gripper0_right_left_fingerpad_collision
proxy_geom: scene_aabb_proxy_line_6_center_machine_module
judge_collision_detected:
robot_base_x: 12.650133
robot_base_y: 1.174868
robot_base_yaw: 3.137038
robot_geom: gripper0_right_left_fingertip_collision
proxy_geom: scene_aabb_proxy_line_6_center_machine_module
judge_collision_detected:
robot_base_x: 12.650133
robot_base_y: 1.174868
robot_base_yaw: 3.137038
robot_geom: gripper0_right_right_fingertip_collision
proxy_geom: scene_aabb_proxy_line_6_center_machine_module
collision_detected:
  robot_geom=gripper0_right_left_inner_finger_collision, other_geom=scene_aabb_proxy_line_6_center_machine_module
  robot_geom=gripper0_right_left_fingertip_collision, other_geom=scene_aabb_proxy_line_6_center_machine_module
  robot_geom=gripper0_right_left_fingertip_collision, other_geom=scene_aabb_proxy_line_6_center_machine_module
  robot_geom=gripper0_right_left_fingertip_collision, other_geom=scene_aabb_proxy_line_6_center_machine_module
  robot_geom=gripper0_right_left_fingertip_collision, other_geom=scene_aabb_proxy_line_6_center_machine_module
  robot_geom=gripper0_right_left_fingerpad_collision, other_geom=scene_aabb_proxy_line_6_center_machine_module
  robot_geom=gripper0_right_left_fingerpad_collision, other_geom=scene_aabb_proxy_line_6_center_machine_module
  robot_geom=gripper0_right_left_fingerpad_collision, other_geom=scene_aabb_proxy_line_6_center_machine_module
  ... 10 more contact pairs
judge_collision_detected:
robot_base_x: 12.650158
robot_base_y: 1.152367
robot_base_yaw: 3.136923
robot_geom: gripper0_right_left_fingerpad_collision
proxy_geom: scene_aabb_proxy_line_6_center_machine_module
judge_collision_detected:
robot_base_x: 12.650158
robot_base_y: 1.152367
robot_base_yaw: 3.136923
robot_geom: gripper0_right_left_fingertip_collision
proxy_geom: scene_aabb_proxy_line_6_center_machine_module
judge_collision_detected:
robot_base_x: 12.650158
robot_base_y: 1.152367
robot_base_yaw: 3.136923
robot_geom: gripper0_right_right_fingertip_collision
proxy_geom: scene_aabb_proxy_line_6_center_machine_module
collision_detected:
  robot_geom=gripper0_right_left_inner_finger_collision, other_geom=scene_aabb_proxy_line_6_center_machine_module
  robot_geom=gripper0_right_left_fingertip_collision, other_geom=scene_aabb_proxy_line_6_center_machine_module
  robot_geom=gripper0_right_left_fingertip_collision, other_geom=scene_aabb_proxy_line_6_center_machine_module
  robot_geom=gripper0_right_left_fingertip_collision, other_geom=scene_aabb_proxy_line_6_center_machine_module
  robot_geom=gripper0_right_left_fingertip_collision, other_geom=scene_aabb_proxy_line_6_center_machine_module
  robot_geom=gripper0_right_left_fingerpad_collision, other_geom=scene_aabb_proxy_line_6_center_machine_module
  robot_geom=gripper0_right_left_fingerpad_collision, other_geom=scene_aabb_proxy_line_6_center_machine_module
  robot_geom=gripper0_right_left_fingerpad_collision, other_geom=scene_aabb_proxy_line_6_center_machine_module
  ... 10 more contact pairs
judge_collision_detected:
robot_base_x: 12.650182
robot_base_y: 1.129867
robot_base_yaw: 3.136807
robot_geom: gripper0_right_left_fingerpad_collision
proxy_geom: scene_aabb_proxy_line_6_center_machine_module
judge_collision_detected:
robot_base_x: 12.650182
robot_base_y: 1.129867
robot_base_yaw: 3.136807
robot_geom: gripper0_right_left_fingertip_collision
proxy_geom: scene_aabb_proxy_line_6_center_machine_module
judge_collision_detected:
robot_base_x: 12.650182
robot_base_y: 1.129867
robot_base_yaw: 3.136807
robot_geom: gripper0_right_right_fingertip_collision
proxy_geom: scene_aabb_proxy_line_6_center_machine_module
collision_detected:
  robot_geom=gripper0_right_left_inner_finger_collision, other_geom=scene_aabb_proxy_line_6_center_machine_module
  robot_geom=gripper0_right_left_fingertip_collision, other_geom=scene_aabb_proxy_line_6_center_machine_module
  robot_geom=gripper0_right_left_fingertip_collision, other_geom=scene_aabb_proxy_line_6_center_machine_module
  robot_geom=gripper0_right_left_fingertip_collision, other_geom=scene_aabb_proxy_line_6_center_machine_module
  robot_geom=gripper0_right_left_fingertip_collision, other_geom=scene_aabb_proxy_line_6_center_machine_module
  robot_geom=gripper0_right_left_fingerpad_collision, other_geom=scene_aabb_proxy_line_6_center_machine_module
  robot_geom=gripper0_right_left_fingerpad_collision, other_geom=scene_aabb_proxy_line_6_center_machine_module
  robot_geom=gripper0_right_left_fingerpad_collision, other_geom=scene_aabb_proxy_line_6_center_machine_module
  ... 10 more contact pairs
judge_collision_detected:
robot_base_x: 12.650204
robot_base_y: 1.107367
robot_base_yaw: 3.136692
robot_geom: gripper0_right_left_fingerpad_collision
proxy_geom: scene_aabb_proxy_line_6_center_machine_module
judge_collision_detected:
robot_base_x: 12.650204
robot_base_y: 1.107367
robot_base_yaw: 3.136692
robot_geom: gripper0_right_left_fingertip_collision
proxy_geom: scene_aabb_proxy_line_6_center_machine_module
judge_collision_detected:
robot_base_x: 12.650204
robot_base_y: 1.107367
robot_base_yaw: 3.136692
robot_geom: gripper0_right_right_fingertip_collision
proxy_geom: scene_aabb_proxy_line_6_center_machine_module
collision_detected:
  robot_geom=gripper0_right_left_inner_finger_collision, other_geom=scene_aabb_proxy_line_6_center_machine_module
  robot_geom=gripper0_right_left_fingertip_collision, other_geom=scene_aabb_proxy_line_6_center_machine_module
  robot_geom=gripper0_right_left_fingertip_collision, other_geom=scene_aabb_proxy_line_6_center_machine_module
  robot_geom=gripper0_right_left_fingertip_collision, other_geom=scene_aabb_proxy_line_6_center_machine_module
  robot_geom=gripper0_right_left_fingertip_collision, other_geom=scene_aabb_proxy_line_6_center_machine_module
  robot_geom=gripper0_right_left_fingerpad_collision, other_geom=scene_aabb_proxy_line_6_center_machine_module
  robot_geom=gripper0_right_left_fingerpad_collision, other_geom=scene_aabb_proxy_line_6_center_machine_module
  robot_geom=gripper0_right_left_fingerpad_collision, other_geom=scene_aabb_proxy_line_6_center_machine_module
  ... 10 more contact pairs
judge_collision_detected:
robot_base_x: 12.650222
robot_base_y: 1.084866
robot_base_yaw: 3.136577
robot_geom: gripper0_right_left_fingerpad_collision
proxy_geom: scene_aabb_proxy_line_6_center_machine_module
judge_collision_detected:
robot_base_x: 12.650222
robot_base_y: 1.084866
robot_base_yaw: 3.136577
robot_geom: gripper0_right_left_fingertip_collision
proxy_geom: scene_aabb_proxy_line_6_center_machine_module
judge_collision_detected:
robot_base_x: 12.650222
robot_base_y: 1.084866
robot_base_yaw: 3.136577
robot_geom: gripper0_right_right_fingertip_collision
proxy_geom: scene_aabb_proxy_line_6_center_machine_module
collision_detected:
  robot_geom=gripper0_right_left_inner_finger_collision, other_geom=scene_aabb_proxy_line_6_center_machine_module
  robot_geom=gripper0_right_left_fingertip_collision, other_geom=scene_aabb_proxy_line_6_center_machine_module
  robot_geom=gripper0_right_left_fingertip_collision, other_geom=scene_aabb_proxy_line_6_center_machine_module
  robot_geom=gripper0_right_left_fingertip_collision, other_geom=scene_aabb_proxy_line_6_center_machine_module
  robot_geom=gripper0_right_left_fingertip_collision, other_geom=scene_aabb_proxy_line_6_center_machine_module
  robot_geom=gripper0_right_left_fingerpad_collision, other_geom=scene_aabb_proxy_line_6_center_machine_module
  robot_geom=gripper0_right_left_fingerpad_collision, other_geom=scene_aabb_proxy_line_6_center_machine_module
  robot_geom=gripper0_right_left_fingerpad_collision, other_geom=scene_aabb_proxy_line_6_center_machine_module
  ... 10 more contact pairs
judge_collision_detected:
robot_base_x: 12.650239
robot_base_y: 1.062366
robot_base_yaw: 3.136462
robot_geom: gripper0_right_left_fingerpad_collision
proxy_geom: scene_aabb_proxy_line_6_center_machine_module
judge_collision_detected:
robot_base_x: 12.650239
robot_base_y: 1.062366
robot_base_yaw: 3.136462
robot_geom: gripper0_right_left_fingertip_collision
proxy_geom: scene_aabb_proxy_line_6_center_machine_module
judge_collision_detected:
robot_base_x: 12.650239
robot_base_y: 1.062366
robot_base_yaw: 3.136462
robot_geom: gripper0_right_right_fingertip_collision
proxy_geom: scene_aabb_proxy_line_6_center_machine_module
collision_detected:
  robot_geom=gripper0_right_left_inner_finger_collision, other_geom=scene_aabb_proxy_line_6_center_machine_module
  robot_geom=gripper0_right_left_fingertip_collision, other_geom=scene_aabb_proxy_line_6_center_machine_module
  robot_geom=gripper0_right_left_fingertip_collision, other_geom=scene_aabb_proxy_line_6_center_machine_module
  robot_geom=gripper0_right_left_fingertip_collision, other_geom=scene_aabb_proxy_line_6_center_machine_module
  robot_geom=gripper0_right_left_fingertip_collision, other_geom=scene_aabb_proxy_line_6_center_machine_module
  robot_geom=gripper0_right_left_fingerpad_collision, other_geom=scene_aabb_proxy_line_6_center_machine_module
  robot_geom=gripper0_right_left_fingerpad_collision, other_geom=scene_aabb_proxy_line_6_center_machine_module
  robot_geom=gripper0_right_left_fingerpad_collision, other_geom=scene_aabb_proxy_line_6_center_machine_module
  ... 10 more contact pairs
judge_collision_detected:
robot_base_x: 12.650252
robot_base_y: 1.039866
robot_base_yaw: 3.136347
robot_geom: gripper0_right_left_fingerpad_collision
proxy_geom: scene_aabb_proxy_line_6_center_machine_module
judge_collision_detected:
robot_base_x: 12.650252
robot_base_y: 1.039866
robot_base_yaw: 3.136347
robot_geom: gripper0_right_left_fingertip_collision
proxy_geom: scene_aabb_proxy_line_6_center_machine_module
judge_collision_detected:
robot_base_x: 12.650252
robot_base_y: 1.039866
robot_base_yaw: 3.136347
robot_geom: gripper0_right_right_fingertip_collision
proxy_geom: scene_aabb_proxy_line_6_center_machine_module
collision_detected:
  robot_geom=gripper0_right_left_inner_finger_collision, other_geom=scene_aabb_proxy_line_6_center_machine_module
  robot_geom=gripper0_right_left_fingertip_collision, other_geom=scene_aabb_proxy_line_6_center_machine_module
  robot_geom=gripper0_right_left_fingertip_collision, other_geom=scene_aabb_proxy_line_6_center_machine_module
  robot_geom=gripper0_right_left_fingertip_collision, other_geom=scene_aabb_proxy_line_6_center_machine_module
  robot_geom=gripper0_right_left_fingertip_collision, other_geom=scene_aabb_proxy_line_6_center_machine_module
  robot_geom=gripper0_right_left_fingerpad_collision, other_geom=scene_aabb_proxy_line_6_center_machine_module
  robot_geom=gripper0_right_left_fingerpad_collision, other_geom=scene_aabb_proxy_line_6_center_machine_module
  robot_geom=gripper0_right_left_fingerpad_collision, other_geom=scene_aabb_proxy_line_6_center_machine_module
  ... 10 more contact pairs
judge_collision_detected:
robot_base_x: 12.650262
robot_base_y: 1.017365
robot_base_yaw: 3.136233
robot_geom: gripper0_right_left_fingerpad_collision
proxy_geom: scene_aabb_proxy_line_6_center_machine_module
judge_collision_detected:
robot_base_x: 12.650262
robot_base_y: 1.017365
robot_base_yaw: 3.136233
robot_geom: gripper0_right_left_fingertip_collision
proxy_geom: scene_aabb_proxy_line_6_center_machine_module
judge_collision_detected:
robot_base_x: 12.650262
robot_base_y: 1.017365
robot_base_yaw: 3.136233
robot_geom: gripper0_right_right_fingertip_collision
proxy_geom: scene_aabb_proxy_line_6_center_machine_module
collision_detected:
  robot_geom=gripper0_right_left_inner_finger_collision, other_geom=scene_aabb_proxy_line_6_center_machine_module
  robot_geom=gripper0_right_left_fingertip_collision, other_geom=scene_aabb_proxy_line_6_center_machine_module
  robot_geom=gripper0_right_left_fingertip_collision, other_geom=scene_aabb_proxy_line_6_center_machine_module
  robot_geom=gripper0_right_left_fingertip_collision, other_geom=scene_aabb_proxy_line_6_center_machine_module
  robot_geom=gripper0_right_left_fingertip_collision, other_geom=scene_aabb_proxy_line_6_center_machine_module
  robot_geom=gripper0_right_left_fingerpad_collision, other_geom=scene_aabb_proxy_line_6_center_machine_module
  robot_geom=gripper0_right_left_fingerpad_collision, other_geom=scene_aabb_proxy_line_6_center_machine_module
  robot_geom=gripper0_right_left_fingerpad_collision, other_geom=scene_aabb_proxy_line_6_center_machine_module
  ... 10 more contact pairs
judge_collision_detected:
robot_base_x: 12.650269
robot_base_y: 0.994865
robot_base_yaw: 3.136118
robot_geom: gripper0_right_left_fingerpad_collision
proxy_geom: scene_aabb_proxy_line_6_center_machine_module
judge_collision_detected:
robot_base_x: 12.650269
robot_base_y: 0.994865
robot_base_yaw: 3.136118
robot_geom: gripper0_right_left_fingertip_collision
proxy_geom: scene_aabb_proxy_line_6_center_machine_module
judge_collision_detected:
robot_base_x: 12.650269
robot_base_y: 0.994865
robot_base_yaw: 3.136118
robot_geom: gripper0_right_right_fingertip_collision
proxy_geom: scene_aabb_proxy_line_6_center_machine_module
collision_detected:
  robot_geom=gripper0_right_left_inner_finger_collision, other_geom=scene_aabb_proxy_line_6_center_machine_module
  robot_geom=gripper0_right_left_fingertip_collision, other_geom=scene_aabb_proxy_line_6_center_machine_module
  robot_geom=gripper0_right_left_fingertip_collision, other_geom=scene_aabb_proxy_line_6_center_machine_module
  robot_geom=gripper0_right_left_fingertip_collision, other_geom=scene_aabb_proxy_line_6_center_machine_module
  robot_geom=gripper0_right_left_fingertip_collision, other_geom=scene_aabb_proxy_line_6_center_machine_module
  robot_geom=gripper0_right_left_fingerpad_collision, other_geom=scene_aabb_proxy_line_6_center_machine_module
  robot_geom=gripper0_right_left_fingerpad_collision, other_geom=scene_aabb_proxy_line_6_center_machine_module
  robot_geom=gripper0_right_left_fingerpad_collision, other_geom=scene_aabb_proxy_line_6_center_machine_module
  ... 10 more contact pairs
judge_collision_detected:
robot_base_x: 12.650271
robot_base_y: 0.972364
robot_base_yaw: 3.136004
robot_geom: gripper0_right_left_fingerpad_collision
proxy_geom: scene_aabb_proxy_line_6_center_machine_module
judge_collision_detected:
robot_base_x: 12.650271
robot_base_y: 0.972364
robot_base_yaw: 3.136004
robot_geom: gripper0_right_left_fingertip_collision
proxy_geom: scene_aabb_proxy_line_6_center_machine_module
judge_collision_detected:
robot_base_x: 12.650271
robot_base_y: 0.972364
robot_base_yaw: 3.136004
robot_geom: gripper0_right_right_fingertip_collision
proxy_geom: scene_aabb_proxy_line_6_center_machine_module
collision_detected:
  robot_geom=gripper0_right_left_inner_finger_collision, other_geom=scene_aabb_proxy_line_6_center_machine_module
  robot_geom=gripper0_right_left_fingertip_collision, other_geom=scene_aabb_proxy_line_6_center_machine_module
  robot_geom=gripper0_right_left_fingertip_collision, other_geom=scene_aabb_proxy_line_6_center_machine_module
  robot_geom=gripper0_right_left_fingertip_collision, other_geom=scene_aabb_proxy_line_6_center_machine_module
  robot_geom=gripper0_right_left_fingertip_collision, other_geom=scene_aabb_proxy_line_6_center_machine_module
  robot_geom=gripper0_right_left_fingerpad_collision, other_geom=scene_aabb_proxy_line_6_center_machine_module
  robot_geom=gripper0_right_left_fingerpad_collision, other_geom=scene_aabb_proxy_line_6_center_machine_module
  robot_geom=gripper0_right_left_fingerpad_collision, other_geom=scene_aabb_proxy_line_6_center_machine_module
  ... 10 more contact pairs
judge_collision_detected:
robot_base_x: 12.650270
robot_base_y: 0.949864
robot_base_yaw: 3.135890
robot_geom: gripper0_right_left_fingerpad_collision
proxy_geom: scene_aabb_proxy_line_6_center_machine_module
judge_collision_detected:
robot_base_x: 12.650270
robot_base_y: 0.949864
robot_base_yaw: 3.135890
robot_geom: gripper0_right_left_fingertip_collision
proxy_geom: scene_aabb_proxy_line_6_center_machine_module
judge_collision_detected:
robot_base_x: 12.650270
robot_base_y: 0.949864
robot_base_yaw: 3.135890
robot_geom: gripper0_right_right_fingertip_collision
proxy_geom: scene_aabb_proxy_line_6_center_machine_module
collision_detected:
  robot_geom=gripper0_right_left_inner_finger_collision, other_geom=scene_aabb_proxy_line_6_center_machine_module
  robot_geom=gripper0_right_left_fingertip_collision, other_geom=scene_aabb_proxy_line_6_center_machine_module
  robot_geom=gripper0_right_left_fingertip_collision, other_geom=scene_aabb_proxy_line_6_center_machine_module
  robot_geom=gripper0_right_left_fingertip_collision, other_geom=scene_aabb_proxy_line_6_center_machine_module
  robot_geom=gripper0_right_left_fingertip_collision, other_geom=scene_aabb_proxy_line_6_center_machine_module
  robot_geom=gripper0_right_left_fingerpad_collision, other_geom=scene_aabb_proxy_line_6_center_machine_module
  robot_geom=gripper0_right_left_fingerpad_collision, other_geom=scene_aabb_proxy_line_6_center_machine_module
  robot_geom=gripper0_right_left_fingerpad_collision, other_geom=scene_aabb_proxy_line_6_center_machine_module
  ... 10 more contact pairs
judge_collision_detected:
robot_base_x: 12.650263
robot_base_y: 0.927363
robot_base_yaw: 3.135776
robot_geom: gripper0_right_left_fingerpad_collision
proxy_geom: scene_aabb_proxy_line_6_center_machine_module
judge_collision_detected:
robot_base_x: 12.650263
robot_base_y: 0.927363
robot_base_yaw: 3.135776
robot_geom: gripper0_right_left_fingertip_collision
proxy_geom: scene_aabb_proxy_line_6_center_machine_module
judge_collision_detected:
robot_base_x: 12.650263
robot_base_y: 0.927363
robot_base_yaw: 3.135776
robot_geom: gripper0_right_right_fingertip_collision
proxy_geom: scene_aabb_proxy_line_6_center_machine_module
collision_detected:
  robot_geom=gripper0_right_left_inner_finger_collision, other_geom=scene_aabb_proxy_line_6_center_machine_module
  robot_geom=gripper0_right_left_fingertip_collision, other_geom=scene_aabb_proxy_line_6_center_machine_module
  robot_geom=gripper0_right_left_fingertip_collision, other_geom=scene_aabb_proxy_line_6_center_machine_module
  robot_geom=gripper0_right_left_fingertip_collision, other_geom=scene_aabb_proxy_line_6_center_machine_module
  robot_geom=gripper0_right_left_fingertip_collision, other_geom=scene_aabb_proxy_line_6_center_machine_module
  robot_geom=gripper0_right_left_fingerpad_collision, other_geom=scene_aabb_proxy_line_6_center_machine_module
  robot_geom=gripper0_right_left_fingerpad_collision, other_geom=scene_aabb_proxy_line_6_center_machine_module
  robot_geom=gripper0_right_left_fingerpad_collision, other_geom=scene_aabb_proxy_line_6_center_machine_module
  ... 10 more contact pairs
judge_collision_detected:
robot_base_x: 12.650250
robot_base_y: 0.904863
robot_base_yaw: 3.135662
robot_geom: gripper0_right_left_fingerpad_collision
proxy_geom: scene_aabb_proxy_line_6_center_machine_module
judge_collision_detected:
robot_base_x: 12.650250
robot_base_y: 0.904863
robot_base_yaw: 3.135662
robot_geom: gripper0_right_left_fingertip_collision
proxy_geom: scene_aabb_proxy_line_6_center_machine_module
judge_collision_detected:
robot_base_x: 12.650250
robot_base_y: 0.904863
robot_base_yaw: 3.135662
robot_geom: gripper0_right_right_fingertip_collision
proxy_geom: scene_aabb_proxy_line_6_center_machine_module
collision_detected:
  robot_geom=gripper0_right_left_inner_finger_collision, other_geom=scene_aabb_proxy_line_6_center_machine_module
  robot_geom=gripper0_right_left_fingertip_collision, other_geom=scene_aabb_proxy_line_6_center_machine_module
  robot_geom=gripper0_right_left_fingertip_collision, other_geom=scene_aabb_proxy_line_6_center_machine_module
  robot_geom=gripper0_right_left_fingertip_collision, other_geom=scene_aabb_proxy_line_6_center_machine_module
  robot_geom=gripper0_right_left_fingertip_collision, other_geom=scene_aabb_proxy_line_6_center_machine_module
  robot_geom=gripper0_right_left_fingerpad_collision, other_geom=scene_aabb_proxy_line_6_center_machine_module
  robot_geom=gripper0_right_left_fingerpad_collision, other_geom=scene_aabb_proxy_line_6_center_machine_module
  robot_geom=gripper0_right_left_fingerpad_collision, other_geom=scene_aabb_proxy_line_6_center_machine_module
  ... 10 more contact pairs
judge_collision_detected:
robot_base_x: 12.650230
robot_base_y: 0.882363
robot_base_yaw: 3.135548
robot_geom: gripper0_right_left_fingerpad_collision
proxy_geom: scene_aabb_proxy_line_6_center_machine_module
judge_collision_detected:
robot_base_x: 12.650230
robot_base_y: 0.882363
robot_base_yaw: 3.135548
robot_geom: gripper0_right_left_fingertip_collision
proxy_geom: scene_aabb_proxy_line_6_center_machine_module
judge_collision_detected:
robot_base_x: 12.650230
robot_base_y: 0.882363
robot_base_yaw: 3.135548
robot_geom: gripper0_right_right_fingertip_collision
proxy_geom: scene_aabb_proxy_line_6_center_machine_module
collision_detected:
  robot_geom=gripper0_right_left_inner_finger_collision, other_geom=scene_aabb_proxy_line_6_center_machine_module
  robot_geom=gripper0_right_left_fingertip_collision, other_geom=scene_aabb_proxy_line_6_center_machine_module
  robot_geom=gripper0_right_left_fingertip_collision, other_geom=scene_aabb_proxy_line_6_center_machine_module
  robot_geom=gripper0_right_left_fingertip_collision, other_geom=scene_aabb_proxy_line_6_center_machine_module
  robot_geom=gripper0_right_left_fingertip_collision, other_geom=scene_aabb_proxy_line_6_center_machine_module
  robot_geom=gripper0_right_left_fingerpad_collision, other_geom=scene_aabb_proxy_line_6_center_machine_module
  robot_geom=gripper0_right_left_fingerpad_collision, other_geom=scene_aabb_proxy_line_6_center_machine_module
  robot_geom=gripper0_right_left_fingerpad_collision, other_geom=scene_aabb_proxy_line_6_center_machine_module
  ... 10 more contact pairs
judge_collision_detected:
robot_base_x: 12.650201
robot_base_y: 0.859862
robot_base_yaw: 3.135434
robot_geom: gripper0_right_left_fingerpad_collision
proxy_geom: scene_aabb_proxy_line_6_center_machine_module
judge_collision_detected:
robot_base_x: 12.650201
robot_base_y: 0.859862
robot_base_yaw: 3.135434
robot_geom: gripper0_right_left_fingertip_collision
proxy_geom: scene_aabb_proxy_line_6_center_machine_module
judge_collision_detected:
robot_base_x: 12.650201
robot_base_y: 0.859862
robot_base_yaw: 3.135434
robot_geom: gripper0_right_right_fingertip_collision
proxy_geom: scene_aabb_proxy_line_6_center_machine_module
collision_detected:
  robot_geom=gripper0_right_left_inner_finger_collision, other_geom=scene_aabb_proxy_line_6_center_machine_module
  robot_geom=gripper0_right_left_fingertip_collision, other_geom=scene_aabb_proxy_line_6_center_machine_module
  robot_geom=gripper0_right_left_fingertip_collision, other_geom=scene_aabb_proxy_line_6_center_machine_module
  robot_geom=gripper0_right_left_fingertip_collision, other_geom=scene_aabb_proxy_line_6_center_machine_module
  robot_geom=gripper0_right_left_fingertip_collision, other_geom=scene_aabb_proxy_line_6_center_machine_module
  robot_geom=gripper0_right_left_fingerpad_collision, other_geom=scene_aabb_proxy_line_6_center_machine_module
  robot_geom=gripper0_right_left_fingerpad_collision, other_geom=scene_aabb_proxy_line_6_center_machine_module
  robot_geom=gripper0_right_left_fingerpad_collision, other_geom=scene_aabb_proxy_line_6_center_machine_module
  ... 10 more contact pairs
judge_collision_detected:
robot_base_x: 12.650159
robot_base_y: 0.837362
robot_base_yaw: 3.135320
robot_geom: gripper0_right_left_fingerpad_collision
proxy_geom: scene_aabb_proxy_line_6_center_machine_module
judge_collision_detected:
robot_base_x: 12.650159
robot_base_y: 0.837362
robot_base_yaw: 3.135320
robot_geom: gripper0_right_left_fingertip_collision
proxy_geom: scene_aabb_proxy_line_6_center_machine_module
judge_collision_detected:
robot_base_x: 12.650159
robot_base_y: 0.837362
robot_base_yaw: 3.135320
robot_geom: gripper0_right_right_fingertip_collision
proxy_geom: scene_aabb_proxy_line_6_center_machine_module
collision_detected:
  robot_geom=gripper0_right_left_inner_finger_collision, other_geom=scene_aabb_proxy_line_6_center_machine_module
  robot_geom=gripper0_right_left_fingertip_collision, other_geom=scene_aabb_proxy_line_6_center_machine_module
  robot_geom=gripper0_right_left_fingertip_collision, other_geom=scene_aabb_proxy_line_6_center_machine_module
  robot_geom=gripper0_right_left_fingertip_collision, other_geom=scene_aabb_proxy_line_6_center_machine_module
  robot_geom=gripper0_right_left_fingertip_collision, other_geom=scene_aabb_proxy_line_6_center_machine_module
  robot_geom=gripper0_right_left_fingerpad_collision, other_geom=scene_aabb_proxy_line_6_center_machine_module
  robot_geom=gripper0_right_left_fingerpad_collision, other_geom=scene_aabb_proxy_line_6_center_machine_module
  robot_geom=gripper0_right_left_fingerpad_collision, other_geom=scene_aabb_proxy_line_6_center_machine_module
  ... 10 more contact pairs
judge_collision_detected:
robot_base_x: 12.650096
robot_base_y: 0.814862
robot_base_yaw: 3.135206
robot_geom: gripper0_right_left_fingerpad_collision
proxy_geom: scene_aabb_proxy_line_6_center_machine_module
judge_collision_detected:
robot_base_x: 12.650096
robot_base_y: 0.814862
robot_base_yaw: 3.135206
robot_geom: gripper0_right_left_fingertip_collision
proxy_geom: scene_aabb_proxy_line_6_center_machine_module
judge_collision_detected:
robot_base_x: 12.650096
robot_base_y: 0.814862
robot_base_yaw: 3.135206
robot_geom: gripper0_right_right_fingertip_collision
proxy_geom: scene_aabb_proxy_line_6_center_machine_module
collision_detected:
  robot_geom=gripper0_right_left_inner_finger_collision, other_geom=scene_aabb_proxy_line_6_center_machine_module
  robot_geom=gripper0_right_left_fingertip_collision, other_geom=scene_aabb_proxy_line_6_center_machine_module
  robot_geom=gripper0_right_left_fingertip_collision, other_geom=scene_aabb_proxy_line_6_center_machine_module
  robot_geom=gripper0_right_left_fingertip_collision, other_geom=scene_aabb_proxy_line_6_center_machine_module
  robot_geom=gripper0_right_left_fingertip_collision, other_geom=scene_aabb_proxy_line_6_center_machine_module
  robot_geom=gripper0_right_left_fingerpad_collision, other_geom=scene_aabb_proxy_line_6_center_machine_module
  robot_geom=gripper0_right_left_fingerpad_collision, other_geom=scene_aabb_proxy_line_6_center_machine_module
  robot_geom=gripper0_right_left_fingerpad_collision, other_geom=scene_aabb_proxy_line_6_center_machine_module
  ... 10 more contact pairs
judge_collision_detected:
robot_base_x: 12.650125
robot_base_y: 0.792361
robot_base_yaw: 3.135093
robot_geom: gripper0_right_left_fingerpad_collision
proxy_geom: scene_aabb_proxy_line_6_center_machine_module
judge_collision_detected:
robot_base_x: 12.650125
robot_base_y: 0.792361
robot_base_yaw: 3.135093
robot_geom: gripper0_right_left_fingertip_collision
proxy_geom: scene_aabb_proxy_line_6_center_machine_module
judge_collision_detected:
robot_base_x: 12.650125
robot_base_y: 0.792361
robot_base_yaw: 3.135093
robot_geom: gripper0_right_right_fingertip_collision
proxy_geom: scene_aabb_proxy_line_6_center_machine_module
collision_detected:
  robot_geom=gripper0_right_left_inner_finger_collision, other_geom=scene_aabb_proxy_line_6_center_machine_module
  robot_geom=gripper0_right_left_fingertip_collision, other_geom=scene_aabb_proxy_line_6_center_machine_module
  robot_geom=gripper0_right_left_fingertip_collision, other_geom=scene_aabb_proxy_line_6_center_machine_module
  robot_geom=gripper0_right_left_fingertip_collision, other_geom=scene_aabb_proxy_line_6_center_machine_module
  robot_geom=gripper0_right_left_fingertip_collision, other_geom=scene_aabb_proxy_line_6_center_machine_module
  robot_geom=gripper0_right_left_fingerpad_collision, other_geom=scene_aabb_proxy_line_6_center_machine_module
  robot_geom=gripper0_right_left_fingerpad_collision, other_geom=scene_aabb_proxy_line_6_center_machine_module
  robot_geom=gripper0_right_left_fingerpad_collision, other_geom=scene_aabb_proxy_line_6_center_machine_module
  ... 10 more contact pairs
judge_collision_detected:
robot_base_x: 12.650151
robot_base_y: 0.769860
robot_base_yaw: 3.134979
robot_geom: gripper0_right_left_fingerpad_collision
proxy_geom: scene_aabb_proxy_line_6_center_machine_module
judge_collision_detected:
robot_base_x: 12.650151
robot_base_y: 0.769860
robot_base_yaw: 3.134979
robot_geom: gripper0_right_left_fingertip_collision
proxy_geom: scene_aabb_proxy_line_6_center_machine_module
judge_collision_detected:
robot_base_x: 12.650151
robot_base_y: 0.769860
robot_base_yaw: 3.134979
robot_geom: gripper0_right_right_fingertip_collision
proxy_geom: scene_aabb_proxy_line_6_center_machine_module
collision_detected:
  robot_geom=gripper0_right_left_inner_finger_collision, other_geom=scene_aabb_proxy_line_6_center_machine_module
  robot_geom=gripper0_right_left_fingertip_collision, other_geom=scene_aabb_proxy_line_6_center_machine_module
  robot_geom=gripper0_right_left_fingertip_collision, other_geom=scene_aabb_proxy_line_6_center_machine_module
  robot_geom=gripper0_right_left_fingertip_collision, other_geom=scene_aabb_proxy_line_6_center_machine_module
  robot_geom=gripper0_right_left_fingertip_collision, other_geom=scene_aabb_proxy_line_6_center_machine_module
  robot_geom=gripper0_right_left_fingerpad_collision, other_geom=scene_aabb_proxy_line_6_center_machine_module
  robot_geom=gripper0_right_left_fingerpad_collision, other_geom=scene_aabb_proxy_line_6_center_machine_module
  robot_geom=gripper0_right_left_fingerpad_collision, other_geom=scene_aabb_proxy_line_6_center_machine_module
  ... 10 more contact pairs
judge_collision_detected:
robot_base_x: 12.650176
robot_base_y: 0.747360
robot_base_yaw: 3.134866
robot_geom: gripper0_right_left_fingerpad_collision
proxy_geom: scene_aabb_proxy_line_6_center_machine_module
judge_collision_detected:
robot_base_x: 12.650176
robot_base_y: 0.747360
robot_base_yaw: 3.134866
robot_geom: gripper0_right_left_fingertip_collision
proxy_geom: scene_aabb_proxy_line_6_center_machine_module
judge_collision_detected:
robot_base_x: 12.650176
robot_base_y: 0.747360
robot_base_yaw: 3.134866
robot_geom: gripper0_right_right_fingertip_collision
proxy_geom: scene_aabb_proxy_line_6_center_machine_module
collision_detected:
  robot_geom=gripper0_right_left_inner_finger_collision, other_geom=scene_aabb_proxy_line_6_center_machine_module
  robot_geom=gripper0_right_left_fingertip_collision, other_geom=scene_aabb_proxy_line_6_center_machine_module
  robot_geom=gripper0_right_left_fingertip_collision, other_geom=scene_aabb_proxy_line_6_center_machine_module
  robot_geom=gripper0_right_left_fingertip_collision, other_geom=scene_aabb_proxy_line_6_center_machine_module
  robot_geom=gripper0_right_left_fingertip_collision, other_geom=scene_aabb_proxy_line_6_center_machine_module
  robot_geom=gripper0_right_left_fingerpad_collision, other_geom=scene_aabb_proxy_line_6_center_machine_module
  robot_geom=gripper0_right_left_fingerpad_collision, other_geom=scene_aabb_proxy_line_6_center_machine_module
  robot_geom=gripper0_right_left_fingerpad_collision, other_geom=scene_aabb_proxy_line_6_center_machine_module
  ... 10 more contact pairs
judge_collision_detected:
robot_base_x: 12.650198
robot_base_y: 0.724859
robot_base_yaw: 3.134753
robot_geom: gripper0_right_left_fingerpad_collision
proxy_geom: scene_aabb_proxy_line_6_center_machine_module
judge_collision_detected:
robot_base_x: 12.650198
robot_base_y: 0.724859
robot_base_yaw: 3.134753
robot_geom: gripper0_right_left_fingertip_collision
proxy_geom: scene_aabb_proxy_line_6_center_machine_module
judge_collision_detected:
robot_base_x: 12.650198
robot_base_y: 0.724859
robot_base_yaw: 3.134753
robot_geom: gripper0_right_right_fingertip_collision
proxy_geom: scene_aabb_proxy_line_6_center_machine_module
collision_detected:
  robot_geom=gripper0_right_left_inner_finger_collision, other_geom=scene_aabb_proxy_line_6_center_machine_module
  robot_geom=gripper0_right_left_fingertip_collision, other_geom=scene_aabb_proxy_line_6_center_machine_module
  robot_geom=gripper0_right_left_fingertip_collision, other_geom=scene_aabb_proxy_line_6_center_machine_module
  robot_geom=gripper0_right_left_fingertip_collision, other_geom=scene_aabb_proxy_line_6_center_machine_module
  robot_geom=gripper0_right_left_fingertip_collision, other_geom=scene_aabb_proxy_line_6_center_machine_module
  robot_geom=gripper0_right_left_fingerpad_collision, other_geom=scene_aabb_proxy_line_6_center_machine_module
  robot_geom=gripper0_right_left_fingerpad_collision, other_geom=scene_aabb_proxy_line_6_center_machine_module
  robot_geom=gripper0_right_left_fingerpad_collision, other_geom=scene_aabb_proxy_line_6_center_machine_module
  ... 10 more contact pairs
judge_collision_detected:
robot_base_x: 12.650218
robot_base_y: 0.702359
robot_base_yaw: 3.134640
robot_geom: gripper0_right_left_fingerpad_collision
proxy_geom: scene_aabb_proxy_line_6_center_machine_module
judge_collision_detected:
robot_base_x: 12.650218
robot_base_y: 0.702359
robot_base_yaw: 3.134640
robot_geom: gripper0_right_left_fingertip_collision
proxy_geom: scene_aabb_proxy_line_6_center_machine_module
judge_collision_detected:
robot_base_x: 12.650218
robot_base_y: 0.702359
robot_base_yaw: 3.134640
robot_geom: gripper0_right_right_fingertip_collision
proxy_geom: scene_aabb_proxy_line_6_center_machine_module
collision_detected:
  robot_geom=gripper0_right_left_inner_finger_collision, other_geom=scene_aabb_proxy_line_6_center_machine_module
  robot_geom=gripper0_right_left_fingertip_collision, other_geom=scene_aabb_proxy_line_6_center_machine_module
  robot_geom=gripper0_right_left_fingertip_collision, other_geom=scene_aabb_proxy_line_6_center_machine_module
  robot_geom=gripper0_right_left_fingertip_collision, other_geom=scene_aabb_proxy_line_6_center_machine_module
  robot_geom=gripper0_right_left_fingertip_collision, other_geom=scene_aabb_proxy_line_6_center_machine_module
  robot_geom=gripper0_right_left_fingerpad_collision, other_geom=scene_aabb_proxy_line_6_center_machine_module
  robot_geom=gripper0_right_left_fingerpad_collision, other_geom=scene_aabb_proxy_line_6_center_machine_module
  robot_geom=gripper0_right_left_fingerpad_collision, other_geom=scene_aabb_proxy_line_6_center_machine_module
  ... 10 more contact pairs
judge_collision_detected:
robot_base_x: 12.650235
robot_base_y: 0.679858
robot_base_yaw: 3.134526
robot_geom: gripper0_right_left_fingerpad_collision
proxy_geom: scene_aabb_proxy_line_6_center_machine_module
judge_collision_detected:
robot_base_x: 12.650235
robot_base_y: 0.679858
robot_base_yaw: 3.134526
robot_geom: gripper0_right_left_fingertip_collision
proxy_geom: scene_aabb_proxy_line_6_center_machine_module
judge_collision_detected:
robot_base_x: 12.650235
robot_base_y: 0.679858
robot_base_yaw: 3.134526
robot_geom: gripper0_right_right_fingertip_collision
proxy_geom: scene_aabb_proxy_line_6_center_machine_module
collision_detected:
  robot_geom=gripper0_right_left_inner_finger_collision, other_geom=scene_aabb_proxy_line_6_center_machine_module
  robot_geom=gripper0_right_left_fingertip_collision, other_geom=scene_aabb_proxy_line_6_center_machine_module
  robot_geom=gripper0_right_left_fingertip_collision, other_geom=scene_aabb_proxy_line_6_center_machine_module
  robot_geom=gripper0_right_left_fingertip_collision, other_geom=scene_aabb_proxy_line_6_center_machine_module
  robot_geom=gripper0_right_left_fingertip_collision, other_geom=scene_aabb_proxy_line_6_center_machine_module
  robot_geom=gripper0_right_left_fingerpad_collision, other_geom=scene_aabb_proxy_line_6_center_machine_module
  robot_geom=gripper0_right_left_fingerpad_collision, other_geom=scene_aabb_proxy_line_6_center_machine_module
  robot_geom=gripper0_right_left_fingerpad_collision, other_geom=scene_aabb_proxy_line_6_center_machine_module
  ... 10 more contact pairs
judge_collision_detected:
robot_base_x: 12.650250
robot_base_y: 0.657358
robot_base_yaw: 3.134413
robot_geom: gripper0_right_left_fingerpad_collision
proxy_geom: scene_aabb_proxy_line_6_center_machine_module
judge_collision_detected:
robot_base_x: 12.650250
robot_base_y: 0.657358
robot_base_yaw: 3.134413
robot_geom: gripper0_right_left_fingertip_collision
proxy_geom: scene_aabb_proxy_line_6_center_machine_module
judge_collision_detected:
robot_base_x: 12.650250
robot_base_y: 0.657358
robot_base_yaw: 3.134413
robot_geom: gripper0_right_right_fingertip_collision
proxy_geom: scene_aabb_proxy_line_6_center_machine_module
collision_detected:
  robot_geom=gripper0_right_left_inner_finger_collision, other_geom=scene_aabb_proxy_line_6_center_machine_module
  robot_geom=gripper0_right_left_fingertip_collision, other_geom=scene_aabb_proxy_line_6_center_machine_module
  robot_geom=gripper0_right_left_fingertip_collision, other_geom=scene_aabb_proxy_line_6_center_machine_module
  robot_geom=gripper0_right_left_fingertip_collision, other_geom=scene_aabb_proxy_line_6_center_machine_module
  robot_geom=gripper0_right_left_fingertip_collision, other_geom=scene_aabb_proxy_line_6_center_machine_module
  robot_geom=gripper0_right_left_fingerpad_collision, other_geom=scene_aabb_proxy_line_6_center_machine_module
  robot_geom=gripper0_right_left_fingerpad_collision, other_geom=scene_aabb_proxy_line_6_center_machine_module
  robot_geom=gripper0_right_left_fingerpad_collision, other_geom=scene_aabb_proxy_line_6_center_machine_module
  ... 10 more contact pairs
judge_collision_detected:
robot_base_x: 12.650262
robot_base_y: 0.634857
robot_base_yaw: 3.134300
robot_geom: gripper0_right_left_fingerpad_collision
proxy_geom: scene_aabb_proxy_line_6_center_machine_module
judge_collision_detected:
robot_base_x: 12.650262
robot_base_y: 0.634857
robot_base_yaw: 3.134300
robot_geom: gripper0_right_left_fingertip_collision
proxy_geom: scene_aabb_proxy_line_6_center_machine_module
judge_collision_detected:
robot_base_x: 12.650262
robot_base_y: 0.634857
robot_base_yaw: 3.134300
robot_geom: gripper0_right_right_fingertip_collision
proxy_geom: scene_aabb_proxy_line_6_center_machine_module
collision_detected:
  robot_geom=gripper0_right_left_inner_finger_collision, other_geom=scene_aabb_proxy_line_6_center_machine_module
  robot_geom=gripper0_right_left_fingertip_collision, other_geom=scene_aabb_proxy_line_6_center_machine_module
  robot_geom=gripper0_right_left_fingertip_collision, other_geom=scene_aabb_proxy_line_6_center_machine_module
  robot_geom=gripper0_right_left_fingertip_collision, other_geom=scene_aabb_proxy_line_6_center_machine_module
  robot_geom=gripper0_right_left_fingertip_collision, other_geom=scene_aabb_proxy_line_6_center_machine_module
  robot_geom=gripper0_right_left_fingerpad_collision, other_geom=scene_aabb_proxy_line_6_center_machine_module
  robot_geom=gripper0_right_left_fingerpad_collision, other_geom=scene_aabb_proxy_line_6_center_machine_module
  robot_geom=gripper0_right_left_fingerpad_collision, other_geom=scene_aabb_proxy_line_6_center_machine_module
  ... 10 more contact pairs
judge_collision_detected:
robot_base_x: 12.650270
robot_base_y: 0.612357
robot_base_yaw: 3.134188
robot_geom: gripper0_right_left_fingerpad_collision
proxy_geom: scene_aabb_proxy_line_6_center_machine_module
judge_collision_detected:
robot_base_x: 12.650270
robot_base_y: 0.612357
robot_base_yaw: 3.134188
robot_geom: gripper0_right_left_fingertip_collision
proxy_geom: scene_aabb_proxy_line_6_center_machine_module
judge_collision_detected:
robot_base_x: 12.650270
robot_base_y: 0.612357
robot_base_yaw: 3.134188
robot_geom: gripper0_right_right_fingertip_collision
proxy_geom: scene_aabb_proxy_line_6_center_machine_module
collision_detected:
  robot_geom=gripper0_right_left_inner_finger_collision, other_geom=scene_aabb_proxy_line_6_center_machine_module
  robot_geom=gripper0_right_left_fingertip_collision, other_geom=scene_aabb_proxy_line_6_center_machine_module
  robot_geom=gripper0_right_left_fingertip_collision, other_geom=scene_aabb_proxy_line_6_center_machine_module
  robot_geom=gripper0_right_left_fingertip_collision, other_geom=scene_aabb_proxy_line_6_center_machine_module
  robot_geom=gripper0_right_left_fingertip_collision, other_geom=scene_aabb_proxy_line_6_center_machine_module
  robot_geom=gripper0_right_left_fingerpad_collision, other_geom=scene_aabb_proxy_line_6_center_machine_module
  robot_geom=gripper0_right_left_fingerpad_collision, other_geom=scene_aabb_proxy_line_6_center_machine_module
  robot_geom=gripper0_right_left_fingerpad_collision, other_geom=scene_aabb_proxy_line_6_center_machine_module
  ... 10 more contact pairs
judge_collision_detected:
robot_base_x: 12.650275
robot_base_y: 0.589856
robot_base_yaw: 3.134075
robot_geom: gripper0_right_left_fingerpad_collision
proxy_geom: scene_aabb_proxy_line_6_center_machine_module
judge_collision_detected:
robot_base_x: 12.650275
robot_base_y: 0.589856
robot_base_yaw: 3.134075
robot_geom: gripper0_right_left_fingertip_collision
proxy_geom: scene_aabb_proxy_line_6_center_machine_module
judge_collision_detected:
robot_base_x: 12.650275
robot_base_y: 0.589856
robot_base_yaw: 3.134075
robot_geom: gripper0_right_right_fingertip_collision
proxy_geom: scene_aabb_proxy_line_6_center_machine_module
collision_detected:
  robot_geom=gripper0_right_left_inner_finger_collision, other_geom=scene_aabb_proxy_line_6_center_machine_module
  robot_geom=gripper0_right_left_fingertip_collision, other_geom=scene_aabb_proxy_line_6_center_machine_module
  robot_geom=gripper0_right_left_fingertip_collision, other_geom=scene_aabb_proxy_line_6_center_machine_module
  robot_geom=gripper0_right_left_fingertip_collision, other_geom=scene_aabb_proxy_line_6_center_machine_module
  robot_geom=gripper0_right_left_fingertip_collision, other_geom=scene_aabb_proxy_line_6_center_machine_module
  robot_geom=gripper0_right_left_fingerpad_collision, other_geom=scene_aabb_proxy_line_6_center_machine_module
  robot_geom=gripper0_right_left_fingerpad_collision, other_geom=scene_aabb_proxy_line_6_center_machine_module
  robot_geom=gripper0_right_left_fingerpad_collision, other_geom=scene_aabb_proxy_line_6_center_machine_module
  ... 10 more contact pairs
judge_collision_detected:
robot_base_x: 12.650276
robot_base_y: 0.567356
robot_base_yaw: 3.133962
robot_geom: gripper0_right_left_fingerpad_collision
proxy_geom: scene_aabb_proxy_line_6_center_machine_module
judge_collision_detected:
robot_base_x: 12.650276
robot_base_y: 0.567356
robot_base_yaw: 3.133962
robot_geom: gripper0_right_left_fingertip_collision
proxy_geom: scene_aabb_proxy_line_6_center_machine_module
judge_collision_detected:
robot_base_x: 12.650276
robot_base_y: 0.567356
robot_base_yaw: 3.133962
robot_geom: gripper0_right_right_fingertip_collision
proxy_geom: scene_aabb_proxy_line_6_center_machine_module
collision_detected:
  robot_geom=gripper0_right_left_inner_finger_collision, other_geom=scene_aabb_proxy_line_6_center_machine_module
  robot_geom=gripper0_right_left_fingertip_collision, other_geom=scene_aabb_proxy_line_6_center_machine_module
  robot_geom=gripper0_right_left_fingertip_collision, other_geom=scene_aabb_proxy_line_6_center_machine_module
  robot_geom=gripper0_right_left_fingertip_collision, other_geom=scene_aabb_proxy_line_6_center_machine_module
  robot_geom=gripper0_right_left_fingertip_collision, other_geom=scene_aabb_proxy_line_6_center_machine_module
  robot_geom=gripper0_right_left_fingerpad_collision, other_geom=scene_aabb_proxy_line_6_center_machine_module
  robot_geom=gripper0_right_left_fingerpad_collision, other_geom=scene_aabb_proxy_line_6_center_machine_module
  robot_geom=gripper0_right_left_fingerpad_collision, other_geom=scene_aabb_proxy_line_6_center_machine_module
  ... 10 more contact pairs
judge_collision_detected:
robot_base_x: 12.650273
robot_base_y: 0.544855
robot_base_yaw: 3.133849
robot_geom: gripper0_right_left_fingerpad_collision
proxy_geom: scene_aabb_proxy_line_6_center_machine_module
judge_collision_detected:
robot_base_x: 12.650273
robot_base_y: 0.544855
robot_base_yaw: 3.133849
robot_geom: gripper0_right_left_fingertip_collision
proxy_geom: scene_aabb_proxy_line_6_center_machine_module
judge_collision_detected:
robot_base_x: 12.650273
robot_base_y: 0.544855
robot_base_yaw: 3.133849
robot_geom: gripper0_right_right_fingertip_collision
proxy_geom: scene_aabb_proxy_line_6_center_machine_module
collision_detected:
  robot_geom=gripper0_right_left_inner_finger_collision, other_geom=scene_aabb_proxy_line_6_center_machine_module
  robot_geom=gripper0_right_left_fingertip_collision, other_geom=scene_aabb_proxy_line_6_center_machine_module
  robot_geom=gripper0_right_left_fingertip_collision, other_geom=scene_aabb_proxy_line_6_center_machine_module
  robot_geom=gripper0_right_left_fingertip_collision, other_geom=scene_aabb_proxy_line_6_center_machine_module
  robot_geom=gripper0_right_left_fingertip_collision, other_geom=scene_aabb_proxy_line_6_center_machine_module
  robot_geom=gripper0_right_left_fingerpad_collision, other_geom=scene_aabb_proxy_line_6_center_machine_module
  robot_geom=gripper0_right_left_fingerpad_collision, other_geom=scene_aabb_proxy_line_6_center_machine_module
  robot_geom=gripper0_right_left_fingerpad_collision, other_geom=scene_aabb_proxy_line_6_center_machine_module
  ... 10 more contact pairs
judge_collision_detected:
robot_base_x: 12.650264
robot_base_y: 0.522355
robot_base_yaw: 3.133736
robot_geom: gripper0_right_left_fingerpad_collision
proxy_geom: scene_aabb_proxy_line_6_center_machine_module
judge_collision_detected:
robot_base_x: 12.650264
robot_base_y: 0.522355
robot_base_yaw: 3.133736
robot_geom: gripper0_right_left_fingertip_collision
proxy_geom: scene_aabb_proxy_line_6_center_machine_module
judge_collision_detected:
robot_base_x: 12.650264
robot_base_y: 0.522355
robot_base_yaw: 3.133736
robot_geom: gripper0_right_right_fingertip_collision
proxy_geom: scene_aabb_proxy_line_6_center_machine_module
collision_detected:
  robot_geom=gripper0_right_left_inner_finger_collision, other_geom=scene_aabb_proxy_line_6_center_machine_module
  robot_geom=gripper0_right_left_fingertip_collision, other_geom=scene_aabb_proxy_line_6_center_machine_module
  robot_geom=gripper0_right_left_fingertip_collision, other_geom=scene_aabb_proxy_line_6_center_machine_module
  robot_geom=gripper0_right_left_fingertip_collision, other_geom=scene_aabb_proxy_line_6_center_machine_module
  robot_geom=gripper0_right_left_fingertip_collision, other_geom=scene_aabb_proxy_line_6_center_machine_module
  robot_geom=gripper0_right_left_fingerpad_collision, other_geom=scene_aabb_proxy_line_6_center_machine_module
  robot_geom=gripper0_right_left_fingerpad_collision, other_geom=scene_aabb_proxy_line_6_center_machine_module
  robot_geom=gripper0_right_left_fingerpad_collision, other_geom=scene_aabb_proxy_line_6_center_machine_module
  ... 10 more contact pairs
judge_collision_detected:
robot_base_x: 12.650249
robot_base_y: 0.499854
robot_base_yaw: 3.133623
robot_geom: gripper0_right_left_fingerpad_collision
proxy_geom: scene_aabb_proxy_line_6_center_machine_module
judge_collision_detected:
robot_base_x: 12.650249
robot_base_y: 0.499854
robot_base_yaw: 3.133623
robot_geom: gripper0_right_left_fingertip_collision
proxy_geom: scene_aabb_proxy_line_6_center_machine_module
judge_collision_detected:
robot_base_x: 12.650249
robot_base_y: 0.499854
robot_base_yaw: 3.133623
robot_geom: gripper0_right_right_fingertip_collision
proxy_geom: scene_aabb_proxy_line_6_center_machine_module
collision_detected:
  robot_geom=gripper0_right_left_inner_finger_collision, other_geom=scene_aabb_proxy_line_6_center_machine_module
  robot_geom=gripper0_right_left_fingertip_collision, other_geom=scene_aabb_proxy_line_6_center_machine_module
  robot_geom=gripper0_right_left_fingertip_collision, other_geom=scene_aabb_proxy_line_6_center_machine_module
  robot_geom=gripper0_right_left_fingertip_collision, other_geom=scene_aabb_proxy_line_6_center_machine_module
  robot_geom=gripper0_right_left_fingertip_collision, other_geom=scene_aabb_proxy_line_6_center_machine_module
  robot_geom=gripper0_right_left_fingerpad_collision, other_geom=scene_aabb_proxy_line_6_center_machine_module
  robot_geom=gripper0_right_left_fingerpad_collision, other_geom=scene_aabb_proxy_line_6_center_machine_module
  robot_geom=gripper0_right_left_fingerpad_collision, other_geom=scene_aabb_proxy_line_6_center_machine_module
  ... 10 more contact pairs
judge_collision_detected:
robot_base_x: 12.650226
robot_base_y: 0.477354
robot_base_yaw: 3.133510
robot_geom: gripper0_right_left_fingerpad_collision
proxy_geom: scene_aabb_proxy_line_6_center_machine_module
judge_collision_detected:
robot_base_x: 12.650226
robot_base_y: 0.477354
robot_base_yaw: 3.133510
robot_geom: gripper0_right_left_fingertip_collision
proxy_geom: scene_aabb_proxy_line_6_center_machine_module
judge_collision_detected:
robot_base_x: 12.650226
robot_base_y: 0.477354
robot_base_yaw: 3.133510
robot_geom: gripper0_right_right_fingertip_collision
proxy_geom: scene_aabb_proxy_line_6_center_machine_module
collision_detected:
  robot_geom=gripper0_right_left_inner_finger_collision, other_geom=scene_aabb_proxy_line_6_center_machine_module
  robot_geom=gripper0_right_left_fingertip_collision, other_geom=scene_aabb_proxy_line_6_center_machine_module
  robot_geom=gripper0_right_left_fingertip_collision, other_geom=scene_aabb_proxy_line_6_center_machine_module
  robot_geom=gripper0_right_left_fingertip_collision, other_geom=scene_aabb_proxy_line_6_center_machine_module
  robot_geom=gripper0_right_left_fingertip_collision, other_geom=scene_aabb_proxy_line_6_center_machine_module
  robot_geom=gripper0_right_left_fingerpad_collision, other_geom=scene_aabb_proxy_line_6_center_machine_module
  robot_geom=gripper0_right_left_fingerpad_collision, other_geom=scene_aabb_proxy_line_6_center_machine_module
  robot_geom=gripper0_right_left_fingerpad_collision, other_geom=scene_aabb_proxy_line_6_center_machine_module
  ... 10 more contact pairs
judge_collision_detected:
robot_base_x: 12.650194
robot_base_y: 0.454853
robot_base_yaw: 3.133397
robot_geom: gripper0_right_left_fingerpad_collision
proxy_geom: scene_aabb_proxy_line_6_center_machine_module
judge_collision_detected:
robot_base_x: 12.650194
robot_base_y: 0.454853
robot_base_yaw: 3.133397
robot_geom: gripper0_right_left_fingertip_collision
proxy_geom: scene_aabb_proxy_line_6_center_machine_module
judge_collision_detected:
robot_base_x: 12.650194
robot_base_y: 0.454853
robot_base_yaw: 3.133397
robot_geom: gripper0_right_right_fingertip_collision
proxy_geom: scene_aabb_proxy_line_6_center_machine_module
collision_detected:
  robot_geom=gripper0_right_left_inner_finger_collision, other_geom=scene_aabb_proxy_line_6_center_machine_module
  robot_geom=gripper0_right_left_fingertip_collision, other_geom=scene_aabb_proxy_line_6_center_machine_module
  robot_geom=gripper0_right_left_fingertip_collision, other_geom=scene_aabb_proxy_line_6_center_machine_module
  robot_geom=gripper0_right_left_fingertip_collision, other_geom=scene_aabb_proxy_line_6_center_machine_module
  robot_geom=gripper0_right_left_fingertip_collision, other_geom=scene_aabb_proxy_line_6_center_machine_module
  robot_geom=gripper0_right_left_fingerpad_collision, other_geom=scene_aabb_proxy_line_6_center_machine_module
  robot_geom=gripper0_right_left_fingerpad_collision, other_geom=scene_aabb_proxy_line_6_center_machine_module
  robot_geom=gripper0_right_left_fingerpad_collision, other_geom=scene_aabb_proxy_line_6_center_machine_module
  ... 10 more contact pairs
judge_collision_detected:
robot_base_x: 12.650147
robot_base_y: 0.432353
robot_base_yaw: 3.133284
robot_geom: gripper0_right_left_fingerpad_collision
proxy_geom: scene_aabb_proxy_line_6_center_machine_module
judge_collision_detected:
robot_base_x: 12.650147
robot_base_y: 0.432353
robot_base_yaw: 3.133284
robot_geom: gripper0_right_left_fingertip_collision
proxy_geom: scene_aabb_proxy_line_6_center_machine_module
judge_collision_detected:
robot_base_x: 12.650147
robot_base_y: 0.432353
robot_base_yaw: 3.133284
robot_geom: gripper0_right_right_fingertip_collision
proxy_geom: scene_aabb_proxy_line_6_center_machine_module
collision_detected:
  robot_geom=gripper0_right_left_inner_finger_collision, other_geom=scene_aabb_proxy_line_6_center_machine_module
  robot_geom=gripper0_right_left_fingertip_collision, other_geom=scene_aabb_proxy_line_6_center_machine_module
  robot_geom=gripper0_right_left_fingertip_collision, other_geom=scene_aabb_proxy_line_6_center_machine_module
  robot_geom=gripper0_right_left_fingertip_collision, other_geom=scene_aabb_proxy_line_6_center_machine_module
  robot_geom=gripper0_right_left_fingertip_collision, other_geom=scene_aabb_proxy_line_6_center_machine_module
  robot_geom=gripper0_right_left_fingerpad_collision, other_geom=scene_aabb_proxy_line_6_center_machine_module
  robot_geom=gripper0_right_left_fingerpad_collision, other_geom=scene_aabb_proxy_line_6_center_machine_module
  robot_geom=gripper0_right_left_fingerpad_collision, other_geom=scene_aabb_proxy_line_6_center_machine_module
  ... 10 more contact pairs
judge_collision_detected:
robot_base_x: 12.650078
robot_base_y: 0.409852
robot_base_yaw: 3.133172
robot_geom: gripper0_right_left_fingerpad_collision
proxy_geom: scene_aabb_proxy_line_6_center_machine_module
judge_collision_detected:
robot_base_x: 12.650078
robot_base_y: 0.409852
robot_base_yaw: 3.133172
robot_geom: gripper0_right_left_fingertip_collision
proxy_geom: scene_aabb_proxy_line_6_center_machine_module
judge_collision_detected:
robot_base_x: 12.650078
robot_base_y: 0.409852
robot_base_yaw: 3.133172
robot_geom: gripper0_right_right_fingertip_collision
proxy_geom: scene_aabb_proxy_line_6_center_machine_module
collision_detected:
  robot_geom=gripper0_right_left_inner_finger_collision, other_geom=scene_aabb_proxy_line_6_center_machine_module
  robot_geom=gripper0_right_left_fingertip_collision, other_geom=scene_aabb_proxy_line_6_center_machine_module
  robot_geom=gripper0_right_left_fingertip_collision, other_geom=scene_aabb_proxy_line_6_center_machine_module
  robot_geom=gripper0_right_left_fingertip_collision, other_geom=scene_aabb_proxy_line_6_center_machine_module
  robot_geom=gripper0_right_left_fingertip_collision, other_geom=scene_aabb_proxy_line_6_center_machine_module
  robot_geom=gripper0_right_left_fingerpad_collision, other_geom=scene_aabb_proxy_line_6_center_machine_module
  robot_geom=gripper0_right_left_fingerpad_collision, other_geom=scene_aabb_proxy_line_6_center_machine_module
  robot_geom=gripper0_right_left_fingerpad_collision, other_geom=scene_aabb_proxy_line_6_center_machine_module
  ... 10 more contact pairs
judge_collision_detected:
robot_base_x: 12.650106
robot_base_y: 0.387352
robot_base_yaw: 3.133059
robot_geom: gripper0_right_left_fingerpad_collision
proxy_geom: scene_aabb_proxy_line_6_center_machine_module
judge_collision_detected:
robot_base_x: 12.650106
robot_base_y: 0.387352
robot_base_yaw: 3.133059
robot_geom: gripper0_right_left_fingertip_collision
proxy_geom: scene_aabb_proxy_line_6_center_machine_module
judge_collision_detected:
robot_base_x: 12.650106
robot_base_y: 0.387352
robot_base_yaw: 3.133059
robot_geom: gripper0_right_right_fingertip_collision
proxy_geom: scene_aabb_proxy_line_6_center_machine_module
collision_detected:
  robot_geom=gripper0_right_left_inner_finger_collision, other_geom=scene_aabb_proxy_line_6_center_machine_module
  robot_geom=gripper0_right_left_fingertip_collision, other_geom=scene_aabb_proxy_line_6_center_machine_module
  robot_geom=gripper0_right_left_fingertip_collision, other_geom=scene_aabb_proxy_line_6_center_machine_module
  robot_geom=gripper0_right_left_fingertip_collision, other_geom=scene_aabb_proxy_line_6_center_machine_module
  robot_geom=gripper0_right_left_fingertip_collision, other_geom=scene_aabb_proxy_line_6_center_machine_module
  robot_geom=gripper0_right_left_fingerpad_collision, other_geom=scene_aabb_proxy_line_6_center_machine_module
  robot_geom=gripper0_right_left_fingerpad_collision, other_geom=scene_aabb_proxy_line_6_center_machine_module
  robot_geom=gripper0_right_left_fingerpad_collision, other_geom=scene_aabb_proxy_line_6_center_machine_module
  ... 10 more contact pairs
judge_collision_detected:
robot_base_x: 12.650133
robot_base_y: 0.364851
robot_base_yaw: 3.132947
robot_geom: gripper0_right_left_fingerpad_collision
proxy_geom: scene_aabb_proxy_line_6_center_machine_module
judge_collision_detected:
robot_base_x: 12.650133
robot_base_y: 0.364851
robot_base_yaw: 3.132947
robot_geom: gripper0_right_left_fingertip_collision
proxy_geom: scene_aabb_proxy_line_6_center_machine_module
judge_collision_detected:
robot_base_x: 12.650133
robot_base_y: 0.364851
robot_base_yaw: 3.132947
robot_geom: gripper0_right_right_fingertip_collision
proxy_geom: scene_aabb_proxy_line_6_center_machine_module
collision_detected:
  robot_geom=gripper0_right_left_inner_finger_collision, other_geom=scene_aabb_proxy_line_6_center_machine_module
  robot_geom=gripper0_right_left_fingertip_collision, other_geom=scene_aabb_proxy_line_6_center_machine_module
  robot_geom=gripper0_right_left_fingertip_collision, other_geom=scene_aabb_proxy_line_6_center_machine_module
  robot_geom=gripper0_right_left_fingertip_collision, other_geom=scene_aabb_proxy_line_6_center_machine_module
  robot_geom=gripper0_right_left_fingertip_collision, other_geom=scene_aabb_proxy_line_6_center_machine_module
  robot_geom=gripper0_right_left_fingerpad_collision, other_geom=scene_aabb_proxy_line_6_center_machine_module
  robot_geom=gripper0_right_left_fingerpad_collision, other_geom=scene_aabb_proxy_line_6_center_machine_module
  robot_geom=gripper0_right_left_fingerpad_collision, other_geom=scene_aabb_proxy_line_6_center_machine_module
  ... 10 more contact pairs
judge_collision_detected:
robot_base_x: 12.650157
robot_base_y: 0.342350
robot_base_yaw: 3.132834
robot_geom: gripper0_right_left_fingerpad_collision
proxy_geom: scene_aabb_proxy_line_6_center_machine_module
judge_collision_detected:
robot_base_x: 12.650157
robot_base_y: 0.342350
robot_base_yaw: 3.132834
robot_geom: gripper0_right_left_fingertip_collision
proxy_geom: scene_aabb_proxy_line_6_center_machine_module
judge_collision_detected:
robot_base_x: 12.650157
robot_base_y: 0.342350
robot_base_yaw: 3.132834
robot_geom: gripper0_right_right_fingertip_collision
proxy_geom: scene_aabb_proxy_line_6_center_machine_module
collision_detected:
  robot_geom=gripper0_right_left_inner_finger_collision, other_geom=scene_aabb_proxy_line_6_center_machine_module
  robot_geom=gripper0_right_left_fingertip_collision, other_geom=scene_aabb_proxy_line_6_center_machine_module
  robot_geom=gripper0_right_left_fingertip_collision, other_geom=scene_aabb_proxy_line_6_center_machine_module
  robot_geom=gripper0_right_left_fingertip_collision, other_geom=scene_aabb_proxy_line_6_center_machine_module
  robot_geom=gripper0_right_left_fingertip_collision, other_geom=scene_aabb_proxy_line_6_center_machine_module
  robot_geom=gripper0_right_left_fingerpad_collision, other_geom=scene_aabb_proxy_line_6_center_machine_module
  robot_geom=gripper0_right_left_fingerpad_collision, other_geom=scene_aabb_proxy_line_6_center_machine_module
  robot_geom=gripper0_right_left_fingerpad_collision, other_geom=scene_aabb_proxy_line_6_center_machine_module
  ... 10 more contact pairs
judge_collision_detected:
robot_base_x: 12.650178
robot_base_y: 0.319850
robot_base_yaw: 3.132722
robot_geom: gripper0_right_left_fingerpad_collision
proxy_geom: scene_aabb_proxy_line_6_center_machine_module
judge_collision_detected:
robot_base_x: 12.650178
robot_base_y: 0.319850
robot_base_yaw: 3.132722
robot_geom: gripper0_right_left_fingertip_collision
proxy_geom: scene_aabb_proxy_line_6_center_machine_module
judge_collision_detected:
robot_base_x: 12.650178
robot_base_y: 0.319850
robot_base_yaw: 3.132722
robot_geom: gripper0_right_right_fingertip_collision
proxy_geom: scene_aabb_proxy_line_6_center_machine_module
collision_detected:
  robot_geom=gripper0_right_left_inner_finger_collision, other_geom=scene_aabb_proxy_line_6_center_machine_module
  robot_geom=gripper0_right_left_fingertip_collision, other_geom=scene_aabb_proxy_line_6_center_machine_module
  robot_geom=gripper0_right_left_fingertip_collision, other_geom=scene_aabb_proxy_line_6_center_machine_module
  robot_geom=gripper0_right_left_fingertip_collision, other_geom=scene_aabb_proxy_line_6_center_machine_module
  robot_geom=gripper0_right_left_fingertip_collision, other_geom=scene_aabb_proxy_line_6_center_machine_module
  robot_geom=gripper0_right_left_fingerpad_collision, other_geom=scene_aabb_proxy_line_6_center_machine_module
  robot_geom=gripper0_right_left_fingerpad_collision, other_geom=scene_aabb_proxy_line_6_center_machine_module
  robot_geom=gripper0_right_left_fingerpad_collision, other_geom=scene_aabb_proxy_line_6_center_machine_module
  ... 10 more contact pairs
judge_collision_detected:
robot_base_x: 12.650197
robot_base_y: 0.297349
robot_base_yaw: 3.132611
robot_geom: gripper0_right_left_fingerpad_collision
proxy_geom: scene_aabb_proxy_line_6_center_machine_module
judge_collision_detected:
robot_base_x: 12.650197
robot_base_y: 0.297349
robot_base_yaw: 3.132611
robot_geom: gripper0_right_left_fingertip_collision
proxy_geom: scene_aabb_proxy_line_6_center_machine_module
judge_collision_detected:
robot_base_x: 12.650197
robot_base_y: 0.297349
robot_base_yaw: 3.132611
robot_geom: gripper0_right_right_fingertip_collision
proxy_geom: scene_aabb_proxy_line_6_center_machine_module
collision_detected:
  robot_geom=gripper0_right_left_inner_finger_collision, other_geom=scene_aabb_proxy_line_6_center_machine_module
  robot_geom=gripper0_right_left_fingertip_collision, other_geom=scene_aabb_proxy_line_6_center_machine_module
  robot_geom=gripper0_right_left_fingertip_collision, other_geom=scene_aabb_proxy_line_6_center_machine_module
  robot_geom=gripper0_right_left_fingertip_collision, other_geom=scene_aabb_proxy_line_6_center_machine_module
  robot_geom=gripper0_right_left_fingertip_collision, other_geom=scene_aabb_proxy_line_6_center_machine_module
  robot_geom=gripper0_right_left_fingerpad_collision, other_geom=scene_aabb_proxy_line_6_center_machine_module
  robot_geom=gripper0_right_left_fingerpad_collision, other_geom=scene_aabb_proxy_line_6_center_machine_module
  robot_geom=gripper0_right_left_fingerpad_collision, other_geom=scene_aabb_proxy_line_6_center_machine_module
  ... 10 more contact pairs
judge_collision_detected:
robot_base_x: 12.650212
robot_base_y: 0.274849
robot_base_yaw: 3.132499
robot_geom: gripper0_right_left_fingerpad_collision
proxy_geom: scene_aabb_proxy_line_6_center_machine_module
judge_collision_detected:
robot_base_x: 12.650212
robot_base_y: 0.274849
robot_base_yaw: 3.132499
robot_geom: gripper0_right_left_fingertip_collision
proxy_geom: scene_aabb_proxy_line_6_center_machine_module
judge_collision_detected:
robot_base_x: 12.650212
robot_base_y: 0.274849
robot_base_yaw: 3.132499
robot_geom: gripper0_right_right_fingertip_collision
proxy_geom: scene_aabb_proxy_line_6_center_machine_module
collision_detected:
  robot_geom=gripper0_right_left_inner_finger_collision, other_geom=scene_aabb_proxy_line_6_center_machine_module
  robot_geom=gripper0_right_left_fingertip_collision, other_geom=scene_aabb_proxy_line_6_center_machine_module
  robot_geom=gripper0_right_left_fingertip_collision, other_geom=scene_aabb_proxy_line_6_center_machine_module
  robot_geom=gripper0_right_left_fingertip_collision, other_geom=scene_aabb_proxy_line_6_center_machine_module
  robot_geom=gripper0_right_left_fingertip_collision, other_geom=scene_aabb_proxy_line_6_center_machine_module
  robot_geom=gripper0_right_left_fingerpad_collision, other_geom=scene_aabb_proxy_line_6_center_machine_module
  robot_geom=gripper0_right_left_fingerpad_collision, other_geom=scene_aabb_proxy_line_6_center_machine_module
  robot_geom=gripper0_right_left_fingerpad_collision, other_geom=scene_aabb_proxy_line_6_center_machine_module
  ... 10 more contact pairs
judge_collision_detected:
robot_base_x: 12.650225
robot_base_y: 0.252348
robot_base_yaw: 3.132387
robot_geom: gripper0_right_left_fingerpad_collision
proxy_geom: scene_aabb_proxy_line_6_center_machine_module
judge_collision_detected:
robot_base_x: 12.650225
robot_base_y: 0.252348
robot_base_yaw: 3.132387
robot_geom: gripper0_right_left_fingertip_collision
proxy_geom: scene_aabb_proxy_line_6_center_machine_module
judge_collision_detected:
robot_base_x: 12.650225
robot_base_y: 0.252348
robot_base_yaw: 3.132387
robot_geom: gripper0_right_right_fingertip_collision
proxy_geom: scene_aabb_proxy_line_6_center_machine_module
collision_detected:
  robot_geom=gripper0_right_left_inner_finger_collision, other_geom=scene_aabb_proxy_line_6_center_machine_module
  robot_geom=gripper0_right_left_fingertip_collision, other_geom=scene_aabb_proxy_line_6_center_machine_module
  robot_geom=gripper0_right_left_fingertip_collision, other_geom=scene_aabb_proxy_line_6_center_machine_module
  robot_geom=gripper0_right_left_fingertip_collision, other_geom=scene_aabb_proxy_line_6_center_machine_module
  robot_geom=gripper0_right_left_fingertip_collision, other_geom=scene_aabb_proxy_line_6_center_machine_module
  robot_geom=gripper0_right_left_fingerpad_collision, other_geom=scene_aabb_proxy_line_6_center_machine_module
  robot_geom=gripper0_right_left_fingerpad_collision, other_geom=scene_aabb_proxy_line_6_center_machine_module
  robot_geom=gripper0_right_left_fingerpad_collision, other_geom=scene_aabb_proxy_line_6_center_machine_module
  ... 10 more contact pairs
judge_collision_detected:
robot_base_x: 12.650233
robot_base_y: 0.229847
robot_base_yaw: 3.132276
robot_geom: gripper0_right_left_fingerpad_collision
proxy_geom: scene_aabb_proxy_line_6_center_machine_module
judge_collision_detected:
robot_base_x: 12.650233
robot_base_y: 0.229847
robot_base_yaw: 3.132276
robot_geom: gripper0_right_left_fingertip_collision
proxy_geom: scene_aabb_proxy_line_6_center_machine_module
judge_collision_detected:
robot_base_x: 12.650233
robot_base_y: 0.229847
robot_base_yaw: 3.132276
robot_geom: gripper0_right_right_fingertip_collision
proxy_geom: scene_aabb_proxy_line_6_center_machine_module
collision_detected:
  robot_geom=gripper0_right_left_inner_finger_collision, other_geom=scene_aabb_proxy_line_6_center_machine_module
  robot_geom=gripper0_right_left_fingertip_collision, other_geom=scene_aabb_proxy_line_6_center_machine_module
  robot_geom=gripper0_right_left_fingertip_collision, other_geom=scene_aabb_proxy_line_6_center_machine_module
  robot_geom=gripper0_right_left_fingertip_collision, other_geom=scene_aabb_proxy_line_6_center_machine_module
  robot_geom=gripper0_right_left_fingertip_collision, other_geom=scene_aabb_proxy_line_6_center_machine_module
  robot_geom=gripper0_right_left_fingerpad_collision, other_geom=scene_aabb_proxy_line_6_center_machine_module
  robot_geom=gripper0_right_left_fingerpad_collision, other_geom=scene_aabb_proxy_line_6_center_machine_module
  robot_geom=gripper0_right_left_fingerpad_collision, other_geom=scene_aabb_proxy_line_6_center_machine_module
  ... 10 more contact pairs
judge_collision_detected:
robot_base_x: 12.650237
robot_base_y: 0.207346
robot_base_yaw: 3.132165
robot_geom: gripper0_right_left_fingerpad_collision
proxy_geom: scene_aabb_proxy_line_6_center_machine_module
judge_collision_detected:
robot_base_x: 12.650237
robot_base_y: 0.207346
robot_base_yaw: 3.132165
robot_geom: gripper0_right_left_fingertip_collision
proxy_geom: scene_aabb_proxy_line_6_center_machine_module
judge_collision_detected:
robot_base_x: 12.650237
robot_base_y: 0.207346
robot_base_yaw: 3.132165
robot_geom: gripper0_right_right_fingertip_collision
proxy_geom: scene_aabb_proxy_line_6_center_machine_module
collision_detected:
  robot_geom=gripper0_right_left_inner_finger_collision, other_geom=scene_aabb_proxy_line_6_center_machine_module
  robot_geom=gripper0_right_left_fingertip_collision, other_geom=scene_aabb_proxy_line_6_center_machine_module
  robot_geom=gripper0_right_left_fingertip_collision, other_geom=scene_aabb_proxy_line_6_center_machine_module
  robot_geom=gripper0_right_left_fingertip_collision, other_geom=scene_aabb_proxy_line_6_center_machine_module
  robot_geom=gripper0_right_left_fingertip_collision, other_geom=scene_aabb_proxy_line_6_center_machine_module
  robot_geom=gripper0_right_left_fingerpad_collision, other_geom=scene_aabb_proxy_line_6_center_machine_module
  robot_geom=gripper0_right_left_fingerpad_collision, other_geom=scene_aabb_proxy_line_6_center_machine_module
  robot_geom=gripper0_right_left_fingerpad_collision, other_geom=scene_aabb_proxy_line_6_center_machine_module
  ... 10 more contact pairs
judge_collision_detected:
robot_base_x: 12.650237
robot_base_y: 0.184846
robot_base_yaw: 3.132054
robot_geom: gripper0_right_left_fingerpad_collision
proxy_geom: scene_aabb_proxy_line_6_center_machine_module
judge_collision_detected:
robot_base_x: 12.650237
robot_base_y: 0.184846
robot_base_yaw: 3.132054
robot_geom: gripper0_right_left_fingertip_collision
proxy_geom: scene_aabb_proxy_line_6_center_machine_module
judge_collision_detected:
robot_base_x: 12.650237
robot_base_y: 0.184846
robot_base_yaw: 3.132054
robot_geom: gripper0_right_right_fingertip_collision
proxy_geom: scene_aabb_proxy_line_6_center_machine_module
collision_detected:
  robot_geom=gripper0_right_left_inner_finger_collision, other_geom=scene_aabb_proxy_line_6_center_machine_module
  robot_geom=gripper0_right_left_fingertip_collision, other_geom=scene_aabb_proxy_line_6_center_machine_module
  robot_geom=gripper0_right_left_fingertip_collision, other_geom=scene_aabb_proxy_line_6_center_machine_module
  robot_geom=gripper0_right_left_fingertip_collision, other_geom=scene_aabb_proxy_line_6_center_machine_module
  robot_geom=gripper0_right_left_fingertip_collision, other_geom=scene_aabb_proxy_line_6_center_machine_module
  robot_geom=gripper0_right_left_fingerpad_collision, other_geom=scene_aabb_proxy_line_6_center_machine_module
  robot_geom=gripper0_right_left_fingerpad_collision, other_geom=scene_aabb_proxy_line_6_center_machine_module
  robot_geom=gripper0_right_left_fingerpad_collision, other_geom=scene_aabb_proxy_line_6_center_machine_module
  ... 10 more contact pairs
judge_collision_detected:
robot_base_x: 12.650231
robot_base_y: 0.162345
robot_base_yaw: 3.131943
robot_geom: gripper0_right_left_fingerpad_collision
proxy_geom: scene_aabb_proxy_line_6_center_machine_module
judge_collision_detected:
robot_base_x: 12.650231
robot_base_y: 0.162345
robot_base_yaw: 3.131943
robot_geom: gripper0_right_left_fingertip_collision
proxy_geom: scene_aabb_proxy_line_6_center_machine_module
judge_collision_detected:
robot_base_x: 12.650231
robot_base_y: 0.162345
robot_base_yaw: 3.131943
robot_geom: gripper0_right_right_fingertip_collision
proxy_geom: scene_aabb_proxy_line_6_center_machine_module
collision_detected:
  robot_geom=gripper0_right_left_inner_finger_collision, other_geom=scene_aabb_proxy_line_6_center_machine_module
  robot_geom=gripper0_right_left_fingertip_collision, other_geom=scene_aabb_proxy_line_6_center_machine_module
  robot_geom=gripper0_right_left_fingertip_collision, other_geom=scene_aabb_proxy_line_6_center_machine_module
  robot_geom=gripper0_right_left_fingertip_collision, other_geom=scene_aabb_proxy_line_6_center_machine_module
  robot_geom=gripper0_right_left_fingertip_collision, other_geom=scene_aabb_proxy_line_6_center_machine_module
  robot_geom=gripper0_right_left_fingerpad_collision, other_geom=scene_aabb_proxy_line_6_center_machine_module
  robot_geom=gripper0_right_left_fingerpad_collision, other_geom=scene_aabb_proxy_line_6_center_machine_module
  robot_geom=gripper0_right_left_fingerpad_collision, other_geom=scene_aabb_proxy_line_6_center_machine_module
  ... 10 more contact pairs
judge_collision_detected:
robot_base_x: 12.650218
robot_base_y: 0.139844
robot_base_yaw: 3.131832
robot_geom: gripper0_right_left_fingerpad_collision
proxy_geom: scene_aabb_proxy_line_6_center_machine_module
judge_collision_detected:
robot_base_x: 12.650218
robot_base_y: 0.139844
robot_base_yaw: 3.131832
robot_geom: gripper0_right_left_fingertip_collision
proxy_geom: scene_aabb_proxy_line_6_center_machine_module
judge_collision_detected:
robot_base_x: 12.650218
robot_base_y: 0.139844
robot_base_yaw: 3.131832
robot_geom: gripper0_right_right_fingertip_collision
proxy_geom: scene_aabb_proxy_line_6_center_machine_module
collision_detected:
  robot_geom=gripper0_right_left_inner_finger_collision, other_geom=scene_aabb_proxy_line_6_center_machine_module
  robot_geom=gripper0_right_left_fingertip_collision, other_geom=scene_aabb_proxy_line_6_center_machine_module
  robot_geom=gripper0_right_left_fingertip_collision, other_geom=scene_aabb_proxy_line_6_center_machine_module
  robot_geom=gripper0_right_left_fingertip_collision, other_geom=scene_aabb_proxy_line_6_center_machine_module
  robot_geom=gripper0_right_left_fingertip_collision, other_geom=scene_aabb_proxy_line_6_center_machine_module
  robot_geom=gripper0_right_left_fingerpad_collision, other_geom=scene_aabb_proxy_line_6_center_machine_module
  robot_geom=gripper0_right_left_fingerpad_collision, other_geom=scene_aabb_proxy_line_6_center_machine_module
  robot_geom=gripper0_right_left_fingerpad_collision, other_geom=scene_aabb_proxy_line_6_center_machine_module
  ... 10 more contact pairs
judge_collision_detected:
robot_base_x: 12.650196
robot_base_y: 0.117344
robot_base_yaw: 3.131721
robot_geom: gripper0_right_left_fingerpad_collision
proxy_geom: scene_aabb_proxy_line_6_center_machine_module
judge_collision_detected:
robot_base_x: 12.650196
robot_base_y: 0.117344
robot_base_yaw: 3.131721
robot_geom: gripper0_right_left_fingertip_collision
proxy_geom: scene_aabb_proxy_line_6_center_machine_module
judge_collision_detected:
robot_base_x: 12.650196
robot_base_y: 0.117344
robot_base_yaw: 3.131721
robot_geom: gripper0_right_right_fingertip_collision
proxy_geom: scene_aabb_proxy_line_6_center_machine_module
collision_detected:
  robot_geom=gripper0_right_left_inner_finger_collision, other_geom=scene_aabb_proxy_line_6_center_machine_module
  robot_geom=gripper0_right_left_fingertip_collision, other_geom=scene_aabb_proxy_line_6_center_machine_module
  robot_geom=gripper0_right_left_fingertip_collision, other_geom=scene_aabb_proxy_line_6_center_machine_module
  robot_geom=gripper0_right_left_fingertip_collision, other_geom=scene_aabb_proxy_line_6_center_machine_module
  robot_geom=gripper0_right_left_fingertip_collision, other_geom=scene_aabb_proxy_line_6_center_machine_module
  robot_geom=gripper0_right_left_fingerpad_collision, other_geom=scene_aabb_proxy_line_6_center_machine_module
  robot_geom=gripper0_right_left_fingerpad_collision, other_geom=scene_aabb_proxy_line_6_center_machine_module
  robot_geom=gripper0_right_left_fingerpad_collision, other_geom=scene_aabb_proxy_line_6_center_machine_module
  ... 10 more contact pairs
judge_collision_detected:
robot_base_x: 12.650164
robot_base_y: 0.094843
robot_base_yaw: 3.131610
robot_geom: gripper0_right_left_fingerpad_collision
proxy_geom: scene_aabb_proxy_line_6_center_machine_module
judge_collision_detected:
robot_base_x: 12.650164
robot_base_y: 0.094843
robot_base_yaw: 3.131610
robot_geom: gripper0_right_left_fingertip_collision
proxy_geom: scene_aabb_proxy_line_6_center_machine_module
judge_collision_detected:
robot_base_x: 12.650164
robot_base_y: 0.094843
robot_base_yaw: 3.131610
robot_geom: gripper0_right_right_fingertip_collision
proxy_geom: scene_aabb_proxy_line_6_center_machine_module
collision_detected:
  robot_geom=gripper0_right_left_inner_finger_collision, other_geom=scene_aabb_proxy_line_6_center_machine_module
  robot_geom=gripper0_right_left_fingertip_collision, other_geom=scene_aabb_proxy_line_6_center_machine_module
  robot_geom=gripper0_right_left_fingertip_collision, other_geom=scene_aabb_proxy_line_6_center_machine_module
  robot_geom=gripper0_right_left_fingertip_collision, other_geom=scene_aabb_proxy_line_6_center_machine_module
  robot_geom=gripper0_right_left_fingertip_collision, other_geom=scene_aabb_proxy_line_6_center_machine_module
  robot_geom=gripper0_right_left_fingerpad_collision, other_geom=scene_aabb_proxy_line_6_center_machine_module
  robot_geom=gripper0_right_left_fingerpad_collision, other_geom=scene_aabb_proxy_line_6_center_machine_module
  robot_geom=gripper0_right_left_fingerpad_collision, other_geom=scene_aabb_proxy_line_6_center_machine_module
  ... 10 more contact pairs
judge_collision_detected:
robot_base_x: 12.650115
robot_base_y: 0.072342
robot_base_yaw: 3.131499
robot_geom: gripper0_right_left_fingerpad_collision
proxy_geom: scene_aabb_proxy_line_6_center_machine_module
judge_collision_detected:
robot_base_x: 12.650115
robot_base_y: 0.072342
robot_base_yaw: 3.131499
robot_geom: gripper0_right_left_fingertip_collision
proxy_geom: scene_aabb_proxy_line_6_center_machine_module
judge_collision_detected:
robot_base_x: 12.650115
robot_base_y: 0.072342
robot_base_yaw: 3.131499
robot_geom: gripper0_right_right_fingertip_collision
proxy_geom: scene_aabb_proxy_line_6_center_machine_module
collision_detected:
  robot_geom=gripper0_right_left_inner_finger_collision, other_geom=scene_aabb_proxy_line_6_center_machine_module
  robot_geom=gripper0_right_left_fingertip_collision, other_geom=scene_aabb_proxy_line_6_center_machine_module
  robot_geom=gripper0_right_left_fingertip_collision, other_geom=scene_aabb_proxy_line_6_center_machine_module
  robot_geom=gripper0_right_left_fingertip_collision, other_geom=scene_aabb_proxy_line_6_center_machine_module
  robot_geom=gripper0_right_left_fingertip_collision, other_geom=scene_aabb_proxy_line_6_center_machine_module
  robot_geom=gripper0_right_left_fingerpad_collision, other_geom=scene_aabb_proxy_line_6_center_machine_module
  robot_geom=gripper0_right_left_fingerpad_collision, other_geom=scene_aabb_proxy_line_6_center_machine_module
  robot_geom=gripper0_right_left_fingerpad_collision, other_geom=scene_aabb_proxy_line_6_center_machine_module
  ... 10 more contact pairs
judge_collision_detected:
robot_base_x: 12.650142
robot_base_y: 0.049842
robot_base_yaw: 3.131389
robot_geom: gripper0_right_left_fingerpad_collision
proxy_geom: scene_aabb_proxy_line_6_center_machine_module
judge_collision_detected:
robot_base_x: 12.650142
robot_base_y: 0.049842
robot_base_yaw: 3.131389
robot_geom: gripper0_right_left_fingertip_collision
proxy_geom: scene_aabb_proxy_line_6_center_machine_module
judge_collision_detected:
robot_base_x: 12.650142
robot_base_y: 0.049842
robot_base_yaw: 3.131389
robot_geom: gripper0_right_right_fingertip_collision
proxy_geom: scene_aabb_proxy_line_6_center_machine_module
collision_detected:
  robot_geom=gripper0_right_left_inner_finger_collision, other_geom=scene_aabb_proxy_line_6_center_machine_module
  robot_geom=gripper0_right_left_fingertip_collision, other_geom=scene_aabb_proxy_line_6_center_machine_module
  robot_geom=gripper0_right_left_fingertip_collision, other_geom=scene_aabb_proxy_line_6_center_machine_module
  robot_geom=gripper0_right_left_fingertip_collision, other_geom=scene_aabb_proxy_line_6_center_machine_module
  robot_geom=gripper0_right_left_fingertip_collision, other_geom=scene_aabb_proxy_line_6_center_machine_module
  robot_geom=gripper0_right_left_fingerpad_collision, other_geom=scene_aabb_proxy_line_6_center_machine_module
  robot_geom=gripper0_right_left_fingerpad_collision, other_geom=scene_aabb_proxy_line_6_center_machine_module
  robot_geom=gripper0_right_left_fingerpad_collision, other_geom=scene_aabb_proxy_line_6_center_machine_module
  ... 10 more contact pairs
judge_collision_detected:
robot_base_x: 12.650167
robot_base_y: 0.027341
robot_base_yaw: 3.131279
robot_geom: gripper0_right_left_fingerpad_collision
proxy_geom: scene_aabb_proxy_line_6_center_machine_module
judge_collision_detected:
robot_base_x: 12.650167
robot_base_y: 0.027341
robot_base_yaw: 3.131279
robot_geom: gripper0_right_left_fingertip_collision
proxy_geom: scene_aabb_proxy_line_6_center_machine_module
judge_collision_detected:
robot_base_x: 12.650167
robot_base_y: 0.027341
robot_base_yaw: 3.131279
robot_geom: gripper0_right_right_fingertip_collision
proxy_geom: scene_aabb_proxy_line_6_center_machine_module
collision_detected:
  robot_geom=gripper0_right_left_inner_finger_collision, other_geom=scene_aabb_proxy_line_6_center_machine_module
  robot_geom=gripper0_right_left_fingertip_collision, other_geom=scene_aabb_proxy_line_6_center_machine_module
  robot_geom=gripper0_right_left_fingertip_collision, other_geom=scene_aabb_proxy_line_6_center_machine_module
  robot_geom=gripper0_right_left_fingertip_collision, other_geom=scene_aabb_proxy_line_6_center_machine_module
  robot_geom=gripper0_right_left_fingertip_collision, other_geom=scene_aabb_proxy_line_6_center_machine_module
  robot_geom=gripper0_right_left_fingerpad_collision, other_geom=scene_aabb_proxy_line_6_center_machine_module
  robot_geom=gripper0_right_left_fingerpad_collision, other_geom=scene_aabb_proxy_line_6_center_machine_module
  robot_geom=gripper0_right_left_fingerpad_collision, other_geom=scene_aabb_proxy_line_6_center_machine_module
  ... 10 more contact pairs
judge_collision_detected:
robot_base_x: 12.650191
robot_base_y: 0.004840
robot_base_yaw: 3.131169
robot_geom: gripper0_right_left_fingerpad_collision
proxy_geom: scene_aabb_proxy_line_6_center_machine_module
judge_collision_detected:
robot_base_x: 12.650191
robot_base_y: 0.004840
robot_base_yaw: 3.131169
robot_geom: gripper0_right_left_fingertip_collision
proxy_geom: scene_aabb_proxy_line_6_center_machine_module
judge_collision_detected:
robot_base_x: 12.650191
robot_base_y: 0.004840
robot_base_yaw: 3.131169
robot_geom: gripper0_right_right_fingertip_collision
proxy_geom: scene_aabb_proxy_line_6_center_machine_module
collision_detected:
  robot_geom=gripper0_right_left_inner_finger_collision, other_geom=scene_aabb_proxy_line_6_center_machine_module
  robot_geom=gripper0_right_left_fingertip_collision, other_geom=scene_aabb_proxy_line_6_center_machine_module
  robot_geom=gripper0_right_left_fingertip_collision, other_geom=scene_aabb_proxy_line_6_center_machine_module
  robot_geom=gripper0_right_left_fingertip_collision, other_geom=scene_aabb_proxy_line_6_center_machine_module
  robot_geom=gripper0_right_left_fingertip_collision, other_geom=scene_aabb_proxy_line_6_center_machine_module
  robot_geom=gripper0_right_left_fingerpad_collision, other_geom=scene_aabb_proxy_line_6_center_machine_module
  robot_geom=gripper0_right_left_fingerpad_collision, other_geom=scene_aabb_proxy_line_6_center_machine_module
  robot_geom=gripper0_right_left_fingerpad_collision, other_geom=scene_aabb_proxy_line_6_center_machine_module
  ... 10 more contact pairs
judge_collision_detected:
robot_base_x: 12.650212
robot_base_y: -0.017661
robot_base_yaw: 3.131059
robot_geom: gripper0_right_left_fingerpad_collision
proxy_geom: scene_aabb_proxy_line_6_center_machine_module
judge_collision_detected:
robot_base_x: 12.650212
robot_base_y: -0.017661
robot_base_yaw: 3.131059
robot_geom: gripper0_right_left_fingertip_collision
proxy_geom: scene_aabb_proxy_line_6_center_machine_module
judge_collision_detected:
robot_base_x: 12.650212
robot_base_y: -0.017661
robot_base_yaw: 3.131059
robot_geom: gripper0_right_right_fingertip_collision
proxy_geom: scene_aabb_proxy_line_6_center_machine_module
collision_detected:
  robot_geom=gripper0_right_left_inner_finger_collision, other_geom=scene_aabb_proxy_line_6_center_machine_module
  robot_geom=gripper0_right_left_fingertip_collision, other_geom=scene_aabb_proxy_line_6_center_machine_module
  robot_geom=gripper0_right_left_fingertip_collision, other_geom=scene_aabb_proxy_line_6_center_machine_module
  robot_geom=gripper0_right_left_fingertip_collision, other_geom=scene_aabb_proxy_line_6_center_machine_module
  robot_geom=gripper0_right_left_fingertip_collision, other_geom=scene_aabb_proxy_line_6_center_machine_module
  robot_geom=gripper0_right_left_fingerpad_collision, other_geom=scene_aabb_proxy_line_6_center_machine_module
  robot_geom=gripper0_right_left_fingerpad_collision, other_geom=scene_aabb_proxy_line_6_center_machine_module
  robot_geom=gripper0_right_left_fingerpad_collision, other_geom=scene_aabb_proxy_line_6_center_machine_module
  ... 10 more contact pairs
judge_collision_detected:
robot_base_x: 12.650231
robot_base_y: -0.040162
robot_base_yaw: 3.130949
robot_geom: gripper0_right_left_fingerpad_collision
proxy_geom: scene_aabb_proxy_line_6_center_machine_module
judge_collision_detected:
robot_base_x: 12.650231
robot_base_y: -0.040162
robot_base_yaw: 3.130949
robot_geom: gripper0_right_left_fingertip_collision
proxy_geom: scene_aabb_proxy_line_6_center_machine_module
judge_collision_detected:
robot_base_x: 12.650231
robot_base_y: -0.040162
robot_base_yaw: 3.130949
robot_geom: gripper0_right_right_fingertip_collision
proxy_geom: scene_aabb_proxy_line_6_center_machine_module
collision_detected:
  robot_geom=gripper0_right_left_inner_finger_collision, other_geom=scene_aabb_proxy_line_6_center_machine_module
  robot_geom=gripper0_right_left_fingertip_collision, other_geom=scene_aabb_proxy_line_6_center_machine_module
  robot_geom=gripper0_right_left_fingertip_collision, other_geom=scene_aabb_proxy_line_6_center_machine_module
  robot_geom=gripper0_right_left_fingertip_collision, other_geom=scene_aabb_proxy_line_6_center_machine_module
  robot_geom=gripper0_right_left_fingertip_collision, other_geom=scene_aabb_proxy_line_6_center_machine_module
  robot_geom=gripper0_right_left_fingerpad_collision, other_geom=scene_aabb_proxy_line_6_center_machine_module
  robot_geom=gripper0_right_left_fingerpad_collision, other_geom=scene_aabb_proxy_line_6_center_machine_module
  robot_geom=gripper0_right_left_fingerpad_collision, other_geom=scene_aabb_proxy_line_6_center_machine_module
  ... 10 more contact pairs
judge_collision_detected:
robot_base_x: 12.650248
robot_base_y: -0.062663
robot_base_yaw: 3.130840
robot_geom: gripper0_right_left_fingerpad_collision
proxy_geom: scene_aabb_proxy_line_6_center_machine_module
judge_collision_detected:
robot_base_x: 12.650248
robot_base_y: -0.062663
robot_base_yaw: 3.130840
robot_geom: gripper0_right_left_fingertip_collision
proxy_geom: scene_aabb_proxy_line_6_center_machine_module
judge_collision_detected:
robot_base_x: 12.650248
robot_base_y: -0.062663
robot_base_yaw: 3.130840
robot_geom: gripper0_right_right_fingertip_collision
proxy_geom: scene_aabb_proxy_line_6_center_machine_module
collision_detected:
  robot_geom=gripper0_right_left_inner_finger_collision, other_geom=scene_aabb_proxy_line_6_center_machine_module
  robot_geom=gripper0_right_left_fingertip_collision, other_geom=scene_aabb_proxy_line_6_center_machine_module
  robot_geom=gripper0_right_left_fingertip_collision, other_geom=scene_aabb_proxy_line_6_center_machine_module
  robot_geom=gripper0_right_left_fingertip_collision, other_geom=scene_aabb_proxy_line_6_center_machine_module
  robot_geom=gripper0_right_left_fingertip_collision, other_geom=scene_aabb_proxy_line_6_center_machine_module
  robot_geom=gripper0_right_left_fingerpad_collision, other_geom=scene_aabb_proxy_line_6_center_machine_module
  robot_geom=gripper0_right_left_fingerpad_collision, other_geom=scene_aabb_proxy_line_6_center_machine_module
  robot_geom=gripper0_right_left_fingerpad_collision, other_geom=scene_aabb_proxy_line_6_center_machine_module
  ... 10 more contact pairs
judge_collision_detected:
robot_base_x: 12.650262
robot_base_y: -0.085163
robot_base_yaw: 3.130730
robot_geom: gripper0_right_left_fingerpad_collision
proxy_geom: scene_aabb_proxy_line_6_center_machine_module
judge_collision_detected:
robot_base_x: 12.650262
robot_base_y: -0.085163
robot_base_yaw: 3.130730
robot_geom: gripper0_right_left_fingertip_collision
proxy_geom: scene_aabb_proxy_line_6_center_machine_module
judge_collision_detected:
robot_base_x: 12.650262
robot_base_y: -0.085163
robot_base_yaw: 3.130730
robot_geom: gripper0_right_right_fingertip_collision
proxy_geom: scene_aabb_proxy_line_6_center_machine_module
collision_detected:
  robot_geom=gripper0_right_left_inner_finger_collision, other_geom=scene_aabb_proxy_line_6_center_machine_module
  robot_geom=gripper0_right_left_fingertip_collision, other_geom=scene_aabb_proxy_line_6_center_machine_module
  robot_geom=gripper0_right_left_fingertip_collision, other_geom=scene_aabb_proxy_line_6_center_machine_module
  robot_geom=gripper0_right_left_fingertip_collision, other_geom=scene_aabb_proxy_line_6_center_machine_module
  robot_geom=gripper0_right_left_fingertip_collision, other_geom=scene_aabb_proxy_line_6_center_machine_module
  robot_geom=gripper0_right_left_fingerpad_collision, other_geom=scene_aabb_proxy_line_6_center_machine_module
  robot_geom=gripper0_right_left_fingerpad_collision, other_geom=scene_aabb_proxy_line_6_center_machine_module
  robot_geom=gripper0_right_left_fingerpad_collision, other_geom=scene_aabb_proxy_line_6_center_machine_module
  ... 10 more contact pairs
judge_collision_detected:
robot_base_x: 12.650273
robot_base_y: -0.107664
robot_base_yaw: 3.130621
robot_geom: gripper0_right_left_fingerpad_collision
proxy_geom: scene_aabb_proxy_line_6_center_machine_module
judge_collision_detected:
robot_base_x: 12.650273
robot_base_y: -0.107664
robot_base_yaw: 3.130621
robot_geom: gripper0_right_left_fingertip_collision
proxy_geom: scene_aabb_proxy_line_6_center_machine_module
judge_collision_detected:
robot_base_x: 12.650273
robot_base_y: -0.107664
robot_base_yaw: 3.130621
robot_geom: gripper0_right_right_fingertip_collision
proxy_geom: scene_aabb_proxy_line_6_center_machine_module
collision_detected:
  robot_geom=gripper0_right_left_inner_finger_collision, other_geom=scene_aabb_proxy_line_6_center_machine_module
  robot_geom=gripper0_right_left_fingertip_collision, other_geom=scene_aabb_proxy_line_6_center_machine_module
  robot_geom=gripper0_right_left_fingertip_collision, other_geom=scene_aabb_proxy_line_6_center_machine_module
  robot_geom=gripper0_right_left_fingertip_collision, other_geom=scene_aabb_proxy_line_6_center_machine_module
  robot_geom=gripper0_right_left_fingertip_collision, other_geom=scene_aabb_proxy_line_6_center_machine_module
  robot_geom=gripper0_right_left_fingerpad_collision, other_geom=scene_aabb_proxy_line_6_center_machine_module
  robot_geom=gripper0_right_left_fingerpad_collision, other_geom=scene_aabb_proxy_line_6_center_machine_module
  robot_geom=gripper0_right_left_fingerpad_collision, other_geom=scene_aabb_proxy_line_6_center_machine_module
  ... 10 more contact pairs
judge_collision_detected:
robot_base_x: 12.650281
robot_base_y: -0.130165
robot_base_yaw: 3.130511
robot_geom: gripper0_right_left_fingerpad_collision
proxy_geom: scene_aabb_proxy_line_6_center_machine_module
judge_collision_detected:
robot_base_x: 12.650281
robot_base_y: -0.130165
robot_base_yaw: 3.130511
robot_geom: gripper0_right_left_fingertip_collision
proxy_geom: scene_aabb_proxy_line_6_center_machine_module
judge_collision_detected:
robot_base_x: 12.650281
robot_base_y: -0.130165
robot_base_yaw: 3.130511
robot_geom: gripper0_right_right_fingertip_collision
proxy_geom: scene_aabb_proxy_line_6_center_machine_module
collision_detected:
  robot_geom=gripper0_right_left_inner_finger_collision, other_geom=scene_aabb_proxy_line_6_center_machine_module
  robot_geom=gripper0_right_left_fingertip_collision, other_geom=scene_aabb_proxy_line_6_center_machine_module
  robot_geom=gripper0_right_left_fingertip_collision, other_geom=scene_aabb_proxy_line_6_center_machine_module
  robot_geom=gripper0_right_left_fingertip_collision, other_geom=scene_aabb_proxy_line_6_center_machine_module
  robot_geom=gripper0_right_left_fingertip_collision, other_geom=scene_aabb_proxy_line_6_center_machine_module
  robot_geom=gripper0_right_left_fingerpad_collision, other_geom=scene_aabb_proxy_line_6_center_machine_module
  robot_geom=gripper0_right_left_fingerpad_collision, other_geom=scene_aabb_proxy_line_6_center_machine_module
  robot_geom=gripper0_right_left_fingerpad_collision, other_geom=scene_aabb_proxy_line_6_center_machine_module
  ... 10 more contact pairs
judge_collision_detected:
robot_base_x: 12.650285
robot_base_y: -0.152666
robot_base_yaw: 3.130402
robot_geom: gripper0_right_left_fingerpad_collision
proxy_geom: scene_aabb_proxy_line_6_center_machine_module
judge_collision_detected:
robot_base_x: 12.650285
robot_base_y: -0.152666
robot_base_yaw: 3.130402
robot_geom: gripper0_right_left_fingertip_collision
proxy_geom: scene_aabb_proxy_line_6_center_machine_module
judge_collision_detected:
robot_base_x: 12.650285
robot_base_y: -0.152666
robot_base_yaw: 3.130402
robot_geom: gripper0_right_right_fingertip_collision
proxy_geom: scene_aabb_proxy_line_6_center_machine_module
collision_detected:
  robot_geom=gripper0_right_left_inner_finger_collision, other_geom=scene_aabb_proxy_line_6_center_machine_module
  robot_geom=gripper0_right_left_fingertip_collision, other_geom=scene_aabb_proxy_line_6_center_machine_module
  robot_geom=gripper0_right_left_fingertip_collision, other_geom=scene_aabb_proxy_line_6_center_machine_module
  robot_geom=gripper0_right_left_fingertip_collision, other_geom=scene_aabb_proxy_line_6_center_machine_module
  robot_geom=gripper0_right_left_fingertip_collision, other_geom=scene_aabb_proxy_line_6_center_machine_module
  robot_geom=gripper0_right_left_fingerpad_collision, other_geom=scene_aabb_proxy_line_6_center_machine_module
  robot_geom=gripper0_right_left_fingerpad_collision, other_geom=scene_aabb_proxy_line_6_center_machine_module
  robot_geom=gripper0_right_left_fingerpad_collision, other_geom=scene_aabb_proxy_line_6_center_machine_module
  ... 10 more contact pairs
judge_collision_detected:
robot_base_x: 12.650286
robot_base_y: -0.175167
robot_base_yaw: 3.130293
robot_geom: gripper0_right_left_fingerpad_collision
proxy_geom: scene_aabb_proxy_line_6_center_machine_module
judge_collision_detected:
robot_base_x: 12.650286
robot_base_y: -0.175167
robot_base_yaw: 3.130293
robot_geom: gripper0_right_left_fingertip_collision
proxy_geom: scene_aabb_proxy_line_6_center_machine_module
judge_collision_detected:
robot_base_x: 12.650286
robot_base_y: -0.175167
robot_base_yaw: 3.130293
robot_geom: gripper0_right_right_fingertip_collision
proxy_geom: scene_aabb_proxy_line_6_center_machine_module
collision_detected:
  robot_geom=gripper0_right_left_inner_finger_collision, other_geom=scene_aabb_proxy_line_6_center_machine_module
  robot_geom=gripper0_right_left_fingertip_collision, other_geom=scene_aabb_proxy_line_6_center_machine_module
  robot_geom=gripper0_right_left_fingertip_collision, other_geom=scene_aabb_proxy_line_6_center_machine_module
  robot_geom=gripper0_right_left_fingertip_collision, other_geom=scene_aabb_proxy_line_6_center_machine_module
  robot_geom=gripper0_right_left_fingertip_collision, other_geom=scene_aabb_proxy_line_6_center_machine_module
  robot_geom=gripper0_right_left_fingerpad_collision, other_geom=scene_aabb_proxy_line_6_center_machine_module
  robot_geom=gripper0_right_left_fingerpad_collision, other_geom=scene_aabb_proxy_line_6_center_machine_module
  robot_geom=gripper0_right_left_fingerpad_collision, other_geom=scene_aabb_proxy_line_6_center_machine_module
  ... 10 more contact pairs
judge_collision_detected:
robot_base_x: 12.650282
robot_base_y: -0.197668
robot_base_yaw: 3.130184
robot_geom: gripper0_right_left_fingerpad_collision
proxy_geom: scene_aabb_proxy_line_6_center_machine_module
judge_collision_detected:
robot_base_x: 12.650282
robot_base_y: -0.197668
robot_base_yaw: 3.130184
robot_geom: gripper0_right_left_fingertip_collision
proxy_geom: scene_aabb_proxy_line_6_center_machine_module
judge_collision_detected:
robot_base_x: 12.650282
robot_base_y: -0.197668
robot_base_yaw: 3.130184
robot_geom: gripper0_right_right_fingertip_collision
proxy_geom: scene_aabb_proxy_line_6_center_machine_module
collision_detected:
  robot_geom=gripper0_right_left_inner_finger_collision, other_geom=scene_aabb_proxy_line_6_center_machine_module
  robot_geom=gripper0_right_left_fingertip_collision, other_geom=scene_aabb_proxy_line_6_center_machine_module
  robot_geom=gripper0_right_left_fingertip_collision, other_geom=scene_aabb_proxy_line_6_center_machine_module
  robot_geom=gripper0_right_left_fingertip_collision, other_geom=scene_aabb_proxy_line_6_center_machine_module
  robot_geom=gripper0_right_left_fingertip_collision, other_geom=scene_aabb_proxy_line_6_center_machine_module
  robot_geom=gripper0_right_left_fingerpad_collision, other_geom=scene_aabb_proxy_line_6_center_machine_module
  robot_geom=gripper0_right_left_fingerpad_collision, other_geom=scene_aabb_proxy_line_6_center_machine_module
  robot_geom=gripper0_right_left_fingerpad_collision, other_geom=scene_aabb_proxy_line_6_center_machine_module
  ... 10 more contact pairs
judge_collision_detected:
robot_base_x: 12.650274
robot_base_y: -0.220169
robot_base_yaw: 3.130075
robot_geom: gripper0_right_left_fingerpad_collision
proxy_geom: scene_aabb_proxy_line_6_center_machine_module
judge_collision_detected:
robot_base_x: 12.650274
robot_base_y: -0.220169
robot_base_yaw: 3.130075
robot_geom: gripper0_right_left_fingertip_collision
proxy_geom: scene_aabb_proxy_line_6_center_machine_module
judge_collision_detected:
robot_base_x: 12.650274
robot_base_y: -0.220169
robot_base_yaw: 3.130075
robot_geom: gripper0_right_right_fingertip_collision
proxy_geom: scene_aabb_proxy_line_6_center_machine_module
collision_detected:
  robot_geom=gripper0_right_left_inner_finger_collision, other_geom=scene_aabb_proxy_line_6_center_machine_module
  robot_geom=gripper0_right_left_fingertip_collision, other_geom=scene_aabb_proxy_line_6_center_machine_module
  robot_geom=gripper0_right_left_fingertip_collision, other_geom=scene_aabb_proxy_line_6_center_machine_module
  robot_geom=gripper0_right_left_fingertip_collision, other_geom=scene_aabb_proxy_line_6_center_machine_module
  robot_geom=gripper0_right_left_fingertip_collision, other_geom=scene_aabb_proxy_line_6_center_machine_module
  robot_geom=gripper0_right_left_fingerpad_collision, other_geom=scene_aabb_proxy_line_6_center_machine_module
  robot_geom=gripper0_right_left_fingerpad_collision, other_geom=scene_aabb_proxy_line_6_center_machine_module
  robot_geom=gripper0_right_left_fingerpad_collision, other_geom=scene_aabb_proxy_line_6_center_machine_module
  ... 10 more contact pairs
judge_collision_detected:
robot_base_x: 12.650259
robot_base_y: -0.242670
robot_base_yaw: 3.129966
robot_geom: gripper0_right_left_fingerpad_collision
proxy_geom: scene_aabb_proxy_line_6_center_machine_module
judge_collision_detected:
robot_base_x: 12.650259
robot_base_y: -0.242670
robot_base_yaw: 3.129966
robot_geom: gripper0_right_left_fingertip_collision
proxy_geom: scene_aabb_proxy_line_6_center_machine_module
judge_collision_detected:
robot_base_x: 12.650259
robot_base_y: -0.242670
robot_base_yaw: 3.129966
robot_geom: gripper0_right_right_fingertip_collision
proxy_geom: scene_aabb_proxy_line_6_center_machine_module
collision_detected:
  robot_geom=gripper0_right_left_inner_finger_collision, other_geom=scene_aabb_proxy_line_6_center_machine_module
  robot_geom=gripper0_right_left_fingertip_collision, other_geom=scene_aabb_proxy_line_6_center_machine_module
  robot_geom=gripper0_right_left_fingertip_collision, other_geom=scene_aabb_proxy_line_6_center_machine_module
  robot_geom=gripper0_right_left_fingertip_collision, other_geom=scene_aabb_proxy_line_6_center_machine_module
  robot_geom=gripper0_right_left_fingertip_collision, other_geom=scene_aabb_proxy_line_6_center_machine_module
  robot_geom=gripper0_right_left_fingerpad_collision, other_geom=scene_aabb_proxy_line_6_center_machine_module
  robot_geom=gripper0_right_left_fingerpad_collision, other_geom=scene_aabb_proxy_line_6_center_machine_module
  robot_geom=gripper0_right_left_fingerpad_collision, other_geom=scene_aabb_proxy_line_6_center_machine_module
  ... 10 more contact pairs
judge_collision_detected:
robot_base_x: 12.650238
robot_base_y: -0.265170
robot_base_yaw: 3.129856
robot_geom: gripper0_right_left_fingerpad_collision
proxy_geom: scene_aabb_proxy_line_6_center_machine_module
judge_collision_detected:
robot_base_x: 12.650238
robot_base_y: -0.265170
robot_base_yaw: 3.129856
robot_geom: gripper0_right_left_fingertip_collision
proxy_geom: scene_aabb_proxy_line_6_center_machine_module
judge_collision_detected:
robot_base_x: 12.650238
robot_base_y: -0.265170
robot_base_yaw: 3.129856
robot_geom: gripper0_right_right_fingertip_collision
proxy_geom: scene_aabb_proxy_line_6_center_machine_module
collision_detected:
  robot_geom=gripper0_right_left_inner_finger_collision, other_geom=scene_aabb_proxy_line_6_center_machine_module
  robot_geom=gripper0_right_left_fingertip_collision, other_geom=scene_aabb_proxy_line_6_center_machine_module
  robot_geom=gripper0_right_left_fingertip_collision, other_geom=scene_aabb_proxy_line_6_center_machine_module
  robot_geom=gripper0_right_left_fingertip_collision, other_geom=scene_aabb_proxy_line_6_center_machine_module
  robot_geom=gripper0_right_left_fingertip_collision, other_geom=scene_aabb_proxy_line_6_center_machine_module
  robot_geom=gripper0_right_left_fingerpad_collision, other_geom=scene_aabb_proxy_line_6_center_machine_module
  robot_geom=gripper0_right_left_fingerpad_collision, other_geom=scene_aabb_proxy_line_6_center_machine_module
  robot_geom=gripper0_right_left_fingerpad_collision, other_geom=scene_aabb_proxy_line_6_center_machine_module
  ... 10 more contact pairs
judge_collision_detected:
robot_base_x: 12.650208
robot_base_y: -0.287671
robot_base_yaw: 3.129747
robot_geom: gripper0_right_left_fingerpad_collision
proxy_geom: scene_aabb_proxy_line_6_center_machine_module
judge_collision_detected:
robot_base_x: 12.650208
robot_base_y: -0.287671
robot_base_yaw: 3.129747
robot_geom: gripper0_right_left_fingertip_collision
proxy_geom: scene_aabb_proxy_line_6_center_machine_module
judge_collision_detected:
robot_base_x: 12.650208
robot_base_y: -0.287671
robot_base_yaw: 3.129747
robot_geom: gripper0_right_right_fingertip_collision
proxy_geom: scene_aabb_proxy_line_6_center_machine_module
collision_detected:
  robot_geom=gripper0_right_left_inner_finger_collision, other_geom=scene_aabb_proxy_line_6_center_machine_module
  robot_geom=gripper0_right_left_fingertip_collision, other_geom=scene_aabb_proxy_line_6_center_machine_module
  robot_geom=gripper0_right_left_fingertip_collision, other_geom=scene_aabb_proxy_line_6_center_machine_module
  robot_geom=gripper0_right_left_fingertip_collision, other_geom=scene_aabb_proxy_line_6_center_machine_module
  robot_geom=gripper0_right_left_fingertip_collision, other_geom=scene_aabb_proxy_line_6_center_machine_module
  robot_geom=gripper0_right_left_fingerpad_collision, other_geom=scene_aabb_proxy_line_6_center_machine_module
  robot_geom=gripper0_right_left_fingerpad_collision, other_geom=scene_aabb_proxy_line_6_center_machine_module
  robot_geom=gripper0_right_left_fingerpad_collision, other_geom=scene_aabb_proxy_line_6_center_machine_module
  ... 10 more contact pairs
judge_collision_detected:
robot_base_x: 12.650166
robot_base_y: -0.310172
robot_base_yaw: 3.129638
robot_geom: gripper0_right_left_fingerpad_collision
proxy_geom: scene_aabb_proxy_line_6_center_machine_module
judge_collision_detected:
robot_base_x: 12.650166
robot_base_y: -0.310172
robot_base_yaw: 3.129638
robot_geom: gripper0_right_left_fingertip_collision
proxy_geom: scene_aabb_proxy_line_6_center_machine_module
judge_collision_detected:
robot_base_x: 12.650166
robot_base_y: -0.310172
robot_base_yaw: 3.129638
robot_geom: gripper0_right_right_fingertip_collision
proxy_geom: scene_aabb_proxy_line_6_center_machine_module
collision_detected:
  robot_geom=gripper0_right_left_inner_finger_collision, other_geom=scene_aabb_proxy_line_6_center_machine_module
  robot_geom=gripper0_right_left_fingertip_collision, other_geom=scene_aabb_proxy_line_6_center_machine_module
  robot_geom=gripper0_right_left_fingertip_collision, other_geom=scene_aabb_proxy_line_6_center_machine_module
  robot_geom=gripper0_right_left_fingertip_collision, other_geom=scene_aabb_proxy_line_6_center_machine_module
  robot_geom=gripper0_right_left_fingertip_collision, other_geom=scene_aabb_proxy_line_6_center_machine_module
  robot_geom=gripper0_right_left_fingerpad_collision, other_geom=scene_aabb_proxy_line_6_center_machine_module
  robot_geom=gripper0_right_left_fingerpad_collision, other_geom=scene_aabb_proxy_line_6_center_machine_module
  robot_geom=gripper0_right_left_fingerpad_collision, other_geom=scene_aabb_proxy_line_6_center_machine_module
  ... 10 more contact pairs
judge_collision_detected:
robot_base_x: 12.650105
robot_base_y: -0.332673
robot_base_yaw: 3.129529
robot_geom: gripper0_right_left_fingerpad_collision
proxy_geom: scene_aabb_proxy_line_6_center_machine_module
judge_collision_detected:
robot_base_x: 12.650105
robot_base_y: -0.332673
robot_base_yaw: 3.129529
robot_geom: gripper0_right_left_fingertip_collision
proxy_geom: scene_aabb_proxy_line_6_center_machine_module
judge_collision_detected:
robot_base_x: 12.650105
robot_base_y: -0.332673
robot_base_yaw: 3.129529
robot_geom: gripper0_right_right_fingertip_collision
proxy_geom: scene_aabb_proxy_line_6_center_machine_module
collision_detected:
  robot_geom=gripper0_right_left_inner_finger_collision, other_geom=scene_aabb_proxy_line_6_center_machine_module
  robot_geom=gripper0_right_left_fingertip_collision, other_geom=scene_aabb_proxy_line_6_center_machine_module
  robot_geom=gripper0_right_left_fingertip_collision, other_geom=scene_aabb_proxy_line_6_center_machine_module
  robot_geom=gripper0_right_left_fingertip_collision, other_geom=scene_aabb_proxy_line_6_center_machine_module
  robot_geom=gripper0_right_left_fingertip_collision, other_geom=scene_aabb_proxy_line_6_center_machine_module
  robot_geom=gripper0_right_left_fingerpad_collision, other_geom=scene_aabb_proxy_line_6_center_machine_module
  robot_geom=gripper0_right_left_fingerpad_collision, other_geom=scene_aabb_proxy_line_6_center_machine_module
  robot_geom=gripper0_right_left_fingerpad_collision, other_geom=scene_aabb_proxy_line_6_center_machine_module
  ... 10 more contact pairs
judge_collision_detected:
robot_base_x: 12.650132
robot_base_y: -0.355174
robot_base_yaw: 3.129420
robot_geom: gripper0_right_left_fingerpad_collision
proxy_geom: scene_aabb_proxy_line_6_center_machine_module
judge_collision_detected:
robot_base_x: 12.650132
robot_base_y: -0.355174
robot_base_yaw: 3.129420
robot_geom: gripper0_right_left_fingertip_collision
proxy_geom: scene_aabb_proxy_line_6_center_machine_module
judge_collision_detected:
robot_base_x: 12.650132
robot_base_y: -0.355174
robot_base_yaw: 3.129420
robot_geom: gripper0_right_right_fingertip_collision
proxy_geom: scene_aabb_proxy_line_6_center_machine_module
collision_detected:
  robot_geom=gripper0_right_left_inner_finger_collision, other_geom=scene_aabb_proxy_line_6_center_machine_module
  robot_geom=gripper0_right_left_fingertip_collision, other_geom=scene_aabb_proxy_line_6_center_machine_module
  robot_geom=gripper0_right_left_fingertip_collision, other_geom=scene_aabb_proxy_line_6_center_machine_module
  robot_geom=gripper0_right_left_fingertip_collision, other_geom=scene_aabb_proxy_line_6_center_machine_module
  robot_geom=gripper0_right_left_fingertip_collision, other_geom=scene_aabb_proxy_line_6_center_machine_module
  robot_geom=gripper0_right_left_fingerpad_collision, other_geom=scene_aabb_proxy_line_6_center_machine_module
  robot_geom=gripper0_right_left_fingerpad_collision, other_geom=scene_aabb_proxy_line_6_center_machine_module
  robot_geom=gripper0_right_left_fingerpad_collision, other_geom=scene_aabb_proxy_line_6_center_machine_module
  ... 10 more contact pairs
judge_collision_detected:
robot_base_x: 12.650156
robot_base_y: -0.377675
robot_base_yaw: 3.129311
robot_geom: gripper0_right_left_fingerpad_collision
proxy_geom: scene_aabb_proxy_line_6_center_machine_module
judge_collision_detected:
robot_base_x: 12.650156
robot_base_y: -0.377675
robot_base_yaw: 3.129311
robot_geom: gripper0_right_left_fingertip_collision
proxy_geom: scene_aabb_proxy_line_6_center_machine_module
judge_collision_detected:
robot_base_x: 12.650156
robot_base_y: -0.377675
robot_base_yaw: 3.129311
robot_geom: gripper0_right_right_fingertip_collision
proxy_geom: scene_aabb_proxy_line_6_center_machine_module
collision_detected:
  robot_geom=gripper0_right_left_inner_finger_collision, other_geom=scene_aabb_proxy_line_6_center_machine_module
  robot_geom=gripper0_right_left_fingertip_collision, other_geom=scene_aabb_proxy_line_6_center_machine_module
  robot_geom=gripper0_right_left_fingertip_collision, other_geom=scene_aabb_proxy_line_6_center_machine_module
  robot_geom=gripper0_right_left_fingertip_collision, other_geom=scene_aabb_proxy_line_6_center_machine_module
  robot_geom=gripper0_right_left_fingertip_collision, other_geom=scene_aabb_proxy_line_6_center_machine_module
  robot_geom=gripper0_right_left_fingerpad_collision, other_geom=scene_aabb_proxy_line_6_center_machine_module
  robot_geom=gripper0_right_left_fingerpad_collision, other_geom=scene_aabb_proxy_line_6_center_machine_module
  robot_geom=gripper0_right_left_fingerpad_collision, other_geom=scene_aabb_proxy_line_6_center_machine_module
  ... 10 more contact pairs
judge_collision_detected:
robot_base_x: 12.650179
robot_base_y: -0.400176
robot_base_yaw: 3.129203
robot_geom: gripper0_right_left_fingerpad_collision
proxy_geom: scene_aabb_proxy_line_6_center_machine_module
judge_collision_detected:
robot_base_x: 12.650179
robot_base_y: -0.400176
robot_base_yaw: 3.129203
robot_geom: gripper0_right_left_fingertip_collision
proxy_geom: scene_aabb_proxy_line_6_center_machine_module
judge_collision_detected:
robot_base_x: 12.650179
robot_base_y: -0.400176
robot_base_yaw: 3.129203
robot_geom: gripper0_right_right_fingertip_collision
proxy_geom: scene_aabb_proxy_line_6_center_machine_module
collision_detected:
  robot_geom=gripper0_right_left_inner_finger_collision, other_geom=scene_aabb_proxy_line_6_center_machine_module
  robot_geom=gripper0_right_left_fingertip_collision, other_geom=scene_aabb_proxy_line_6_center_machine_module
  robot_geom=gripper0_right_left_fingertip_collision, other_geom=scene_aabb_proxy_line_6_center_machine_module
  robot_geom=gripper0_right_left_fingertip_collision, other_geom=scene_aabb_proxy_line_6_center_machine_module
  robot_geom=gripper0_right_left_fingertip_collision, other_geom=scene_aabb_proxy_line_6_center_machine_module
  robot_geom=gripper0_right_left_fingerpad_collision, other_geom=scene_aabb_proxy_line_6_center_machine_module
  robot_geom=gripper0_right_left_fingerpad_collision, other_geom=scene_aabb_proxy_line_6_center_machine_module
  robot_geom=gripper0_right_left_fingerpad_collision, other_geom=scene_aabb_proxy_line_6_center_machine_module
  ... 10 more contact pairs
judge_collision_detected:
robot_base_x: 12.650198
robot_base_y: -0.422677
robot_base_yaw: 3.129095
robot_geom: gripper0_right_left_fingerpad_collision
proxy_geom: scene_aabb_proxy_line_6_center_machine_module
judge_collision_detected:
robot_base_x: 12.650198
robot_base_y: -0.422677
robot_base_yaw: 3.129095
robot_geom: gripper0_right_left_fingertip_collision
proxy_geom: scene_aabb_proxy_line_6_center_machine_module
judge_collision_detected:
robot_base_x: 12.650198
robot_base_y: -0.422677
robot_base_yaw: 3.129095
robot_geom: gripper0_right_right_fingertip_collision
proxy_geom: scene_aabb_proxy_line_6_center_machine_module
collision_detected:
  robot_geom=gripper0_right_left_inner_finger_collision, other_geom=scene_aabb_proxy_line_6_center_machine_module
  robot_geom=gripper0_right_left_fingertip_collision, other_geom=scene_aabb_proxy_line_6_center_machine_module
  robot_geom=gripper0_right_left_fingertip_collision, other_geom=scene_aabb_proxy_line_6_center_machine_module
  robot_geom=gripper0_right_left_fingertip_collision, other_geom=scene_aabb_proxy_line_6_center_machine_module
  robot_geom=gripper0_right_left_fingertip_collision, other_geom=scene_aabb_proxy_line_6_center_machine_module
  robot_geom=gripper0_right_left_fingerpad_collision, other_geom=scene_aabb_proxy_line_6_center_machine_module
  robot_geom=gripper0_right_left_fingerpad_collision, other_geom=scene_aabb_proxy_line_6_center_machine_module
  robot_geom=gripper0_right_left_fingerpad_collision, other_geom=scene_aabb_proxy_line_6_center_machine_module
  ... 10 more contact pairs
judge_collision_detected:
robot_base_x: 12.650215
robot_base_y: -0.445177
robot_base_yaw: 3.128986
robot_geom: gripper0_right_left_fingerpad_collision
proxy_geom: scene_aabb_proxy_line_6_center_machine_module
judge_collision_detected:
robot_base_x: 12.650215
robot_base_y: -0.445177
robot_base_yaw: 3.128986
robot_geom: gripper0_right_left_fingertip_collision
proxy_geom: scene_aabb_proxy_line_6_center_machine_module
judge_collision_detected:
robot_base_x: 12.650215
robot_base_y: -0.445177
robot_base_yaw: 3.128986
robot_geom: gripper0_right_right_fingertip_collision
proxy_geom: scene_aabb_proxy_line_6_center_machine_module
collision_detected:
  robot_geom=gripper0_right_left_inner_finger_collision, other_geom=scene_aabb_proxy_line_6_center_machine_module
  robot_geom=gripper0_right_left_fingertip_collision, other_geom=scene_aabb_proxy_line_6_center_machine_module
  robot_geom=gripper0_right_left_fingertip_collision, other_geom=scene_aabb_proxy_line_6_center_machine_module
  robot_geom=gripper0_right_left_fingertip_collision, other_geom=scene_aabb_proxy_line_6_center_machine_module
  robot_geom=gripper0_right_left_fingertip_collision, other_geom=scene_aabb_proxy_line_6_center_machine_module
  robot_geom=gripper0_right_left_fingerpad_collision, other_geom=scene_aabb_proxy_line_6_center_machine_module
  robot_geom=gripper0_right_left_fingerpad_collision, other_geom=scene_aabb_proxy_line_6_center_machine_module
  robot_geom=gripper0_right_left_fingerpad_collision, other_geom=scene_aabb_proxy_line_6_center_machine_module
  ... 10 more contact pairs
judge_collision_detected:
robot_base_x: 12.650230
robot_base_y: -0.467678
robot_base_yaw: 3.128878
robot_geom: gripper0_right_left_fingerpad_collision
proxy_geom: scene_aabb_proxy_line_6_center_machine_module
judge_collision_detected:
robot_base_x: 12.650230
robot_base_y: -0.467678
robot_base_yaw: 3.128878
robot_geom: gripper0_right_left_fingertip_collision
proxy_geom: scene_aabb_proxy_line_6_center_machine_module
judge_collision_detected:
robot_base_x: 12.650230
robot_base_y: -0.467678
robot_base_yaw: 3.128878
robot_geom: gripper0_right_right_fingertip_collision
proxy_geom: scene_aabb_proxy_line_6_center_machine_module
collision_detected:
  robot_geom=gripper0_right_left_inner_finger_collision, other_geom=scene_aabb_proxy_line_6_center_machine_module
  robot_geom=gripper0_right_left_fingertip_collision, other_geom=scene_aabb_proxy_line_6_center_machine_module
  robot_geom=gripper0_right_left_fingertip_collision, other_geom=scene_aabb_proxy_line_6_center_machine_module
  robot_geom=gripper0_right_left_fingertip_collision, other_geom=scene_aabb_proxy_line_6_center_machine_module
  robot_geom=gripper0_right_left_fingertip_collision, other_geom=scene_aabb_proxy_line_6_center_machine_module
  robot_geom=gripper0_right_left_fingerpad_collision, other_geom=scene_aabb_proxy_line_6_center_machine_module
  robot_geom=gripper0_right_left_fingerpad_collision, other_geom=scene_aabb_proxy_line_6_center_machine_module
  robot_geom=gripper0_right_left_fingerpad_collision, other_geom=scene_aabb_proxy_line_6_center_machine_module
  ... 10 more contact pairs
judge_collision_detected:
robot_base_x: 12.650240
robot_base_y: -0.490179
robot_base_yaw: 3.128770
robot_geom: gripper0_right_left_fingerpad_collision
proxy_geom: scene_aabb_proxy_line_6_center_machine_module
judge_collision_detected:
robot_base_x: 12.650240
robot_base_y: -0.490179
robot_base_yaw: 3.128770
robot_geom: gripper0_right_left_fingertip_collision
proxy_geom: scene_aabb_proxy_line_6_center_machine_module
judge_collision_detected:
robot_base_x: 12.650240
robot_base_y: -0.490179
robot_base_yaw: 3.128770
robot_geom: gripper0_right_right_fingertip_collision
proxy_geom: scene_aabb_proxy_line_6_center_machine_module
collision_detected:
  robot_geom=gripper0_right_left_inner_finger_collision, other_geom=scene_aabb_proxy_line_6_center_machine_module
  robot_geom=gripper0_right_left_fingertip_collision, other_geom=scene_aabb_proxy_line_6_center_machine_module
  robot_geom=gripper0_right_left_fingertip_collision, other_geom=scene_aabb_proxy_line_6_center_machine_module
  robot_geom=gripper0_right_left_fingertip_collision, other_geom=scene_aabb_proxy_line_6_center_machine_module
  robot_geom=gripper0_right_left_fingertip_collision, other_geom=scene_aabb_proxy_line_6_center_machine_module
  robot_geom=gripper0_right_left_fingerpad_collision, other_geom=scene_aabb_proxy_line_6_center_machine_module
  robot_geom=gripper0_right_left_fingerpad_collision, other_geom=scene_aabb_proxy_line_6_center_machine_module
  robot_geom=gripper0_right_left_fingerpad_collision, other_geom=scene_aabb_proxy_line_6_center_machine_module
  ... 10 more contact pairs
judge_collision_detected:
robot_base_x: 12.650248
robot_base_y: -0.512680
robot_base_yaw: 3.128662
robot_geom: gripper0_right_left_fingerpad_collision
proxy_geom: scene_aabb_proxy_line_6_center_machine_module
judge_collision_detected:
robot_base_x: 12.650248
robot_base_y: -0.512680
robot_base_yaw: 3.128662
robot_geom: gripper0_right_left_fingertip_collision
proxy_geom: scene_aabb_proxy_line_6_center_machine_module
judge_collision_detected:
robot_base_x: 12.650248
robot_base_y: -0.512680
robot_base_yaw: 3.128662
robot_geom: gripper0_right_right_fingertip_collision
proxy_geom: scene_aabb_proxy_line_6_center_machine_module
collision_detected:
  robot_geom=gripper0_right_left_inner_finger_collision, other_geom=scene_aabb_proxy_line_6_center_machine_module
  robot_geom=gripper0_right_left_fingertip_collision, other_geom=scene_aabb_proxy_line_6_center_machine_module
  robot_geom=gripper0_right_left_fingertip_collision, other_geom=scene_aabb_proxy_line_6_center_machine_module
  robot_geom=gripper0_right_left_fingertip_collision, other_geom=scene_aabb_proxy_line_6_center_machine_module
  robot_geom=gripper0_right_left_fingertip_collision, other_geom=scene_aabb_proxy_line_6_center_machine_module
  robot_geom=gripper0_right_left_fingerpad_collision, other_geom=scene_aabb_proxy_line_6_center_machine_module
  robot_geom=gripper0_right_left_fingerpad_collision, other_geom=scene_aabb_proxy_line_6_center_machine_module
  robot_geom=gripper0_right_left_fingerpad_collision, other_geom=scene_aabb_proxy_line_6_center_machine_module
  ... 10 more contact pairs
judge_collision_detected:
robot_base_x: 12.650251
robot_base_y: -0.535181
robot_base_yaw: 3.128554
robot_geom: gripper0_right_left_fingerpad_collision
proxy_geom: scene_aabb_proxy_line_6_center_machine_module
judge_collision_detected:
robot_base_x: 12.650251
robot_base_y: -0.535181
robot_base_yaw: 3.128554
robot_geom: gripper0_right_left_fingertip_collision
proxy_geom: scene_aabb_proxy_line_6_center_machine_module
judge_collision_detected:
robot_base_x: 12.650251
robot_base_y: -0.535181
robot_base_yaw: 3.128554
robot_geom: gripper0_right_right_fingertip_collision
proxy_geom: scene_aabb_proxy_line_6_center_machine_module
collision_detected:
  robot_geom=gripper0_right_left_inner_finger_collision, other_geom=scene_aabb_proxy_line_6_center_machine_module
  robot_geom=gripper0_right_left_fingertip_collision, other_geom=scene_aabb_proxy_line_6_center_machine_module
  robot_geom=gripper0_right_left_fingertip_collision, other_geom=scene_aabb_proxy_line_6_center_machine_module
  robot_geom=gripper0_right_left_fingertip_collision, other_geom=scene_aabb_proxy_line_6_center_machine_module
  robot_geom=gripper0_right_left_fingertip_collision, other_geom=scene_aabb_proxy_line_6_center_machine_module
  robot_geom=gripper0_right_left_fingerpad_collision, other_geom=scene_aabb_proxy_line_6_center_machine_module
  robot_geom=gripper0_right_left_fingerpad_collision, other_geom=scene_aabb_proxy_line_6_center_machine_module
  robot_geom=gripper0_right_left_fingerpad_collision, other_geom=scene_aabb_proxy_line_6_center_machine_module
  ... 10 more contact pairs
judge_collision_detected:
robot_base_x: 12.650250
robot_base_y: -0.557682
robot_base_yaw: 3.128446
robot_geom: gripper0_right_left_fingerpad_collision
proxy_geom: scene_aabb_proxy_line_6_center_machine_module
judge_collision_detected:
robot_base_x: 12.650250
robot_base_y: -0.557682
robot_base_yaw: 3.128446
robot_geom: gripper0_right_left_fingertip_collision
proxy_geom: scene_aabb_proxy_line_6_center_machine_module
judge_collision_detected:
robot_base_x: 12.650250
robot_base_y: -0.557682
robot_base_yaw: 3.128446
robot_geom: gripper0_right_right_fingertip_collision
proxy_geom: scene_aabb_proxy_line_6_center_machine_module
collision_detected:
  robot_geom=gripper0_right_left_inner_finger_collision, other_geom=scene_aabb_proxy_line_6_center_machine_module
  robot_geom=gripper0_right_left_fingertip_collision, other_geom=scene_aabb_proxy_line_6_center_machine_module
  robot_geom=gripper0_right_left_fingertip_collision, other_geom=scene_aabb_proxy_line_6_center_machine_module
  robot_geom=gripper0_right_left_fingertip_collision, other_geom=scene_aabb_proxy_line_6_center_machine_module
  robot_geom=gripper0_right_left_fingertip_collision, other_geom=scene_aabb_proxy_line_6_center_machine_module
  robot_geom=gripper0_right_left_fingerpad_collision, other_geom=scene_aabb_proxy_line_6_center_machine_module
  robot_geom=gripper0_right_left_fingerpad_collision, other_geom=scene_aabb_proxy_line_6_center_machine_module
  robot_geom=gripper0_right_left_fingerpad_collision, other_geom=scene_aabb_proxy_line_6_center_machine_module
  ... 10 more contact pairs
judge_collision_detected:
robot_base_x: 12.650243
robot_base_y: -0.580183
robot_base_yaw: 3.128339
robot_geom: gripper0_right_left_fingerpad_collision
proxy_geom: scene_aabb_proxy_line_6_center_machine_module
judge_collision_detected:
robot_base_x: 12.650243
robot_base_y: -0.580183
robot_base_yaw: 3.128339
robot_geom: gripper0_right_left_fingertip_collision
proxy_geom: scene_aabb_proxy_line_6_center_machine_module
judge_collision_detected:
robot_base_x: 12.650243
robot_base_y: -0.580183
robot_base_yaw: 3.128339
robot_geom: gripper0_right_right_fingertip_collision
proxy_geom: scene_aabb_proxy_line_6_center_machine_module
collision_detected:
  robot_geom=gripper0_right_left_inner_finger_collision, other_geom=scene_aabb_proxy_line_6_center_machine_module
  robot_geom=gripper0_right_left_fingertip_collision, other_geom=scene_aabb_proxy_line_6_center_machine_module
  robot_geom=gripper0_right_left_fingertip_collision, other_geom=scene_aabb_proxy_line_6_center_machine_module
  robot_geom=gripper0_right_left_fingertip_collision, other_geom=scene_aabb_proxy_line_6_center_machine_module
  robot_geom=gripper0_right_left_fingertip_collision, other_geom=scene_aabb_proxy_line_6_center_machine_module
  robot_geom=gripper0_right_left_fingerpad_collision, other_geom=scene_aabb_proxy_line_6_center_machine_module
  robot_geom=gripper0_right_left_fingerpad_collision, other_geom=scene_aabb_proxy_line_6_center_machine_module
  robot_geom=gripper0_right_left_fingerpad_collision, other_geom=scene_aabb_proxy_line_6_center_machine_module
  ... 10 more contact pairs
judge_collision_detected:
robot_base_x: 12.650231
robot_base_y: -0.602684
robot_base_yaw: 3.128231
robot_geom: gripper0_right_left_fingerpad_collision
proxy_geom: scene_aabb_proxy_line_6_center_machine_module
judge_collision_detected:
robot_base_x: 12.650231
robot_base_y: -0.602684
robot_base_yaw: 3.128231
robot_geom: gripper0_right_left_fingertip_collision
proxy_geom: scene_aabb_proxy_line_6_center_machine_module
judge_collision_detected:
robot_base_x: 12.650231
robot_base_y: -0.602684
robot_base_yaw: 3.128231
robot_geom: gripper0_right_right_fingertip_collision
proxy_geom: scene_aabb_proxy_line_6_center_machine_module
collision_detected:
  robot_geom=gripper0_right_left_inner_finger_collision, other_geom=scene_aabb_proxy_line_6_center_machine_module
  robot_geom=gripper0_right_left_fingertip_collision, other_geom=scene_aabb_proxy_line_6_center_machine_module
  robot_geom=gripper0_right_left_fingertip_collision, other_geom=scene_aabb_proxy_line_6_center_machine_module
  robot_geom=gripper0_right_left_fingertip_collision, other_geom=scene_aabb_proxy_line_6_center_machine_module
  robot_geom=gripper0_right_left_fingertip_collision, other_geom=scene_aabb_proxy_line_6_center_machine_module
  robot_geom=gripper0_right_left_fingerpad_collision, other_geom=scene_aabb_proxy_line_6_center_machine_module
  robot_geom=gripper0_right_left_fingerpad_collision, other_geom=scene_aabb_proxy_line_6_center_machine_module
  robot_geom=gripper0_right_left_fingerpad_collision, other_geom=scene_aabb_proxy_line_6_center_machine_module
  ... 10 more contact pairs
judge_collision_detected:
robot_base_x: 12.650210
robot_base_y: -0.625185
robot_base_yaw: 3.128123
robot_geom: gripper0_right_left_fingerpad_collision
proxy_geom: scene_aabb_proxy_line_6_center_machine_module
judge_collision_detected:
robot_base_x: 12.650210
robot_base_y: -0.625185
robot_base_yaw: 3.128123
robot_geom: gripper0_right_left_fingertip_collision
proxy_geom: scene_aabb_proxy_line_6_center_machine_module
judge_collision_detected:
robot_base_x: 12.650210
robot_base_y: -0.625185
robot_base_yaw: 3.128123
robot_geom: gripper0_right_right_fingertip_collision
proxy_geom: scene_aabb_proxy_line_6_center_machine_module
collision_detected:
  robot_geom=gripper0_right_left_inner_finger_collision, other_geom=scene_aabb_proxy_line_6_center_machine_module
  robot_geom=gripper0_right_left_fingertip_collision, other_geom=scene_aabb_proxy_line_6_center_machine_module
  robot_geom=gripper0_right_left_fingertip_collision, other_geom=scene_aabb_proxy_line_6_center_machine_module
  robot_geom=gripper0_right_left_fingertip_collision, other_geom=scene_aabb_proxy_line_6_center_machine_module
  robot_geom=gripper0_right_left_fingertip_collision, other_geom=scene_aabb_proxy_line_6_center_machine_module
  robot_geom=gripper0_right_left_fingerpad_collision, other_geom=scene_aabb_proxy_line_6_center_machine_module
  robot_geom=gripper0_right_left_fingerpad_collision, other_geom=scene_aabb_proxy_line_6_center_machine_module
  robot_geom=gripper0_right_left_fingerpad_collision, other_geom=scene_aabb_proxy_line_6_center_machine_module
  ... 10 more contact pairs
judge_collision_detected:
robot_base_x: 12.650180
robot_base_y: -0.647686
robot_base_yaw: 3.128015
robot_geom: gripper0_right_left_fingerpad_collision
proxy_geom: scene_aabb_proxy_line_6_center_machine_module
judge_collision_detected:
robot_base_x: 12.650180
robot_base_y: -0.647686
robot_base_yaw: 3.128015
robot_geom: gripper0_right_left_fingertip_collision
proxy_geom: scene_aabb_proxy_line_6_center_machine_module
judge_collision_detected:
robot_base_x: 12.650180
robot_base_y: -0.647686
robot_base_yaw: 3.128015
robot_geom: gripper0_right_right_fingertip_collision
proxy_geom: scene_aabb_proxy_line_6_center_machine_module
collision_detected:
  robot_geom=gripper0_right_left_inner_finger_collision, other_geom=scene_aabb_proxy_line_6_center_machine_module
  robot_geom=gripper0_right_left_fingertip_collision, other_geom=scene_aabb_proxy_line_6_center_machine_module
  robot_geom=gripper0_right_left_fingertip_collision, other_geom=scene_aabb_proxy_line_6_center_machine_module
  robot_geom=gripper0_right_left_fingertip_collision, other_geom=scene_aabb_proxy_line_6_center_machine_module
  robot_geom=gripper0_right_left_fingertip_collision, other_geom=scene_aabb_proxy_line_6_center_machine_module
  robot_geom=gripper0_right_left_fingerpad_collision, other_geom=scene_aabb_proxy_line_6_center_machine_module
  robot_geom=gripper0_right_left_fingerpad_collision, other_geom=scene_aabb_proxy_line_6_center_machine_module
  robot_geom=gripper0_right_left_fingerpad_collision, other_geom=scene_aabb_proxy_line_6_center_machine_module
  ... 10 more contact pairs
judge_collision_detected:
robot_base_x: 12.650135
robot_base_y: -0.670187
robot_base_yaw: 3.127908
robot_geom: gripper0_right_left_fingerpad_collision
proxy_geom: scene_aabb_proxy_line_6_center_machine_module
judge_collision_detected:
robot_base_x: 12.650135
robot_base_y: -0.670187
robot_base_yaw: 3.127908
robot_geom: gripper0_right_left_fingertip_collision
proxy_geom: scene_aabb_proxy_line_6_center_machine_module
judge_collision_detected:
robot_base_x: 12.650135
robot_base_y: -0.670187
robot_base_yaw: 3.127908
robot_geom: gripper0_right_right_fingertip_collision
proxy_geom: scene_aabb_proxy_line_6_center_machine_module
collision_detected:
  robot_geom=gripper0_right_left_inner_finger_collision, other_geom=scene_aabb_proxy_line_6_center_machine_module
  robot_geom=gripper0_right_left_fingertip_collision, other_geom=scene_aabb_proxy_line_6_center_machine_module
  robot_geom=gripper0_right_left_fingertip_collision, other_geom=scene_aabb_proxy_line_6_center_machine_module
  robot_geom=gripper0_right_left_fingertip_collision, other_geom=scene_aabb_proxy_line_6_center_machine_module
  robot_geom=gripper0_right_left_fingertip_collision, other_geom=scene_aabb_proxy_line_6_center_machine_module
  robot_geom=gripper0_right_left_fingerpad_collision, other_geom=scene_aabb_proxy_line_6_center_machine_module
  robot_geom=gripper0_right_left_fingerpad_collision, other_geom=scene_aabb_proxy_line_6_center_machine_module
  robot_geom=gripper0_right_left_fingerpad_collision, other_geom=scene_aabb_proxy_line_6_center_machine_module
  ... 10 more contact pairs
judge_collision_detected:
robot_base_x: 12.650161
robot_base_y: -0.692688
robot_base_yaw: 3.127800
robot_geom: gripper0_right_left_fingerpad_collision
proxy_geom: scene_aabb_proxy_line_6_center_machine_module
judge_collision_detected:
robot_base_x: 12.650161
robot_base_y: -0.692688
robot_base_yaw: 3.127800
robot_geom: gripper0_right_left_fingertip_collision
proxy_geom: scene_aabb_proxy_line_6_center_machine_module
judge_collision_detected:
robot_base_x: 12.650161
robot_base_y: -0.692688
robot_base_yaw: 3.127800
robot_geom: gripper0_right_right_fingertip_collision
proxy_geom: scene_aabb_proxy_line_6_center_machine_module
collision_detected:
  robot_geom=gripper0_right_left_inner_finger_collision, other_geom=scene_aabb_proxy_line_6_center_machine_module
  robot_geom=gripper0_right_left_fingertip_collision, other_geom=scene_aabb_proxy_line_6_center_machine_module
  robot_geom=gripper0_right_left_fingertip_collision, other_geom=scene_aabb_proxy_line_6_center_machine_module
  robot_geom=gripper0_right_left_fingertip_collision, other_geom=scene_aabb_proxy_line_6_center_machine_module
  robot_geom=gripper0_right_left_fingertip_collision, other_geom=scene_aabb_proxy_line_6_center_machine_module
  robot_geom=gripper0_right_left_fingerpad_collision, other_geom=scene_aabb_proxy_line_6_center_machine_module
  robot_geom=gripper0_right_left_fingerpad_collision, other_geom=scene_aabb_proxy_line_6_center_machine_module
  robot_geom=gripper0_right_left_fingerpad_collision, other_geom=scene_aabb_proxy_line_6_center_machine_module
  ... 10 more contact pairs
judge_collision_detected:
robot_base_x: 12.650185
robot_base_y: -0.715189
robot_base_yaw: 3.127693
robot_geom: gripper0_right_left_fingerpad_collision
proxy_geom: scene_aabb_proxy_line_6_center_machine_module
judge_collision_detected:
robot_base_x: 12.650185
robot_base_y: -0.715189
robot_base_yaw: 3.127693
robot_geom: gripper0_right_left_fingertip_collision
proxy_geom: scene_aabb_proxy_line_6_center_machine_module
judge_collision_detected:
robot_base_x: 12.650185
robot_base_y: -0.715189
robot_base_yaw: 3.127693
robot_geom: gripper0_right_right_fingertip_collision
proxy_geom: scene_aabb_proxy_line_6_center_machine_module
collision_detected:
  robot_geom=gripper0_right_left_inner_finger_collision, other_geom=scene_aabb_proxy_line_6_center_machine_module
  robot_geom=gripper0_right_left_fingertip_collision, other_geom=scene_aabb_proxy_line_6_center_machine_module
  robot_geom=gripper0_right_left_fingertip_collision, other_geom=scene_aabb_proxy_line_6_center_machine_module
  robot_geom=gripper0_right_left_fingertip_collision, other_geom=scene_aabb_proxy_line_6_center_machine_module
  robot_geom=gripper0_right_left_fingertip_collision, other_geom=scene_aabb_proxy_line_6_center_machine_module
  robot_geom=gripper0_right_left_fingerpad_collision, other_geom=scene_aabb_proxy_line_6_center_machine_module
  robot_geom=gripper0_right_left_fingerpad_collision, other_geom=scene_aabb_proxy_line_6_center_machine_module
  robot_geom=gripper0_right_left_fingerpad_collision, other_geom=scene_aabb_proxy_line_6_center_machine_module
  ... 10 more contact pairs
judge_collision_detected:
robot_base_x: 12.650208
robot_base_y: -0.737691
robot_base_yaw: 3.127586
robot_geom: gripper0_right_left_fingerpad_collision
proxy_geom: scene_aabb_proxy_line_6_center_machine_module
judge_collision_detected:
robot_base_x: 12.650208
robot_base_y: -0.737691
robot_base_yaw: 3.127586
robot_geom: gripper0_right_left_fingertip_collision
proxy_geom: scene_aabb_proxy_line_6_center_machine_module
judge_collision_detected:
robot_base_x: 12.650208
robot_base_y: -0.737691
robot_base_yaw: 3.127586
robot_geom: gripper0_right_right_fingertip_collision
proxy_geom: scene_aabb_proxy_line_6_center_machine_module
collision_detected:
  robot_geom=gripper0_right_left_inner_finger_collision, other_geom=scene_aabb_proxy_line_6_center_machine_module
  robot_geom=gripper0_right_left_fingertip_collision, other_geom=scene_aabb_proxy_line_6_center_machine_module
  robot_geom=gripper0_right_left_fingertip_collision, other_geom=scene_aabb_proxy_line_6_center_machine_module
  robot_geom=gripper0_right_left_fingertip_collision, other_geom=scene_aabb_proxy_line_6_center_machine_module
  robot_geom=gripper0_right_left_fingertip_collision, other_geom=scene_aabb_proxy_line_6_center_machine_module
  robot_geom=gripper0_right_left_fingerpad_collision, other_geom=scene_aabb_proxy_line_6_center_machine_module
  robot_geom=gripper0_right_left_fingerpad_collision, other_geom=scene_aabb_proxy_line_6_center_machine_module
  robot_geom=gripper0_right_left_fingerpad_collision, other_geom=scene_aabb_proxy_line_6_center_machine_module
  ... 10 more contact pairs
judge_collision_detected:
robot_base_x: 12.650228
robot_base_y: -0.760192
robot_base_yaw: 3.127479
robot_geom: gripper0_right_left_fingerpad_collision
proxy_geom: scene_aabb_proxy_line_6_center_machine_module
judge_collision_detected:
robot_base_x: 12.650228
robot_base_y: -0.760192
robot_base_yaw: 3.127479
robot_geom: gripper0_right_left_fingertip_collision
proxy_geom: scene_aabb_proxy_line_6_center_machine_module
judge_collision_detected:
robot_base_x: 12.650228
robot_base_y: -0.760192
robot_base_yaw: 3.127479
robot_geom: gripper0_right_right_fingertip_collision
proxy_geom: scene_aabb_proxy_line_6_center_machine_module
collision_detected:
  robot_geom=gripper0_right_left_inner_finger_collision, other_geom=scene_aabb_proxy_line_6_center_machine_module
  robot_geom=gripper0_right_left_fingertip_collision, other_geom=scene_aabb_proxy_line_6_center_machine_module
  robot_geom=gripper0_right_left_fingertip_collision, other_geom=scene_aabb_proxy_line_6_center_machine_module
  robot_geom=gripper0_right_left_fingertip_collision, other_geom=scene_aabb_proxy_line_6_center_machine_module
  robot_geom=gripper0_right_left_fingertip_collision, other_geom=scene_aabb_proxy_line_6_center_machine_module
  robot_geom=gripper0_right_left_fingerpad_collision, other_geom=scene_aabb_proxy_line_6_center_machine_module
  robot_geom=gripper0_right_left_fingerpad_collision, other_geom=scene_aabb_proxy_line_6_center_machine_module
  robot_geom=gripper0_right_left_fingerpad_collision, other_geom=scene_aabb_proxy_line_6_center_machine_module
  ... 10 more contact pairs
judge_collision_detected:
robot_base_x: 12.650246
robot_base_y: -0.782693
robot_base_yaw: 3.127372
robot_geom: gripper0_right_left_fingerpad_collision
proxy_geom: scene_aabb_proxy_line_6_center_machine_module
judge_collision_detected:
robot_base_x: 12.650246
robot_base_y: -0.782693
robot_base_yaw: 3.127372
robot_geom: gripper0_right_left_fingertip_collision
proxy_geom: scene_aabb_proxy_line_6_center_machine_module
judge_collision_detected:
robot_base_x: 12.650246
robot_base_y: -0.782693
robot_base_yaw: 3.127372
robot_geom: gripper0_right_right_fingertip_collision
proxy_geom: scene_aabb_proxy_line_6_center_machine_module
collision_detected:
  robot_geom=gripper0_right_left_inner_finger_collision, other_geom=scene_aabb_proxy_line_6_center_machine_module
  robot_geom=gripper0_right_left_fingertip_collision, other_geom=scene_aabb_proxy_line_6_center_machine_module
  robot_geom=gripper0_right_left_fingertip_collision, other_geom=scene_aabb_proxy_line_6_center_machine_module
  robot_geom=gripper0_right_left_fingertip_collision, other_geom=scene_aabb_proxy_line_6_center_machine_module
  robot_geom=gripper0_right_left_fingertip_collision, other_geom=scene_aabb_proxy_line_6_center_machine_module
  robot_geom=gripper0_right_left_fingerpad_collision, other_geom=scene_aabb_proxy_line_6_center_machine_module
  robot_geom=gripper0_right_left_fingerpad_collision, other_geom=scene_aabb_proxy_line_6_center_machine_module
  robot_geom=gripper0_right_left_fingerpad_collision, other_geom=scene_aabb_proxy_line_6_center_machine_module
  ... 10 more contact pairs
judge_collision_detected:
robot_base_x: 12.650261
robot_base_y: -0.805194
robot_base_yaw: 3.127264
robot_geom: gripper0_right_left_fingerpad_collision
proxy_geom: scene_aabb_proxy_line_6_center_machine_module
judge_collision_detected:
robot_base_x: 12.650261
robot_base_y: -0.805194
robot_base_yaw: 3.127264
robot_geom: gripper0_right_left_fingertip_collision
proxy_geom: scene_aabb_proxy_line_6_center_machine_module
judge_collision_detected:
robot_base_x: 12.650261
robot_base_y: -0.805194
robot_base_yaw: 3.127264
robot_geom: gripper0_right_right_fingertip_collision
proxy_geom: scene_aabb_proxy_line_6_center_machine_module
collision_detected:
  robot_geom=gripper0_right_left_inner_finger_collision, other_geom=scene_aabb_proxy_line_6_center_machine_module
  robot_geom=gripper0_right_left_fingertip_collision, other_geom=scene_aabb_proxy_line_6_center_machine_module
  robot_geom=gripper0_right_left_fingertip_collision, other_geom=scene_aabb_proxy_line_6_center_machine_module
  robot_geom=gripper0_right_left_fingertip_collision, other_geom=scene_aabb_proxy_line_6_center_machine_module
  robot_geom=gripper0_right_left_fingertip_collision, other_geom=scene_aabb_proxy_line_6_center_machine_module
  robot_geom=gripper0_right_left_fingerpad_collision, other_geom=scene_aabb_proxy_line_6_center_machine_module
  robot_geom=gripper0_right_left_fingerpad_collision, other_geom=scene_aabb_proxy_line_6_center_machine_module
  robot_geom=gripper0_right_left_fingerpad_collision, other_geom=scene_aabb_proxy_line_6_center_machine_module
  ... 10 more contact pairs
judge_collision_detected:
robot_base_x: 12.650274
robot_base_y: -0.827695
robot_base_yaw: 3.127157
robot_geom: gripper0_right_left_fingerpad_collision
proxy_geom: scene_aabb_proxy_line_6_center_machine_module
judge_collision_detected:
robot_base_x: 12.650274
robot_base_y: -0.827695
robot_base_yaw: 3.127157
robot_geom: gripper0_right_left_fingertip_collision
proxy_geom: scene_aabb_proxy_line_6_center_machine_module
judge_collision_detected:
robot_base_x: 12.650274
robot_base_y: -0.827695
robot_base_yaw: 3.127157
robot_geom: gripper0_right_right_fingertip_collision
proxy_geom: scene_aabb_proxy_line_6_center_machine_module
collision_detected:
  robot_geom=gripper0_right_left_inner_finger_collision, other_geom=scene_aabb_proxy_line_6_center_machine_module
  robot_geom=gripper0_right_left_fingertip_collision, other_geom=scene_aabb_proxy_line_6_center_machine_module
  robot_geom=gripper0_right_left_fingertip_collision, other_geom=scene_aabb_proxy_line_6_center_machine_module
  robot_geom=gripper0_right_left_fingertip_collision, other_geom=scene_aabb_proxy_line_6_center_machine_module
  robot_geom=gripper0_right_left_fingertip_collision, other_geom=scene_aabb_proxy_line_6_center_machine_module
  robot_geom=gripper0_right_left_fingerpad_collision, other_geom=scene_aabb_proxy_line_6_center_machine_module
  robot_geom=gripper0_right_left_fingerpad_collision, other_geom=scene_aabb_proxy_line_6_center_machine_module
  robot_geom=gripper0_right_left_fingerpad_collision, other_geom=scene_aabb_proxy_line_6_center_machine_module
  ... 10 more contact pairs
judge_collision_detected:
robot_base_x: 12.650276
robot_base_y: -0.850192
robot_base_yaw: 3.127035
robot_geom: gripper0_right_left_fingerpad_collision
proxy_geom: scene_aabb_proxy_line_6_center_machine_module
judge_collision_detected:
robot_base_x: 12.650276
robot_base_y: -0.850192
robot_base_yaw: 3.127035
robot_geom: gripper0_right_left_fingertip_collision
proxy_geom: scene_aabb_proxy_line_6_center_machine_module
judge_collision_detected:
robot_base_x: 12.650276
robot_base_y: -0.850192
robot_base_yaw: 3.127035
robot_geom: gripper0_right_right_inner_finger_collision
proxy_geom: scene_aabb_proxy_line_6_center_machine_module
collision_detected:
  robot_geom=gripper0_right_left_inner_finger_collision, other_geom=scene_aabb_proxy_line_6_center_machine_module
  robot_geom=gripper0_right_left_fingertip_collision, other_geom=scene_aabb_proxy_line_6_center_machine_module
  robot_geom=gripper0_right_left_fingertip_collision, other_geom=scene_aabb_proxy_line_6_center_machine_module
  robot_geom=gripper0_right_left_fingertip_collision, other_geom=scene_aabb_proxy_line_6_center_machine_module
  robot_geom=gripper0_right_left_fingertip_collision, other_geom=scene_aabb_proxy_line_6_center_machine_module
  robot_geom=gripper0_right_left_fingerpad_collision, other_geom=scene_aabb_proxy_line_6_center_machine_module
  robot_geom=gripper0_right_left_fingerpad_collision, other_geom=scene_aabb_proxy_line_6_center_machine_module
  robot_geom=gripper0_right_left_fingerpad_collision, other_geom=scene_aabb_proxy_line_6_center_machine_module
  ... 6 more contact pairs
judge_collision_detected:
robot_base_x: 12.650272
robot_base_y: -0.872691
robot_base_yaw: 3.126926
robot_geom: gripper0_right_left_fingerpad_collision
proxy_geom: scene_aabb_proxy_line_6_center_machine_module
judge_collision_detected:
robot_base_x: 12.650272
robot_base_y: -0.872691
robot_base_yaw: 3.126926
robot_geom: gripper0_right_left_fingertip_collision
proxy_geom: scene_aabb_proxy_line_6_center_machine_module
judge_collision_detected:
robot_base_x: 12.650272
robot_base_y: -0.872691
robot_base_yaw: 3.126926
robot_geom: gripper0_right_right_fingerpad_collision
proxy_geom: scene_aabb_proxy_line_6_center_machine_module
judge_collision_detected:
robot_base_x: 12.650272
robot_base_y: -0.872691
robot_base_yaw: 3.126926
robot_geom: gripper0_right_right_fingertip_collision
proxy_geom: scene_aabb_proxy_line_6_center_machine_module
collision_detected:
  robot_geom=gripper0_right_left_inner_finger_collision, other_geom=scene_aabb_proxy_line_6_center_machine_module
  robot_geom=gripper0_right_left_fingertip_collision, other_geom=scene_aabb_proxy_line_6_center_machine_module
  robot_geom=gripper0_right_left_fingertip_collision, other_geom=scene_aabb_proxy_line_6_center_machine_module
  robot_geom=gripper0_right_left_fingertip_collision, other_geom=scene_aabb_proxy_line_6_center_machine_module
  robot_geom=gripper0_right_left_fingertip_collision, other_geom=scene_aabb_proxy_line_6_center_machine_module
  robot_geom=gripper0_right_left_fingerpad_collision, other_geom=scene_aabb_proxy_line_6_center_machine_module
  robot_geom=gripper0_right_left_fingerpad_collision, other_geom=scene_aabb_proxy_line_6_center_machine_module
  robot_geom=gripper0_right_left_fingerpad_collision, other_geom=scene_aabb_proxy_line_6_center_machine_module
  ... 3 more contact pairs
judge_collision_detected:
robot_base_x: 12.650265
robot_base_y: -0.895189
robot_base_yaw: 3.126809
robot_geom: gripper0_right_left_fingerpad_collision
proxy_geom: scene_aabb_proxy_line_6_center_machine_module
judge_collision_detected:
robot_base_x: 12.650265
robot_base_y: -0.895189
robot_base_yaw: 3.126809
robot_geom: gripper0_right_left_fingertip_collision
proxy_geom: scene_aabb_proxy_line_6_center_machine_module
judge_collision_detected:
robot_base_x: 12.650265
robot_base_y: -0.895189
robot_base_yaw: 3.126809
robot_geom: gripper0_right_right_fingerpad_collision
proxy_geom: scene_aabb_proxy_line_6_center_machine_module
judge_collision_detected:
robot_base_x: 12.650265
robot_base_y: -0.895189
robot_base_yaw: 3.126809
robot_geom: gripper0_right_right_fingertip_collision
proxy_geom: scene_aabb_proxy_line_6_center_machine_module
collision_detected:
  robot_geom=gripper0_right_left_inner_finger_collision, other_geom=scene_aabb_proxy_line_6_center_machine_module
  robot_geom=gripper0_right_left_fingertip_collision, other_geom=scene_aabb_proxy_line_6_center_machine_module
  robot_geom=gripper0_right_left_fingertip_collision, other_geom=scene_aabb_proxy_line_6_center_machine_module
  robot_geom=gripper0_right_left_fingertip_collision, other_geom=scene_aabb_proxy_line_6_center_machine_module
  robot_geom=gripper0_right_left_fingertip_collision, other_geom=scene_aabb_proxy_line_6_center_machine_module
  robot_geom=gripper0_right_left_fingerpad_collision, other_geom=scene_aabb_proxy_line_6_center_machine_module
  robot_geom=gripper0_right_left_fingerpad_collision, other_geom=scene_aabb_proxy_line_6_center_machine_module
  robot_geom=gripper0_right_left_fingerpad_collision, other_geom=scene_aabb_proxy_line_6_center_machine_module
  ... 1 more contact pairs
judge_collision_detected:
robot_base_x: 12.650253
robot_base_y: -0.917685
robot_base_yaw: 3.126684
robot_geom: gripper0_right_left_fingertip_collision
proxy_geom: scene_aabb_proxy_line_6_center_machine_module
judge_collision_detected:
robot_base_x: 12.650253
robot_base_y: -0.917685
robot_base_yaw: 3.126684
robot_geom: gripper0_right_right_fingerpad_collision
proxy_geom: scene_aabb_proxy_line_6_center_machine_module
collision_detected:
  robot_geom=gripper0_right_left_inner_finger_collision, other_geom=scene_aabb_proxy_line_6_center_machine_module
  robot_geom=gripper0_right_left_fingertip_collision, other_geom=scene_aabb_proxy_line_6_center_machine_module
  robot_geom=gripper0_right_left_fingertip_collision, other_geom=scene_aabb_proxy_line_6_center_machine_module
  robot_geom=gripper0_right_left_fingertip_collision, other_geom=scene_aabb_proxy_line_6_center_machine_module
  robot_geom=gripper0_right_left_fingertip_collision, other_geom=scene_aabb_proxy_line_6_center_machine_module
  robot_geom=gripper0_right_left_fingerpad_collision, other_geom=scene_aabb_proxy_line_6_center_machine_module
  robot_geom=gripper0_right_left_fingerpad_collision, other_geom=scene_aabb_proxy_line_6_center_machine_module
  robot_geom=gripper0_right_left_fingerpad_collision, other_geom=scene_aabb_proxy_line_6_center_machine_module
  ... 1 more contact pairs
judge_collision_detected:
robot_base_x: 12.650237
robot_base_y: -0.940180
robot_base_yaw: 3.126554
robot_geom: gripper0_right_left_fingertip_collision
proxy_geom: scene_aabb_proxy_line_6_center_machine_module
judge_collision_detected:
robot_base_x: 12.650237
robot_base_y: -0.940180
robot_base_yaw: 3.126554
robot_geom: gripper0_right_right_fingerpad_collision
proxy_geom: scene_aabb_proxy_line_6_center_machine_module
judge_collision_detected:
robot_base_x: 12.650237
robot_base_y: -0.940180
robot_base_yaw: 3.126554
robot_geom: gripper0_right_right_fingertip_collision
proxy_geom: scene_aabb_proxy_line_6_center_machine_module
collision_detected:
  robot_geom=gripper0_right_left_inner_finger_collision, other_geom=scene_aabb_proxy_line_6_center_machine_module
  robot_geom=gripper0_right_left_fingertip_collision, other_geom=scene_aabb_proxy_line_6_center_machine_module
  robot_geom=gripper0_right_left_fingertip_collision, other_geom=scene_aabb_proxy_line_6_center_machine_module
  robot_geom=gripper0_right_left_fingertip_collision, other_geom=scene_aabb_proxy_line_6_center_machine_module
  robot_geom=gripper0_right_left_fingertip_collision, other_geom=scene_aabb_proxy_line_6_center_machine_module
  robot_geom=gripper0_right_left_fingerpad_collision, other_geom=scene_aabb_proxy_line_6_center_machine_module
  robot_geom=gripper0_right_left_fingerpad_collision, other_geom=scene_aabb_proxy_line_6_center_machine_module
  robot_geom=gripper0_right_left_fingerpad_collision, other_geom=scene_aabb_proxy_line_6_center_machine_module
  ... 1 more contact pairs
judge_collision_detected:
robot_base_x: 12.650219
robot_base_y: -0.962675
robot_base_yaw: 3.126425
robot_geom: gripper0_right_left_fingertip_collision
proxy_geom: scene_aabb_proxy_line_6_center_machine_module
collision_detected:
  robot_geom=gripper0_right_left_inner_finger_collision, other_geom=scene_aabb_proxy_line_6_center_machine_module
  robot_geom=gripper0_right_left_fingertip_collision, other_geom=scene_aabb_proxy_line_6_center_machine_module
  robot_geom=gripper0_right_left_fingertip_collision, other_geom=scene_aabb_proxy_line_6_center_machine_module
  robot_geom=gripper0_right_left_fingertip_collision, other_geom=scene_aabb_proxy_line_6_center_machine_module
  robot_geom=gripper0_right_left_fingertip_collision, other_geom=scene_aabb_proxy_line_6_center_machine_module
  robot_geom=gripper0_right_left_fingerpad_collision, other_geom=scene_aabb_proxy_line_6_center_machine_module
  robot_geom=gripper0_right_left_fingerpad_collision, other_geom=scene_aabb_proxy_line_6_center_machine_module
  robot_geom=gripper0_right_left_fingerpad_collision, other_geom=scene_aabb_proxy_line_6_center_machine_module
  ... 1 more contact pairs
judge_collision_detected:
robot_base_x: 12.650198
robot_base_y: -0.985170
robot_base_yaw: 3.126302
robot_geom: gripper0_right_left_fingertip_collision
proxy_geom: scene_aabb_proxy_line_6_center_machine_module
collision_detected:
  robot_geom=gripper0_right_left_inner_finger_collision, other_geom=scene_aabb_proxy_line_6_center_machine_module
  robot_geom=gripper0_right_left_fingertip_collision, other_geom=scene_aabb_proxy_line_6_center_machine_module
  robot_geom=gripper0_right_left_fingertip_collision, other_geom=scene_aabb_proxy_line_6_center_machine_module
  robot_geom=gripper0_right_left_fingertip_collision, other_geom=scene_aabb_proxy_line_6_center_machine_module
  robot_geom=gripper0_right_left_fingertip_collision, other_geom=scene_aabb_proxy_line_6_center_machine_module
  robot_geom=gripper0_right_left_fingerpad_collision, other_geom=scene_aabb_proxy_line_6_center_machine_module
judge_collision_detected:
robot_base_x: 12.650164
robot_base_y: -1.007669
robot_base_yaw: 3.126263
robot_geom: gripper0_right_left_inner_finger_collision
proxy_geom: scene_aabb_proxy_line_6_center_machine_module
collision_detected:
  robot_geom=gripper0_right_left_inner_finger_collision, other_geom=scene_aabb_proxy_line_6_center_machine_module
  robot_geom=gripper0_right_left_fingertip_collision, other_geom=scene_aabb_proxy_line_6_center_machine_module
place_object_physics: no object held
place_down: failed target=output_4 held=None avail_out=['output_1_table', 'output_2_bin', 'output_3_conveyor', 'output_4_shelf']
Step 3 (place_down): all 1 attempts failed
Step 4 (place_down) failed: Physics place FAIL: output_4 held=None out_ports=['output_1_table', 'output_2_bin', 'output_3_conveyor', 'output_4_shelf']
Step 4 failed, fail_fast — stopping
