/mnt/workspace/JCIIOT2026/JCIIOT/robosuite/robosuite/__init__.py:49: SyntaxWarning: invalid escape sequence '\ '
  /[_]\  [~]\/    |//  |
[robosuite WARNING] No private macro file found! (macros.py:57)
[robosuite WARNING] It is recommended to use a private macro file (macros.py:58)
[robosuite WARNING] To setup, run: python /mnt/workspace/JCIIOT2026/JCIIOT/robosuite/robosuite/scripts/setup_macros.py (macros.py:59)
[robosuite WARNING] Could not import robosuite_models. Some robots may not be available. If you want to use these robots, please install robosuite_models from source (https://github.com/ARISE-Initiative/robosuite_models) or through pip install. (__init__.py:31)
[robosuite WARNING] Could not load the mink-based whole-body IK. Make sure you install related import properly (e.g. pip install mink==0.0.5), otherwise you will not be able to use the default IK controller setting for GR1 robot. (__init__.py:41)
[robosuite INFO] Loading controller configuration from: /mnt/workspace/JCIIOT2026/JCIIOT/robosuite/robosuite/controllers/config/robots/default_tiago.json (composite_controller_factory.py:121)
[robosuite INFO] Loading controller configuration from: /mnt/workspace/JCIIOT2026/JCIIOT/robosuite/robosuite/controllers/config/robots/default_tiago.json (composite_controller_factory.py:121)
[robosuite INFO] Loading controller configuration from: /mnt/workspace/JCIIOT2026/JCIIOT/robosuite/robosuite/controllers/config/robots/default_tiago.json (composite_controller_factory.py:121)
[robosuite INFO] Loading controller configuration from: /mnt/workspace/JCIIOT2026/JCIIOT/robosuite/robosuite/controllers/config/robots/default_tiago.json (composite_controller_factory.py:121)

============= Initialized Observation Utils with Obs Spec =============

using obs modality: low_dim with keys: ['robot0_left_eef_pos', 'robot0_left_eef_quat', 'robot0_right_eef_pos', 'robot0_right_eef_quat', 'robot0_right_gripper_qpos', 'robot0_left_gripper_qpos']
using obs modality: rgb with keys: []
using obs modality: depth with keys: []
using obs modality: scan with keys: []
Loaded robomimic checkpoint: /mnt/workspace/JCIIOT2026/JCIIOT/robosuite/robosuite/model_epoch_150.pth
Evaluation device: cuda:0
[BACKEND v4] grasp_object_physics called
[robosuite INFO] Loading controller configuration from: /mnt/workspace/JCIIOT2026/JCIIOT/robosuite/robosuite/controllers/config/robots/default_tiago.json (composite_controller_factory.py:121)
Evaluation factory scene: FactorySorting3_3FO3ERRPH7X9
[BC_INPUT] robot_base_pos=(13.010629,3.923647,0.000000)
[BC_INPUT] robot_base_ori=[0.000000,0.000000,-3.139453] (yaw=-0.9993*pi)
[BC_INPUT] actual_base_pose=(13.010629,3.923647) yaw=-3.139453
[BC_INPUT] object_name=green_tote_b01_upper
[BC_INPUT] torso_lift=0.3500
[BC_INPUT] arm_right_1=0.7426
[BC_INPUT] arm_right_3=2.1378
[BC_INPUT] arm_right_4=2.1057
[BC_INPUT] gripper_r=0.0120
[BC_INPUT] scene=FactorySorting3_3FO3ERRPH7X9
[BC_INPUT] object green_tote_b01_lower: pos=(11.8676,3.1954,1.2000)
[BC_INPUT] object green_tote_b01_upper: pos=(11.8676,4.6249,1.2000)
Target object: green_tote_b01_upper
Robot base xy at reset: (13.010629, 3.923647)
Tracking sites: {'right': 'green_tote_b01_upper_right_grasp_site', 'left': 'green_tote_b01_upper_left_grasp_site'}
Below-site grasp targets: {'right': array([ 0.165, -0.215,  0.165]), 'left': array([-0.165, -0.215,  0.165])}
wrapped_env_grasp_start_pose: x=13.010629, y=3.923647, yaw=-3.139453
Executing scripted grasp policy (deterministic OSC waypoint servo)
[SCRIPTED] site_positions (world): {'right': 'green_tote_b01_upper_right_grasp_site', 'left': 'green_tote_b01_upper_left_grasp_site'}
[SCRIPTED] right site world pos: [12.032624   4.409856   1.3999995], below_target: [12.032624   4.409856   1.3649995]
[SCRIPTED] left site world pos: [11.702624   4.409856   1.3999995], below_target: [11.702624   4.409856   1.3649995]
[SCRIPTED] eef starts: right=[12.64202483  4.19160377  1.1359892 ], left=[12.62669306  3.7379133   1.1086439 ]
[SCRIPTED] Phase 1: safe vertical lift (60 steps, safe_z=1.550)
[SCRIPTED] Phase 2: XY approach (120 steps)
After same-env wrapped policy execution object collision geoms: ['green_tote_b01_upper_tote_b01_col_bottom', 'green_tote_b01_upper_tote_b01_col_front', 'green_tote_b01_upper_tote_b01_col_back', 'green_tote_b01_upper_tote_b01_col_left', 'green_tote_b01_upper_tote_b01_col_right']
After same-env wrapped policy execution gripper end targets: {'right': [12.0326, 4.4099, 1.365], 'left': [11.7026, 4.4099, 1.365]}
After same-env wrapped policy execution gripper end positions: {'right': [12.137, 4.46, 1.4807], 'left': [12.0724, 3.7006, 1.5182]}
After same-env wrapped policy execution gripper end deltas current-minus-target: {'right': [0.1044, 0.0502, 0.1157], 'left': [0.3697, -0.7092, 0.1532]}
After same-env wrapped policy execution gripper end distances: {'right': 0.1637177885016243, 'left': 0.8143560504378211}
After same-env wrapped policy execution fingerpad contact status: {'right': {'left_fingerpad': False, 'right_fingerpad': False}, 'left': {'left_fingerpad': False, 'right_fingerpad': False}}
After same-env wrapped policy execution fingerpad contact pairs: {'right': {'left_fingerpad': [], 'right_fingerpad': []}, 'left': {'left_fingerpad': [], 'right_fingerpad': []}}
After same-env wrapped policy execution grasp status: {'right': False, 'left': False}
Scripted grasp total_steps=180
Same-env wrapped grasp success: False
Scripted grasp failure: gripper touched object during XY approach settle at step 4
lift_initial_grasp_status: {'right': False, 'left': False}
[BACKEND] grasp pipeline failed, skipping transport attachment: grasp_success=False, lift_success=False, lift_failure=object is not grasped by both grippers: {'right': False, 'left': False}
Step 1 (pick_up): all 1 attempts failed
Step 2 (pick_up) failed: Physics grasp FAIL: input_6
Step 2 failed softly, continuing after pick_up failure
judge_collision_detected:
robot_base_x: 12.694455
robot_base_y: 2.807884
robot_base_yaw: -3.141055
robot_geom: gripper0_left_left_fingertip_collision
proxy_geom: scene_aabb_proxy_line_6_center_machine_module
judge_collision_detected:
robot_base_x: 12.694455
robot_base_y: 2.807884
robot_base_yaw: -3.141055
robot_geom: gripper0_left_right_fingerpad_collision
proxy_geom: scene_aabb_proxy_line_6_center_machine_module
judge_collision_detected:
robot_base_x: 12.694455
robot_base_y: 2.807884
robot_base_yaw: -3.141055
robot_geom: gripper0_left_right_fingertip_collision
proxy_geom: scene_aabb_proxy_line_6_center_machine_module
collision_detected:
  robot_geom=gripper0_left_right_fingertip_collision, other_geom=scene_aabb_proxy_line_6_center_machine_module
  robot_geom=gripper0_left_right_fingertip_collision, other_geom=scene_aabb_proxy_line_6_center_machine_module
  robot_geom=gripper0_left_right_fingertip_collision, other_geom=scene_aabb_proxy_line_6_center_machine_module
  robot_geom=gripper0_left_right_fingertip_collision, other_geom=scene_aabb_proxy_line_6_center_machine_module
  robot_geom=gripper0_left_right_fingerpad_collision, other_geom=scene_aabb_proxy_line_6_center_machine_module
  robot_geom=gripper0_left_right_fingerpad_collision, other_geom=scene_aabb_proxy_line_6_center_machine_module
judge_collision_detected:
robot_base_x: 12.680774
robot_base_y: 2.790042
robot_base_yaw: -3.140998
robot_geom: gripper0_left_left_fingerpad_collision
proxy_geom: scene_aabb_proxy_line_6_center_machine_module
judge_collision_detected:
robot_base_x: 12.680774
robot_base_y: 2.790042
robot_base_yaw: -3.140998
robot_geom: gripper0_left_left_fingertip_collision
proxy_geom: scene_aabb_proxy_line_6_center_machine_module
judge_collision_detected:
robot_base_x: 12.680774
robot_base_y: 2.790042
robot_base_yaw: -3.140998
robot_geom: gripper0_left_right_fingerpad_collision
proxy_geom: scene_aabb_proxy_line_6_center_machine_module
judge_collision_detected:
robot_base_x: 12.680774
robot_base_y: 2.790042
robot_base_yaw: -3.140998
robot_geom: gripper0_left_right_fingertip_collision
proxy_geom: scene_aabb_proxy_line_6_center_machine_module
collision_detected:
  robot_geom=gripper0_left_left_fingertip_collision, other_geom=scene_aabb_proxy_line_6_center_machine_module
  robot_geom=gripper0_left_left_fingertip_collision, other_geom=scene_aabb_proxy_line_6_center_machine_module
  robot_geom=gripper0_left_left_fingerpad_collision, other_geom=scene_aabb_proxy_line_6_center_machine_module
  robot_geom=gripper0_left_left_fingerpad_collision, other_geom=scene_aabb_proxy_line_6_center_machine_module
  robot_geom=gripper0_left_right_fingertip_collision, other_geom=scene_aabb_proxy_line_6_center_machine_module
  robot_geom=gripper0_left_right_fingertip_collision, other_geom=scene_aabb_proxy_line_6_center_machine_module
  robot_geom=gripper0_left_right_fingertip_collision, other_geom=scene_aabb_proxy_line_6_center_machine_module
  robot_geom=gripper0_left_right_fingertip_collision, other_geom=scene_aabb_proxy_line_6_center_machine_module
  ... 4 more contact pairs
judge_collision_detected:
robot_base_x: 12.667096
robot_base_y: 2.772204
robot_base_yaw: -3.140910
robot_geom: gripper0_left_left_fingertip_collision
proxy_geom: scene_aabb_proxy_line_6_center_machine_module
judge_collision_detected:
robot_base_x: 12.667096
robot_base_y: 2.772204
robot_base_yaw: -3.140910
robot_geom: gripper0_left_right_fingerpad_collision
proxy_geom: scene_aabb_proxy_line_6_center_machine_module
judge_collision_detected:
robot_base_x: 12.667096
robot_base_y: 2.772204
robot_base_yaw: -3.140910
robot_geom: gripper0_left_right_fingertip_collision
proxy_geom: scene_aabb_proxy_line_6_center_machine_module
collision_detected:
  robot_geom=gripper0_left_left_fingertip_collision, other_geom=scene_aabb_proxy_line_6_center_machine_module
  robot_geom=gripper0_left_left_fingertip_collision, other_geom=scene_aabb_proxy_line_6_center_machine_module
  robot_geom=gripper0_left_left_fingertip_collision, other_geom=scene_aabb_proxy_line_6_center_machine_module
  robot_geom=gripper0_left_left_fingerpad_collision, other_geom=scene_aabb_proxy_line_6_center_machine_module
  robot_geom=gripper0_left_left_fingerpad_collision, other_geom=scene_aabb_proxy_line_6_center_machine_module
  robot_geom=gripper0_left_left_fingerpad_collision, other_geom=scene_aabb_proxy_line_6_center_machine_module
  robot_geom=gripper0_left_right_fingertip_collision, other_geom=scene_aabb_proxy_line_6_center_machine_module
  robot_geom=gripper0_left_right_fingertip_collision, other_geom=scene_aabb_proxy_line_6_center_machine_module
  ... 6 more contact pairs
judge_collision_detected:
robot_base_x: 12.666219
robot_base_y: 2.749728
robot_base_yaw: -3.140850
robot_geom: gripper0_left_left_fingertip_collision
proxy_geom: scene_aabb_proxy_line_6_center_machine_module
judge_collision_detected:
robot_base_x: 12.666219
robot_base_y: 2.749728
robot_base_yaw: -3.140850
robot_geom: gripper0_left_right_fingerpad_collision
proxy_geom: scene_aabb_proxy_line_6_center_machine_module
judge_collision_detected:
robot_base_x: 12.666219
robot_base_y: 2.749728
robot_base_yaw: -3.140850
robot_geom: gripper0_left_right_fingertip_collision
proxy_geom: scene_aabb_proxy_line_6_center_machine_module
collision_detected:
  robot_geom=gripper0_left_left_fingertip_collision, other_geom=scene_aabb_proxy_line_6_center_machine_module
  robot_geom=gripper0_left_left_fingertip_collision, other_geom=scene_aabb_proxy_line_6_center_machine_module
  robot_geom=gripper0_left_left_fingertip_collision, other_geom=scene_aabb_proxy_line_6_center_machine_module
  robot_geom=gripper0_left_left_fingertip_collision, other_geom=scene_aabb_proxy_line_6_center_machine_module
  robot_geom=gripper0_left_left_fingerpad_collision, other_geom=scene_aabb_proxy_line_6_center_machine_module
  robot_geom=gripper0_left_left_fingerpad_collision, other_geom=scene_aabb_proxy_line_6_center_machine_module
  robot_geom=gripper0_left_left_fingerpad_collision, other_geom=scene_aabb_proxy_line_6_center_machine_module
  robot_geom=gripper0_left_left_fingerpad_collision, other_geom=scene_aabb_proxy_line_6_center_machine_module
  ... 8 more contact pairs
judge_collision_detected:
robot_base_x: 12.665340
robot_base_y: 2.727251
robot_base_yaw: -3.140791
robot_geom: gripper0_left_left_fingertip_collision
proxy_geom: scene_aabb_proxy_line_6_center_machine_module
judge_collision_detected:
robot_base_x: 12.665340
robot_base_y: 2.727251
robot_base_yaw: -3.140791
robot_geom: gripper0_left_right_fingerpad_collision
proxy_geom: scene_aabb_proxy_line_6_center_machine_module
judge_collision_detected:
robot_base_x: 12.665340
robot_base_y: 2.727251
robot_base_yaw: -3.140791
robot_geom: gripper0_left_right_fingertip_collision
proxy_geom: scene_aabb_proxy_line_6_center_machine_module
collision_detected:
  robot_geom=gripper0_left_left_fingertip_collision, other_geom=scene_aabb_proxy_line_6_center_machine_module
  robot_geom=gripper0_left_left_fingertip_collision, other_geom=scene_aabb_proxy_line_6_center_machine_module
  robot_geom=gripper0_left_left_fingertip_collision, other_geom=scene_aabb_proxy_line_6_center_machine_module
  robot_geom=gripper0_left_left_fingertip_collision, other_geom=scene_aabb_proxy_line_6_center_machine_module
  robot_geom=gripper0_left_left_fingerpad_collision, other_geom=scene_aabb_proxy_line_6_center_machine_module
  robot_geom=gripper0_left_left_fingerpad_collision, other_geom=scene_aabb_proxy_line_6_center_machine_module
  robot_geom=gripper0_left_left_fingerpad_collision, other_geom=scene_aabb_proxy_line_6_center_machine_module
  robot_geom=gripper0_left_left_fingerpad_collision, other_geom=scene_aabb_proxy_line_6_center_machine_module
  ... 8 more contact pairs
judge_collision_detected:
robot_base_x: 12.664459
robot_base_y: 2.704775
robot_base_yaw: -3.140732
robot_geom: gripper0_left_left_fingertip_collision
proxy_geom: scene_aabb_proxy_line_6_center_machine_module
judge_collision_detected:
robot_base_x: 12.664459
robot_base_y: 2.704775
robot_base_yaw: -3.140732
robot_geom: gripper0_left_right_fingerpad_collision
proxy_geom: scene_aabb_proxy_line_6_center_machine_module
judge_collision_detected:
robot_base_x: 12.664459
robot_base_y: 2.704775
robot_base_yaw: -3.140732
robot_geom: gripper0_left_right_fingertip_collision
proxy_geom: scene_aabb_proxy_line_6_center_machine_module
collision_detected:
  robot_geom=gripper0_left_left_fingertip_collision, other_geom=scene_aabb_proxy_line_6_center_machine_module
  robot_geom=gripper0_left_left_fingertip_collision, other_geom=scene_aabb_proxy_line_6_center_machine_module
  robot_geom=gripper0_left_left_fingertip_collision, other_geom=scene_aabb_proxy_line_6_center_machine_module
  robot_geom=gripper0_left_left_fingertip_collision, other_geom=scene_aabb_proxy_line_6_center_machine_module
  robot_geom=gripper0_left_left_fingerpad_collision, other_geom=scene_aabb_proxy_line_6_center_machine_module
  robot_geom=gripper0_left_left_fingerpad_collision, other_geom=scene_aabb_proxy_line_6_center_machine_module
  robot_geom=gripper0_left_left_fingerpad_collision, other_geom=scene_aabb_proxy_line_6_center_machine_module
  robot_geom=gripper0_left_left_fingerpad_collision, other_geom=scene_aabb_proxy_line_6_center_machine_module
  ... 8 more contact pairs
judge_collision_detected:
robot_base_x: 12.663577
robot_base_y: 2.682298
robot_base_yaw: -3.140671
robot_geom: gripper0_left_left_fingertip_collision
proxy_geom: scene_aabb_proxy_line_6_center_machine_module
judge_collision_detected:
robot_base_x: 12.663577
robot_base_y: 2.682298
robot_base_yaw: -3.140671
robot_geom: gripper0_left_right_fingerpad_collision
proxy_geom: scene_aabb_proxy_line_6_center_machine_module
judge_collision_detected:
robot_base_x: 12.663577
robot_base_y: 2.682298
robot_base_yaw: -3.140671
robot_geom: gripper0_left_right_fingertip_collision
proxy_geom: scene_aabb_proxy_line_6_center_machine_module
collision_detected:
  robot_geom=gripper0_left_left_fingertip_collision, other_geom=scene_aabb_proxy_line_6_center_machine_module
  robot_geom=gripper0_left_left_fingertip_collision, other_geom=scene_aabb_proxy_line_6_center_machine_module
  robot_geom=gripper0_left_left_fingertip_collision, other_geom=scene_aabb_proxy_line_6_center_machine_module
  robot_geom=gripper0_left_left_fingertip_collision, other_geom=scene_aabb_proxy_line_6_center_machine_module
  robot_geom=gripper0_left_left_fingerpad_collision, other_geom=scene_aabb_proxy_line_6_center_machine_module
  robot_geom=gripper0_left_left_fingerpad_collision, other_geom=scene_aabb_proxy_line_6_center_machine_module
  robot_geom=gripper0_left_left_fingerpad_collision, other_geom=scene_aabb_proxy_line_6_center_machine_module
  robot_geom=gripper0_left_left_fingerpad_collision, other_geom=scene_aabb_proxy_line_6_center_machine_module
  ... 9 more contact pairs
judge_collision_detected:
robot_base_x: 12.662693
robot_base_y: 2.659822
robot_base_yaw: -3.140609
robot_geom: gripper0_left_left_fingertip_collision
proxy_geom: scene_aabb_proxy_line_6_center_machine_module
judge_collision_detected:
robot_base_x: 12.662693
robot_base_y: 2.659822
robot_base_yaw: -3.140609
robot_geom: gripper0_left_right_fingerpad_collision
proxy_geom: scene_aabb_proxy_line_6_center_machine_module
judge_collision_detected:
robot_base_x: 12.662693
robot_base_y: 2.659822
robot_base_yaw: -3.140609
robot_geom: gripper0_left_right_fingertip_collision
proxy_geom: scene_aabb_proxy_line_6_center_machine_module
collision_detected:
  robot_geom=gripper0_left_left_fingertip_collision, other_geom=scene_aabb_proxy_line_6_center_machine_module
  robot_geom=gripper0_left_left_fingertip_collision, other_geom=scene_aabb_proxy_line_6_center_machine_module
  robot_geom=gripper0_left_left_fingertip_collision, other_geom=scene_aabb_proxy_line_6_center_machine_module
  robot_geom=gripper0_left_left_fingertip_collision, other_geom=scene_aabb_proxy_line_6_center_machine_module
  robot_geom=gripper0_left_left_fingerpad_collision, other_geom=scene_aabb_proxy_line_6_center_machine_module
  robot_geom=gripper0_left_left_fingerpad_collision, other_geom=scene_aabb_proxy_line_6_center_machine_module
  robot_geom=gripper0_left_left_fingerpad_collision, other_geom=scene_aabb_proxy_line_6_center_machine_module
  robot_geom=gripper0_left_left_fingerpad_collision, other_geom=scene_aabb_proxy_line_6_center_machine_module
  ... 9 more contact pairs
judge_collision_detected:
robot_base_x: 12.661807
robot_base_y: 2.637346
robot_base_yaw: -3.140545
robot_geom: gripper0_left_left_fingertip_collision
proxy_geom: scene_aabb_proxy_line_6_center_machine_module
judge_collision_detected:
robot_base_x: 12.661807
robot_base_y: 2.637346
robot_base_yaw: -3.140545
robot_geom: gripper0_left_right_fingerpad_collision
proxy_geom: scene_aabb_proxy_line_6_center_machine_module
judge_collision_detected:
robot_base_x: 12.661807
robot_base_y: 2.637346
robot_base_yaw: -3.140545
robot_geom: gripper0_left_right_fingertip_collision
proxy_geom: scene_aabb_proxy_line_6_center_machine_module
collision_detected:
  robot_geom=gripper0_left_left_inner_finger_collision, other_geom=scene_aabb_proxy_line_6_center_machine_module
  robot_geom=gripper0_left_left_fingertip_collision, other_geom=scene_aabb_proxy_line_6_center_machine_module
  robot_geom=gripper0_left_left_fingertip_collision, other_geom=scene_aabb_proxy_line_6_center_machine_module
  robot_geom=gripper0_left_left_fingertip_collision, other_geom=scene_aabb_proxy_line_6_center_machine_module
  robot_geom=gripper0_left_left_fingertip_collision, other_geom=scene_aabb_proxy_line_6_center_machine_module
  robot_geom=gripper0_left_left_fingerpad_collision, other_geom=scene_aabb_proxy_line_6_center_machine_module
  robot_geom=gripper0_left_left_fingerpad_collision, other_geom=scene_aabb_proxy_line_6_center_machine_module
  robot_geom=gripper0_left_left_fingerpad_collision, other_geom=scene_aabb_proxy_line_6_center_machine_module
  ... 10 more contact pairs
judge_collision_detected:
robot_base_x: 12.660919
robot_base_y: 2.614870
robot_base_yaw: -3.140480
robot_geom: gripper0_left_left_fingertip_collision
proxy_geom: scene_aabb_proxy_line_6_center_machine_module
judge_collision_detected:
robot_base_x: 12.660919
robot_base_y: 2.614870
robot_base_yaw: -3.140480
robot_geom: gripper0_left_right_fingerpad_collision
proxy_geom: scene_aabb_proxy_line_6_center_machine_module
judge_collision_detected:
robot_base_x: 12.660919
robot_base_y: 2.614870
robot_base_yaw: -3.140480
robot_geom: gripper0_left_right_fingertip_collision
proxy_geom: scene_aabb_proxy_line_6_center_machine_module
collision_detected:
  robot_geom=gripper0_left_left_inner_finger_collision, other_geom=scene_aabb_proxy_line_6_center_machine_module
  robot_geom=gripper0_left_left_fingertip_collision, other_geom=scene_aabb_proxy_line_6_center_machine_module
  robot_geom=gripper0_left_left_fingertip_collision, other_geom=scene_aabb_proxy_line_6_center_machine_module
  robot_geom=gripper0_left_left_fingertip_collision, other_geom=scene_aabb_proxy_line_6_center_machine_module
  robot_geom=gripper0_left_left_fingertip_collision, other_geom=scene_aabb_proxy_line_6_center_machine_module
  robot_geom=gripper0_left_left_fingerpad_collision, other_geom=scene_aabb_proxy_line_6_center_machine_module
  robot_geom=gripper0_left_left_fingerpad_collision, other_geom=scene_aabb_proxy_line_6_center_machine_module
  robot_geom=gripper0_left_left_fingerpad_collision, other_geom=scene_aabb_proxy_line_6_center_machine_module
  ... 10 more contact pairs
judge_collision_detected:
robot_base_x: 12.660028
robot_base_y: 2.592394
robot_base_yaw: -3.140414
robot_geom: gripper0_left_left_fingertip_collision
proxy_geom: scene_aabb_proxy_line_6_center_machine_module
judge_collision_detected:
robot_base_x: 12.660028
robot_base_y: 2.592394
robot_base_yaw: -3.140414
robot_geom: gripper0_left_right_fingerpad_collision
proxy_geom: scene_aabb_proxy_line_6_center_machine_module
judge_collision_detected:
robot_base_x: 12.660028
robot_base_y: 2.592394
robot_base_yaw: -3.140414
robot_geom: gripper0_left_right_fingertip_collision
proxy_geom: scene_aabb_proxy_line_6_center_machine_module
collision_detected:
  robot_geom=gripper0_left_left_inner_finger_collision, other_geom=scene_aabb_proxy_line_6_center_machine_module
  robot_geom=gripper0_left_left_fingertip_collision, other_geom=scene_aabb_proxy_line_6_center_machine_module
  robot_geom=gripper0_left_left_fingertip_collision, other_geom=scene_aabb_proxy_line_6_center_machine_module
  robot_geom=gripper0_left_left_fingertip_collision, other_geom=scene_aabb_proxy_line_6_center_machine_module
  robot_geom=gripper0_left_left_fingertip_collision, other_geom=scene_aabb_proxy_line_6_center_machine_module
  robot_geom=gripper0_left_left_fingerpad_collision, other_geom=scene_aabb_proxy_line_6_center_machine_module
  robot_geom=gripper0_left_left_fingerpad_collision, other_geom=scene_aabb_proxy_line_6_center_machine_module
  robot_geom=gripper0_left_left_fingerpad_collision, other_geom=scene_aabb_proxy_line_6_center_machine_module
  ... 10 more contact pairs
judge_collision_detected:
robot_base_x: 12.659134
robot_base_y: 2.569918
robot_base_yaw: -3.140347
robot_geom: gripper0_left_left_fingertip_collision
proxy_geom: scene_aabb_proxy_line_6_center_machine_module
judge_collision_detected:
robot_base_x: 12.659134
robot_base_y: 2.569918
robot_base_yaw: -3.140347
robot_geom: gripper0_left_right_fingerpad_collision
proxy_geom: scene_aabb_proxy_line_6_center_machine_module
judge_collision_detected:
robot_base_x: 12.659134
robot_base_y: 2.569918
robot_base_yaw: -3.140347
robot_geom: gripper0_left_right_fingertip_collision
proxy_geom: scene_aabb_proxy_line_6_center_machine_module
collision_detected:
  robot_geom=gripper0_left_left_inner_finger_collision, other_geom=scene_aabb_proxy_line_6_center_machine_module
  robot_geom=gripper0_left_left_fingertip_collision, other_geom=scene_aabb_proxy_line_6_center_machine_module
  robot_geom=gripper0_left_left_fingertip_collision, other_geom=scene_aabb_proxy_line_6_center_machine_module
  robot_geom=gripper0_left_left_fingertip_collision, other_geom=scene_aabb_proxy_line_6_center_machine_module
  robot_geom=gripper0_left_left_fingertip_collision, other_geom=scene_aabb_proxy_line_6_center_machine_module
  robot_geom=gripper0_left_left_fingerpad_collision, other_geom=scene_aabb_proxy_line_6_center_machine_module
  robot_geom=gripper0_left_left_fingerpad_collision, other_geom=scene_aabb_proxy_line_6_center_machine_module
  robot_geom=gripper0_left_left_fingerpad_collision, other_geom=scene_aabb_proxy_line_6_center_machine_module
  ... 10 more contact pairs
judge_collision_detected:
robot_base_x: 12.658237
robot_base_y: 2.547442
robot_base_yaw: -3.140278
robot_geom: gripper0_left_left_fingertip_collision
proxy_geom: scene_aabb_proxy_line_6_center_machine_module
judge_collision_detected:
robot_base_x: 12.658237
robot_base_y: 2.547442
robot_base_yaw: -3.140278
robot_geom: gripper0_left_right_fingerpad_collision
proxy_geom: scene_aabb_proxy_line_6_center_machine_module
judge_collision_detected:
robot_base_x: 12.658237
robot_base_y: 2.547442
robot_base_yaw: -3.140278
robot_geom: gripper0_left_right_fingertip_collision
proxy_geom: scene_aabb_proxy_line_6_center_machine_module
collision_detected:
  robot_geom=gripper0_left_left_inner_finger_collision, other_geom=scene_aabb_proxy_line_6_center_machine_module
  robot_geom=gripper0_left_left_fingertip_collision, other_geom=scene_aabb_proxy_line_6_center_machine_module
  robot_geom=gripper0_left_left_fingertip_collision, other_geom=scene_aabb_proxy_line_6_center_machine_module
  robot_geom=gripper0_left_left_fingertip_collision, other_geom=scene_aabb_proxy_line_6_center_machine_module
  robot_geom=gripper0_left_left_fingertip_collision, other_geom=scene_aabb_proxy_line_6_center_machine_module
  robot_geom=gripper0_left_left_fingerpad_collision, other_geom=scene_aabb_proxy_line_6_center_machine_module
  robot_geom=gripper0_left_left_fingerpad_collision, other_geom=scene_aabb_proxy_line_6_center_machine_module
  robot_geom=gripper0_left_left_fingerpad_collision, other_geom=scene_aabb_proxy_line_6_center_machine_module
  ... 10 more contact pairs
judge_collision_detected:
robot_base_x: 12.657338
robot_base_y: 2.524966
robot_base_yaw: -3.140213
robot_geom: gripper0_left_left_fingertip_collision
proxy_geom: scene_aabb_proxy_line_6_center_machine_module
judge_collision_detected:
robot_base_x: 12.657338
robot_base_y: 2.524966
robot_base_yaw: -3.140213
robot_geom: gripper0_left_right_fingerpad_collision
proxy_geom: scene_aabb_proxy_line_6_center_machine_module
judge_collision_detected:
robot_base_x: 12.657338
robot_base_y: 2.524966
robot_base_yaw: -3.140213
robot_geom: gripper0_left_right_fingertip_collision
proxy_geom: scene_aabb_proxy_line_6_center_machine_module
collision_detected:
  robot_geom=gripper0_left_left_inner_finger_collision, other_geom=scene_aabb_proxy_line_6_center_machine_module
  robot_geom=gripper0_left_left_fingertip_collision, other_geom=scene_aabb_proxy_line_6_center_machine_module
  robot_geom=gripper0_left_left_fingertip_collision, other_geom=scene_aabb_proxy_line_6_center_machine_module
  robot_geom=gripper0_left_left_fingertip_collision, other_geom=scene_aabb_proxy_line_6_center_machine_module
  robot_geom=gripper0_left_left_fingertip_collision, other_geom=scene_aabb_proxy_line_6_center_machine_module
  robot_geom=gripper0_left_left_fingerpad_collision, other_geom=scene_aabb_proxy_line_6_center_machine_module
  robot_geom=gripper0_left_left_fingerpad_collision, other_geom=scene_aabb_proxy_line_6_center_machine_module
  robot_geom=gripper0_left_left_fingerpad_collision, other_geom=scene_aabb_proxy_line_6_center_machine_module
  ... 10 more contact pairs
judge_collision_detected:
robot_base_x: 12.656434
robot_base_y: 2.502490
robot_base_yaw: -3.140143
robot_geom: gripper0_left_left_fingertip_collision
proxy_geom: scene_aabb_proxy_line_6_center_machine_module
judge_collision_detected:
robot_base_x: 12.656434
robot_base_y: 2.502490
robot_base_yaw: -3.140143
robot_geom: gripper0_left_right_fingerpad_collision
proxy_geom: scene_aabb_proxy_line_6_center_machine_module
judge_collision_detected:
robot_base_x: 12.656434
robot_base_y: 2.502490
robot_base_yaw: -3.140143
robot_geom: gripper0_left_right_fingertip_collision
proxy_geom: scene_aabb_proxy_line_6_center_machine_module
collision_detected:
  robot_geom=gripper0_left_left_inner_finger_collision, other_geom=scene_aabb_proxy_line_6_center_machine_module
  robot_geom=gripper0_left_left_fingertip_collision, other_geom=scene_aabb_proxy_line_6_center_machine_module
  robot_geom=gripper0_left_left_fingertip_collision, other_geom=scene_aabb_proxy_line_6_center_machine_module
  robot_geom=gripper0_left_left_fingertip_collision, other_geom=scene_aabb_proxy_line_6_center_machine_module
  robot_geom=gripper0_left_left_fingertip_collision, other_geom=scene_aabb_proxy_line_6_center_machine_module
  robot_geom=gripper0_left_left_fingerpad_collision, other_geom=scene_aabb_proxy_line_6_center_machine_module
  robot_geom=gripper0_left_left_fingerpad_collision, other_geom=scene_aabb_proxy_line_6_center_machine_module
  robot_geom=gripper0_left_left_fingerpad_collision, other_geom=scene_aabb_proxy_line_6_center_machine_module
  ... 10 more contact pairs
judge_collision_detected:
robot_base_x: 12.655523
robot_base_y: 2.480015
robot_base_yaw: -3.140070
robot_geom: gripper0_left_left_fingertip_collision
proxy_geom: scene_aabb_proxy_line_6_center_machine_module
judge_collision_detected:
robot_base_x: 12.655523
robot_base_y: 2.480015
robot_base_yaw: -3.140070
robot_geom: gripper0_left_right_fingerpad_collision
proxy_geom: scene_aabb_proxy_line_6_center_machine_module
judge_collision_detected:
robot_base_x: 12.655523
robot_base_y: 2.480015
robot_base_yaw: -3.140070
robot_geom: gripper0_left_right_fingertip_collision
proxy_geom: scene_aabb_proxy_line_6_center_machine_module
collision_detected:
  robot_geom=gripper0_left_left_inner_finger_collision, other_geom=scene_aabb_proxy_line_6_center_machine_module
  robot_geom=gripper0_left_left_fingertip_collision, other_geom=scene_aabb_proxy_line_6_center_machine_module
  robot_geom=gripper0_left_left_fingertip_collision, other_geom=scene_aabb_proxy_line_6_center_machine_module
  robot_geom=gripper0_left_left_fingertip_collision, other_geom=scene_aabb_proxy_line_6_center_machine_module
  robot_geom=gripper0_left_left_fingertip_collision, other_geom=scene_aabb_proxy_line_6_center_machine_module
  robot_geom=gripper0_left_left_fingerpad_collision, other_geom=scene_aabb_proxy_line_6_center_machine_module
  robot_geom=gripper0_left_left_fingerpad_collision, other_geom=scene_aabb_proxy_line_6_center_machine_module
  robot_geom=gripper0_left_left_fingerpad_collision, other_geom=scene_aabb_proxy_line_6_center_machine_module
  ... 10 more contact pairs
judge_collision_detected:
robot_base_x: 12.654606
robot_base_y: 2.457540
robot_base_yaw: -3.139997
robot_geom: gripper0_left_left_fingertip_collision
proxy_geom: scene_aabb_proxy_line_6_center_machine_module
judge_collision_detected:
robot_base_x: 12.654606
robot_base_y: 2.457540
robot_base_yaw: -3.139997
robot_geom: gripper0_left_right_fingerpad_collision
proxy_geom: scene_aabb_proxy_line_6_center_machine_module
judge_collision_detected:
robot_base_x: 12.654606
robot_base_y: 2.457540
robot_base_yaw: -3.139997
robot_geom: gripper0_left_right_fingertip_collision
proxy_geom: scene_aabb_proxy_line_6_center_machine_module
collision_detected:
  robot_geom=gripper0_left_left_inner_finger_collision, other_geom=scene_aabb_proxy_line_6_center_machine_module
  robot_geom=gripper0_left_left_fingertip_collision, other_geom=scene_aabb_proxy_line_6_center_machine_module
  robot_geom=gripper0_left_left_fingertip_collision, other_geom=scene_aabb_proxy_line_6_center_machine_module
  robot_geom=gripper0_left_left_fingertip_collision, other_geom=scene_aabb_proxy_line_6_center_machine_module
  robot_geom=gripper0_left_left_fingertip_collision, other_geom=scene_aabb_proxy_line_6_center_machine_module
  robot_geom=gripper0_left_left_fingerpad_collision, other_geom=scene_aabb_proxy_line_6_center_machine_module
  robot_geom=gripper0_left_left_fingerpad_collision, other_geom=scene_aabb_proxy_line_6_center_machine_module
  robot_geom=gripper0_left_left_fingerpad_collision, other_geom=scene_aabb_proxy_line_6_center_machine_module
  ... 10 more contact pairs
judge_collision_detected:
robot_base_x: 12.653681
robot_base_y: 2.435066
robot_base_yaw: -3.139922
robot_geom: gripper0_left_left_fingertip_collision
proxy_geom: scene_aabb_proxy_line_6_center_machine_module
judge_collision_detected:
robot_base_x: 12.653681
robot_base_y: 2.435066
robot_base_yaw: -3.139922
robot_geom: gripper0_left_right_fingerpad_collision
proxy_geom: scene_aabb_proxy_line_6_center_machine_module
judge_collision_detected:
robot_base_x: 12.653681
robot_base_y: 2.435066
robot_base_yaw: -3.139922
robot_geom: gripper0_left_right_fingertip_collision
proxy_geom: scene_aabb_proxy_line_6_center_machine_module
collision_detected:
  robot_geom=gripper0_left_left_inner_finger_collision, other_geom=scene_aabb_proxy_line_6_center_machine_module
  robot_geom=gripper0_left_left_fingertip_collision, other_geom=scene_aabb_proxy_line_6_center_machine_module
  robot_geom=gripper0_left_left_fingertip_collision, other_geom=scene_aabb_proxy_line_6_center_machine_module
  robot_geom=gripper0_left_left_fingertip_collision, other_geom=scene_aabb_proxy_line_6_center_machine_module
  robot_geom=gripper0_left_left_fingertip_collision, other_geom=scene_aabb_proxy_line_6_center_machine_module
  robot_geom=gripper0_left_left_fingerpad_collision, other_geom=scene_aabb_proxy_line_6_center_machine_module
  robot_geom=gripper0_left_left_fingerpad_collision, other_geom=scene_aabb_proxy_line_6_center_machine_module
  robot_geom=gripper0_left_left_fingerpad_collision, other_geom=scene_aabb_proxy_line_6_center_machine_module
  ... 10 more contact pairs
judge_collision_detected:
robot_base_x: 12.652747
robot_base_y: 2.412592
robot_base_yaw: -3.139845
robot_geom: gripper0_left_left_fingertip_collision
proxy_geom: scene_aabb_proxy_line_6_center_machine_module
judge_collision_detected:
robot_base_x: 12.652747
robot_base_y: 2.412592
robot_base_yaw: -3.139845
robot_geom: gripper0_left_right_fingerpad_collision
proxy_geom: scene_aabb_proxy_line_6_center_machine_module
judge_collision_detected:
robot_base_x: 12.652747
robot_base_y: 2.412592
robot_base_yaw: -3.139845
robot_geom: gripper0_left_right_fingertip_collision
proxy_geom: scene_aabb_proxy_line_6_center_machine_module
collision_detected:
  robot_geom=gripper0_left_left_inner_finger_collision, other_geom=scene_aabb_proxy_line_6_center_machine_module
  robot_geom=gripper0_left_left_fingertip_collision, other_geom=scene_aabb_proxy_line_6_center_machine_module
  robot_geom=gripper0_left_left_fingertip_collision, other_geom=scene_aabb_proxy_line_6_center_machine_module
  robot_geom=gripper0_left_left_fingertip_collision, other_geom=scene_aabb_proxy_line_6_center_machine_module
  robot_geom=gripper0_left_left_fingertip_collision, other_geom=scene_aabb_proxy_line_6_center_machine_module
  robot_geom=gripper0_left_left_fingerpad_collision, other_geom=scene_aabb_proxy_line_6_center_machine_module
  robot_geom=gripper0_left_left_fingerpad_collision, other_geom=scene_aabb_proxy_line_6_center_machine_module
  robot_geom=gripper0_left_left_fingerpad_collision, other_geom=scene_aabb_proxy_line_6_center_machine_module
  ... 10 more contact pairs
judge_collision_detected:
robot_base_x: 12.651799
robot_base_y: 2.390118
robot_base_yaw: -3.139768
robot_geom: gripper0_left_left_fingertip_collision
proxy_geom: scene_aabb_proxy_line_6_center_machine_module
judge_collision_detected:
robot_base_x: 12.651799
robot_base_y: 2.390118
robot_base_yaw: -3.139768
robot_geom: gripper0_left_right_fingerpad_collision
proxy_geom: scene_aabb_proxy_line_6_center_machine_module
judge_collision_detected:
robot_base_x: 12.651799
robot_base_y: 2.390118
robot_base_yaw: -3.139768
robot_geom: gripper0_left_right_fingertip_collision
proxy_geom: scene_aabb_proxy_line_6_center_machine_module
collision_detected:
  robot_geom=gripper0_left_left_inner_finger_collision, other_geom=scene_aabb_proxy_line_6_center_machine_module
  robot_geom=gripper0_left_left_fingertip_collision, other_geom=scene_aabb_proxy_line_6_center_machine_module
  robot_geom=gripper0_left_left_fingertip_collision, other_geom=scene_aabb_proxy_line_6_center_machine_module
  robot_geom=gripper0_left_left_fingertip_collision, other_geom=scene_aabb_proxy_line_6_center_machine_module
  robot_geom=gripper0_left_left_fingertip_collision, other_geom=scene_aabb_proxy_line_6_center_machine_module
  robot_geom=gripper0_left_left_fingerpad_collision, other_geom=scene_aabb_proxy_line_6_center_machine_module
  robot_geom=gripper0_left_left_fingerpad_collision, other_geom=scene_aabb_proxy_line_6_center_machine_module
  robot_geom=gripper0_left_left_fingerpad_collision, other_geom=scene_aabb_proxy_line_6_center_machine_module
  ... 10 more contact pairs
judge_collision_detected:
robot_base_x: 12.650830
robot_base_y: 2.367645
robot_base_yaw: -3.139688
robot_geom: gripper0_left_left_fingertip_collision
proxy_geom: scene_aabb_proxy_line_6_center_machine_module
judge_collision_detected:
robot_base_x: 12.650830
robot_base_y: 2.367645
robot_base_yaw: -3.139688
robot_geom: gripper0_left_right_fingerpad_collision
proxy_geom: scene_aabb_proxy_line_6_center_machine_module
judge_collision_detected:
robot_base_x: 12.650830
robot_base_y: 2.367645
robot_base_yaw: -3.139688
robot_geom: gripper0_left_right_fingertip_collision
proxy_geom: scene_aabb_proxy_line_6_center_machine_module
collision_detected:
  robot_geom=gripper0_left_left_inner_finger_collision, other_geom=scene_aabb_proxy_line_6_center_machine_module
  robot_geom=gripper0_left_left_fingertip_collision, other_geom=scene_aabb_proxy_line_6_center_machine_module
  robot_geom=gripper0_left_left_fingertip_collision, other_geom=scene_aabb_proxy_line_6_center_machine_module
  robot_geom=gripper0_left_left_fingertip_collision, other_geom=scene_aabb_proxy_line_6_center_machine_module
  robot_geom=gripper0_left_left_fingertip_collision, other_geom=scene_aabb_proxy_line_6_center_machine_module
  robot_geom=gripper0_left_left_fingerpad_collision, other_geom=scene_aabb_proxy_line_6_center_machine_module
  robot_geom=gripper0_left_left_fingerpad_collision, other_geom=scene_aabb_proxy_line_6_center_machine_module
  robot_geom=gripper0_left_left_fingerpad_collision, other_geom=scene_aabb_proxy_line_6_center_machine_module
  ... 10 more contact pairs
judge_collision_detected:
robot_base_x: 12.650825
robot_base_y: 2.345151
robot_base_yaw: -3.139618
robot_geom: gripper0_left_left_fingertip_collision
proxy_geom: scene_aabb_proxy_line_6_center_machine_module
judge_collision_detected:
robot_base_x: 12.650825
robot_base_y: 2.345151
robot_base_yaw: -3.139618
robot_geom: gripper0_left_right_fingerpad_collision
proxy_geom: scene_aabb_proxy_line_6_center_machine_module
judge_collision_detected:
robot_base_x: 12.650825
robot_base_y: 2.345151
robot_base_yaw: -3.139618
robot_geom: gripper0_left_right_fingertip_collision
proxy_geom: scene_aabb_proxy_line_6_center_machine_module
collision_detected:
  robot_geom=gripper0_left_left_inner_finger_collision, other_geom=scene_aabb_proxy_line_6_center_machine_module
  robot_geom=gripper0_left_left_fingertip_collision, other_geom=scene_aabb_proxy_line_6_center_machine_module
  robot_geom=gripper0_left_left_fingertip_collision, other_geom=scene_aabb_proxy_line_6_center_machine_module
  robot_geom=gripper0_left_left_fingertip_collision, other_geom=scene_aabb_proxy_line_6_center_machine_module
  robot_geom=gripper0_left_left_fingertip_collision, other_geom=scene_aabb_proxy_line_6_center_machine_module
  robot_geom=gripper0_left_left_fingerpad_collision, other_geom=scene_aabb_proxy_line_6_center_machine_module
  robot_geom=gripper0_left_left_fingerpad_collision, other_geom=scene_aabb_proxy_line_6_center_machine_module
  robot_geom=gripper0_left_left_fingerpad_collision, other_geom=scene_aabb_proxy_line_6_center_machine_module
  ... 10 more contact pairs
judge_collision_detected:
robot_base_x: 12.650817
robot_base_y: 2.322657
robot_base_yaw: -3.139552
robot_geom: gripper0_left_left_fingertip_collision
proxy_geom: scene_aabb_proxy_line_6_center_machine_module
judge_collision_detected:
robot_base_x: 12.650817
robot_base_y: 2.322657
robot_base_yaw: -3.139552
robot_geom: gripper0_left_right_fingerpad_collision
proxy_geom: scene_aabb_proxy_line_6_center_machine_module
judge_collision_detected:
robot_base_x: 12.650817
robot_base_y: 2.322657
robot_base_yaw: -3.139552
robot_geom: gripper0_left_right_fingertip_collision
proxy_geom: scene_aabb_proxy_line_6_center_machine_module
collision_detected:
  robot_geom=gripper0_left_left_inner_finger_collision, other_geom=scene_aabb_proxy_line_6_center_machine_module
  robot_geom=gripper0_left_left_fingertip_collision, other_geom=scene_aabb_proxy_line_6_center_machine_module
  robot_geom=gripper0_left_left_fingertip_collision, other_geom=scene_aabb_proxy_line_6_center_machine_module
  robot_geom=gripper0_left_left_fingertip_collision, other_geom=scene_aabb_proxy_line_6_center_machine_module
  robot_geom=gripper0_left_left_fingertip_collision, other_geom=scene_aabb_proxy_line_6_center_machine_module
  robot_geom=gripper0_left_left_fingerpad_collision, other_geom=scene_aabb_proxy_line_6_center_machine_module
  robot_geom=gripper0_left_left_fingerpad_collision, other_geom=scene_aabb_proxy_line_6_center_machine_module
  robot_geom=gripper0_left_left_fingerpad_collision, other_geom=scene_aabb_proxy_line_6_center_machine_module
  ... 10 more contact pairs
judge_collision_detected:
robot_base_x: 12.650807
robot_base_y: 2.300163
robot_base_yaw: -3.139485
robot_geom: gripper0_left_left_fingertip_collision
proxy_geom: scene_aabb_proxy_line_6_center_machine_module
judge_collision_detected:
robot_base_x: 12.650807
robot_base_y: 2.300163
robot_base_yaw: -3.139485
robot_geom: gripper0_left_right_fingerpad_collision
proxy_geom: scene_aabb_proxy_line_6_center_machine_module
judge_collision_detected:
robot_base_x: 12.650807
robot_base_y: 2.300163
robot_base_yaw: -3.139485
robot_geom: gripper0_left_right_fingertip_collision
proxy_geom: scene_aabb_proxy_line_6_center_machine_module
collision_detected:
  robot_geom=gripper0_left_left_inner_finger_collision, other_geom=scene_aabb_proxy_line_6_center_machine_module
  robot_geom=gripper0_left_left_fingertip_collision, other_geom=scene_aabb_proxy_line_6_center_machine_module
  robot_geom=gripper0_left_left_fingertip_collision, other_geom=scene_aabb_proxy_line_6_center_machine_module
  robot_geom=gripper0_left_left_fingertip_collision, other_geom=scene_aabb_proxy_line_6_center_machine_module
  robot_geom=gripper0_left_left_fingertip_collision, other_geom=scene_aabb_proxy_line_6_center_machine_module
  robot_geom=gripper0_left_left_fingerpad_collision, other_geom=scene_aabb_proxy_line_6_center_machine_module
  robot_geom=gripper0_left_left_fingerpad_collision, other_geom=scene_aabb_proxy_line_6_center_machine_module
  robot_geom=gripper0_left_left_fingerpad_collision, other_geom=scene_aabb_proxy_line_6_center_machine_module
  ... 10 more contact pairs
judge_collision_detected:
robot_base_x: 12.650794
robot_base_y: 2.277668
robot_base_yaw: -3.139418
robot_geom: gripper0_left_left_fingertip_collision
proxy_geom: scene_aabb_proxy_line_6_center_machine_module
judge_collision_detected:
robot_base_x: 12.650794
robot_base_y: 2.277668
robot_base_yaw: -3.139418
robot_geom: gripper0_left_right_fingerpad_collision
proxy_geom: scene_aabb_proxy_line_6_center_machine_module
judge_collision_detected:
robot_base_x: 12.650794
robot_base_y: 2.277668
robot_base_yaw: -3.139418
robot_geom: gripper0_left_right_fingertip_collision
proxy_geom: scene_aabb_proxy_line_6_center_machine_module
collision_detected:
  robot_geom=gripper0_left_left_inner_finger_collision, other_geom=scene_aabb_proxy_line_6_center_machine_module
  robot_geom=gripper0_left_left_fingertip_collision, other_geom=scene_aabb_proxy_line_6_center_machine_module
  robot_geom=gripper0_left_left_fingertip_collision, other_geom=scene_aabb_proxy_line_6_center_machine_module
  robot_geom=gripper0_left_left_fingertip_collision, other_geom=scene_aabb_proxy_line_6_center_machine_module
  robot_geom=gripper0_left_left_fingertip_collision, other_geom=scene_aabb_proxy_line_6_center_machine_module
  robot_geom=gripper0_left_left_fingerpad_collision, other_geom=scene_aabb_proxy_line_6_center_machine_module
  robot_geom=gripper0_left_left_fingerpad_collision, other_geom=scene_aabb_proxy_line_6_center_machine_module
  robot_geom=gripper0_left_left_fingerpad_collision, other_geom=scene_aabb_proxy_line_6_center_machine_module
  ... 10 more contact pairs
judge_collision_detected:
robot_base_x: 12.650779
robot_base_y: 2.255174
robot_base_yaw: -3.139351
robot_geom: gripper0_left_left_fingertip_collision
proxy_geom: scene_aabb_proxy_line_6_center_machine_module
judge_collision_detected:
robot_base_x: 12.650779
robot_base_y: 2.255174
robot_base_yaw: -3.139351
robot_geom: gripper0_left_right_fingerpad_collision
proxy_geom: scene_aabb_proxy_line_6_center_machine_module
judge_collision_detected:
robot_base_x: 12.650779
robot_base_y: 2.255174
robot_base_yaw: -3.139351
robot_geom: gripper0_left_right_fingertip_collision
proxy_geom: scene_aabb_proxy_line_6_center_machine_module
collision_detected:
  robot_geom=gripper0_left_left_inner_finger_collision, other_geom=scene_aabb_proxy_line_6_center_machine_module
  robot_geom=gripper0_left_left_fingertip_collision, other_geom=scene_aabb_proxy_line_6_center_machine_module
  robot_geom=gripper0_left_left_fingertip_collision, other_geom=scene_aabb_proxy_line_6_center_machine_module
  robot_geom=gripper0_left_left_fingertip_collision, other_geom=scene_aabb_proxy_line_6_center_machine_module
  robot_geom=gripper0_left_left_fingertip_collision, other_geom=scene_aabb_proxy_line_6_center_machine_module
  robot_geom=gripper0_left_left_fingerpad_collision, other_geom=scene_aabb_proxy_line_6_center_machine_module
  robot_geom=gripper0_left_left_fingerpad_collision, other_geom=scene_aabb_proxy_line_6_center_machine_module
  robot_geom=gripper0_left_left_fingerpad_collision, other_geom=scene_aabb_proxy_line_6_center_machine_module
  ... 10 more contact pairs
judge_collision_detected:
robot_base_x: 12.650761
robot_base_y: 2.232680
robot_base_yaw: -3.139284
robot_geom: gripper0_left_left_fingertip_collision
proxy_geom: scene_aabb_proxy_line_6_center_machine_module
judge_collision_detected:
robot_base_x: 12.650761
robot_base_y: 2.232680
robot_base_yaw: -3.139284
robot_geom: gripper0_left_right_fingerpad_collision
proxy_geom: scene_aabb_proxy_line_6_center_machine_module
judge_collision_detected:
robot_base_x: 12.650761
robot_base_y: 2.232680
robot_base_yaw: -3.139284
robot_geom: gripper0_left_right_fingertip_collision
proxy_geom: scene_aabb_proxy_line_6_center_machine_module
collision_detected:
  robot_geom=gripper0_left_left_inner_finger_collision, other_geom=scene_aabb_proxy_line_6_center_machine_module
  robot_geom=gripper0_left_left_fingertip_collision, other_geom=scene_aabb_proxy_line_6_center_machine_module
  robot_geom=gripper0_left_left_fingertip_collision, other_geom=scene_aabb_proxy_line_6_center_machine_module
  robot_geom=gripper0_left_left_fingertip_collision, other_geom=scene_aabb_proxy_line_6_center_machine_module
  robot_geom=gripper0_left_left_fingertip_collision, other_geom=scene_aabb_proxy_line_6_center_machine_module
  robot_geom=gripper0_left_left_fingerpad_collision, other_geom=scene_aabb_proxy_line_6_center_machine_module
  robot_geom=gripper0_left_left_fingerpad_collision, other_geom=scene_aabb_proxy_line_6_center_machine_module
  robot_geom=gripper0_left_left_fingerpad_collision, other_geom=scene_aabb_proxy_line_6_center_machine_module
  ... 10 more contact pairs
judge_collision_detected:
robot_base_x: 12.650739
robot_base_y: 2.210186
robot_base_yaw: -3.139216
robot_geom: gripper0_left_left_fingertip_collision
proxy_geom: scene_aabb_proxy_line_6_center_machine_module
judge_collision_detected:
robot_base_x: 12.650739
robot_base_y: 2.210186
robot_base_yaw: -3.139216
robot_geom: gripper0_left_right_fingerpad_collision
proxy_geom: scene_aabb_proxy_line_6_center_machine_module
judge_collision_detected:
robot_base_x: 12.650739
robot_base_y: 2.210186
robot_base_yaw: -3.139216
robot_geom: gripper0_left_right_fingertip_collision
proxy_geom: scene_aabb_proxy_line_6_center_machine_module
collision_detected:
  robot_geom=gripper0_left_left_inner_finger_collision, other_geom=scene_aabb_proxy_line_6_center_machine_module
  robot_geom=gripper0_left_left_fingertip_collision, other_geom=scene_aabb_proxy_line_6_center_machine_module
  robot_geom=gripper0_left_left_fingertip_collision, other_geom=scene_aabb_proxy_line_6_center_machine_module
  robot_geom=gripper0_left_left_fingertip_collision, other_geom=scene_aabb_proxy_line_6_center_machine_module
  robot_geom=gripper0_left_left_fingertip_collision, other_geom=scene_aabb_proxy_line_6_center_machine_module
  robot_geom=gripper0_left_left_fingerpad_collision, other_geom=scene_aabb_proxy_line_6_center_machine_module
  robot_geom=gripper0_left_left_fingerpad_collision, other_geom=scene_aabb_proxy_line_6_center_machine_module
  robot_geom=gripper0_left_left_fingerpad_collision, other_geom=scene_aabb_proxy_line_6_center_machine_module
  ... 10 more contact pairs
judge_collision_detected:
robot_base_x: 12.650714
robot_base_y: 2.187692
robot_base_yaw: -3.139148
robot_geom: gripper0_left_left_fingertip_collision
proxy_geom: scene_aabb_proxy_line_6_center_machine_module
judge_collision_detected:
robot_base_x: 12.650714
robot_base_y: 2.187692
robot_base_yaw: -3.139148
robot_geom: gripper0_left_right_fingerpad_collision
proxy_geom: scene_aabb_proxy_line_6_center_machine_module
judge_collision_detected:
robot_base_x: 12.650714
robot_base_y: 2.187692
robot_base_yaw: -3.139148
robot_geom: gripper0_left_right_fingertip_collision
proxy_geom: scene_aabb_proxy_line_6_center_machine_module
collision_detected:
  robot_geom=gripper0_left_left_inner_finger_collision, other_geom=scene_aabb_proxy_line_6_center_machine_module
  robot_geom=gripper0_left_left_fingertip_collision, other_geom=scene_aabb_proxy_line_6_center_machine_module
  robot_geom=gripper0_left_left_fingertip_collision, other_geom=scene_aabb_proxy_line_6_center_machine_module
  robot_geom=gripper0_left_left_fingertip_collision, other_geom=scene_aabb_proxy_line_6_center_machine_module
  robot_geom=gripper0_left_left_fingertip_collision, other_geom=scene_aabb_proxy_line_6_center_machine_module
  robot_geom=gripper0_left_left_fingerpad_collision, other_geom=scene_aabb_proxy_line_6_center_machine_module
  robot_geom=gripper0_left_left_fingerpad_collision, other_geom=scene_aabb_proxy_line_6_center_machine_module
  robot_geom=gripper0_left_left_fingerpad_collision, other_geom=scene_aabb_proxy_line_6_center_machine_module
  ... 10 more contact pairs
judge_collision_detected:
robot_base_x: 12.650686
robot_base_y: 2.165197
robot_base_yaw: -3.139081
robot_geom: gripper0_left_left_fingertip_collision
proxy_geom: scene_aabb_proxy_line_6_center_machine_module
judge_collision_detected:
robot_base_x: 12.650686
robot_base_y: 2.165197
robot_base_yaw: -3.139081
robot_geom: gripper0_left_right_fingerpad_collision
proxy_geom: scene_aabb_proxy_line_6_center_machine_module
judge_collision_detected:
robot_base_x: 12.650686
robot_base_y: 2.165197
robot_base_yaw: -3.139081
robot_geom: gripper0_left_right_fingertip_collision
proxy_geom: scene_aabb_proxy_line_6_center_machine_module
collision_detected:
  robot_geom=gripper0_left_left_inner_finger_collision, other_geom=scene_aabb_proxy_line_6_center_machine_module
  robot_geom=gripper0_left_left_fingertip_collision, other_geom=scene_aabb_proxy_line_6_center_machine_module
  robot_geom=gripper0_left_left_fingertip_collision, other_geom=scene_aabb_proxy_line_6_center_machine_module
  robot_geom=gripper0_left_left_fingertip_collision, other_geom=scene_aabb_proxy_line_6_center_machine_module
  robot_geom=gripper0_left_left_fingertip_collision, other_geom=scene_aabb_proxy_line_6_center_machine_module
  robot_geom=gripper0_left_left_fingerpad_collision, other_geom=scene_aabb_proxy_line_6_center_machine_module
  robot_geom=gripper0_left_left_fingerpad_collision, other_geom=scene_aabb_proxy_line_6_center_machine_module
  robot_geom=gripper0_left_left_fingerpad_collision, other_geom=scene_aabb_proxy_line_6_center_machine_module
  ... 10 more contact pairs
judge_collision_detected:
robot_base_x: 12.650653
robot_base_y: 2.142703
robot_base_yaw: -3.139013
robot_geom: gripper0_left_left_fingertip_collision
proxy_geom: scene_aabb_proxy_line_6_center_machine_module
judge_collision_detected:
robot_base_x: 12.650653
robot_base_y: 2.142703
robot_base_yaw: -3.139013
robot_geom: gripper0_left_right_fingerpad_collision
proxy_geom: scene_aabb_proxy_line_6_center_machine_module
judge_collision_detected:
robot_base_x: 12.650653
robot_base_y: 2.142703
robot_base_yaw: -3.139013
robot_geom: gripper0_left_right_fingertip_collision
proxy_geom: scene_aabb_proxy_line_6_center_machine_module
collision_detected:
  robot_geom=gripper0_left_left_inner_finger_collision, other_geom=scene_aabb_proxy_line_6_center_machine_module
  robot_geom=gripper0_left_left_fingertip_collision, other_geom=scene_aabb_proxy_line_6_center_machine_module
  robot_geom=gripper0_left_left_fingertip_collision, other_geom=scene_aabb_proxy_line_6_center_machine_module
  robot_geom=gripper0_left_left_fingertip_collision, other_geom=scene_aabb_proxy_line_6_center_machine_module
  robot_geom=gripper0_left_left_fingertip_collision, other_geom=scene_aabb_proxy_line_6_center_machine_module
  robot_geom=gripper0_left_left_fingerpad_collision, other_geom=scene_aabb_proxy_line_6_center_machine_module
  robot_geom=gripper0_left_left_fingerpad_collision, other_geom=scene_aabb_proxy_line_6_center_machine_module
  robot_geom=gripper0_left_left_fingerpad_collision, other_geom=scene_aabb_proxy_line_6_center_machine_module
  ... 10 more contact pairs
judge_collision_detected:
robot_base_x: 12.650616
robot_base_y: 2.120209
robot_base_yaw: -3.138944
robot_geom: gripper0_left_left_fingertip_collision
proxy_geom: scene_aabb_proxy_line_6_center_machine_module
judge_collision_detected:
robot_base_x: 12.650616
robot_base_y: 2.120209
robot_base_yaw: -3.138944
robot_geom: gripper0_left_right_fingerpad_collision
proxy_geom: scene_aabb_proxy_line_6_center_machine_module
judge_collision_detected:
robot_base_x: 12.650616
robot_base_y: 2.120209
robot_base_yaw: -3.138944
robot_geom: gripper0_left_right_fingertip_collision
proxy_geom: scene_aabb_proxy_line_6_center_machine_module
collision_detected:
  robot_geom=gripper0_left_left_inner_finger_collision, other_geom=scene_aabb_proxy_line_6_center_machine_module
  robot_geom=gripper0_left_left_fingertip_collision, other_geom=scene_aabb_proxy_line_6_center_machine_module
  robot_geom=gripper0_left_left_fingertip_collision, other_geom=scene_aabb_proxy_line_6_center_machine_module
  robot_geom=gripper0_left_left_fingertip_collision, other_geom=scene_aabb_proxy_line_6_center_machine_module
  robot_geom=gripper0_left_left_fingertip_collision, other_geom=scene_aabb_proxy_line_6_center_machine_module
  robot_geom=gripper0_left_left_fingerpad_collision, other_geom=scene_aabb_proxy_line_6_center_machine_module
  robot_geom=gripper0_left_left_fingerpad_collision, other_geom=scene_aabb_proxy_line_6_center_machine_module
  robot_geom=gripper0_left_left_fingerpad_collision, other_geom=scene_aabb_proxy_line_6_center_machine_module
  ... 10 more contact pairs
judge_collision_detected:
robot_base_x: 12.650574
robot_base_y: 2.097715
robot_base_yaw: -3.138876
robot_geom: gripper0_left_left_fingertip_collision
proxy_geom: scene_aabb_proxy_line_6_center_machine_module
judge_collision_detected:
robot_base_x: 12.650574
robot_base_y: 2.097715
robot_base_yaw: -3.138876
robot_geom: gripper0_left_right_fingerpad_collision
proxy_geom: scene_aabb_proxy_line_6_center_machine_module
judge_collision_detected:
robot_base_x: 12.650574
robot_base_y: 2.097715
robot_base_yaw: -3.138876
robot_geom: gripper0_left_right_fingertip_collision
proxy_geom: scene_aabb_proxy_line_6_center_machine_module
collision_detected:
  robot_geom=gripper0_left_left_inner_finger_collision, other_geom=scene_aabb_proxy_line_6_center_machine_module
  robot_geom=gripper0_left_left_fingertip_collision, other_geom=scene_aabb_proxy_line_6_center_machine_module
  robot_geom=gripper0_left_left_fingertip_collision, other_geom=scene_aabb_proxy_line_6_center_machine_module
  robot_geom=gripper0_left_left_fingertip_collision, other_geom=scene_aabb_proxy_line_6_center_machine_module
  robot_geom=gripper0_left_left_fingertip_collision, other_geom=scene_aabb_proxy_line_6_center_machine_module
  robot_geom=gripper0_left_left_fingerpad_collision, other_geom=scene_aabb_proxy_line_6_center_machine_module
  robot_geom=gripper0_left_left_fingerpad_collision, other_geom=scene_aabb_proxy_line_6_center_machine_module
  robot_geom=gripper0_left_left_fingerpad_collision, other_geom=scene_aabb_proxy_line_6_center_machine_module
  ... 10 more contact pairs
judge_collision_detected:
robot_base_x: 12.650526
robot_base_y: 2.075221
robot_base_yaw: -3.138810
robot_geom: gripper0_left_left_fingertip_collision
proxy_geom: scene_aabb_proxy_line_6_center_machine_module
judge_collision_detected:
robot_base_x: 12.650526
robot_base_y: 2.075221
robot_base_yaw: -3.138810
robot_geom: gripper0_left_right_fingerpad_collision
proxy_geom: scene_aabb_proxy_line_6_center_machine_module
judge_collision_detected:
robot_base_x: 12.650526
robot_base_y: 2.075221
robot_base_yaw: -3.138810
robot_geom: gripper0_left_right_fingertip_collision
proxy_geom: scene_aabb_proxy_line_6_center_machine_module
collision_detected:
  robot_geom=gripper0_left_left_inner_finger_collision, other_geom=scene_aabb_proxy_line_6_center_machine_module
  robot_geom=gripper0_left_left_fingertip_collision, other_geom=scene_aabb_proxy_line_6_center_machine_module
  robot_geom=gripper0_left_left_fingertip_collision, other_geom=scene_aabb_proxy_line_6_center_machine_module
  robot_geom=gripper0_left_left_fingertip_collision, other_geom=scene_aabb_proxy_line_6_center_machine_module
  robot_geom=gripper0_left_left_fingertip_collision, other_geom=scene_aabb_proxy_line_6_center_machine_module
  robot_geom=gripper0_left_left_fingerpad_collision, other_geom=scene_aabb_proxy_line_6_center_machine_module
  robot_geom=gripper0_left_left_fingerpad_collision, other_geom=scene_aabb_proxy_line_6_center_machine_module
  robot_geom=gripper0_left_left_fingerpad_collision, other_geom=scene_aabb_proxy_line_6_center_machine_module
  ... 10 more contact pairs
judge_collision_detected:
robot_base_x: 12.650471
robot_base_y: 2.052727
robot_base_yaw: -3.138745
robot_geom: gripper0_left_left_fingertip_collision
proxy_geom: scene_aabb_proxy_line_6_center_machine_module
judge_collision_detected:
robot_base_x: 12.650471
robot_base_y: 2.052727
robot_base_yaw: -3.138745
robot_geom: gripper0_left_right_fingerpad_collision
proxy_geom: scene_aabb_proxy_line_6_center_machine_module
judge_collision_detected:
robot_base_x: 12.650471
robot_base_y: 2.052727
robot_base_yaw: -3.138745
robot_geom: gripper0_left_right_fingertip_collision
proxy_geom: scene_aabb_proxy_line_6_center_machine_module
collision_detected:
  robot_geom=gripper0_left_left_inner_finger_collision, other_geom=scene_aabb_proxy_line_6_center_machine_module
  robot_geom=gripper0_left_left_fingertip_collision, other_geom=scene_aabb_proxy_line_6_center_machine_module
  robot_geom=gripper0_left_left_fingertip_collision, other_geom=scene_aabb_proxy_line_6_center_machine_module
  robot_geom=gripper0_left_left_fingertip_collision, other_geom=scene_aabb_proxy_line_6_center_machine_module
  robot_geom=gripper0_left_left_fingertip_collision, other_geom=scene_aabb_proxy_line_6_center_machine_module
  robot_geom=gripper0_left_left_fingerpad_collision, other_geom=scene_aabb_proxy_line_6_center_machine_module
  robot_geom=gripper0_left_left_fingerpad_collision, other_geom=scene_aabb_proxy_line_6_center_machine_module
  robot_geom=gripper0_left_left_fingerpad_collision, other_geom=scene_aabb_proxy_line_6_center_machine_module
  ... 10 more contact pairs
judge_collision_detected:
robot_base_x: 12.650407
robot_base_y: 2.030233
robot_base_yaw: -3.138680
robot_geom: gripper0_left_left_fingertip_collision
proxy_geom: scene_aabb_proxy_line_6_center_machine_module
judge_collision_detected:
robot_base_x: 12.650407
robot_base_y: 2.030233
robot_base_yaw: -3.138680
robot_geom: gripper0_left_right_fingerpad_collision
proxy_geom: scene_aabb_proxy_line_6_center_machine_module
judge_collision_detected:
robot_base_x: 12.650407
robot_base_y: 2.030233
robot_base_yaw: -3.138680
robot_geom: gripper0_left_right_fingertip_collision
proxy_geom: scene_aabb_proxy_line_6_center_machine_module
collision_detected:
  robot_geom=gripper0_left_left_inner_finger_collision, other_geom=scene_aabb_proxy_line_6_center_machine_module
  robot_geom=gripper0_left_left_fingertip_collision, other_geom=scene_aabb_proxy_line_6_center_machine_module
  robot_geom=gripper0_left_left_fingertip_collision, other_geom=scene_aabb_proxy_line_6_center_machine_module
  robot_geom=gripper0_left_left_fingertip_collision, other_geom=scene_aabb_proxy_line_6_center_machine_module
  robot_geom=gripper0_left_left_fingertip_collision, other_geom=scene_aabb_proxy_line_6_center_machine_module
  robot_geom=gripper0_left_left_fingerpad_collision, other_geom=scene_aabb_proxy_line_6_center_machine_module
  robot_geom=gripper0_left_left_fingerpad_collision, other_geom=scene_aabb_proxy_line_6_center_machine_module
  robot_geom=gripper0_left_left_fingerpad_collision, other_geom=scene_aabb_proxy_line_6_center_machine_module
  ... 10 more contact pairs
judge_collision_detected:
robot_base_x: 12.650332
robot_base_y: 2.007739
robot_base_yaw: -3.138614
robot_geom: gripper0_left_left_fingertip_collision
proxy_geom: scene_aabb_proxy_line_6_center_machine_module
judge_collision_detected:
robot_base_x: 12.650332
robot_base_y: 2.007739
robot_base_yaw: -3.138614
robot_geom: gripper0_left_right_fingerpad_collision
proxy_geom: scene_aabb_proxy_line_6_center_machine_module
judge_collision_detected:
robot_base_x: 12.650332
robot_base_y: 2.007739
robot_base_yaw: -3.138614
robot_geom: gripper0_left_right_fingertip_collision
proxy_geom: scene_aabb_proxy_line_6_center_machine_module
collision_detected:
  robot_geom=gripper0_left_left_inner_finger_collision, other_geom=scene_aabb_proxy_line_6_center_machine_module
  robot_geom=gripper0_left_left_fingertip_collision, other_geom=scene_aabb_proxy_line_6_center_machine_module
  robot_geom=gripper0_left_left_fingertip_collision, other_geom=scene_aabb_proxy_line_6_center_machine_module
  robot_geom=gripper0_left_left_fingertip_collision, other_geom=scene_aabb_proxy_line_6_center_machine_module
  robot_geom=gripper0_left_left_fingertip_collision, other_geom=scene_aabb_proxy_line_6_center_machine_module
  robot_geom=gripper0_left_left_fingerpad_collision, other_geom=scene_aabb_proxy_line_6_center_machine_module
  robot_geom=gripper0_left_left_fingerpad_collision, other_geom=scene_aabb_proxy_line_6_center_machine_module
  robot_geom=gripper0_left_left_fingerpad_collision, other_geom=scene_aabb_proxy_line_6_center_machine_module
  ... 10 more contact pairs
judge_collision_detected:
robot_base_x: 12.650242
robot_base_y: 1.985246
robot_base_yaw: -3.138548
robot_geom: gripper0_left_left_fingertip_collision
proxy_geom: scene_aabb_proxy_line_6_center_machine_module
judge_collision_detected:
robot_base_x: 12.650242
robot_base_y: 1.985246
robot_base_yaw: -3.138548
robot_geom: gripper0_left_right_fingerpad_collision
proxy_geom: scene_aabb_proxy_line_6_center_machine_module
judge_collision_detected:
robot_base_x: 12.650242
robot_base_y: 1.985246
robot_base_yaw: -3.138548
robot_geom: gripper0_left_right_fingertip_collision
proxy_geom: scene_aabb_proxy_line_6_center_machine_module
collision_detected:
  robot_geom=gripper0_left_left_inner_finger_collision, other_geom=scene_aabb_proxy_line_6_center_machine_module
  robot_geom=gripper0_left_left_fingertip_collision, other_geom=scene_aabb_proxy_line_6_center_machine_module
  robot_geom=gripper0_left_left_fingertip_collision, other_geom=scene_aabb_proxy_line_6_center_machine_module
  robot_geom=gripper0_left_left_fingertip_collision, other_geom=scene_aabb_proxy_line_6_center_machine_module
  robot_geom=gripper0_left_left_fingertip_collision, other_geom=scene_aabb_proxy_line_6_center_machine_module
  robot_geom=gripper0_left_left_fingerpad_collision, other_geom=scene_aabb_proxy_line_6_center_machine_module
  robot_geom=gripper0_left_left_fingerpad_collision, other_geom=scene_aabb_proxy_line_6_center_machine_module
  robot_geom=gripper0_left_left_fingerpad_collision, other_geom=scene_aabb_proxy_line_6_center_machine_module
  ... 10 more contact pairs
judge_collision_detected:
robot_base_x: 12.650127
robot_base_y: 1.962752
robot_base_yaw: -3.138481
robot_geom: gripper0_left_left_fingertip_collision
proxy_geom: scene_aabb_proxy_line_6_center_machine_module
judge_collision_detected:
robot_base_x: 12.650127
robot_base_y: 1.962752
robot_base_yaw: -3.138481
robot_geom: gripper0_left_right_fingerpad_collision
proxy_geom: scene_aabb_proxy_line_6_center_machine_module
judge_collision_detected:
robot_base_x: 12.650127
robot_base_y: 1.962752
robot_base_yaw: -3.138481
robot_geom: gripper0_left_right_fingertip_collision
proxy_geom: scene_aabb_proxy_line_6_center_machine_module
collision_detected:
  robot_geom=gripper0_left_left_inner_finger_collision, other_geom=scene_aabb_proxy_line_6_center_machine_module
  robot_geom=gripper0_left_left_fingertip_collision, other_geom=scene_aabb_proxy_line_6_center_machine_module
  robot_geom=gripper0_left_left_fingertip_collision, other_geom=scene_aabb_proxy_line_6_center_machine_module
  robot_geom=gripper0_left_left_fingertip_collision, other_geom=scene_aabb_proxy_line_6_center_machine_module
  robot_geom=gripper0_left_left_fingertip_collision, other_geom=scene_aabb_proxy_line_6_center_machine_module
  robot_geom=gripper0_left_left_fingerpad_collision, other_geom=scene_aabb_proxy_line_6_center_machine_module
  robot_geom=gripper0_left_left_fingerpad_collision, other_geom=scene_aabb_proxy_line_6_center_machine_module
  robot_geom=gripper0_left_left_fingerpad_collision, other_geom=scene_aabb_proxy_line_6_center_machine_module
  ... 10 more contact pairs
judge_collision_detected:
robot_base_x: 12.650160
robot_base_y: 1.940258
robot_base_yaw: -3.138419
robot_geom: gripper0_left_left_fingertip_collision
proxy_geom: scene_aabb_proxy_line_6_center_machine_module
judge_collision_detected:
robot_base_x: 12.650160
robot_base_y: 1.940258
robot_base_yaw: -3.138419
robot_geom: gripper0_left_right_fingerpad_collision
proxy_geom: scene_aabb_proxy_line_6_center_machine_module
judge_collision_detected:
robot_base_x: 12.650160
robot_base_y: 1.940258
robot_base_yaw: -3.138419
robot_geom: gripper0_left_right_fingertip_collision
proxy_geom: scene_aabb_proxy_line_6_center_machine_module
collision_detected:
  robot_geom=gripper0_left_left_inner_finger_collision, other_geom=scene_aabb_proxy_line_6_center_machine_module
  robot_geom=gripper0_left_left_fingertip_collision, other_geom=scene_aabb_proxy_line_6_center_machine_module
  robot_geom=gripper0_left_left_fingertip_collision, other_geom=scene_aabb_proxy_line_6_center_machine_module
  robot_geom=gripper0_left_left_fingertip_collision, other_geom=scene_aabb_proxy_line_6_center_machine_module
  robot_geom=gripper0_left_left_fingertip_collision, other_geom=scene_aabb_proxy_line_6_center_machine_module
  robot_geom=gripper0_left_left_fingerpad_collision, other_geom=scene_aabb_proxy_line_6_center_machine_module
  robot_geom=gripper0_left_left_fingerpad_collision, other_geom=scene_aabb_proxy_line_6_center_machine_module
  robot_geom=gripper0_left_left_fingerpad_collision, other_geom=scene_aabb_proxy_line_6_center_machine_module
  ... 10 more contact pairs
judge_collision_detected:
robot_base_x: 12.650190
robot_base_y: 1.917764
robot_base_yaw: -3.138356
robot_geom: gripper0_left_left_fingertip_collision
proxy_geom: scene_aabb_proxy_line_6_center_machine_module
judge_collision_detected:
robot_base_x: 12.650190
robot_base_y: 1.917764
robot_base_yaw: -3.138356
robot_geom: gripper0_left_right_fingerpad_collision
proxy_geom: scene_aabb_proxy_line_6_center_machine_module
judge_collision_detected:
robot_base_x: 12.650190
robot_base_y: 1.917764
robot_base_yaw: -3.138356
robot_geom: gripper0_left_right_fingertip_collision
proxy_geom: scene_aabb_proxy_line_6_center_machine_module
collision_detected:
  robot_geom=gripper0_left_left_inner_finger_collision, other_geom=scene_aabb_proxy_line_6_center_machine_module
  robot_geom=gripper0_left_left_fingertip_collision, other_geom=scene_aabb_proxy_line_6_center_machine_module
  robot_geom=gripper0_left_left_fingertip_collision, other_geom=scene_aabb_proxy_line_6_center_machine_module
  robot_geom=gripper0_left_left_fingertip_collision, other_geom=scene_aabb_proxy_line_6_center_machine_module
  robot_geom=gripper0_left_left_fingertip_collision, other_geom=scene_aabb_proxy_line_6_center_machine_module
  robot_geom=gripper0_left_left_fingerpad_collision, other_geom=scene_aabb_proxy_line_6_center_machine_module
  robot_geom=gripper0_left_left_fingerpad_collision, other_geom=scene_aabb_proxy_line_6_center_machine_module
  robot_geom=gripper0_left_left_fingerpad_collision, other_geom=scene_aabb_proxy_line_6_center_machine_module
  ... 10 more contact pairs
judge_collision_detected:
robot_base_x: 12.650218
robot_base_y: 1.895270
robot_base_yaw: -3.138294
robot_geom: gripper0_left_left_fingertip_collision
proxy_geom: scene_aabb_proxy_line_6_center_machine_module
judge_collision_detected:
robot_base_x: 12.650218
robot_base_y: 1.895270
robot_base_yaw: -3.138294
robot_geom: gripper0_left_right_fingerpad_collision
proxy_geom: scene_aabb_proxy_line_6_center_machine_module
judge_collision_detected:
robot_base_x: 12.650218
robot_base_y: 1.895270
robot_base_yaw: -3.138294
robot_geom: gripper0_left_right_fingertip_collision
proxy_geom: scene_aabb_proxy_line_6_center_machine_module
collision_detected:
  robot_geom=gripper0_left_left_inner_finger_collision, other_geom=scene_aabb_proxy_line_6_center_machine_module
  robot_geom=gripper0_left_left_fingertip_collision, other_geom=scene_aabb_proxy_line_6_center_machine_module
  robot_geom=gripper0_left_left_fingertip_collision, other_geom=scene_aabb_proxy_line_6_center_machine_module
  robot_geom=gripper0_left_left_fingertip_collision, other_geom=scene_aabb_proxy_line_6_center_machine_module
  robot_geom=gripper0_left_left_fingertip_collision, other_geom=scene_aabb_proxy_line_6_center_machine_module
  robot_geom=gripper0_left_left_fingerpad_collision, other_geom=scene_aabb_proxy_line_6_center_machine_module
  robot_geom=gripper0_left_left_fingerpad_collision, other_geom=scene_aabb_proxy_line_6_center_machine_module
  robot_geom=gripper0_left_left_fingerpad_collision, other_geom=scene_aabb_proxy_line_6_center_machine_module
  ... 10 more contact pairs
judge_collision_detected:
robot_base_x: 12.650243
robot_base_y: 1.872777
robot_base_yaw: -3.138232
robot_geom: gripper0_left_left_fingertip_collision
proxy_geom: scene_aabb_proxy_line_6_center_machine_module
judge_collision_detected:
robot_base_x: 12.650243
robot_base_y: 1.872777
robot_base_yaw: -3.138232
robot_geom: gripper0_left_right_fingerpad_collision
proxy_geom: scene_aabb_proxy_line_6_center_machine_module
judge_collision_detected:
robot_base_x: 12.650243
robot_base_y: 1.872777
robot_base_yaw: -3.138232
robot_geom: gripper0_left_right_fingertip_collision
proxy_geom: scene_aabb_proxy_line_6_center_machine_module
collision_detected:
  robot_geom=gripper0_left_left_inner_finger_collision, other_geom=scene_aabb_proxy_line_6_center_machine_module
  robot_geom=gripper0_left_left_fingertip_collision, other_geom=scene_aabb_proxy_line_6_center_machine_module
  robot_geom=gripper0_left_left_fingertip_collision, other_geom=scene_aabb_proxy_line_6_center_machine_module
  robot_geom=gripper0_left_left_fingertip_collision, other_geom=scene_aabb_proxy_line_6_center_machine_module
  robot_geom=gripper0_left_left_fingertip_collision, other_geom=scene_aabb_proxy_line_6_center_machine_module
  robot_geom=gripper0_left_left_fingerpad_collision, other_geom=scene_aabb_proxy_line_6_center_machine_module
  robot_geom=gripper0_left_left_fingerpad_collision, other_geom=scene_aabb_proxy_line_6_center_machine_module
  robot_geom=gripper0_left_left_fingerpad_collision, other_geom=scene_aabb_proxy_line_6_center_machine_module
  ... 10 more contact pairs
judge_collision_detected:
robot_base_x: 12.650266
robot_base_y: 1.850283
robot_base_yaw: -3.138170
robot_geom: gripper0_left_left_fingertip_collision
proxy_geom: scene_aabb_proxy_line_6_center_machine_module
judge_collision_detected:
robot_base_x: 12.650266
robot_base_y: 1.850283
robot_base_yaw: -3.138170
robot_geom: gripper0_left_right_fingerpad_collision
proxy_geom: scene_aabb_proxy_line_6_center_machine_module
judge_collision_detected:
robot_base_x: 12.650266
robot_base_y: 1.850283
robot_base_yaw: -3.138170
robot_geom: gripper0_left_right_fingertip_collision
proxy_geom: scene_aabb_proxy_line_6_center_machine_module
collision_detected:
  robot_geom=gripper0_left_left_inner_finger_collision, other_geom=scene_aabb_proxy_line_6_center_machine_module
  robot_geom=gripper0_left_left_fingertip_collision, other_geom=scene_aabb_proxy_line_6_center_machine_module
  robot_geom=gripper0_left_left_fingertip_collision, other_geom=scene_aabb_proxy_line_6_center_machine_module
  robot_geom=gripper0_left_left_fingertip_collision, other_geom=scene_aabb_proxy_line_6_center_machine_module
  robot_geom=gripper0_left_left_fingertip_collision, other_geom=scene_aabb_proxy_line_6_center_machine_module
  robot_geom=gripper0_left_left_fingerpad_collision, other_geom=scene_aabb_proxy_line_6_center_machine_module
  robot_geom=gripper0_left_left_fingerpad_collision, other_geom=scene_aabb_proxy_line_6_center_machine_module
  robot_geom=gripper0_left_left_fingerpad_collision, other_geom=scene_aabb_proxy_line_6_center_machine_module
  ... 10 more contact pairs
judge_collision_detected:
robot_base_x: 12.650286
robot_base_y: 1.827789
robot_base_yaw: -3.138107
robot_geom: gripper0_left_left_fingertip_collision
proxy_geom: scene_aabb_proxy_line_6_center_machine_module
judge_collision_detected:
robot_base_x: 12.650286
robot_base_y: 1.827789
robot_base_yaw: -3.138107
robot_geom: gripper0_left_right_fingerpad_collision
proxy_geom: scene_aabb_proxy_line_6_center_machine_module
judge_collision_detected:
robot_base_x: 12.650286
robot_base_y: 1.827789
robot_base_yaw: -3.138107
robot_geom: gripper0_left_right_fingertip_collision
proxy_geom: scene_aabb_proxy_line_6_center_machine_module
collision_detected:
  robot_geom=gripper0_left_left_inner_finger_collision, other_geom=scene_aabb_proxy_line_6_center_machine_module
  robot_geom=gripper0_left_left_fingertip_collision, other_geom=scene_aabb_proxy_line_6_center_machine_module
  robot_geom=gripper0_left_left_fingertip_collision, other_geom=scene_aabb_proxy_line_6_center_machine_module
  robot_geom=gripper0_left_left_fingertip_collision, other_geom=scene_aabb_proxy_line_6_center_machine_module
  robot_geom=gripper0_left_left_fingertip_collision, other_geom=scene_aabb_proxy_line_6_center_machine_module
  robot_geom=gripper0_left_left_fingerpad_collision, other_geom=scene_aabb_proxy_line_6_center_machine_module
  robot_geom=gripper0_left_left_fingerpad_collision, other_geom=scene_aabb_proxy_line_6_center_machine_module
  robot_geom=gripper0_left_left_fingerpad_collision, other_geom=scene_aabb_proxy_line_6_center_machine_module
  ... 10 more contact pairs
judge_collision_detected:
robot_base_x: 12.650302
robot_base_y: 1.805295
robot_base_yaw: -3.138044
robot_geom: gripper0_left_left_fingertip_collision
proxy_geom: scene_aabb_proxy_line_6_center_machine_module
judge_collision_detected:
robot_base_x: 12.650302
robot_base_y: 1.805295
robot_base_yaw: -3.138044
robot_geom: gripper0_left_right_fingerpad_collision
proxy_geom: scene_aabb_proxy_line_6_center_machine_module
judge_collision_detected:
robot_base_x: 12.650302
robot_base_y: 1.805295
robot_base_yaw: -3.138044
robot_geom: gripper0_left_right_fingertip_collision
proxy_geom: scene_aabb_proxy_line_6_center_machine_module
collision_detected:
  robot_geom=gripper0_left_left_inner_finger_collision, other_geom=scene_aabb_proxy_line_6_center_machine_module
  robot_geom=gripper0_left_left_fingertip_collision, other_geom=scene_aabb_proxy_line_6_center_machine_module
  robot_geom=gripper0_left_left_fingertip_collision, other_geom=scene_aabb_proxy_line_6_center_machine_module
  robot_geom=gripper0_left_left_fingertip_collision, other_geom=scene_aabb_proxy_line_6_center_machine_module
  robot_geom=gripper0_left_left_fingertip_collision, other_geom=scene_aabb_proxy_line_6_center_machine_module
  robot_geom=gripper0_left_left_fingerpad_collision, other_geom=scene_aabb_proxy_line_6_center_machine_module
  robot_geom=gripper0_left_left_fingerpad_collision, other_geom=scene_aabb_proxy_line_6_center_machine_module
  robot_geom=gripper0_left_left_fingerpad_collision, other_geom=scene_aabb_proxy_line_6_center_machine_module
  ... 10 more contact pairs
judge_collision_detected:
robot_base_x: 12.650315
robot_base_y: 1.782801
robot_base_yaw: -3.137982
robot_geom: gripper0_left_left_fingertip_collision
proxy_geom: scene_aabb_proxy_line_6_center_machine_module
judge_collision_detected:
robot_base_x: 12.650315
robot_base_y: 1.782801
robot_base_yaw: -3.137982
robot_geom: gripper0_left_right_fingerpad_collision
proxy_geom: scene_aabb_proxy_line_6_center_machine_module
judge_collision_detected:
robot_base_x: 12.650315
robot_base_y: 1.782801
robot_base_yaw: -3.137982
robot_geom: gripper0_left_right_fingertip_collision
proxy_geom: scene_aabb_proxy_line_6_center_machine_module
collision_detected:
  robot_geom=gripper0_left_left_inner_finger_collision, other_geom=scene_aabb_proxy_line_6_center_machine_module
  robot_geom=gripper0_left_left_fingertip_collision, other_geom=scene_aabb_proxy_line_6_center_machine_module
  robot_geom=gripper0_left_left_fingertip_collision, other_geom=scene_aabb_proxy_line_6_center_machine_module
  robot_geom=gripper0_left_left_fingertip_collision, other_geom=scene_aabb_proxy_line_6_center_machine_module
  robot_geom=gripper0_left_left_fingertip_collision, other_geom=scene_aabb_proxy_line_6_center_machine_module
  robot_geom=gripper0_left_left_fingerpad_collision, other_geom=scene_aabb_proxy_line_6_center_machine_module
  robot_geom=gripper0_left_left_fingerpad_collision, other_geom=scene_aabb_proxy_line_6_center_machine_module
  robot_geom=gripper0_left_left_fingerpad_collision, other_geom=scene_aabb_proxy_line_6_center_machine_module
  ... 10 more contact pairs
judge_collision_detected:
robot_base_x: 12.650324
robot_base_y: 1.760307
robot_base_yaw: -3.137919
robot_geom: gripper0_left_left_fingertip_collision
proxy_geom: scene_aabb_proxy_line_6_center_machine_module
judge_collision_detected:
robot_base_x: 12.650324
robot_base_y: 1.760307
robot_base_yaw: -3.137919
robot_geom: gripper0_left_right_fingerpad_collision
proxy_geom: scene_aabb_proxy_line_6_center_machine_module
judge_collision_detected:
robot_base_x: 12.650324
robot_base_y: 1.760307
robot_base_yaw: -3.137919
robot_geom: gripper0_left_right_fingertip_collision
proxy_geom: scene_aabb_proxy_line_6_center_machine_module
collision_detected:
  robot_geom=gripper0_left_left_inner_finger_collision, other_geom=scene_aabb_proxy_line_6_center_machine_module
  robot_geom=gripper0_left_left_fingertip_collision, other_geom=scene_aabb_proxy_line_6_center_machine_module
  robot_geom=gripper0_left_left_fingertip_collision, other_geom=scene_aabb_proxy_line_6_center_machine_module
  robot_geom=gripper0_left_left_fingertip_collision, other_geom=scene_aabb_proxy_line_6_center_machine_module
  robot_geom=gripper0_left_left_fingertip_collision, other_geom=scene_aabb_proxy_line_6_center_machine_module
  robot_geom=gripper0_left_left_fingerpad_collision, other_geom=scene_aabb_proxy_line_6_center_machine_module
  robot_geom=gripper0_left_left_fingerpad_collision, other_geom=scene_aabb_proxy_line_6_center_machine_module
  robot_geom=gripper0_left_left_fingerpad_collision, other_geom=scene_aabb_proxy_line_6_center_machine_module
  ... 10 more contact pairs
judge_collision_detected:
robot_base_x: 12.650329
robot_base_y: 1.737814
robot_base_yaw: -3.137856
robot_geom: gripper0_left_left_fingertip_collision
proxy_geom: scene_aabb_proxy_line_6_center_machine_module
judge_collision_detected:
robot_base_x: 12.650329
robot_base_y: 1.737814
robot_base_yaw: -3.137856
robot_geom: gripper0_left_right_fingerpad_collision
proxy_geom: scene_aabb_proxy_line_6_center_machine_module
judge_collision_detected:
robot_base_x: 12.650329
robot_base_y: 1.737814
robot_base_yaw: -3.137856
robot_geom: gripper0_left_right_fingertip_collision
proxy_geom: scene_aabb_proxy_line_6_center_machine_module
collision_detected:
  robot_geom=gripper0_left_left_inner_finger_collision, other_geom=scene_aabb_proxy_line_6_center_machine_module
  robot_geom=gripper0_left_left_fingertip_collision, other_geom=scene_aabb_proxy_line_6_center_machine_module
  robot_geom=gripper0_left_left_fingertip_collision, other_geom=scene_aabb_proxy_line_6_center_machine_module
  robot_geom=gripper0_left_left_fingertip_collision, other_geom=scene_aabb_proxy_line_6_center_machine_module
  robot_geom=gripper0_left_left_fingertip_collision, other_geom=scene_aabb_proxy_line_6_center_machine_module
  robot_geom=gripper0_left_left_fingerpad_collision, other_geom=scene_aabb_proxy_line_6_center_machine_module
  robot_geom=gripper0_left_left_fingerpad_collision, other_geom=scene_aabb_proxy_line_6_center_machine_module
  robot_geom=gripper0_left_left_fingerpad_collision, other_geom=scene_aabb_proxy_line_6_center_machine_module
  ... 10 more contact pairs
judge_collision_detected:
robot_base_x: 12.650329
robot_base_y: 1.715320
robot_base_yaw: -3.137793
robot_geom: gripper0_left_left_fingertip_collision
proxy_geom: scene_aabb_proxy_line_6_center_machine_module
judge_collision_detected:
robot_base_x: 12.650329
robot_base_y: 1.715320
robot_base_yaw: -3.137793
robot_geom: gripper0_left_right_fingerpad_collision
proxy_geom: scene_aabb_proxy_line_6_center_machine_module
judge_collision_detected:
robot_base_x: 12.650329
robot_base_y: 1.715320
robot_base_yaw: -3.137793
robot_geom: gripper0_left_right_fingertip_collision
proxy_geom: scene_aabb_proxy_line_6_center_machine_module
collision_detected:
  robot_geom=gripper0_left_left_inner_finger_collision, other_geom=scene_aabb_proxy_line_6_center_machine_module
  robot_geom=gripper0_left_left_fingertip_collision, other_geom=scene_aabb_proxy_line_6_center_machine_module
  robot_geom=gripper0_left_left_fingertip_collision, other_geom=scene_aabb_proxy_line_6_center_machine_module
  robot_geom=gripper0_left_left_fingertip_collision, other_geom=scene_aabb_proxy_line_6_center_machine_module
  robot_geom=gripper0_left_left_fingertip_collision, other_geom=scene_aabb_proxy_line_6_center_machine_module
  robot_geom=gripper0_left_left_fingerpad_collision, other_geom=scene_aabb_proxy_line_6_center_machine_module
  robot_geom=gripper0_left_left_fingerpad_collision, other_geom=scene_aabb_proxy_line_6_center_machine_module
  robot_geom=gripper0_left_left_fingerpad_collision, other_geom=scene_aabb_proxy_line_6_center_machine_module
  ... 10 more contact pairs
judge_collision_detected:
robot_base_x: 12.650324
robot_base_y: 1.692826
robot_base_yaw: -3.137729
robot_geom: gripper0_left_left_fingertip_collision
proxy_geom: scene_aabb_proxy_line_6_center_machine_module
judge_collision_detected:
robot_base_x: 12.650324
robot_base_y: 1.692826
robot_base_yaw: -3.137729
robot_geom: gripper0_left_right_fingerpad_collision
proxy_geom: scene_aabb_proxy_line_6_center_machine_module
judge_collision_detected:
robot_base_x: 12.650324
robot_base_y: 1.692826
robot_base_yaw: -3.137729
robot_geom: gripper0_left_right_fingertip_collision
proxy_geom: scene_aabb_proxy_line_6_center_machine_module
collision_detected:
  robot_geom=gripper0_left_left_inner_finger_collision, other_geom=scene_aabb_proxy_line_6_center_machine_module
  robot_geom=gripper0_left_left_fingertip_collision, other_geom=scene_aabb_proxy_line_6_center_machine_module
  robot_geom=gripper0_left_left_fingertip_collision, other_geom=scene_aabb_proxy_line_6_center_machine_module
  robot_geom=gripper0_left_left_fingertip_collision, other_geom=scene_aabb_proxy_line_6_center_machine_module
  robot_geom=gripper0_left_left_fingertip_collision, other_geom=scene_aabb_proxy_line_6_center_machine_module
  robot_geom=gripper0_left_left_fingerpad_collision, other_geom=scene_aabb_proxy_line_6_center_machine_module
  robot_geom=gripper0_left_left_fingerpad_collision, other_geom=scene_aabb_proxy_line_6_center_machine_module
  robot_geom=gripper0_left_left_fingerpad_collision, other_geom=scene_aabb_proxy_line_6_center_machine_module
  ... 10 more contact pairs
judge_collision_detected:
robot_base_x: 12.650312
robot_base_y: 1.670332
robot_base_yaw: -3.137666
robot_geom: gripper0_left_left_fingertip_collision
proxy_geom: scene_aabb_proxy_line_6_center_machine_module
judge_collision_detected:
robot_base_x: 12.650312
robot_base_y: 1.670332
robot_base_yaw: -3.137666
robot_geom: gripper0_left_right_fingerpad_collision
proxy_geom: scene_aabb_proxy_line_6_center_machine_module
judge_collision_detected:
robot_base_x: 12.650312
robot_base_y: 1.670332
robot_base_yaw: -3.137666
robot_geom: gripper0_left_right_fingertip_collision
proxy_geom: scene_aabb_proxy_line_6_center_machine_module
collision_detected:
  robot_geom=gripper0_left_left_inner_finger_collision, other_geom=scene_aabb_proxy_line_6_center_machine_module
  robot_geom=gripper0_left_left_fingertip_collision, other_geom=scene_aabb_proxy_line_6_center_machine_module
  robot_geom=gripper0_left_left_fingertip_collision, other_geom=scene_aabb_proxy_line_6_center_machine_module
  robot_geom=gripper0_left_left_fingertip_collision, other_geom=scene_aabb_proxy_line_6_center_machine_module
  robot_geom=gripper0_left_left_fingertip_collision, other_geom=scene_aabb_proxy_line_6_center_machine_module
  robot_geom=gripper0_left_left_fingerpad_collision, other_geom=scene_aabb_proxy_line_6_center_machine_module
  robot_geom=gripper0_left_left_fingerpad_collision, other_geom=scene_aabb_proxy_line_6_center_machine_module
  robot_geom=gripper0_left_left_fingerpad_collision, other_geom=scene_aabb_proxy_line_6_center_machine_module
  ... 10 more contact pairs
judge_collision_detected:
robot_base_x: 12.650293
robot_base_y: 1.647838
robot_base_yaw: -3.137602
robot_geom: gripper0_left_left_fingertip_collision
proxy_geom: scene_aabb_proxy_line_6_center_machine_module
judge_collision_detected:
robot_base_x: 12.650293
robot_base_y: 1.647838
robot_base_yaw: -3.137602
robot_geom: gripper0_left_right_fingerpad_collision
proxy_geom: scene_aabb_proxy_line_6_center_machine_module
judge_collision_detected:
robot_base_x: 12.650293
robot_base_y: 1.647838
robot_base_yaw: -3.137602
robot_geom: gripper0_left_right_fingertip_collision
proxy_geom: scene_aabb_proxy_line_6_center_machine_module
collision_detected:
  robot_geom=gripper0_left_left_inner_finger_collision, other_geom=scene_aabb_proxy_line_6_center_machine_module
  robot_geom=gripper0_left_left_fingertip_collision, other_geom=scene_aabb_proxy_line_6_center_machine_module
  robot_geom=gripper0_left_left_fingertip_collision, other_geom=scene_aabb_proxy_line_6_center_machine_module
  robot_geom=gripper0_left_left_fingertip_collision, other_geom=scene_aabb_proxy_line_6_center_machine_module
  robot_geom=gripper0_left_left_fingertip_collision, other_geom=scene_aabb_proxy_line_6_center_machine_module
  robot_geom=gripper0_left_left_fingerpad_collision, other_geom=scene_aabb_proxy_line_6_center_machine_module
  robot_geom=gripper0_left_left_fingerpad_collision, other_geom=scene_aabb_proxy_line_6_center_machine_module
  robot_geom=gripper0_left_left_fingerpad_collision, other_geom=scene_aabb_proxy_line_6_center_machine_module
  ... 10 more contact pairs
judge_collision_detected:
robot_base_x: 12.650265
robot_base_y: 1.625344
robot_base_yaw: -3.137538
robot_geom: gripper0_left_left_fingertip_collision
proxy_geom: scene_aabb_proxy_line_6_center_machine_module
judge_collision_detected:
robot_base_x: 12.650265
robot_base_y: 1.625344
robot_base_yaw: -3.137538
robot_geom: gripper0_left_right_fingerpad_collision
proxy_geom: scene_aabb_proxy_line_6_center_machine_module
judge_collision_detected:
robot_base_x: 12.650265
robot_base_y: 1.625344
robot_base_yaw: -3.137538
robot_geom: gripper0_left_right_fingertip_collision
proxy_geom: scene_aabb_proxy_line_6_center_machine_module
collision_detected:
  robot_geom=gripper0_left_left_inner_finger_collision, other_geom=scene_aabb_proxy_line_6_center_machine_module
  robot_geom=gripper0_left_left_fingertip_collision, other_geom=scene_aabb_proxy_line_6_center_machine_module
  robot_geom=gripper0_left_left_fingertip_collision, other_geom=scene_aabb_proxy_line_6_center_machine_module
  robot_geom=gripper0_left_left_fingertip_collision, other_geom=scene_aabb_proxy_line_6_center_machine_module
  robot_geom=gripper0_left_left_fingertip_collision, other_geom=scene_aabb_proxy_line_6_center_machine_module
  robot_geom=gripper0_left_left_fingerpad_collision, other_geom=scene_aabb_proxy_line_6_center_machine_module
  robot_geom=gripper0_left_left_fingerpad_collision, other_geom=scene_aabb_proxy_line_6_center_machine_module
  robot_geom=gripper0_left_left_fingerpad_collision, other_geom=scene_aabb_proxy_line_6_center_machine_module
  ... 10 more contact pairs
judge_collision_detected:
robot_base_x: 12.650226
robot_base_y: 1.602850
robot_base_yaw: -3.137474
robot_geom: gripper0_left_left_fingertip_collision
proxy_geom: scene_aabb_proxy_line_6_center_machine_module
judge_collision_detected:
robot_base_x: 12.650226
robot_base_y: 1.602850
robot_base_yaw: -3.137474
robot_geom: gripper0_left_right_fingerpad_collision
proxy_geom: scene_aabb_proxy_line_6_center_machine_module
judge_collision_detected:
robot_base_x: 12.650226
robot_base_y: 1.602850
robot_base_yaw: -3.137474
robot_geom: gripper0_left_right_fingertip_collision
proxy_geom: scene_aabb_proxy_line_6_center_machine_module
collision_detected:
  robot_geom=gripper0_left_left_inner_finger_collision, other_geom=scene_aabb_proxy_line_6_center_machine_module
  robot_geom=gripper0_left_left_fingertip_collision, other_geom=scene_aabb_proxy_line_6_center_machine_module
  robot_geom=gripper0_left_left_fingertip_collision, other_geom=scene_aabb_proxy_line_6_center_machine_module
  robot_geom=gripper0_left_left_fingertip_collision, other_geom=scene_aabb_proxy_line_6_center_machine_module
  robot_geom=gripper0_left_left_fingertip_collision, other_geom=scene_aabb_proxy_line_6_center_machine_module
  robot_geom=gripper0_left_left_fingerpad_collision, other_geom=scene_aabb_proxy_line_6_center_machine_module
  robot_geom=gripper0_left_left_fingerpad_collision, other_geom=scene_aabb_proxy_line_6_center_machine_module
  robot_geom=gripper0_left_left_fingerpad_collision, other_geom=scene_aabb_proxy_line_6_center_machine_module
  ... 10 more contact pairs
judge_collision_detected:
robot_base_x: 12.650169
robot_base_y: 1.580356
robot_base_yaw: -3.137409
robot_geom: gripper0_left_left_fingertip_collision
proxy_geom: scene_aabb_proxy_line_6_center_machine_module
judge_collision_detected:
robot_base_x: 12.650169
robot_base_y: 1.580356
robot_base_yaw: -3.137409
robot_geom: gripper0_left_right_fingerpad_collision
proxy_geom: scene_aabb_proxy_line_6_center_machine_module
judge_collision_detected:
robot_base_x: 12.650169
robot_base_y: 1.580356
robot_base_yaw: -3.137409
robot_geom: gripper0_left_right_fingertip_collision
proxy_geom: scene_aabb_proxy_line_6_center_machine_module
collision_detected:
  robot_geom=gripper0_left_left_inner_finger_collision, other_geom=scene_aabb_proxy_line_6_center_machine_module
  robot_geom=gripper0_left_left_fingertip_collision, other_geom=scene_aabb_proxy_line_6_center_machine_module
  robot_geom=gripper0_left_left_fingertip_collision, other_geom=scene_aabb_proxy_line_6_center_machine_module
  robot_geom=gripper0_left_left_fingertip_collision, other_geom=scene_aabb_proxy_line_6_center_machine_module
  robot_geom=gripper0_left_left_fingertip_collision, other_geom=scene_aabb_proxy_line_6_center_machine_module
  robot_geom=gripper0_left_left_fingerpad_collision, other_geom=scene_aabb_proxy_line_6_center_machine_module
  robot_geom=gripper0_left_left_fingerpad_collision, other_geom=scene_aabb_proxy_line_6_center_machine_module
  robot_geom=gripper0_left_left_fingerpad_collision, other_geom=scene_aabb_proxy_line_6_center_machine_module
  ... 10 more contact pairs
judge_collision_detected:
robot_base_x: 12.650083
robot_base_y: 1.557863
robot_base_yaw: -3.137343
robot_geom: gripper0_left_left_fingertip_collision
proxy_geom: scene_aabb_proxy_line_6_center_machine_module
judge_collision_detected:
robot_base_x: 12.650083
robot_base_y: 1.557863
robot_base_yaw: -3.137343
robot_geom: gripper0_left_right_fingerpad_collision
proxy_geom: scene_aabb_proxy_line_6_center_machine_module
judge_collision_detected:
robot_base_x: 12.650083
robot_base_y: 1.557863
robot_base_yaw: -3.137343
robot_geom: gripper0_left_right_fingertip_collision
proxy_geom: scene_aabb_proxy_line_6_center_machine_module
collision_detected:
  robot_geom=gripper0_left_left_inner_finger_collision, other_geom=scene_aabb_proxy_line_6_center_machine_module
  robot_geom=gripper0_left_left_fingertip_collision, other_geom=scene_aabb_proxy_line_6_center_machine_module
  robot_geom=gripper0_left_left_fingertip_collision, other_geom=scene_aabb_proxy_line_6_center_machine_module
  robot_geom=gripper0_left_left_fingertip_collision, other_geom=scene_aabb_proxy_line_6_center_machine_module
  robot_geom=gripper0_left_left_fingertip_collision, other_geom=scene_aabb_proxy_line_6_center_machine_module
  robot_geom=gripper0_left_left_fingerpad_collision, other_geom=scene_aabb_proxy_line_6_center_machine_module
  robot_geom=gripper0_left_left_fingerpad_collision, other_geom=scene_aabb_proxy_line_6_center_machine_module
  robot_geom=gripper0_left_left_fingerpad_collision, other_geom=scene_aabb_proxy_line_6_center_machine_module
  ... 10 more contact pairs
judge_collision_detected:
robot_base_x: 12.650118
robot_base_y: 1.535369
robot_base_yaw: -3.137281
robot_geom: gripper0_left_left_fingertip_collision
proxy_geom: scene_aabb_proxy_line_6_center_machine_module
judge_collision_detected:
robot_base_x: 12.650118
robot_base_y: 1.535369
robot_base_yaw: -3.137281
robot_geom: gripper0_left_right_fingerpad_collision
proxy_geom: scene_aabb_proxy_line_6_center_machine_module
judge_collision_detected:
robot_base_x: 12.650118
robot_base_y: 1.535369
robot_base_yaw: -3.137281
robot_geom: gripper0_left_right_fingertip_collision
proxy_geom: scene_aabb_proxy_line_6_center_machine_module
collision_detected:
  robot_geom=gripper0_left_left_inner_finger_collision, other_geom=scene_aabb_proxy_line_6_center_machine_module
  robot_geom=gripper0_left_left_fingertip_collision, other_geom=scene_aabb_proxy_line_6_center_machine_module
  robot_geom=gripper0_left_left_fingertip_collision, other_geom=scene_aabb_proxy_line_6_center_machine_module
  robot_geom=gripper0_left_left_fingertip_collision, other_geom=scene_aabb_proxy_line_6_center_machine_module
  robot_geom=gripper0_left_left_fingertip_collision, other_geom=scene_aabb_proxy_line_6_center_machine_module
  robot_geom=gripper0_left_left_fingerpad_collision, other_geom=scene_aabb_proxy_line_6_center_machine_module
  robot_geom=gripper0_left_left_fingerpad_collision, other_geom=scene_aabb_proxy_line_6_center_machine_module
  robot_geom=gripper0_left_left_fingerpad_collision, other_geom=scene_aabb_proxy_line_6_center_machine_module
  ... 10 more contact pairs
judge_collision_detected:
robot_base_x: 12.650151
robot_base_y: 1.512875
robot_base_yaw: -3.137219
robot_geom: gripper0_left_left_fingertip_collision
proxy_geom: scene_aabb_proxy_line_6_center_machine_module
judge_collision_detected:
robot_base_x: 12.650151
robot_base_y: 1.512875
robot_base_yaw: -3.137219
robot_geom: gripper0_left_right_fingerpad_collision
proxy_geom: scene_aabb_proxy_line_6_center_machine_module
judge_collision_detected:
robot_base_x: 12.650151
robot_base_y: 1.512875
robot_base_yaw: -3.137219
robot_geom: gripper0_left_right_fingertip_collision
proxy_geom: scene_aabb_proxy_line_6_center_machine_module
collision_detected:
  robot_geom=gripper0_left_left_inner_finger_collision, other_geom=scene_aabb_proxy_line_6_center_machine_module
  robot_geom=gripper0_left_left_fingertip_collision, other_geom=scene_aabb_proxy_line_6_center_machine_module
  robot_geom=gripper0_left_left_fingertip_collision, other_geom=scene_aabb_proxy_line_6_center_machine_module
  robot_geom=gripper0_left_left_fingertip_collision, other_geom=scene_aabb_proxy_line_6_center_machine_module
  robot_geom=gripper0_left_left_fingertip_collision, other_geom=scene_aabb_proxy_line_6_center_machine_module
  robot_geom=gripper0_left_left_fingerpad_collision, other_geom=scene_aabb_proxy_line_6_center_machine_module
  robot_geom=gripper0_left_left_fingerpad_collision, other_geom=scene_aabb_proxy_line_6_center_machine_module
  robot_geom=gripper0_left_left_fingerpad_collision, other_geom=scene_aabb_proxy_line_6_center_machine_module
  ... 10 more contact pairs
judge_collision_detected:
robot_base_x: 12.650181
robot_base_y: 1.490381
robot_base_yaw: -3.137157
robot_geom: gripper0_left_left_fingertip_collision
proxy_geom: scene_aabb_proxy_line_6_center_machine_module
judge_collision_detected:
robot_base_x: 12.650181
robot_base_y: 1.490381
robot_base_yaw: -3.137157
robot_geom: gripper0_left_right_fingerpad_collision
proxy_geom: scene_aabb_proxy_line_6_center_machine_module
judge_collision_detected:
robot_base_x: 12.650181
robot_base_y: 1.490381
robot_base_yaw: -3.137157
robot_geom: gripper0_left_right_fingertip_collision
proxy_geom: scene_aabb_proxy_line_6_center_machine_module
collision_detected:
  robot_geom=gripper0_left_left_inner_finger_collision, other_geom=scene_aabb_proxy_line_6_center_machine_module
  robot_geom=gripper0_left_left_fingertip_collision, other_geom=scene_aabb_proxy_line_6_center_machine_module
  robot_geom=gripper0_left_left_fingertip_collision, other_geom=scene_aabb_proxy_line_6_center_machine_module
  robot_geom=gripper0_left_left_fingertip_collision, other_geom=scene_aabb_proxy_line_6_center_machine_module
  robot_geom=gripper0_left_left_fingertip_collision, other_geom=scene_aabb_proxy_line_6_center_machine_module
  robot_geom=gripper0_left_left_fingerpad_collision, other_geom=scene_aabb_proxy_line_6_center_machine_module
  robot_geom=gripper0_left_left_fingerpad_collision, other_geom=scene_aabb_proxy_line_6_center_machine_module
  robot_geom=gripper0_left_left_fingerpad_collision, other_geom=scene_aabb_proxy_line_6_center_machine_module
  ... 10 more contact pairs
judge_collision_detected:
robot_base_x: 12.650209
robot_base_y: 1.467888
robot_base_yaw: -3.137095
robot_geom: gripper0_left_left_fingertip_collision
proxy_geom: scene_aabb_proxy_line_6_center_machine_module
judge_collision_detected:
robot_base_x: 12.650209
robot_base_y: 1.467888
robot_base_yaw: -3.137095
robot_geom: gripper0_left_right_fingerpad_collision
proxy_geom: scene_aabb_proxy_line_6_center_machine_module
judge_collision_detected:
robot_base_x: 12.650209
robot_base_y: 1.467888
robot_base_yaw: -3.137095
robot_geom: gripper0_left_right_fingertip_collision
proxy_geom: scene_aabb_proxy_line_6_center_machine_module
collision_detected:
  robot_geom=gripper0_left_left_inner_finger_collision, other_geom=scene_aabb_proxy_line_6_center_machine_module
  robot_geom=gripper0_left_left_fingertip_collision, other_geom=scene_aabb_proxy_line_6_center_machine_module
  robot_geom=gripper0_left_left_fingertip_collision, other_geom=scene_aabb_proxy_line_6_center_machine_module
  robot_geom=gripper0_left_left_fingertip_collision, other_geom=scene_aabb_proxy_line_6_center_machine_module
  robot_geom=gripper0_left_left_fingertip_collision, other_geom=scene_aabb_proxy_line_6_center_machine_module
  robot_geom=gripper0_left_left_fingerpad_collision, other_geom=scene_aabb_proxy_line_6_center_machine_module
  robot_geom=gripper0_left_left_fingerpad_collision, other_geom=scene_aabb_proxy_line_6_center_machine_module
  robot_geom=gripper0_left_left_fingerpad_collision, other_geom=scene_aabb_proxy_line_6_center_machine_module
  ... 10 more contact pairs
judge_collision_detected:
robot_base_x: 12.650233
robot_base_y: 1.445394
robot_base_yaw: -3.137033
robot_geom: gripper0_left_left_fingertip_collision
proxy_geom: scene_aabb_proxy_line_6_center_machine_module
judge_collision_detected:
robot_base_x: 12.650233
robot_base_y: 1.445394
robot_base_yaw: -3.137033
robot_geom: gripper0_left_right_fingerpad_collision
proxy_geom: scene_aabb_proxy_line_6_center_machine_module
judge_collision_detected:
robot_base_x: 12.650233
robot_base_y: 1.445394
robot_base_yaw: -3.137033
robot_geom: gripper0_left_right_fingertip_collision
proxy_geom: scene_aabb_proxy_line_6_center_machine_module
collision_detected:
  robot_geom=gripper0_left_left_inner_finger_collision, other_geom=scene_aabb_proxy_line_6_center_machine_module
  robot_geom=gripper0_left_left_fingertip_collision, other_geom=scene_aabb_proxy_line_6_center_machine_module
  robot_geom=gripper0_left_left_fingertip_collision, other_geom=scene_aabb_proxy_line_6_center_machine_module
  robot_geom=gripper0_left_left_fingertip_collision, other_geom=scene_aabb_proxy_line_6_center_machine_module
  robot_geom=gripper0_left_left_fingertip_collision, other_geom=scene_aabb_proxy_line_6_center_machine_module
  robot_geom=gripper0_left_left_fingerpad_collision, other_geom=scene_aabb_proxy_line_6_center_machine_module
  robot_geom=gripper0_left_left_fingerpad_collision, other_geom=scene_aabb_proxy_line_6_center_machine_module
  robot_geom=gripper0_left_left_fingerpad_collision, other_geom=scene_aabb_proxy_line_6_center_machine_module
  ... 10 more contact pairs
judge_collision_detected:
robot_base_x: 12.650255
robot_base_y: 1.422900
robot_base_yaw: -3.136970
robot_geom: gripper0_left_left_fingertip_collision
proxy_geom: scene_aabb_proxy_line_6_center_machine_module
judge_collision_detected:
robot_base_x: 12.650255
robot_base_y: 1.422900
robot_base_yaw: -3.136970
robot_geom: gripper0_left_right_fingerpad_collision
proxy_geom: scene_aabb_proxy_line_6_center_machine_module
judge_collision_detected:
robot_base_x: 12.650255
robot_base_y: 1.422900
robot_base_yaw: -3.136970
robot_geom: gripper0_left_right_fingertip_collision
proxy_geom: scene_aabb_proxy_line_6_center_machine_module
collision_detected:
  robot_geom=gripper0_left_left_inner_finger_collision, other_geom=scene_aabb_proxy_line_6_center_machine_module
  robot_geom=gripper0_left_left_fingertip_collision, other_geom=scene_aabb_proxy_line_6_center_machine_module
  robot_geom=gripper0_left_left_fingertip_collision, other_geom=scene_aabb_proxy_line_6_center_machine_module
  robot_geom=gripper0_left_left_fingertip_collision, other_geom=scene_aabb_proxy_line_6_center_machine_module
  robot_geom=gripper0_left_left_fingertip_collision, other_geom=scene_aabb_proxy_line_6_center_machine_module
  robot_geom=gripper0_left_left_fingerpad_collision, other_geom=scene_aabb_proxy_line_6_center_machine_module
  robot_geom=gripper0_left_left_fingerpad_collision, other_geom=scene_aabb_proxy_line_6_center_machine_module
  robot_geom=gripper0_left_left_fingerpad_collision, other_geom=scene_aabb_proxy_line_6_center_machine_module
  ... 10 more contact pairs
judge_collision_detected:
robot_base_x: 12.650274
robot_base_y: 1.400406
robot_base_yaw: -3.136908
robot_geom: gripper0_left_left_fingertip_collision
proxy_geom: scene_aabb_proxy_line_6_center_machine_module
judge_collision_detected:
robot_base_x: 12.650274
robot_base_y: 1.400406
robot_base_yaw: -3.136908
robot_geom: gripper0_left_right_fingerpad_collision
proxy_geom: scene_aabb_proxy_line_6_center_machine_module
judge_collision_detected:
robot_base_x: 12.650274
robot_base_y: 1.400406
robot_base_yaw: -3.136908
robot_geom: gripper0_left_right_fingertip_collision
proxy_geom: scene_aabb_proxy_line_6_center_machine_module
collision_detected:
  robot_geom=gripper0_left_left_inner_finger_collision, other_geom=scene_aabb_proxy_line_6_center_machine_module
  robot_geom=gripper0_left_left_fingertip_collision, other_geom=scene_aabb_proxy_line_6_center_machine_module
  robot_geom=gripper0_left_left_fingertip_collision, other_geom=scene_aabb_proxy_line_6_center_machine_module
  robot_geom=gripper0_left_left_fingertip_collision, other_geom=scene_aabb_proxy_line_6_center_machine_module
  robot_geom=gripper0_left_left_fingertip_collision, other_geom=scene_aabb_proxy_line_6_center_machine_module
  robot_geom=gripper0_left_left_fingerpad_collision, other_geom=scene_aabb_proxy_line_6_center_machine_module
  robot_geom=gripper0_left_left_fingerpad_collision, other_geom=scene_aabb_proxy_line_6_center_machine_module
  robot_geom=gripper0_left_left_fingerpad_collision, other_geom=scene_aabb_proxy_line_6_center_machine_module
  ... 10 more contact pairs
judge_collision_detected:
robot_base_x: 12.650289
robot_base_y: 1.377912
robot_base_yaw: -3.136845
robot_geom: gripper0_left_left_fingertip_collision
proxy_geom: scene_aabb_proxy_line_6_center_machine_module
judge_collision_detected:
robot_base_x: 12.650289
robot_base_y: 1.377912
robot_base_yaw: -3.136845
robot_geom: gripper0_left_right_fingerpad_collision
proxy_geom: scene_aabb_proxy_line_6_center_machine_module
judge_collision_detected:
robot_base_x: 12.650289
robot_base_y: 1.377912
robot_base_yaw: -3.136845
robot_geom: gripper0_left_right_fingertip_collision
proxy_geom: scene_aabb_proxy_line_6_center_machine_module
collision_detected:
  robot_geom=gripper0_left_left_inner_finger_collision, other_geom=scene_aabb_proxy_line_6_center_machine_module
  robot_geom=gripper0_left_left_fingertip_collision, other_geom=scene_aabb_proxy_line_6_center_machine_module
  robot_geom=gripper0_left_left_fingertip_collision, other_geom=scene_aabb_proxy_line_6_center_machine_module
  robot_geom=gripper0_left_left_fingertip_collision, other_geom=scene_aabb_proxy_line_6_center_machine_module
  robot_geom=gripper0_left_left_fingertip_collision, other_geom=scene_aabb_proxy_line_6_center_machine_module
  robot_geom=gripper0_left_left_fingerpad_collision, other_geom=scene_aabb_proxy_line_6_center_machine_module
  robot_geom=gripper0_left_left_fingerpad_collision, other_geom=scene_aabb_proxy_line_6_center_machine_module
  robot_geom=gripper0_left_left_fingerpad_collision, other_geom=scene_aabb_proxy_line_6_center_machine_module
  ... 10 more contact pairs
judge_collision_detected:
robot_base_x: 12.650300
robot_base_y: 1.355418
robot_base_yaw: -3.136783
robot_geom: gripper0_left_left_fingertip_collision
proxy_geom: scene_aabb_proxy_line_6_center_machine_module
judge_collision_detected:
robot_base_x: 12.650300
robot_base_y: 1.355418
robot_base_yaw: -3.136783
robot_geom: gripper0_left_right_fingerpad_collision
proxy_geom: scene_aabb_proxy_line_6_center_machine_module
judge_collision_detected:
robot_base_x: 12.650300
robot_base_y: 1.355418
robot_base_yaw: -3.136783
robot_geom: gripper0_left_right_fingertip_collision
proxy_geom: scene_aabb_proxy_line_6_center_machine_module
collision_detected:
  robot_geom=gripper0_left_left_inner_finger_collision, other_geom=scene_aabb_proxy_line_6_center_machine_module
  robot_geom=gripper0_left_left_fingertip_collision, other_geom=scene_aabb_proxy_line_6_center_machine_module
  robot_geom=gripper0_left_left_fingertip_collision, other_geom=scene_aabb_proxy_line_6_center_machine_module
  robot_geom=gripper0_left_left_fingertip_collision, other_geom=scene_aabb_proxy_line_6_center_machine_module
  robot_geom=gripper0_left_left_fingertip_collision, other_geom=scene_aabb_proxy_line_6_center_machine_module
  robot_geom=gripper0_left_left_fingerpad_collision, other_geom=scene_aabb_proxy_line_6_center_machine_module
  robot_geom=gripper0_left_left_fingerpad_collision, other_geom=scene_aabb_proxy_line_6_center_machine_module
  robot_geom=gripper0_left_left_fingerpad_collision, other_geom=scene_aabb_proxy_line_6_center_machine_module
  ... 10 more contact pairs
judge_collision_detected:
robot_base_x: 12.650306
robot_base_y: 1.332925
robot_base_yaw: -3.136720
robot_geom: gripper0_left_left_fingertip_collision
proxy_geom: scene_aabb_proxy_line_6_center_machine_module
judge_collision_detected:
robot_base_x: 12.650306
robot_base_y: 1.332925
robot_base_yaw: -3.136720
robot_geom: gripper0_left_right_fingerpad_collision
proxy_geom: scene_aabb_proxy_line_6_center_machine_module
judge_collision_detected:
robot_base_x: 12.650306
robot_base_y: 1.332925
robot_base_yaw: -3.136720
robot_geom: gripper0_left_right_fingertip_collision
proxy_geom: scene_aabb_proxy_line_6_center_machine_module
collision_detected:
  robot_geom=gripper0_left_left_inner_finger_collision, other_geom=scene_aabb_proxy_line_6_center_machine_module
  robot_geom=gripper0_left_left_fingertip_collision, other_geom=scene_aabb_proxy_line_6_center_machine_module
  robot_geom=gripper0_left_left_fingertip_collision, other_geom=scene_aabb_proxy_line_6_center_machine_module
  robot_geom=gripper0_left_left_fingertip_collision, other_geom=scene_aabb_proxy_line_6_center_machine_module
  robot_geom=gripper0_left_left_fingertip_collision, other_geom=scene_aabb_proxy_line_6_center_machine_module
  robot_geom=gripper0_left_left_fingerpad_collision, other_geom=scene_aabb_proxy_line_6_center_machine_module
  robot_geom=gripper0_left_left_fingerpad_collision, other_geom=scene_aabb_proxy_line_6_center_machine_module
  robot_geom=gripper0_left_left_fingerpad_collision, other_geom=scene_aabb_proxy_line_6_center_machine_module
  ... 10 more contact pairs
judge_collision_detected:
robot_base_x: 12.650308
robot_base_y: 1.310431
robot_base_yaw: -3.136657
robot_geom: gripper0_left_left_fingertip_collision
proxy_geom: scene_aabb_proxy_line_6_center_machine_module
judge_collision_detected:
robot_base_x: 12.650308
robot_base_y: 1.310431
robot_base_yaw: -3.136657
robot_geom: gripper0_left_right_fingerpad_collision
proxy_geom: scene_aabb_proxy_line_6_center_machine_module
judge_collision_detected:
robot_base_x: 12.650308
robot_base_y: 1.310431
robot_base_yaw: -3.136657
robot_geom: gripper0_left_right_fingertip_collision
proxy_geom: scene_aabb_proxy_line_6_center_machine_module
collision_detected:
  robot_geom=gripper0_left_left_inner_finger_collision, other_geom=scene_aabb_proxy_line_6_center_machine_module
  robot_geom=gripper0_left_left_fingertip_collision, other_geom=scene_aabb_proxy_line_6_center_machine_module
  robot_geom=gripper0_left_left_fingertip_collision, other_geom=scene_aabb_proxy_line_6_center_machine_module
  robot_geom=gripper0_left_left_fingertip_collision, other_geom=scene_aabb_proxy_line_6_center_machine_module
  robot_geom=gripper0_left_left_fingertip_collision, other_geom=scene_aabb_proxy_line_6_center_machine_module
  robot_geom=gripper0_left_left_fingerpad_collision, other_geom=scene_aabb_proxy_line_6_center_machine_module
  robot_geom=gripper0_left_left_fingerpad_collision, other_geom=scene_aabb_proxy_line_6_center_machine_module
  robot_geom=gripper0_left_left_fingerpad_collision, other_geom=scene_aabb_proxy_line_6_center_machine_module
  ... 10 more contact pairs
judge_collision_detected:
robot_base_x: 12.650304
robot_base_y: 1.287937
robot_base_yaw: -3.136594
robot_geom: gripper0_left_left_fingertip_collision
proxy_geom: scene_aabb_proxy_line_6_center_machine_module
judge_collision_detected:
robot_base_x: 12.650304
robot_base_y: 1.287937
robot_base_yaw: -3.136594
robot_geom: gripper0_left_right_fingerpad_collision
proxy_geom: scene_aabb_proxy_line_6_center_machine_module
judge_collision_detected:
robot_base_x: 12.650304
robot_base_y: 1.287937
robot_base_yaw: -3.136594
robot_geom: gripper0_left_right_fingertip_collision
proxy_geom: scene_aabb_proxy_line_6_center_machine_module
collision_detected:
  robot_geom=gripper0_left_left_inner_finger_collision, other_geom=scene_aabb_proxy_line_6_center_machine_module
  robot_geom=gripper0_left_left_fingertip_collision, other_geom=scene_aabb_proxy_line_6_center_machine_module
  robot_geom=gripper0_left_left_fingertip_collision, other_geom=scene_aabb_proxy_line_6_center_machine_module
  robot_geom=gripper0_left_left_fingertip_collision, other_geom=scene_aabb_proxy_line_6_center_machine_module
  robot_geom=gripper0_left_left_fingertip_collision, other_geom=scene_aabb_proxy_line_6_center_machine_module
  robot_geom=gripper0_left_left_fingerpad_collision, other_geom=scene_aabb_proxy_line_6_center_machine_module
  robot_geom=gripper0_left_left_fingerpad_collision, other_geom=scene_aabb_proxy_line_6_center_machine_module
  robot_geom=gripper0_left_left_fingerpad_collision, other_geom=scene_aabb_proxy_line_6_center_machine_module
  ... 10 more contact pairs
judge_collision_detected:
robot_base_x: 12.650294
robot_base_y: 1.265443
robot_base_yaw: -3.136531
robot_geom: gripper0_left_left_fingertip_collision
proxy_geom: scene_aabb_proxy_line_6_center_machine_module
judge_collision_detected:
robot_base_x: 12.650294
robot_base_y: 1.265443
robot_base_yaw: -3.136531
robot_geom: gripper0_left_right_fingerpad_collision
proxy_geom: scene_aabb_proxy_line_6_center_machine_module
judge_collision_detected:
robot_base_x: 12.650294
robot_base_y: 1.265443
robot_base_yaw: -3.136531
robot_geom: gripper0_left_right_fingertip_collision
proxy_geom: scene_aabb_proxy_line_6_center_machine_module
collision_detected:
  robot_geom=gripper0_left_left_inner_finger_collision, other_geom=scene_aabb_proxy_line_6_center_machine_module
  robot_geom=gripper0_left_left_fingertip_collision, other_geom=scene_aabb_proxy_line_6_center_machine_module
  robot_geom=gripper0_left_left_fingertip_collision, other_geom=scene_aabb_proxy_line_6_center_machine_module
  robot_geom=gripper0_left_left_fingertip_collision, other_geom=scene_aabb_proxy_line_6_center_machine_module
  robot_geom=gripper0_left_left_fingertip_collision, other_geom=scene_aabb_proxy_line_6_center_machine_module
  robot_geom=gripper0_left_left_fingerpad_collision, other_geom=scene_aabb_proxy_line_6_center_machine_module
  robot_geom=gripper0_left_left_fingerpad_collision, other_geom=scene_aabb_proxy_line_6_center_machine_module
  robot_geom=gripper0_left_left_fingerpad_collision, other_geom=scene_aabb_proxy_line_6_center_machine_module
  ... 10 more contact pairs
judge_collision_detected:
robot_base_x: 12.650276
robot_base_y: 1.242949
robot_base_yaw: -3.136467
robot_geom: gripper0_left_left_fingertip_collision
proxy_geom: scene_aabb_proxy_line_6_center_machine_module
judge_collision_detected:
robot_base_x: 12.650276
robot_base_y: 1.242949
robot_base_yaw: -3.136467
robot_geom: gripper0_left_right_fingerpad_collision
proxy_geom: scene_aabb_proxy_line_6_center_machine_module
judge_collision_detected:
robot_base_x: 12.650276
robot_base_y: 1.242949
robot_base_yaw: -3.136467
robot_geom: gripper0_left_right_fingertip_collision
proxy_geom: scene_aabb_proxy_line_6_center_machine_module
collision_detected:
  robot_geom=gripper0_left_left_inner_finger_collision, other_geom=scene_aabb_proxy_line_6_center_machine_module
  robot_geom=gripper0_left_left_fingertip_collision, other_geom=scene_aabb_proxy_line_6_center_machine_module
  robot_geom=gripper0_left_left_fingertip_collision, other_geom=scene_aabb_proxy_line_6_center_machine_module
  robot_geom=gripper0_left_left_fingertip_collision, other_geom=scene_aabb_proxy_line_6_center_machine_module
  robot_geom=gripper0_left_left_fingertip_collision, other_geom=scene_aabb_proxy_line_6_center_machine_module
  robot_geom=gripper0_left_left_fingerpad_collision, other_geom=scene_aabb_proxy_line_6_center_machine_module
  robot_geom=gripper0_left_left_fingerpad_collision, other_geom=scene_aabb_proxy_line_6_center_machine_module
  robot_geom=gripper0_left_left_fingerpad_collision, other_geom=scene_aabb_proxy_line_6_center_machine_module
  ... 10 more contact pairs
judge_collision_detected:
robot_base_x: 12.650249
robot_base_y: 1.220455
robot_base_yaw: -3.136403
robot_geom: gripper0_left_left_fingertip_collision
proxy_geom: scene_aabb_proxy_line_6_center_machine_module
judge_collision_detected:
robot_base_x: 12.650249
robot_base_y: 1.220455
robot_base_yaw: -3.136403
robot_geom: gripper0_left_right_fingerpad_collision
proxy_geom: scene_aabb_proxy_line_6_center_machine_module
judge_collision_detected:
robot_base_x: 12.650249
robot_base_y: 1.220455
robot_base_yaw: -3.136403
robot_geom: gripper0_left_right_fingertip_collision
proxy_geom: scene_aabb_proxy_line_6_center_machine_module
collision_detected:
  robot_geom=gripper0_left_left_inner_finger_collision, other_geom=scene_aabb_proxy_line_6_center_machine_module
  robot_geom=gripper0_left_left_fingertip_collision, other_geom=scene_aabb_proxy_line_6_center_machine_module
  robot_geom=gripper0_left_left_fingertip_collision, other_geom=scene_aabb_proxy_line_6_center_machine_module
  robot_geom=gripper0_left_left_fingertip_collision, other_geom=scene_aabb_proxy_line_6_center_machine_module
  robot_geom=gripper0_left_left_fingertip_collision, other_geom=scene_aabb_proxy_line_6_center_machine_module
  robot_geom=gripper0_left_left_fingerpad_collision, other_geom=scene_aabb_proxy_line_6_center_machine_module
  robot_geom=gripper0_left_left_fingerpad_collision, other_geom=scene_aabb_proxy_line_6_center_machine_module
  robot_geom=gripper0_left_left_fingerpad_collision, other_geom=scene_aabb_proxy_line_6_center_machine_module
  ... 10 more contact pairs
judge_collision_detected:
robot_base_x: 12.650209
robot_base_y: 1.197962
robot_base_yaw: -3.136339
robot_geom: gripper0_left_left_fingertip_collision
proxy_geom: scene_aabb_proxy_line_6_center_machine_module
judge_collision_detected:
robot_base_x: 12.650209
robot_base_y: 1.197962
robot_base_yaw: -3.136339
robot_geom: gripper0_left_right_fingerpad_collision
proxy_geom: scene_aabb_proxy_line_6_center_machine_module
judge_collision_detected:
robot_base_x: 12.650209
robot_base_y: 1.197962
robot_base_yaw: -3.136339
robot_geom: gripper0_left_right_fingertip_collision
proxy_geom: scene_aabb_proxy_line_6_center_machine_module
collision_detected:
  robot_geom=gripper0_left_left_inner_finger_collision, other_geom=scene_aabb_proxy_line_6_center_machine_module
  robot_geom=gripper0_left_left_fingertip_collision, other_geom=scene_aabb_proxy_line_6_center_machine_module
  robot_geom=gripper0_left_left_fingertip_collision, other_geom=scene_aabb_proxy_line_6_center_machine_module
  robot_geom=gripper0_left_left_fingertip_collision, other_geom=scene_aabb_proxy_line_6_center_machine_module
  robot_geom=gripper0_left_left_fingertip_collision, other_geom=scene_aabb_proxy_line_6_center_machine_module
  robot_geom=gripper0_left_left_fingerpad_collision, other_geom=scene_aabb_proxy_line_6_center_machine_module
  robot_geom=gripper0_left_left_fingerpad_collision, other_geom=scene_aabb_proxy_line_6_center_machine_module
  robot_geom=gripper0_left_left_fingerpad_collision, other_geom=scene_aabb_proxy_line_6_center_machine_module
  ... 10 more contact pairs
judge_collision_detected:
robot_base_x: 12.650150
robot_base_y: 1.175468
robot_base_yaw: -3.136275
robot_geom: gripper0_left_left_fingertip_collision
proxy_geom: scene_aabb_proxy_line_6_center_machine_module
judge_collision_detected:
robot_base_x: 12.650150
robot_base_y: 1.175468
robot_base_yaw: -3.136275
robot_geom: gripper0_left_right_fingerpad_collision
proxy_geom: scene_aabb_proxy_line_6_center_machine_module
judge_collision_detected:
robot_base_x: 12.650150
robot_base_y: 1.175468
robot_base_yaw: -3.136275
robot_geom: gripper0_left_right_fingertip_collision
proxy_geom: scene_aabb_proxy_line_6_center_machine_module
collision_detected:
  robot_geom=gripper0_left_left_inner_finger_collision, other_geom=scene_aabb_proxy_line_6_center_machine_module
  robot_geom=gripper0_left_left_fingertip_collision, other_geom=scene_aabb_proxy_line_6_center_machine_module
  robot_geom=gripper0_left_left_fingertip_collision, other_geom=scene_aabb_proxy_line_6_center_machine_module
  robot_geom=gripper0_left_left_fingertip_collision, other_geom=scene_aabb_proxy_line_6_center_machine_module
  robot_geom=gripper0_left_left_fingertip_collision, other_geom=scene_aabb_proxy_line_6_center_machine_module
  robot_geom=gripper0_left_left_fingerpad_collision, other_geom=scene_aabb_proxy_line_6_center_machine_module
  robot_geom=gripper0_left_left_fingerpad_collision, other_geom=scene_aabb_proxy_line_6_center_machine_module
  robot_geom=gripper0_left_left_fingerpad_collision, other_geom=scene_aabb_proxy_line_6_center_machine_module
  ... 10 more contact pairs
judge_collision_detected:
robot_base_x: 12.650181
robot_base_y: 1.152974
robot_base_yaw: -3.136213
robot_geom: gripper0_left_left_fingertip_collision
proxy_geom: scene_aabb_proxy_line_6_center_machine_module
judge_collision_detected:
robot_base_x: 12.650181
robot_base_y: 1.152974
robot_base_yaw: -3.136213
robot_geom: gripper0_left_right_fingerpad_collision
proxy_geom: scene_aabb_proxy_line_6_center_machine_module
judge_collision_detected:
robot_base_x: 12.650181
robot_base_y: 1.152974
robot_base_yaw: -3.136213
robot_geom: gripper0_left_right_fingertip_collision
proxy_geom: scene_aabb_proxy_line_6_center_machine_module
collision_detected:
  robot_geom=gripper0_left_left_inner_finger_collision, other_geom=scene_aabb_proxy_line_6_center_machine_module
  robot_geom=gripper0_left_left_fingertip_collision, other_geom=scene_aabb_proxy_line_6_center_machine_module
  robot_geom=gripper0_left_left_fingertip_collision, other_geom=scene_aabb_proxy_line_6_center_machine_module
  robot_geom=gripper0_left_left_fingertip_collision, other_geom=scene_aabb_proxy_line_6_center_machine_module
  robot_geom=gripper0_left_left_fingertip_collision, other_geom=scene_aabb_proxy_line_6_center_machine_module
  robot_geom=gripper0_left_left_fingerpad_collision, other_geom=scene_aabb_proxy_line_6_center_machine_module
  robot_geom=gripper0_left_left_fingerpad_collision, other_geom=scene_aabb_proxy_line_6_center_machine_module
  robot_geom=gripper0_left_left_fingerpad_collision, other_geom=scene_aabb_proxy_line_6_center_machine_module
  ... 10 more contact pairs
judge_collision_detected:
robot_base_x: 12.650209
robot_base_y: 1.130480
robot_base_yaw: -3.136151
robot_geom: gripper0_left_left_fingertip_collision
proxy_geom: scene_aabb_proxy_line_6_center_machine_module
judge_collision_detected:
robot_base_x: 12.650209
robot_base_y: 1.130480
robot_base_yaw: -3.136151
robot_geom: gripper0_left_right_fingerpad_collision
proxy_geom: scene_aabb_proxy_line_6_center_machine_module
judge_collision_detected:
robot_base_x: 12.650209
robot_base_y: 1.130480
robot_base_yaw: -3.136151
robot_geom: gripper0_left_right_fingertip_collision
proxy_geom: scene_aabb_proxy_line_6_center_machine_module
collision_detected:
  robot_geom=gripper0_left_left_inner_finger_collision, other_geom=scene_aabb_proxy_line_6_center_machine_module
  robot_geom=gripper0_left_left_fingertip_collision, other_geom=scene_aabb_proxy_line_6_center_machine_module
  robot_geom=gripper0_left_left_fingertip_collision, other_geom=scene_aabb_proxy_line_6_center_machine_module
  robot_geom=gripper0_left_left_fingertip_collision, other_geom=scene_aabb_proxy_line_6_center_machine_module
  robot_geom=gripper0_left_left_fingertip_collision, other_geom=scene_aabb_proxy_line_6_center_machine_module
  robot_geom=gripper0_left_left_fingerpad_collision, other_geom=scene_aabb_proxy_line_6_center_machine_module
  robot_geom=gripper0_left_left_fingerpad_collision, other_geom=scene_aabb_proxy_line_6_center_machine_module
  robot_geom=gripper0_left_left_fingerpad_collision, other_geom=scene_aabb_proxy_line_6_center_machine_module
  ... 10 more contact pairs
judge_collision_detected:
robot_base_x: 12.650234
robot_base_y: 1.107987
robot_base_yaw: -3.136089
robot_geom: gripper0_left_left_fingertip_collision
proxy_geom: scene_aabb_proxy_line_6_center_machine_module
judge_collision_detected:
robot_base_x: 12.650234
robot_base_y: 1.107987
robot_base_yaw: -3.136089
robot_geom: gripper0_left_right_fingerpad_collision
proxy_geom: scene_aabb_proxy_line_6_center_machine_module
judge_collision_detected:
robot_base_x: 12.650234
robot_base_y: 1.107987
robot_base_yaw: -3.136089
robot_geom: gripper0_left_right_fingertip_collision
proxy_geom: scene_aabb_proxy_line_6_center_machine_module
collision_detected:
  robot_geom=gripper0_left_left_inner_finger_collision, other_geom=scene_aabb_proxy_line_6_center_machine_module
  robot_geom=gripper0_left_left_fingertip_collision, other_geom=scene_aabb_proxy_line_6_center_machine_module
  robot_geom=gripper0_left_left_fingertip_collision, other_geom=scene_aabb_proxy_line_6_center_machine_module
  robot_geom=gripper0_left_left_fingertip_collision, other_geom=scene_aabb_proxy_line_6_center_machine_module
  robot_geom=gripper0_left_left_fingertip_collision, other_geom=scene_aabb_proxy_line_6_center_machine_module
  robot_geom=gripper0_left_left_fingerpad_collision, other_geom=scene_aabb_proxy_line_6_center_machine_module
  robot_geom=gripper0_left_left_fingerpad_collision, other_geom=scene_aabb_proxy_line_6_center_machine_module
  robot_geom=gripper0_left_left_fingerpad_collision, other_geom=scene_aabb_proxy_line_6_center_machine_module
  ... 10 more contact pairs
judge_collision_detected:
robot_base_x: 12.650257
robot_base_y: 1.085493
robot_base_yaw: -3.136027
robot_geom: gripper0_left_left_fingertip_collision
proxy_geom: scene_aabb_proxy_line_6_center_machine_module
judge_collision_detected:
robot_base_x: 12.650257
robot_base_y: 1.085493
robot_base_yaw: -3.136027
robot_geom: gripper0_left_right_fingerpad_collision
proxy_geom: scene_aabb_proxy_line_6_center_machine_module
judge_collision_detected:
robot_base_x: 12.650257
robot_base_y: 1.085493
robot_base_yaw: -3.136027
robot_geom: gripper0_left_right_fingertip_collision
proxy_geom: scene_aabb_proxy_line_6_center_machine_module
collision_detected:
  robot_geom=gripper0_left_left_inner_finger_collision, other_geom=scene_aabb_proxy_line_6_center_machine_module
  robot_geom=gripper0_left_left_fingertip_collision, other_geom=scene_aabb_proxy_line_6_center_machine_module
  robot_geom=gripper0_left_left_fingertip_collision, other_geom=scene_aabb_proxy_line_6_center_machine_module
  robot_geom=gripper0_left_left_fingertip_collision, other_geom=scene_aabb_proxy_line_6_center_machine_module
  robot_geom=gripper0_left_left_fingertip_collision, other_geom=scene_aabb_proxy_line_6_center_machine_module
  robot_geom=gripper0_left_left_fingerpad_collision, other_geom=scene_aabb_proxy_line_6_center_machine_module
  robot_geom=gripper0_left_left_fingerpad_collision, other_geom=scene_aabb_proxy_line_6_center_machine_module
  robot_geom=gripper0_left_left_fingerpad_collision, other_geom=scene_aabb_proxy_line_6_center_machine_module
  ... 10 more contact pairs
judge_collision_detected:
robot_base_x: 12.650276
robot_base_y: 1.062999
robot_base_yaw: -3.135965
robot_geom: gripper0_left_left_fingertip_collision
proxy_geom: scene_aabb_proxy_line_6_center_machine_module
judge_collision_detected:
robot_base_x: 12.650276
robot_base_y: 1.062999
robot_base_yaw: -3.135965
robot_geom: gripper0_left_right_fingerpad_collision
proxy_geom: scene_aabb_proxy_line_6_center_machine_module
judge_collision_detected:
robot_base_x: 12.650276
robot_base_y: 1.062999
robot_base_yaw: -3.135965
robot_geom: gripper0_left_right_fingertip_collision
proxy_geom: scene_aabb_proxy_line_6_center_machine_module
collision_detected:
  robot_geom=gripper0_left_left_inner_finger_collision, other_geom=scene_aabb_proxy_line_6_center_machine_module
  robot_geom=gripper0_left_left_fingertip_collision, other_geom=scene_aabb_proxy_line_6_center_machine_module
  robot_geom=gripper0_left_left_fingertip_collision, other_geom=scene_aabb_proxy_line_6_center_machine_module
  robot_geom=gripper0_left_left_fingertip_collision, other_geom=scene_aabb_proxy_line_6_center_machine_module
  robot_geom=gripper0_left_left_fingertip_collision, other_geom=scene_aabb_proxy_line_6_center_machine_module
  robot_geom=gripper0_left_left_fingerpad_collision, other_geom=scene_aabb_proxy_line_6_center_machine_module
  robot_geom=gripper0_left_left_fingerpad_collision, other_geom=scene_aabb_proxy_line_6_center_machine_module
  robot_geom=gripper0_left_left_fingerpad_collision, other_geom=scene_aabb_proxy_line_6_center_machine_module
  ... 10 more contact pairs
judge_collision_detected:
robot_base_x: 12.650292
robot_base_y: 1.040505
robot_base_yaw: -3.135902
robot_geom: gripper0_left_left_fingertip_collision
proxy_geom: scene_aabb_proxy_line_6_center_machine_module
judge_collision_detected:
robot_base_x: 12.650292
robot_base_y: 1.040505
robot_base_yaw: -3.135902
robot_geom: gripper0_left_right_fingerpad_collision
proxy_geom: scene_aabb_proxy_line_6_center_machine_module
judge_collision_detected:
robot_base_x: 12.650292
robot_base_y: 1.040505
robot_base_yaw: -3.135902
robot_geom: gripper0_left_right_fingertip_collision
proxy_geom: scene_aabb_proxy_line_6_center_machine_module
collision_detected:
  robot_geom=gripper0_left_left_inner_finger_collision, other_geom=scene_aabb_proxy_line_6_center_machine_module
  robot_geom=gripper0_left_left_fingertip_collision, other_geom=scene_aabb_proxy_line_6_center_machine_module
  robot_geom=gripper0_left_left_fingertip_collision, other_geom=scene_aabb_proxy_line_6_center_machine_module
  robot_geom=gripper0_left_left_fingertip_collision, other_geom=scene_aabb_proxy_line_6_center_machine_module
  robot_geom=gripper0_left_left_fingertip_collision, other_geom=scene_aabb_proxy_line_6_center_machine_module
  robot_geom=gripper0_left_left_fingerpad_collision, other_geom=scene_aabb_proxy_line_6_center_machine_module
  robot_geom=gripper0_left_left_fingerpad_collision, other_geom=scene_aabb_proxy_line_6_center_machine_module
  robot_geom=gripper0_left_left_fingerpad_collision, other_geom=scene_aabb_proxy_line_6_center_machine_module
  ... 10 more contact pairs
judge_collision_detected:
robot_base_x: 12.650304
robot_base_y: 1.018011
robot_base_yaw: -3.135840
robot_geom: gripper0_left_left_fingertip_collision
proxy_geom: scene_aabb_proxy_line_6_center_machine_module
judge_collision_detected:
robot_base_x: 12.650304
robot_base_y: 1.018011
robot_base_yaw: -3.135840
robot_geom: gripper0_left_right_fingerpad_collision
proxy_geom: scene_aabb_proxy_line_6_center_machine_module
judge_collision_detected:
robot_base_x: 12.650304
robot_base_y: 1.018011
robot_base_yaw: -3.135840
robot_geom: gripper0_left_right_fingertip_collision
proxy_geom: scene_aabb_proxy_line_6_center_machine_module
collision_detected:
  robot_geom=gripper0_left_left_inner_finger_collision, other_geom=scene_aabb_proxy_line_6_center_machine_module
  robot_geom=gripper0_left_left_fingertip_collision, other_geom=scene_aabb_proxy_line_6_center_machine_module
  robot_geom=gripper0_left_left_fingertip_collision, other_geom=scene_aabb_proxy_line_6_center_machine_module
  robot_geom=gripper0_left_left_fingertip_collision, other_geom=scene_aabb_proxy_line_6_center_machine_module
  robot_geom=gripper0_left_left_fingertip_collision, other_geom=scene_aabb_proxy_line_6_center_machine_module
  robot_geom=gripper0_left_left_fingerpad_collision, other_geom=scene_aabb_proxy_line_6_center_machine_module
  robot_geom=gripper0_left_left_fingerpad_collision, other_geom=scene_aabb_proxy_line_6_center_machine_module
  robot_geom=gripper0_left_left_fingerpad_collision, other_geom=scene_aabb_proxy_line_6_center_machine_module
  ... 10 more contact pairs
judge_collision_detected:
robot_base_x: 12.650312
robot_base_y: 0.995518
robot_base_yaw: -3.135778
robot_geom: gripper0_left_left_fingertip_collision
proxy_geom: scene_aabb_proxy_line_6_center_machine_module
judge_collision_detected:
robot_base_x: 12.650312
robot_base_y: 0.995518
robot_base_yaw: -3.135778
robot_geom: gripper0_left_right_fingerpad_collision
proxy_geom: scene_aabb_proxy_line_6_center_machine_module
judge_collision_detected:
robot_base_x: 12.650312
robot_base_y: 0.995518
robot_base_yaw: -3.135778
robot_geom: gripper0_left_right_fingertip_collision
proxy_geom: scene_aabb_proxy_line_6_center_machine_module
collision_detected:
  robot_geom=gripper0_left_left_inner_finger_collision, other_geom=scene_aabb_proxy_line_6_center_machine_module
  robot_geom=gripper0_left_left_fingertip_collision, other_geom=scene_aabb_proxy_line_6_center_machine_module
  robot_geom=gripper0_left_left_fingertip_collision, other_geom=scene_aabb_proxy_line_6_center_machine_module
  robot_geom=gripper0_left_left_fingertip_collision, other_geom=scene_aabb_proxy_line_6_center_machine_module
  robot_geom=gripper0_left_left_fingertip_collision, other_geom=scene_aabb_proxy_line_6_center_machine_module
  robot_geom=gripper0_left_left_fingerpad_collision, other_geom=scene_aabb_proxy_line_6_center_machine_module
  robot_geom=gripper0_left_left_fingerpad_collision, other_geom=scene_aabb_proxy_line_6_center_machine_module
  robot_geom=gripper0_left_left_fingerpad_collision, other_geom=scene_aabb_proxy_line_6_center_machine_module
  ... 10 more contact pairs
judge_collision_detected:
robot_base_x: 12.650316
robot_base_y: 0.973024
robot_base_yaw: -3.135715
robot_geom: gripper0_left_left_fingertip_collision
proxy_geom: scene_aabb_proxy_line_6_center_machine_module
judge_collision_detected:
robot_base_x: 12.650316
robot_base_y: 0.973024
robot_base_yaw: -3.135715
robot_geom: gripper0_left_right_fingerpad_collision
proxy_geom: scene_aabb_proxy_line_6_center_machine_module
judge_collision_detected:
robot_base_x: 12.650316
robot_base_y: 0.973024
robot_base_yaw: -3.135715
robot_geom: gripper0_left_right_fingertip_collision
proxy_geom: scene_aabb_proxy_line_6_center_machine_module
collision_detected:
  robot_geom=gripper0_left_left_inner_finger_collision, other_geom=scene_aabb_proxy_line_6_center_machine_module
  robot_geom=gripper0_left_left_fingertip_collision, other_geom=scene_aabb_proxy_line_6_center_machine_module
  robot_geom=gripper0_left_left_fingertip_collision, other_geom=scene_aabb_proxy_line_6_center_machine_module
  robot_geom=gripper0_left_left_fingertip_collision, other_geom=scene_aabb_proxy_line_6_center_machine_module
  robot_geom=gripper0_left_left_fingertip_collision, other_geom=scene_aabb_proxy_line_6_center_machine_module
  robot_geom=gripper0_left_left_fingerpad_collision, other_geom=scene_aabb_proxy_line_6_center_machine_module
  robot_geom=gripper0_left_left_fingerpad_collision, other_geom=scene_aabb_proxy_line_6_center_machine_module
  robot_geom=gripper0_left_left_fingerpad_collision, other_geom=scene_aabb_proxy_line_6_center_machine_module
  ... 10 more contact pairs
judge_collision_detected:
robot_base_x: 12.650314
robot_base_y: 0.950530
robot_base_yaw: -3.135653
robot_geom: gripper0_left_left_fingertip_collision
proxy_geom: scene_aabb_proxy_line_6_center_machine_module
judge_collision_detected:
robot_base_x: 12.650314
robot_base_y: 0.950530
robot_base_yaw: -3.135653
robot_geom: gripper0_left_right_fingerpad_collision
proxy_geom: scene_aabb_proxy_line_6_center_machine_module
judge_collision_detected:
robot_base_x: 12.650314
robot_base_y: 0.950530
robot_base_yaw: -3.135653
robot_geom: gripper0_left_right_fingertip_collision
proxy_geom: scene_aabb_proxy_line_6_center_machine_module
collision_detected:
  robot_geom=gripper0_left_left_inner_finger_collision, other_geom=scene_aabb_proxy_line_6_center_machine_module
  robot_geom=gripper0_left_left_fingertip_collision, other_geom=scene_aabb_proxy_line_6_center_machine_module
  robot_geom=gripper0_left_left_fingertip_collision, other_geom=scene_aabb_proxy_line_6_center_machine_module
  robot_geom=gripper0_left_left_fingertip_collision, other_geom=scene_aabb_proxy_line_6_center_machine_module
  robot_geom=gripper0_left_left_fingertip_collision, other_geom=scene_aabb_proxy_line_6_center_machine_module
  robot_geom=gripper0_left_left_fingerpad_collision, other_geom=scene_aabb_proxy_line_6_center_machine_module
  robot_geom=gripper0_left_left_fingerpad_collision, other_geom=scene_aabb_proxy_line_6_center_machine_module
  robot_geom=gripper0_left_left_fingerpad_collision, other_geom=scene_aabb_proxy_line_6_center_machine_module
  ... 10 more contact pairs
judge_collision_detected:
robot_base_x: 12.650307
robot_base_y: 0.928036
robot_base_yaw: -3.135590
robot_geom: gripper0_left_left_fingertip_collision
proxy_geom: scene_aabb_proxy_line_6_center_machine_module
judge_collision_detected:
robot_base_x: 12.650307
robot_base_y: 0.928036
robot_base_yaw: -3.135590
robot_geom: gripper0_left_right_fingerpad_collision
proxy_geom: scene_aabb_proxy_line_6_center_machine_module
judge_collision_detected:
robot_base_x: 12.650307
robot_base_y: 0.928036
robot_base_yaw: -3.135590
robot_geom: gripper0_left_right_fingertip_collision
proxy_geom: scene_aabb_proxy_line_6_center_machine_module
collision_detected:
  robot_geom=gripper0_left_left_inner_finger_collision, other_geom=scene_aabb_proxy_line_6_center_machine_module
  robot_geom=gripper0_left_left_fingertip_collision, other_geom=scene_aabb_proxy_line_6_center_machine_module
  robot_geom=gripper0_left_left_fingertip_collision, other_geom=scene_aabb_proxy_line_6_center_machine_module
  robot_geom=gripper0_left_left_fingertip_collision, other_geom=scene_aabb_proxy_line_6_center_machine_module
  robot_geom=gripper0_left_left_fingertip_collision, other_geom=scene_aabb_proxy_line_6_center_machine_module
  robot_geom=gripper0_left_left_fingerpad_collision, other_geom=scene_aabb_proxy_line_6_center_machine_module
  robot_geom=gripper0_left_left_fingerpad_collision, other_geom=scene_aabb_proxy_line_6_center_machine_module
  robot_geom=gripper0_left_left_fingerpad_collision, other_geom=scene_aabb_proxy_line_6_center_machine_module
  ... 10 more contact pairs
judge_collision_detected:
robot_base_x: 12.650292
robot_base_y: 0.905542
robot_base_yaw: -3.135527
robot_geom: gripper0_left_left_fingertip_collision
proxy_geom: scene_aabb_proxy_line_6_center_machine_module
judge_collision_detected:
robot_base_x: 12.650292
robot_base_y: 0.905542
robot_base_yaw: -3.135527
robot_geom: gripper0_left_right_fingerpad_collision
proxy_geom: scene_aabb_proxy_line_6_center_machine_module
judge_collision_detected:
robot_base_x: 12.650292
robot_base_y: 0.905542
robot_base_yaw: -3.135527
robot_geom: gripper0_left_right_fingertip_collision
proxy_geom: scene_aabb_proxy_line_6_center_machine_module
collision_detected:
  robot_geom=gripper0_left_left_inner_finger_collision, other_geom=scene_aabb_proxy_line_6_center_machine_module
  robot_geom=gripper0_left_left_fingertip_collision, other_geom=scene_aabb_proxy_line_6_center_machine_module
  robot_geom=gripper0_left_left_fingertip_collision, other_geom=scene_aabb_proxy_line_6_center_machine_module
  robot_geom=gripper0_left_left_fingertip_collision, other_geom=scene_aabb_proxy_line_6_center_machine_module
  robot_geom=gripper0_left_left_fingertip_collision, other_geom=scene_aabb_proxy_line_6_center_machine_module
  robot_geom=gripper0_left_left_fingerpad_collision, other_geom=scene_aabb_proxy_line_6_center_machine_module
  robot_geom=gripper0_left_left_fingerpad_collision, other_geom=scene_aabb_proxy_line_6_center_machine_module
  robot_geom=gripper0_left_left_fingerpad_collision, other_geom=scene_aabb_proxy_line_6_center_machine_module
  ... 10 more contact pairs
judge_collision_detected:
robot_base_x: 12.650269
robot_base_y: 0.883049
robot_base_yaw: -3.135464
robot_geom: gripper0_left_left_fingertip_collision
proxy_geom: scene_aabb_proxy_line_6_center_machine_module
judge_collision_detected:
robot_base_x: 12.650269
robot_base_y: 0.883049
robot_base_yaw: -3.135464
robot_geom: gripper0_left_right_fingerpad_collision
proxy_geom: scene_aabb_proxy_line_6_center_machine_module
judge_collision_detected:
robot_base_x: 12.650269
robot_base_y: 0.883049
robot_base_yaw: -3.135464
robot_geom: gripper0_left_right_fingertip_collision
proxy_geom: scene_aabb_proxy_line_6_center_machine_module
collision_detected:
  robot_geom=gripper0_left_left_inner_finger_collision, other_geom=scene_aabb_proxy_line_6_center_machine_module
  robot_geom=gripper0_left_left_fingertip_collision, other_geom=scene_aabb_proxy_line_6_center_machine_module
  robot_geom=gripper0_left_left_fingertip_collision, other_geom=scene_aabb_proxy_line_6_center_machine_module
  robot_geom=gripper0_left_left_fingertip_collision, other_geom=scene_aabb_proxy_line_6_center_machine_module
  robot_geom=gripper0_left_left_fingertip_collision, other_geom=scene_aabb_proxy_line_6_center_machine_module
  robot_geom=gripper0_left_left_fingerpad_collision, other_geom=scene_aabb_proxy_line_6_center_machine_module
  robot_geom=gripper0_left_left_fingerpad_collision, other_geom=scene_aabb_proxy_line_6_center_machine_module
  robot_geom=gripper0_left_left_fingerpad_collision, other_geom=scene_aabb_proxy_line_6_center_machine_module
  ... 10 more contact pairs
judge_collision_detected:
robot_base_x: 12.650236
robot_base_y: 0.860555
robot_base_yaw: -3.135400
robot_geom: gripper0_left_left_fingertip_collision
proxy_geom: scene_aabb_proxy_line_6_center_machine_module
judge_collision_detected:
robot_base_x: 12.650236
robot_base_y: 0.860555
robot_base_yaw: -3.135400
robot_geom: gripper0_left_right_fingerpad_collision
proxy_geom: scene_aabb_proxy_line_6_center_machine_module
judge_collision_detected:
robot_base_x: 12.650236
robot_base_y: 0.860555
robot_base_yaw: -3.135400
robot_geom: gripper0_left_right_fingertip_collision
proxy_geom: scene_aabb_proxy_line_6_center_machine_module
collision_detected:
  robot_geom=gripper0_left_left_inner_finger_collision, other_geom=scene_aabb_proxy_line_6_center_machine_module
  robot_geom=gripper0_left_left_fingertip_collision, other_geom=scene_aabb_proxy_line_6_center_machine_module
  robot_geom=gripper0_left_left_fingertip_collision, other_geom=scene_aabb_proxy_line_6_center_machine_module
  robot_geom=gripper0_left_left_fingertip_collision, other_geom=scene_aabb_proxy_line_6_center_machine_module
  robot_geom=gripper0_left_left_fingertip_collision, other_geom=scene_aabb_proxy_line_6_center_machine_module
  robot_geom=gripper0_left_left_fingerpad_collision, other_geom=scene_aabb_proxy_line_6_center_machine_module
  robot_geom=gripper0_left_left_fingerpad_collision, other_geom=scene_aabb_proxy_line_6_center_machine_module
  robot_geom=gripper0_left_left_fingerpad_collision, other_geom=scene_aabb_proxy_line_6_center_machine_module
  ... 10 more contact pairs
judge_collision_detected:
robot_base_x: 12.650187
robot_base_y: 0.838061
robot_base_yaw: -3.135337
robot_geom: gripper0_left_left_fingertip_collision
proxy_geom: scene_aabb_proxy_line_6_center_machine_module
judge_collision_detected:
robot_base_x: 12.650187
robot_base_y: 0.838061
robot_base_yaw: -3.135337
robot_geom: gripper0_left_right_fingerpad_collision
proxy_geom: scene_aabb_proxy_line_6_center_machine_module
judge_collision_detected:
robot_base_x: 12.650187
robot_base_y: 0.838061
robot_base_yaw: -3.135337
robot_geom: gripper0_left_right_fingertip_collision
proxy_geom: scene_aabb_proxy_line_6_center_machine_module
collision_detected:
  robot_geom=gripper0_left_left_inner_finger_collision, other_geom=scene_aabb_proxy_line_6_center_machine_module
  robot_geom=gripper0_left_left_fingertip_collision, other_geom=scene_aabb_proxy_line_6_center_machine_module
  robot_geom=gripper0_left_left_fingertip_collision, other_geom=scene_aabb_proxy_line_6_center_machine_module
  robot_geom=gripper0_left_left_fingertip_collision, other_geom=scene_aabb_proxy_line_6_center_machine_module
  robot_geom=gripper0_left_left_fingertip_collision, other_geom=scene_aabb_proxy_line_6_center_machine_module
  robot_geom=gripper0_left_left_fingerpad_collision, other_geom=scene_aabb_proxy_line_6_center_machine_module
  robot_geom=gripper0_left_left_fingerpad_collision, other_geom=scene_aabb_proxy_line_6_center_machine_module
  robot_geom=gripper0_left_left_fingerpad_collision, other_geom=scene_aabb_proxy_line_6_center_machine_module
  ... 10 more contact pairs
judge_collision_detected:
robot_base_x: 12.650116
robot_base_y: 0.815567
robot_base_yaw: -3.135273
robot_geom: gripper0_left_left_fingertip_collision
proxy_geom: scene_aabb_proxy_line_6_center_machine_module
judge_collision_detected:
robot_base_x: 12.650116
robot_base_y: 0.815567
robot_base_yaw: -3.135273
robot_geom: gripper0_left_right_fingerpad_collision
proxy_geom: scene_aabb_proxy_line_6_center_machine_module
judge_collision_detected:
robot_base_x: 12.650116
robot_base_y: 0.815567
robot_base_yaw: -3.135273
robot_geom: gripper0_left_right_fingertip_collision
proxy_geom: scene_aabb_proxy_line_6_center_machine_module
collision_detected:
  robot_geom=gripper0_left_left_inner_finger_collision, other_geom=scene_aabb_proxy_line_6_center_machine_module
  robot_geom=gripper0_left_left_fingertip_collision, other_geom=scene_aabb_proxy_line_6_center_machine_module
  robot_geom=gripper0_left_left_fingertip_collision, other_geom=scene_aabb_proxy_line_6_center_machine_module
  robot_geom=gripper0_left_left_fingertip_collision, other_geom=scene_aabb_proxy_line_6_center_machine_module
  robot_geom=gripper0_left_left_fingertip_collision, other_geom=scene_aabb_proxy_line_6_center_machine_module
  robot_geom=gripper0_left_left_fingerpad_collision, other_geom=scene_aabb_proxy_line_6_center_machine_module
  robot_geom=gripper0_left_left_fingerpad_collision, other_geom=scene_aabb_proxy_line_6_center_machine_module
  robot_geom=gripper0_left_left_fingerpad_collision, other_geom=scene_aabb_proxy_line_6_center_machine_module
  ... 10 more contact pairs
judge_collision_detected:
robot_base_x: 12.650149
robot_base_y: 0.793074
robot_base_yaw: -3.135211
robot_geom: gripper0_left_left_fingertip_collision
proxy_geom: scene_aabb_proxy_line_6_center_machine_module
judge_collision_detected:
robot_base_x: 12.650149
robot_base_y: 0.793074
robot_base_yaw: -3.135211
robot_geom: gripper0_left_right_fingerpad_collision
proxy_geom: scene_aabb_proxy_line_6_center_machine_module
judge_collision_detected:
robot_base_x: 12.650149
robot_base_y: 0.793074
robot_base_yaw: -3.135211
robot_geom: gripper0_left_right_fingertip_collision
proxy_geom: scene_aabb_proxy_line_6_center_machine_module
collision_detected:
  robot_geom=gripper0_left_left_inner_finger_collision, other_geom=scene_aabb_proxy_line_6_center_machine_module
  robot_geom=gripper0_left_left_fingertip_collision, other_geom=scene_aabb_proxy_line_6_center_machine_module
  robot_geom=gripper0_left_left_fingertip_collision, other_geom=scene_aabb_proxy_line_6_center_machine_module
  robot_geom=gripper0_left_left_fingertip_collision, other_geom=scene_aabb_proxy_line_6_center_machine_module
  robot_geom=gripper0_left_left_fingertip_collision, other_geom=scene_aabb_proxy_line_6_center_machine_module
  robot_geom=gripper0_left_left_fingerpad_collision, other_geom=scene_aabb_proxy_line_6_center_machine_module
  robot_geom=gripper0_left_left_fingerpad_collision, other_geom=scene_aabb_proxy_line_6_center_machine_module
  robot_geom=gripper0_left_left_fingerpad_collision, other_geom=scene_aabb_proxy_line_6_center_machine_module
  ... 10 more contact pairs
judge_collision_detected:
robot_base_x: 12.650180
robot_base_y: 0.770580
robot_base_yaw: -3.135149
robot_geom: gripper0_left_left_fingertip_collision
proxy_geom: scene_aabb_proxy_line_6_center_machine_module
judge_collision_detected:
robot_base_x: 12.650180
robot_base_y: 0.770580
robot_base_yaw: -3.135149
robot_geom: gripper0_left_right_fingerpad_collision
proxy_geom: scene_aabb_proxy_line_6_center_machine_module
judge_collision_detected:
robot_base_x: 12.650180
robot_base_y: 0.770580
robot_base_yaw: -3.135149
robot_geom: gripper0_left_right_fingertip_collision
proxy_geom: scene_aabb_proxy_line_6_center_machine_module
collision_detected:
  robot_geom=gripper0_left_left_inner_finger_collision, other_geom=scene_aabb_proxy_line_6_center_machine_module
  robot_geom=gripper0_left_left_fingertip_collision, other_geom=scene_aabb_proxy_line_6_center_machine_module
  robot_geom=gripper0_left_left_fingertip_collision, other_geom=scene_aabb_proxy_line_6_center_machine_module
  robot_geom=gripper0_left_left_fingertip_collision, other_geom=scene_aabb_proxy_line_6_center_machine_module
  robot_geom=gripper0_left_left_fingertip_collision, other_geom=scene_aabb_proxy_line_6_center_machine_module
  robot_geom=gripper0_left_left_fingerpad_collision, other_geom=scene_aabb_proxy_line_6_center_machine_module
  robot_geom=gripper0_left_left_fingerpad_collision, other_geom=scene_aabb_proxy_line_6_center_machine_module
  robot_geom=gripper0_left_left_fingerpad_collision, other_geom=scene_aabb_proxy_line_6_center_machine_module
  ... 10 more contact pairs
judge_collision_detected:
robot_base_x: 12.650209
robot_base_y: 0.748086
robot_base_yaw: -3.135088
robot_geom: gripper0_left_left_fingertip_collision
proxy_geom: scene_aabb_proxy_line_6_center_machine_module
judge_collision_detected:
robot_base_x: 12.650209
robot_base_y: 0.748086
robot_base_yaw: -3.135088
robot_geom: gripper0_left_right_fingerpad_collision
proxy_geom: scene_aabb_proxy_line_6_center_machine_module
judge_collision_detected:
robot_base_x: 12.650209
robot_base_y: 0.748086
robot_base_yaw: -3.135088
robot_geom: gripper0_left_right_fingertip_collision
proxy_geom: scene_aabb_proxy_line_6_center_machine_module
collision_detected:
  robot_geom=gripper0_left_left_inner_finger_collision, other_geom=scene_aabb_proxy_line_6_center_machine_module
  robot_geom=gripper0_left_left_fingertip_collision, other_geom=scene_aabb_proxy_line_6_center_machine_module
  robot_geom=gripper0_left_left_fingertip_collision, other_geom=scene_aabb_proxy_line_6_center_machine_module
  robot_geom=gripper0_left_left_fingertip_collision, other_geom=scene_aabb_proxy_line_6_center_machine_module
  robot_geom=gripper0_left_left_fingertip_collision, other_geom=scene_aabb_proxy_line_6_center_machine_module
  robot_geom=gripper0_left_left_fingerpad_collision, other_geom=scene_aabb_proxy_line_6_center_machine_module
  robot_geom=gripper0_left_left_fingerpad_collision, other_geom=scene_aabb_proxy_line_6_center_machine_module
  robot_geom=gripper0_left_left_fingerpad_collision, other_geom=scene_aabb_proxy_line_6_center_machine_module
  ... 10 more contact pairs
judge_collision_detected:
robot_base_x: 12.650235
robot_base_y: 0.725592
robot_base_yaw: -3.135026
robot_geom: gripper0_left_left_fingertip_collision
proxy_geom: scene_aabb_proxy_line_6_center_machine_module
judge_collision_detected:
robot_base_x: 12.650235
robot_base_y: 0.725592
robot_base_yaw: -3.135026
robot_geom: gripper0_left_right_fingerpad_collision
proxy_geom: scene_aabb_proxy_line_6_center_machine_module
judge_collision_detected:
robot_base_x: 12.650235
robot_base_y: 0.725592
robot_base_yaw: -3.135026
robot_geom: gripper0_left_right_fingertip_collision
proxy_geom: scene_aabb_proxy_line_6_center_machine_module
collision_detected:
  robot_geom=gripper0_left_left_inner_finger_collision, other_geom=scene_aabb_proxy_line_6_center_machine_module
  robot_geom=gripper0_left_left_fingertip_collision, other_geom=scene_aabb_proxy_line_6_center_machine_module
  robot_geom=gripper0_left_left_fingertip_collision, other_geom=scene_aabb_proxy_line_6_center_machine_module
  robot_geom=gripper0_left_left_fingertip_collision, other_geom=scene_aabb_proxy_line_6_center_machine_module
  robot_geom=gripper0_left_left_fingertip_collision, other_geom=scene_aabb_proxy_line_6_center_machine_module
  robot_geom=gripper0_left_left_fingerpad_collision, other_geom=scene_aabb_proxy_line_6_center_machine_module
  robot_geom=gripper0_left_left_fingerpad_collision, other_geom=scene_aabb_proxy_line_6_center_machine_module
  robot_geom=gripper0_left_left_fingerpad_collision, other_geom=scene_aabb_proxy_line_6_center_machine_module
  ... 10 more contact pairs
judge_collision_detected:
robot_base_x: 12.650258
robot_base_y: 0.703099
robot_base_yaw: -3.134965
robot_geom: gripper0_left_left_fingertip_collision
proxy_geom: scene_aabb_proxy_line_6_center_machine_module
judge_collision_detected:
robot_base_x: 12.650258
robot_base_y: 0.703099
robot_base_yaw: -3.134965
robot_geom: gripper0_left_right_fingerpad_collision
proxy_geom: scene_aabb_proxy_line_6_center_machine_module
judge_collision_detected:
robot_base_x: 12.650258
robot_base_y: 0.703099
robot_base_yaw: -3.134965
robot_geom: gripper0_left_right_fingertip_collision
proxy_geom: scene_aabb_proxy_line_6_center_machine_module
collision_detected:
  robot_geom=gripper0_left_left_inner_finger_collision, other_geom=scene_aabb_proxy_line_6_center_machine_module
  robot_geom=gripper0_left_left_fingertip_collision, other_geom=scene_aabb_proxy_line_6_center_machine_module
  robot_geom=gripper0_left_left_fingertip_collision, other_geom=scene_aabb_proxy_line_6_center_machine_module
  robot_geom=gripper0_left_left_fingertip_collision, other_geom=scene_aabb_proxy_line_6_center_machine_module
  robot_geom=gripper0_left_left_fingertip_collision, other_geom=scene_aabb_proxy_line_6_center_machine_module
  robot_geom=gripper0_left_left_fingerpad_collision, other_geom=scene_aabb_proxy_line_6_center_machine_module
  robot_geom=gripper0_left_left_fingerpad_collision, other_geom=scene_aabb_proxy_line_6_center_machine_module
  robot_geom=gripper0_left_left_fingerpad_collision, other_geom=scene_aabb_proxy_line_6_center_machine_module
  ... 10 more contact pairs
judge_collision_detected:
robot_base_x: 12.650278
robot_base_y: 0.680605
robot_base_yaw: -3.134903
robot_geom: gripper0_left_left_fingertip_collision
proxy_geom: scene_aabb_proxy_line_6_center_machine_module
judge_collision_detected:
robot_base_x: 12.650278
robot_base_y: 0.680605
robot_base_yaw: -3.134903
robot_geom: gripper0_left_right_fingerpad_collision
proxy_geom: scene_aabb_proxy_line_6_center_machine_module
judge_collision_detected:
robot_base_x: 12.650278
robot_base_y: 0.680605
robot_base_yaw: -3.134903
robot_geom: gripper0_left_right_fingertip_collision
proxy_geom: scene_aabb_proxy_line_6_center_machine_module
collision_detected:
  robot_geom=gripper0_left_left_inner_finger_collision, other_geom=scene_aabb_proxy_line_6_center_machine_module
  robot_geom=gripper0_left_left_fingertip_collision, other_geom=scene_aabb_proxy_line_6_center_machine_module
  robot_geom=gripper0_left_left_fingertip_collision, other_geom=scene_aabb_proxy_line_6_center_machine_module
  robot_geom=gripper0_left_left_fingertip_collision, other_geom=scene_aabb_proxy_line_6_center_machine_module
  robot_geom=gripper0_left_left_fingertip_collision, other_geom=scene_aabb_proxy_line_6_center_machine_module
  robot_geom=gripper0_left_left_fingerpad_collision, other_geom=scene_aabb_proxy_line_6_center_machine_module
  robot_geom=gripper0_left_left_fingerpad_collision, other_geom=scene_aabb_proxy_line_6_center_machine_module
  robot_geom=gripper0_left_left_fingerpad_collision, other_geom=scene_aabb_proxy_line_6_center_machine_module
  ... 10 more contact pairs
judge_collision_detected:
robot_base_x: 12.650295
robot_base_y: 0.658111
robot_base_yaw: -3.134841
robot_geom: gripper0_left_left_fingertip_collision
proxy_geom: scene_aabb_proxy_line_6_center_machine_module
judge_collision_detected:
robot_base_x: 12.650295
robot_base_y: 0.658111
robot_base_yaw: -3.134841
robot_geom: gripper0_left_right_fingerpad_collision
proxy_geom: scene_aabb_proxy_line_6_center_machine_module
judge_collision_detected:
robot_base_x: 12.650295
robot_base_y: 0.658111
robot_base_yaw: -3.134841
robot_geom: gripper0_left_right_fingertip_collision
proxy_geom: scene_aabb_proxy_line_6_center_machine_module
collision_detected:
  robot_geom=gripper0_left_left_inner_finger_collision, other_geom=scene_aabb_proxy_line_6_center_machine_module
  robot_geom=gripper0_left_left_fingertip_collision, other_geom=scene_aabb_proxy_line_6_center_machine_module
  robot_geom=gripper0_left_left_fingertip_collision, other_geom=scene_aabb_proxy_line_6_center_machine_module
  robot_geom=gripper0_left_left_fingertip_collision, other_geom=scene_aabb_proxy_line_6_center_machine_module
  robot_geom=gripper0_left_left_fingertip_collision, other_geom=scene_aabb_proxy_line_6_center_machine_module
  robot_geom=gripper0_left_left_fingerpad_collision, other_geom=scene_aabb_proxy_line_6_center_machine_module
  robot_geom=gripper0_left_left_fingerpad_collision, other_geom=scene_aabb_proxy_line_6_center_machine_module
  robot_geom=gripper0_left_left_fingerpad_collision, other_geom=scene_aabb_proxy_line_6_center_machine_module
  ... 10 more contact pairs
judge_collision_detected:
robot_base_x: 12.650309
robot_base_y: 0.635617
robot_base_yaw: -3.134779
robot_geom: gripper0_left_left_fingertip_collision
proxy_geom: scene_aabb_proxy_line_6_center_machine_module
judge_collision_detected:
robot_base_x: 12.650309
robot_base_y: 0.635617
robot_base_yaw: -3.134779
robot_geom: gripper0_left_right_fingerpad_collision
proxy_geom: scene_aabb_proxy_line_6_center_machine_module
judge_collision_detected:
robot_base_x: 12.650309
robot_base_y: 0.635617
robot_base_yaw: -3.134779
robot_geom: gripper0_left_right_fingertip_collision
proxy_geom: scene_aabb_proxy_line_6_center_machine_module
collision_detected:
  robot_geom=gripper0_left_left_inner_finger_collision, other_geom=scene_aabb_proxy_line_6_center_machine_module
  robot_geom=gripper0_left_left_fingertip_collision, other_geom=scene_aabb_proxy_line_6_center_machine_module
  robot_geom=gripper0_left_left_fingertip_collision, other_geom=scene_aabb_proxy_line_6_center_machine_module
  robot_geom=gripper0_left_left_fingertip_collision, other_geom=scene_aabb_proxy_line_6_center_machine_module
  robot_geom=gripper0_left_left_fingertip_collision, other_geom=scene_aabb_proxy_line_6_center_machine_module
  robot_geom=gripper0_left_left_fingerpad_collision, other_geom=scene_aabb_proxy_line_6_center_machine_module
  robot_geom=gripper0_left_left_fingerpad_collision, other_geom=scene_aabb_proxy_line_6_center_machine_module
  robot_geom=gripper0_left_left_fingerpad_collision, other_geom=scene_aabb_proxy_line_6_center_machine_module
  ... 10 more contact pairs
judge_collision_detected:
robot_base_x: 12.650319
robot_base_y: 0.613124
robot_base_yaw: -3.134717
robot_geom: gripper0_left_left_fingertip_collision
proxy_geom: scene_aabb_proxy_line_6_center_machine_module
judge_collision_detected:
robot_base_x: 12.650319
robot_base_y: 0.613124
robot_base_yaw: -3.134717
robot_geom: gripper0_left_right_fingerpad_collision
proxy_geom: scene_aabb_proxy_line_6_center_machine_module
judge_collision_detected:
robot_base_x: 12.650319
robot_base_y: 0.613124
robot_base_yaw: -3.134717
robot_geom: gripper0_left_right_fingertip_collision
proxy_geom: scene_aabb_proxy_line_6_center_machine_module
collision_detected:
  robot_geom=gripper0_left_left_inner_finger_collision, other_geom=scene_aabb_proxy_line_6_center_machine_module
  robot_geom=gripper0_left_left_fingertip_collision, other_geom=scene_aabb_proxy_line_6_center_machine_module
  robot_geom=gripper0_left_left_fingertip_collision, other_geom=scene_aabb_proxy_line_6_center_machine_module
  robot_geom=gripper0_left_left_fingertip_collision, other_geom=scene_aabb_proxy_line_6_center_machine_module
  robot_geom=gripper0_left_left_fingertip_collision, other_geom=scene_aabb_proxy_line_6_center_machine_module
  robot_geom=gripper0_left_left_fingerpad_collision, other_geom=scene_aabb_proxy_line_6_center_machine_module
  robot_geom=gripper0_left_left_fingerpad_collision, other_geom=scene_aabb_proxy_line_6_center_machine_module
  robot_geom=gripper0_left_left_fingerpad_collision, other_geom=scene_aabb_proxy_line_6_center_machine_module
  ... 10 more contact pairs
judge_collision_detected:
robot_base_x: 12.650325
robot_base_y: 0.590630
robot_base_yaw: -3.134655
robot_geom: gripper0_left_left_fingertip_collision
proxy_geom: scene_aabb_proxy_line_6_center_machine_module
judge_collision_detected:
robot_base_x: 12.650325
robot_base_y: 0.590630
robot_base_yaw: -3.134655
robot_geom: gripper0_left_right_fingerpad_collision
proxy_geom: scene_aabb_proxy_line_6_center_machine_module
judge_collision_detected:
robot_base_x: 12.650325
robot_base_y: 0.590630
robot_base_yaw: -3.134655
robot_geom: gripper0_left_right_fingertip_collision
proxy_geom: scene_aabb_proxy_line_6_center_machine_module
collision_detected:
  robot_geom=gripper0_left_left_inner_finger_collision, other_geom=scene_aabb_proxy_line_6_center_machine_module
  robot_geom=gripper0_left_left_fingertip_collision, other_geom=scene_aabb_proxy_line_6_center_machine_module
  robot_geom=gripper0_left_left_fingertip_collision, other_geom=scene_aabb_proxy_line_6_center_machine_module
  robot_geom=gripper0_left_left_fingertip_collision, other_geom=scene_aabb_proxy_line_6_center_machine_module
  robot_geom=gripper0_left_left_fingertip_collision, other_geom=scene_aabb_proxy_line_6_center_machine_module
  robot_geom=gripper0_left_left_fingerpad_collision, other_geom=scene_aabb_proxy_line_6_center_machine_module
  robot_geom=gripper0_left_left_fingerpad_collision, other_geom=scene_aabb_proxy_line_6_center_machine_module
  robot_geom=gripper0_left_left_fingerpad_collision, other_geom=scene_aabb_proxy_line_6_center_machine_module
  ... 10 more contact pairs
judge_collision_detected:
robot_base_x: 12.650326
robot_base_y: 0.568136
robot_base_yaw: -3.134593
robot_geom: gripper0_left_left_fingertip_collision
proxy_geom: scene_aabb_proxy_line_6_center_machine_module
judge_collision_detected:
robot_base_x: 12.650326
robot_base_y: 0.568136
robot_base_yaw: -3.134593
robot_geom: gripper0_left_right_fingerpad_collision
proxy_geom: scene_aabb_proxy_line_6_center_machine_module
judge_collision_detected:
robot_base_x: 12.650326
robot_base_y: 0.568136
robot_base_yaw: -3.134593
robot_geom: gripper0_left_right_fingertip_collision
proxy_geom: scene_aabb_proxy_line_6_center_machine_module
collision_detected:
  robot_geom=gripper0_left_left_inner_finger_collision, other_geom=scene_aabb_proxy_line_6_center_machine_module
  robot_geom=gripper0_left_left_fingertip_collision, other_geom=scene_aabb_proxy_line_6_center_machine_module
  robot_geom=gripper0_left_left_fingertip_collision, other_geom=scene_aabb_proxy_line_6_center_machine_module
  robot_geom=gripper0_left_left_fingertip_collision, other_geom=scene_aabb_proxy_line_6_center_machine_module
  robot_geom=gripper0_left_left_fingertip_collision, other_geom=scene_aabb_proxy_line_6_center_machine_module
  robot_geom=gripper0_left_left_fingerpad_collision, other_geom=scene_aabb_proxy_line_6_center_machine_module
  robot_geom=gripper0_left_left_fingerpad_collision, other_geom=scene_aabb_proxy_line_6_center_machine_module
  robot_geom=gripper0_left_left_fingerpad_collision, other_geom=scene_aabb_proxy_line_6_center_machine_module
  ... 10 more contact pairs
judge_collision_detected:
robot_base_x: 12.650322
robot_base_y: 0.545642
robot_base_yaw: -3.134531
robot_geom: gripper0_left_left_fingertip_collision
proxy_geom: scene_aabb_proxy_line_6_center_machine_module
judge_collision_detected:
robot_base_x: 12.650322
robot_base_y: 0.545642
robot_base_yaw: -3.134531
robot_geom: gripper0_left_right_fingerpad_collision
proxy_geom: scene_aabb_proxy_line_6_center_machine_module
judge_collision_detected:
robot_base_x: 12.650322
robot_base_y: 0.545642
robot_base_yaw: -3.134531
robot_geom: gripper0_left_right_fingertip_collision
proxy_geom: scene_aabb_proxy_line_6_center_machine_module
collision_detected:
  robot_geom=gripper0_left_left_inner_finger_collision, other_geom=scene_aabb_proxy_line_6_center_machine_module
  robot_geom=gripper0_left_left_fingertip_collision, other_geom=scene_aabb_proxy_line_6_center_machine_module
  robot_geom=gripper0_left_left_fingertip_collision, other_geom=scene_aabb_proxy_line_6_center_machine_module
  robot_geom=gripper0_left_left_fingertip_collision, other_geom=scene_aabb_proxy_line_6_center_machine_module
  robot_geom=gripper0_left_left_fingertip_collision, other_geom=scene_aabb_proxy_line_6_center_machine_module
  robot_geom=gripper0_left_left_fingerpad_collision, other_geom=scene_aabb_proxy_line_6_center_machine_module
  robot_geom=gripper0_left_left_fingerpad_collision, other_geom=scene_aabb_proxy_line_6_center_machine_module
  robot_geom=gripper0_left_left_fingerpad_collision, other_geom=scene_aabb_proxy_line_6_center_machine_module
  ... 10 more contact pairs
judge_collision_detected:
robot_base_x: 12.650311
robot_base_y: 0.523149
robot_base_yaw: -3.134469
robot_geom: gripper0_left_left_fingertip_collision
proxy_geom: scene_aabb_proxy_line_6_center_machine_module
judge_collision_detected:
robot_base_x: 12.650311
robot_base_y: 0.523149
robot_base_yaw: -3.134469
robot_geom: gripper0_left_right_fingerpad_collision
proxy_geom: scene_aabb_proxy_line_6_center_machine_module
judge_collision_detected:
robot_base_x: 12.650311
robot_base_y: 0.523149
robot_base_yaw: -3.134469
robot_geom: gripper0_left_right_fingertip_collision
proxy_geom: scene_aabb_proxy_line_6_center_machine_module
collision_detected:
  robot_geom=gripper0_left_left_inner_finger_collision, other_geom=scene_aabb_proxy_line_6_center_machine_module
  robot_geom=gripper0_left_left_fingertip_collision, other_geom=scene_aabb_proxy_line_6_center_machine_module
  robot_geom=gripper0_left_left_fingertip_collision, other_geom=scene_aabb_proxy_line_6_center_machine_module
  robot_geom=gripper0_left_left_fingertip_collision, other_geom=scene_aabb_proxy_line_6_center_machine_module
  robot_geom=gripper0_left_left_fingertip_collision, other_geom=scene_aabb_proxy_line_6_center_machine_module
  robot_geom=gripper0_left_left_fingerpad_collision, other_geom=scene_aabb_proxy_line_6_center_machine_module
  robot_geom=gripper0_left_left_fingerpad_collision, other_geom=scene_aabb_proxy_line_6_center_machine_module
  robot_geom=gripper0_left_left_fingerpad_collision, other_geom=scene_aabb_proxy_line_6_center_machine_module
  ... 10 more contact pairs
judge_collision_detected:
robot_base_x: 12.650294
robot_base_y: 0.500655
robot_base_yaw: -3.134406
robot_geom: gripper0_left_left_fingertip_collision
proxy_geom: scene_aabb_proxy_line_6_center_machine_module
judge_collision_detected:
robot_base_x: 12.650294
robot_base_y: 0.500655
robot_base_yaw: -3.134406
robot_geom: gripper0_left_right_fingerpad_collision
proxy_geom: scene_aabb_proxy_line_6_center_machine_module
judge_collision_detected:
robot_base_x: 12.650294
robot_base_y: 0.500655
robot_base_yaw: -3.134406
robot_geom: gripper0_left_right_fingertip_collision
proxy_geom: scene_aabb_proxy_line_6_center_machine_module
collision_detected:
  robot_geom=gripper0_left_left_inner_finger_collision, other_geom=scene_aabb_proxy_line_6_center_machine_module
  robot_geom=gripper0_left_left_fingertip_collision, other_geom=scene_aabb_proxy_line_6_center_machine_module
  robot_geom=gripper0_left_left_fingertip_collision, other_geom=scene_aabb_proxy_line_6_center_machine_module
  robot_geom=gripper0_left_left_fingertip_collision, other_geom=scene_aabb_proxy_line_6_center_machine_module
  robot_geom=gripper0_left_left_fingertip_collision, other_geom=scene_aabb_proxy_line_6_center_machine_module
  robot_geom=gripper0_left_left_fingerpad_collision, other_geom=scene_aabb_proxy_line_6_center_machine_module
  robot_geom=gripper0_left_left_fingerpad_collision, other_geom=scene_aabb_proxy_line_6_center_machine_module
  robot_geom=gripper0_left_left_fingerpad_collision, other_geom=scene_aabb_proxy_line_6_center_machine_module
  ... 10 more contact pairs
judge_collision_detected:
robot_base_x: 12.650268
robot_base_y: 0.478161
robot_base_yaw: -3.134344
robot_geom: gripper0_left_left_fingertip_collision
proxy_geom: scene_aabb_proxy_line_6_center_machine_module
judge_collision_detected:
robot_base_x: 12.650268
robot_base_y: 0.478161
robot_base_yaw: -3.134344
robot_geom: gripper0_left_right_fingerpad_collision
proxy_geom: scene_aabb_proxy_line_6_center_machine_module
judge_collision_detected:
robot_base_x: 12.650268
robot_base_y: 0.478161
robot_base_yaw: -3.134344
robot_geom: gripper0_left_right_fingertip_collision
proxy_geom: scene_aabb_proxy_line_6_center_machine_module
collision_detected:
  robot_geom=gripper0_left_left_inner_finger_collision, other_geom=scene_aabb_proxy_line_6_center_machine_module
  robot_geom=gripper0_left_left_fingertip_collision, other_geom=scene_aabb_proxy_line_6_center_machine_module
  robot_geom=gripper0_left_left_fingertip_collision, other_geom=scene_aabb_proxy_line_6_center_machine_module
  robot_geom=gripper0_left_left_fingertip_collision, other_geom=scene_aabb_proxy_line_6_center_machine_module
  robot_geom=gripper0_left_left_fingertip_collision, other_geom=scene_aabb_proxy_line_6_center_machine_module
  robot_geom=gripper0_left_left_fingerpad_collision, other_geom=scene_aabb_proxy_line_6_center_machine_module
  robot_geom=gripper0_left_left_fingerpad_collision, other_geom=scene_aabb_proxy_line_6_center_machine_module
  robot_geom=gripper0_left_left_fingerpad_collision, other_geom=scene_aabb_proxy_line_6_center_machine_module
  ... 10 more contact pairs
judge_collision_detected:
robot_base_x: 12.650230
robot_base_y: 0.455667
robot_base_yaw: -3.134281
robot_geom: gripper0_left_left_fingertip_collision
proxy_geom: scene_aabb_proxy_line_6_center_machine_module
judge_collision_detected:
robot_base_x: 12.650230
robot_base_y: 0.455667
robot_base_yaw: -3.134281
robot_geom: gripper0_left_right_fingerpad_collision
proxy_geom: scene_aabb_proxy_line_6_center_machine_module
judge_collision_detected:
robot_base_x: 12.650230
robot_base_y: 0.455667
robot_base_yaw: -3.134281
robot_geom: gripper0_left_right_fingertip_collision
proxy_geom: scene_aabb_proxy_line_6_center_machine_module
collision_detected:
  robot_geom=gripper0_left_left_inner_finger_collision, other_geom=scene_aabb_proxy_line_6_center_machine_module
  robot_geom=gripper0_left_left_fingertip_collision, other_geom=scene_aabb_proxy_line_6_center_machine_module
  robot_geom=gripper0_left_left_fingertip_collision, other_geom=scene_aabb_proxy_line_6_center_machine_module
  robot_geom=gripper0_left_left_fingertip_collision, other_geom=scene_aabb_proxy_line_6_center_machine_module
  robot_geom=gripper0_left_left_fingertip_collision, other_geom=scene_aabb_proxy_line_6_center_machine_module
  robot_geom=gripper0_left_left_fingerpad_collision, other_geom=scene_aabb_proxy_line_6_center_machine_module
  robot_geom=gripper0_left_left_fingerpad_collision, other_geom=scene_aabb_proxy_line_6_center_machine_module
  robot_geom=gripper0_left_left_fingerpad_collision, other_geom=scene_aabb_proxy_line_6_center_machine_module
  ... 10 more contact pairs
judge_collision_detected:
robot_base_x: 12.650176
robot_base_y: 0.433174
robot_base_yaw: -3.134218
robot_geom: gripper0_left_left_fingertip_collision
proxy_geom: scene_aabb_proxy_line_6_center_machine_module
judge_collision_detected:
robot_base_x: 12.650176
robot_base_y: 0.433174
robot_base_yaw: -3.134218
robot_geom: gripper0_left_right_fingerpad_collision
proxy_geom: scene_aabb_proxy_line_6_center_machine_module
judge_collision_detected:
robot_base_x: 12.650176
robot_base_y: 0.433174
robot_base_yaw: -3.134218
robot_geom: gripper0_left_right_fingertip_collision
proxy_geom: scene_aabb_proxy_line_6_center_machine_module
collision_detected:
  robot_geom=gripper0_left_left_inner_finger_collision, other_geom=scene_aabb_proxy_line_6_center_machine_module
  robot_geom=gripper0_left_left_fingertip_collision, other_geom=scene_aabb_proxy_line_6_center_machine_module
  robot_geom=gripper0_left_left_fingertip_collision, other_geom=scene_aabb_proxy_line_6_center_machine_module
  robot_geom=gripper0_left_left_fingertip_collision, other_geom=scene_aabb_proxy_line_6_center_machine_module
  robot_geom=gripper0_left_left_fingertip_collision, other_geom=scene_aabb_proxy_line_6_center_machine_module
  robot_geom=gripper0_left_left_fingerpad_collision, other_geom=scene_aabb_proxy_line_6_center_machine_module
  robot_geom=gripper0_left_left_fingerpad_collision, other_geom=scene_aabb_proxy_line_6_center_machine_module
  robot_geom=gripper0_left_left_fingerpad_collision, other_geom=scene_aabb_proxy_line_6_center_machine_module
  ... 10 more contact pairs
judge_collision_detected:
robot_base_x: 12.650096
robot_base_y: 0.410680
robot_base_yaw: -3.134154
robot_geom: gripper0_left_left_fingertip_collision
proxy_geom: scene_aabb_proxy_line_6_center_machine_module
judge_collision_detected:
robot_base_x: 12.650096
robot_base_y: 0.410680
robot_base_yaw: -3.134154
robot_geom: gripper0_left_right_fingerpad_collision
proxy_geom: scene_aabb_proxy_line_6_center_machine_module
judge_collision_detected:
robot_base_x: 12.650096
robot_base_y: 0.410680
robot_base_yaw: -3.134154
robot_geom: gripper0_left_right_fingertip_collision
proxy_geom: scene_aabb_proxy_line_6_center_machine_module
collision_detected:
  robot_geom=gripper0_left_left_inner_finger_collision, other_geom=scene_aabb_proxy_line_6_center_machine_module
  robot_geom=gripper0_left_left_fingertip_collision, other_geom=scene_aabb_proxy_line_6_center_machine_module
  robot_geom=gripper0_left_left_fingertip_collision, other_geom=scene_aabb_proxy_line_6_center_machine_module
  robot_geom=gripper0_left_left_fingertip_collision, other_geom=scene_aabb_proxy_line_6_center_machine_module
  robot_geom=gripper0_left_left_fingertip_collision, other_geom=scene_aabb_proxy_line_6_center_machine_module
  robot_geom=gripper0_left_left_fingerpad_collision, other_geom=scene_aabb_proxy_line_6_center_machine_module
  robot_geom=gripper0_left_left_fingerpad_collision, other_geom=scene_aabb_proxy_line_6_center_machine_module
  robot_geom=gripper0_left_left_fingerpad_collision, other_geom=scene_aabb_proxy_line_6_center_machine_module
  ... 10 more contact pairs
judge_collision_detected:
robot_base_x: 12.650129
robot_base_y: 0.388186
robot_base_yaw: -3.134093
robot_geom: gripper0_left_left_fingertip_collision
proxy_geom: scene_aabb_proxy_line_6_center_machine_module
judge_collision_detected:
robot_base_x: 12.650129
robot_base_y: 0.388186
robot_base_yaw: -3.134093
robot_geom: gripper0_left_right_fingerpad_collision
proxy_geom: scene_aabb_proxy_line_6_center_machine_module
judge_collision_detected:
robot_base_x: 12.650129
robot_base_y: 0.388186
robot_base_yaw: -3.134093
robot_geom: gripper0_left_right_fingertip_collision
proxy_geom: scene_aabb_proxy_line_6_center_machine_module
collision_detected:
  robot_geom=gripper0_left_left_inner_finger_collision, other_geom=scene_aabb_proxy_line_6_center_machine_module
  robot_geom=gripper0_left_left_fingertip_collision, other_geom=scene_aabb_proxy_line_6_center_machine_module
  robot_geom=gripper0_left_left_fingertip_collision, other_geom=scene_aabb_proxy_line_6_center_machine_module
  robot_geom=gripper0_left_left_fingertip_collision, other_geom=scene_aabb_proxy_line_6_center_machine_module
  robot_geom=gripper0_left_left_fingertip_collision, other_geom=scene_aabb_proxy_line_6_center_machine_module
  robot_geom=gripper0_left_left_fingerpad_collision, other_geom=scene_aabb_proxy_line_6_center_machine_module
  robot_geom=gripper0_left_left_fingerpad_collision, other_geom=scene_aabb_proxy_line_6_center_machine_module
  robot_geom=gripper0_left_left_fingerpad_collision, other_geom=scene_aabb_proxy_line_6_center_machine_module
  ... 10 more contact pairs
judge_collision_detected:
robot_base_x: 12.650160
robot_base_y: 0.365693
robot_base_yaw: -3.134032
robot_geom: gripper0_left_left_fingertip_collision
proxy_geom: scene_aabb_proxy_line_6_center_machine_module
judge_collision_detected:
robot_base_x: 12.650160
robot_base_y: 0.365693
robot_base_yaw: -3.134032
robot_geom: gripper0_left_right_fingerpad_collision
proxy_geom: scene_aabb_proxy_line_6_center_machine_module
judge_collision_detected:
robot_base_x: 12.650160
robot_base_y: 0.365693
robot_base_yaw: -3.134032
robot_geom: gripper0_left_right_fingertip_collision
proxy_geom: scene_aabb_proxy_line_6_center_machine_module
collision_detected:
  robot_geom=gripper0_left_left_inner_finger_collision, other_geom=scene_aabb_proxy_line_6_center_machine_module
  robot_geom=gripper0_left_left_fingertip_collision, other_geom=scene_aabb_proxy_line_6_center_machine_module
  robot_geom=gripper0_left_left_fingertip_collision, other_geom=scene_aabb_proxy_line_6_center_machine_module
  robot_geom=gripper0_left_left_fingertip_collision, other_geom=scene_aabb_proxy_line_6_center_machine_module
  robot_geom=gripper0_left_left_fingertip_collision, other_geom=scene_aabb_proxy_line_6_center_machine_module
  robot_geom=gripper0_left_left_fingerpad_collision, other_geom=scene_aabb_proxy_line_6_center_machine_module
  robot_geom=gripper0_left_left_fingerpad_collision, other_geom=scene_aabb_proxy_line_6_center_machine_module
  robot_geom=gripper0_left_left_fingerpad_collision, other_geom=scene_aabb_proxy_line_6_center_machine_module
  ... 10 more contact pairs
judge_collision_detected:
robot_base_x: 12.650188
robot_base_y: 0.343199
robot_base_yaw: -3.133971
robot_geom: gripper0_left_left_fingertip_collision
proxy_geom: scene_aabb_proxy_line_6_center_machine_module
judge_collision_detected:
robot_base_x: 12.650188
robot_base_y: 0.343199
robot_base_yaw: -3.133971
robot_geom: gripper0_left_right_fingerpad_collision
proxy_geom: scene_aabb_proxy_line_6_center_machine_module
judge_collision_detected:
robot_base_x: 12.650188
robot_base_y: 0.343199
robot_base_yaw: -3.133971
robot_geom: gripper0_left_right_fingertip_collision
proxy_geom: scene_aabb_proxy_line_6_center_machine_module
collision_detected:
  robot_geom=gripper0_left_left_inner_finger_collision, other_geom=scene_aabb_proxy_line_6_center_machine_module
  robot_geom=gripper0_left_left_fingertip_collision, other_geom=scene_aabb_proxy_line_6_center_machine_module
  robot_geom=gripper0_left_left_fingertip_collision, other_geom=scene_aabb_proxy_line_6_center_machine_module
  robot_geom=gripper0_left_left_fingertip_collision, other_geom=scene_aabb_proxy_line_6_center_machine_module
  robot_geom=gripper0_left_left_fingertip_collision, other_geom=scene_aabb_proxy_line_6_center_machine_module
  robot_geom=gripper0_left_left_fingerpad_collision, other_geom=scene_aabb_proxy_line_6_center_machine_module
  robot_geom=gripper0_left_left_fingerpad_collision, other_geom=scene_aabb_proxy_line_6_center_machine_module
  robot_geom=gripper0_left_left_fingerpad_collision, other_geom=scene_aabb_proxy_line_6_center_machine_module
  ... 10 more contact pairs
judge_collision_detected:
robot_base_x: 12.650213
robot_base_y: 0.320705
robot_base_yaw: -3.133910
robot_geom: gripper0_left_left_fingertip_collision
proxy_geom: scene_aabb_proxy_line_6_center_machine_module
judge_collision_detected:
robot_base_x: 12.650213
robot_base_y: 0.320705
robot_base_yaw: -3.133910
robot_geom: gripper0_left_right_fingerpad_collision
proxy_geom: scene_aabb_proxy_line_6_center_machine_module
judge_collision_detected:
robot_base_x: 12.650213
robot_base_y: 0.320705
robot_base_yaw: -3.133910
robot_geom: gripper0_left_right_fingertip_collision
proxy_geom: scene_aabb_proxy_line_6_center_machine_module
collision_detected:
  robot_geom=gripper0_left_left_inner_finger_collision, other_geom=scene_aabb_proxy_line_6_center_machine_module
  robot_geom=gripper0_left_left_fingertip_collision, other_geom=scene_aabb_proxy_line_6_center_machine_module
  robot_geom=gripper0_left_left_fingertip_collision, other_geom=scene_aabb_proxy_line_6_center_machine_module
  robot_geom=gripper0_left_left_fingertip_collision, other_geom=scene_aabb_proxy_line_6_center_machine_module
  robot_geom=gripper0_left_left_fingertip_collision, other_geom=scene_aabb_proxy_line_6_center_machine_module
  robot_geom=gripper0_left_left_fingerpad_collision, other_geom=scene_aabb_proxy_line_6_center_machine_module
  robot_geom=gripper0_left_left_fingerpad_collision, other_geom=scene_aabb_proxy_line_6_center_machine_module
  robot_geom=gripper0_left_left_fingerpad_collision, other_geom=scene_aabb_proxy_line_6_center_machine_module
  ... 10 more contact pairs
judge_collision_detected:
robot_base_x: 12.650235
robot_base_y: 0.298212
robot_base_yaw: -3.133849
robot_geom: gripper0_left_left_fingertip_collision
proxy_geom: scene_aabb_proxy_line_6_center_machine_module
judge_collision_detected:
robot_base_x: 12.650235
robot_base_y: 0.298212
robot_base_yaw: -3.133849
robot_geom: gripper0_left_right_fingerpad_collision
proxy_geom: scene_aabb_proxy_line_6_center_machine_module
judge_collision_detected:
robot_base_x: 12.650235
robot_base_y: 0.298212
robot_base_yaw: -3.133849
robot_geom: gripper0_left_right_fingertip_collision
proxy_geom: scene_aabb_proxy_line_6_center_machine_module
collision_detected:
  robot_geom=gripper0_left_left_inner_finger_collision, other_geom=scene_aabb_proxy_line_6_center_machine_module
  robot_geom=gripper0_left_left_fingertip_collision, other_geom=scene_aabb_proxy_line_6_center_machine_module
  robot_geom=gripper0_left_left_fingertip_collision, other_geom=scene_aabb_proxy_line_6_center_machine_module
  robot_geom=gripper0_left_left_fingertip_collision, other_geom=scene_aabb_proxy_line_6_center_machine_module
  robot_geom=gripper0_left_left_fingertip_collision, other_geom=scene_aabb_proxy_line_6_center_machine_module
  robot_geom=gripper0_left_left_fingerpad_collision, other_geom=scene_aabb_proxy_line_6_center_machine_module
  robot_geom=gripper0_left_left_fingerpad_collision, other_geom=scene_aabb_proxy_line_6_center_machine_module
  robot_geom=gripper0_left_left_fingerpad_collision, other_geom=scene_aabb_proxy_line_6_center_machine_module
  ... 10 more contact pairs
judge_collision_detected:
robot_base_x: 12.650253
robot_base_y: 0.275718
robot_base_yaw: -3.133788
robot_geom: gripper0_left_left_fingertip_collision
proxy_geom: scene_aabb_proxy_line_6_center_machine_module
judge_collision_detected:
robot_base_x: 12.650253
robot_base_y: 0.275718
robot_base_yaw: -3.133788
robot_geom: gripper0_left_right_fingerpad_collision
proxy_geom: scene_aabb_proxy_line_6_center_machine_module
judge_collision_detected:
robot_base_x: 12.650253
robot_base_y: 0.275718
robot_base_yaw: -3.133788
robot_geom: gripper0_left_right_fingertip_collision
proxy_geom: scene_aabb_proxy_line_6_center_machine_module
collision_detected:
  robot_geom=gripper0_left_left_inner_finger_collision, other_geom=scene_aabb_proxy_line_6_center_machine_module
  robot_geom=gripper0_left_left_fingertip_collision, other_geom=scene_aabb_proxy_line_6_center_machine_module
  robot_geom=gripper0_left_left_fingertip_collision, other_geom=scene_aabb_proxy_line_6_center_machine_module
  robot_geom=gripper0_left_left_fingertip_collision, other_geom=scene_aabb_proxy_line_6_center_machine_module
  robot_geom=gripper0_left_left_fingertip_collision, other_geom=scene_aabb_proxy_line_6_center_machine_module
  robot_geom=gripper0_left_left_fingerpad_collision, other_geom=scene_aabb_proxy_line_6_center_machine_module
  robot_geom=gripper0_left_left_fingerpad_collision, other_geom=scene_aabb_proxy_line_6_center_machine_module
  robot_geom=gripper0_left_left_fingerpad_collision, other_geom=scene_aabb_proxy_line_6_center_machine_module
  ... 10 more contact pairs
judge_collision_detected:
robot_base_x: 12.650267
robot_base_y: 0.253224
robot_base_yaw: -3.133726
robot_geom: gripper0_left_left_fingertip_collision
proxy_geom: scene_aabb_proxy_line_6_center_machine_module
judge_collision_detected:
robot_base_x: 12.650267
robot_base_y: 0.253224
robot_base_yaw: -3.133726
robot_geom: gripper0_left_right_fingerpad_collision
proxy_geom: scene_aabb_proxy_line_6_center_machine_module
judge_collision_detected:
robot_base_x: 12.650267
robot_base_y: 0.253224
robot_base_yaw: -3.133726
robot_geom: gripper0_left_right_fingertip_collision
proxy_geom: scene_aabb_proxy_line_6_center_machine_module
collision_detected:
  robot_geom=gripper0_left_left_inner_finger_collision, other_geom=scene_aabb_proxy_line_6_center_machine_module
  robot_geom=gripper0_left_left_fingertip_collision, other_geom=scene_aabb_proxy_line_6_center_machine_module
  robot_geom=gripper0_left_left_fingertip_collision, other_geom=scene_aabb_proxy_line_6_center_machine_module
  robot_geom=gripper0_left_left_fingertip_collision, other_geom=scene_aabb_proxy_line_6_center_machine_module
  robot_geom=gripper0_left_left_fingertip_collision, other_geom=scene_aabb_proxy_line_6_center_machine_module
  robot_geom=gripper0_left_left_fingerpad_collision, other_geom=scene_aabb_proxy_line_6_center_machine_module
  robot_geom=gripper0_left_left_fingerpad_collision, other_geom=scene_aabb_proxy_line_6_center_machine_module
  robot_geom=gripper0_left_left_fingerpad_collision, other_geom=scene_aabb_proxy_line_6_center_machine_module
  ... 10 more contact pairs
judge_collision_detected:
robot_base_x: 12.650277
robot_base_y: 0.230730
robot_base_yaw: -3.133665
robot_geom: gripper0_left_left_fingertip_collision
proxy_geom: scene_aabb_proxy_line_6_center_machine_module
judge_collision_detected:
robot_base_x: 12.650277
robot_base_y: 0.230730
robot_base_yaw: -3.133665
robot_geom: gripper0_left_right_fingerpad_collision
proxy_geom: scene_aabb_proxy_line_6_center_machine_module
judge_collision_detected:
robot_base_x: 12.650277
robot_base_y: 0.230730
robot_base_yaw: -3.133665
robot_geom: gripper0_left_right_fingertip_collision
proxy_geom: scene_aabb_proxy_line_6_center_machine_module
collision_detected:
  robot_geom=gripper0_left_left_inner_finger_collision, other_geom=scene_aabb_proxy_line_6_center_machine_module
  robot_geom=gripper0_left_left_fingertip_collision, other_geom=scene_aabb_proxy_line_6_center_machine_module
  robot_geom=gripper0_left_left_fingertip_collision, other_geom=scene_aabb_proxy_line_6_center_machine_module
  robot_geom=gripper0_left_left_fingertip_collision, other_geom=scene_aabb_proxy_line_6_center_machine_module
  robot_geom=gripper0_left_left_fingertip_collision, other_geom=scene_aabb_proxy_line_6_center_machine_module
  robot_geom=gripper0_left_left_fingerpad_collision, other_geom=scene_aabb_proxy_line_6_center_machine_module
  robot_geom=gripper0_left_left_fingerpad_collision, other_geom=scene_aabb_proxy_line_6_center_machine_module
  robot_geom=gripper0_left_left_fingerpad_collision, other_geom=scene_aabb_proxy_line_6_center_machine_module
  ... 10 more contact pairs
judge_collision_detected:
robot_base_x: 12.650282
robot_base_y: 0.208237
robot_base_yaw: -3.133603
robot_geom: gripper0_left_left_fingertip_collision
proxy_geom: scene_aabb_proxy_line_6_center_machine_module
judge_collision_detected:
robot_base_x: 12.650282
robot_base_y: 0.208237
robot_base_yaw: -3.133603
robot_geom: gripper0_left_right_fingerpad_collision
proxy_geom: scene_aabb_proxy_line_6_center_machine_module
judge_collision_detected:
robot_base_x: 12.650282
robot_base_y: 0.208237
robot_base_yaw: -3.133603
robot_geom: gripper0_left_right_fingertip_collision
proxy_geom: scene_aabb_proxy_line_6_center_machine_module
judge_collision_detected:
robot_base_x: 12.650282
robot_base_y: 0.208237
robot_base_yaw: -3.133603
robot_geom: gripper0_right_left_fingertip_collision
proxy_geom: scene_aabb_proxy_line_6_center_machine_module
collision_detected:
  robot_geom=gripper0_left_left_inner_finger_collision, other_geom=scene_aabb_proxy_line_6_center_machine_module
  robot_geom=gripper0_left_left_fingertip_collision, other_geom=scene_aabb_proxy_line_6_center_machine_module
  robot_geom=gripper0_left_left_fingertip_collision, other_geom=scene_aabb_proxy_line_6_center_machine_module
  robot_geom=gripper0_left_left_fingertip_collision, other_geom=scene_aabb_proxy_line_6_center_machine_module
  robot_geom=gripper0_left_left_fingertip_collision, other_geom=scene_aabb_proxy_line_6_center_machine_module
  robot_geom=gripper0_left_left_fingerpad_collision, other_geom=scene_aabb_proxy_line_6_center_machine_module
  robot_geom=gripper0_left_left_fingerpad_collision, other_geom=scene_aabb_proxy_line_6_center_machine_module
  robot_geom=gripper0_left_left_fingerpad_collision, other_geom=scene_aabb_proxy_line_6_center_machine_module
  ... 10 more contact pairs
judge_collision_detected:
robot_base_x: 12.650281
robot_base_y: 0.185743
robot_base_yaw: -3.133542
robot_geom: gripper0_left_left_fingertip_collision
proxy_geom: scene_aabb_proxy_line_6_center_machine_module
judge_collision_detected:
robot_base_x: 12.650281
robot_base_y: 0.185743
robot_base_yaw: -3.133542
robot_geom: gripper0_left_right_fingerpad_collision
proxy_geom: scene_aabb_proxy_line_6_center_machine_module
judge_collision_detected:
robot_base_x: 12.650281
robot_base_y: 0.185743
robot_base_yaw: -3.133542
robot_geom: gripper0_left_right_fingertip_collision
proxy_geom: scene_aabb_proxy_line_6_center_machine_module
judge_collision_detected:
robot_base_x: 12.650281
robot_base_y: 0.185743
robot_base_yaw: -3.133542
robot_geom: gripper0_right_left_fingertip_collision
proxy_geom: scene_aabb_proxy_line_6_center_machine_module
collision_detected:
  robot_geom=gripper0_left_left_inner_finger_collision, other_geom=scene_aabb_proxy_line_6_center_machine_module
  robot_geom=gripper0_left_left_fingertip_collision, other_geom=scene_aabb_proxy_line_6_center_machine_module
  robot_geom=gripper0_left_left_fingertip_collision, other_geom=scene_aabb_proxy_line_6_center_machine_module
  robot_geom=gripper0_left_left_fingertip_collision, other_geom=scene_aabb_proxy_line_6_center_machine_module
  robot_geom=gripper0_left_left_fingertip_collision, other_geom=scene_aabb_proxy_line_6_center_machine_module
  robot_geom=gripper0_left_left_fingerpad_collision, other_geom=scene_aabb_proxy_line_6_center_machine_module
  robot_geom=gripper0_left_left_fingerpad_collision, other_geom=scene_aabb_proxy_line_6_center_machine_module
  robot_geom=gripper0_left_left_fingerpad_collision, other_geom=scene_aabb_proxy_line_6_center_machine_module
  ... 10 more contact pairs
judge_collision_detected:
robot_base_x: 12.650274
robot_base_y: 0.163249
robot_base_yaw: -3.133481
robot_geom: gripper0_left_left_fingertip_collision
proxy_geom: scene_aabb_proxy_line_6_center_machine_module
judge_collision_detected:
robot_base_x: 12.650274
robot_base_y: 0.163249
robot_base_yaw: -3.133481
robot_geom: gripper0_left_right_fingerpad_collision
proxy_geom: scene_aabb_proxy_line_6_center_machine_module
judge_collision_detected:
robot_base_x: 12.650274
robot_base_y: 0.163249
robot_base_yaw: -3.133481
robot_geom: gripper0_left_right_fingertip_collision
proxy_geom: scene_aabb_proxy_line_6_center_machine_module
judge_collision_detected:
robot_base_x: 12.650274
robot_base_y: 0.163249
robot_base_yaw: -3.133481
robot_geom: gripper0_right_left_fingertip_collision
proxy_geom: scene_aabb_proxy_line_6_center_machine_module
collision_detected:
  robot_geom=gripper0_left_left_inner_finger_collision, other_geom=scene_aabb_proxy_line_6_center_machine_module
  robot_geom=gripper0_left_left_fingertip_collision, other_geom=scene_aabb_proxy_line_6_center_machine_module
  robot_geom=gripper0_left_left_fingertip_collision, other_geom=scene_aabb_proxy_line_6_center_machine_module
  robot_geom=gripper0_left_left_fingertip_collision, other_geom=scene_aabb_proxy_line_6_center_machine_module
  robot_geom=gripper0_left_left_fingertip_collision, other_geom=scene_aabb_proxy_line_6_center_machine_module
  robot_geom=gripper0_left_left_fingerpad_collision, other_geom=scene_aabb_proxy_line_6_center_machine_module
  robot_geom=gripper0_left_left_fingerpad_collision, other_geom=scene_aabb_proxy_line_6_center_machine_module
  robot_geom=gripper0_left_left_fingerpad_collision, other_geom=scene_aabb_proxy_line_6_center_machine_module
  ... 10 more contact pairs
judge_collision_detected:
robot_base_x: 12.650259
robot_base_y: 0.140756
robot_base_yaw: -3.133419
robot_geom: gripper0_left_left_fingertip_collision
proxy_geom: scene_aabb_proxy_line_6_center_machine_module
judge_collision_detected:
robot_base_x: 12.650259
robot_base_y: 0.140756
robot_base_yaw: -3.133419
robot_geom: gripper0_left_right_fingerpad_collision
proxy_geom: scene_aabb_proxy_line_6_center_machine_module
judge_collision_detected:
robot_base_x: 12.650259
robot_base_y: 0.140756
robot_base_yaw: -3.133419
robot_geom: gripper0_left_right_fingertip_collision
proxy_geom: scene_aabb_proxy_line_6_center_machine_module
judge_collision_detected:
robot_base_x: 12.650259
robot_base_y: 0.140756
robot_base_yaw: -3.133419
robot_geom: gripper0_right_left_fingertip_collision
proxy_geom: scene_aabb_proxy_line_6_center_machine_module
collision_detected:
  robot_geom=gripper0_left_left_inner_finger_collision, other_geom=scene_aabb_proxy_line_6_center_machine_module
  robot_geom=gripper0_left_left_fingertip_collision, other_geom=scene_aabb_proxy_line_6_center_machine_module
  robot_geom=gripper0_left_left_fingertip_collision, other_geom=scene_aabb_proxy_line_6_center_machine_module
  robot_geom=gripper0_left_left_fingertip_collision, other_geom=scene_aabb_proxy_line_6_center_machine_module
  robot_geom=gripper0_left_left_fingertip_collision, other_geom=scene_aabb_proxy_line_6_center_machine_module
  robot_geom=gripper0_left_left_fingerpad_collision, other_geom=scene_aabb_proxy_line_6_center_machine_module
  robot_geom=gripper0_left_left_fingerpad_collision, other_geom=scene_aabb_proxy_line_6_center_machine_module
  robot_geom=gripper0_left_left_fingerpad_collision, other_geom=scene_aabb_proxy_line_6_center_machine_module
  ... 10 more contact pairs
judge_collision_detected:
robot_base_x: 12.650234
robot_base_y: 0.118262
robot_base_yaw: -3.133357
robot_geom: gripper0_left_left_fingertip_collision
proxy_geom: scene_aabb_proxy_line_6_center_machine_module
judge_collision_detected:
robot_base_x: 12.650234
robot_base_y: 0.118262
robot_base_yaw: -3.133357
robot_geom: gripper0_left_right_fingerpad_collision
proxy_geom: scene_aabb_proxy_line_6_center_machine_module
judge_collision_detected:
robot_base_x: 12.650234
robot_base_y: 0.118262
robot_base_yaw: -3.133357
robot_geom: gripper0_left_right_fingertip_collision
proxy_geom: scene_aabb_proxy_line_6_center_machine_module
judge_collision_detected:
robot_base_x: 12.650234
robot_base_y: 0.118262
robot_base_yaw: -3.133357
robot_geom: gripper0_right_left_fingertip_collision
proxy_geom: scene_aabb_proxy_line_6_center_machine_module
collision_detected:
  robot_geom=gripper0_left_left_inner_finger_collision, other_geom=scene_aabb_proxy_line_6_center_machine_module
  robot_geom=gripper0_left_left_fingertip_collision, other_geom=scene_aabb_proxy_line_6_center_machine_module
  robot_geom=gripper0_left_left_fingertip_collision, other_geom=scene_aabb_proxy_line_6_center_machine_module
  robot_geom=gripper0_left_left_fingertip_collision, other_geom=scene_aabb_proxy_line_6_center_machine_module
  robot_geom=gripper0_left_left_fingertip_collision, other_geom=scene_aabb_proxy_line_6_center_machine_module
  robot_geom=gripper0_left_left_fingerpad_collision, other_geom=scene_aabb_proxy_line_6_center_machine_module
  robot_geom=gripper0_left_left_fingerpad_collision, other_geom=scene_aabb_proxy_line_6_center_machine_module
  robot_geom=gripper0_left_left_fingerpad_collision, other_geom=scene_aabb_proxy_line_6_center_machine_module
  ... 10 more contact pairs
judge_collision_detected:
robot_base_x: 12.650196
robot_base_y: 0.095768
robot_base_yaw: -3.133296
robot_geom: gripper0_left_left_fingertip_collision
proxy_geom: scene_aabb_proxy_line_6_center_machine_module
judge_collision_detected:
robot_base_x: 12.650196
robot_base_y: 0.095768
robot_base_yaw: -3.133296
robot_geom: gripper0_left_right_fingerpad_collision
proxy_geom: scene_aabb_proxy_line_6_center_machine_module
judge_collision_detected:
robot_base_x: 12.650196
robot_base_y: 0.095768
robot_base_yaw: -3.133296
robot_geom: gripper0_left_right_fingertip_collision
proxy_geom: scene_aabb_proxy_line_6_center_machine_module
judge_collision_detected:
robot_base_x: 12.650196
robot_base_y: 0.095768
robot_base_yaw: -3.133296
robot_geom: gripper0_right_left_fingertip_collision
proxy_geom: scene_aabb_proxy_line_6_center_machine_module
collision_detected:
  robot_geom=gripper0_left_left_inner_finger_collision, other_geom=scene_aabb_proxy_line_6_center_machine_module
  robot_geom=gripper0_left_left_fingertip_collision, other_geom=scene_aabb_proxy_line_6_center_machine_module
  robot_geom=gripper0_left_left_fingertip_collision, other_geom=scene_aabb_proxy_line_6_center_machine_module
  robot_geom=gripper0_left_left_fingertip_collision, other_geom=scene_aabb_proxy_line_6_center_machine_module
  robot_geom=gripper0_left_left_fingertip_collision, other_geom=scene_aabb_proxy_line_6_center_machine_module
  robot_geom=gripper0_left_left_fingerpad_collision, other_geom=scene_aabb_proxy_line_6_center_machine_module
  robot_geom=gripper0_left_left_fingerpad_collision, other_geom=scene_aabb_proxy_line_6_center_machine_module
  robot_geom=gripper0_left_left_fingerpad_collision, other_geom=scene_aabb_proxy_line_6_center_machine_module
  ... 10 more contact pairs
judge_collision_detected:
robot_base_x: 12.650139
robot_base_y: 0.073275
robot_base_yaw: -3.133233
robot_geom: gripper0_left_left_fingertip_collision
proxy_geom: scene_aabb_proxy_line_6_center_machine_module
judge_collision_detected:
robot_base_x: 12.650139
robot_base_y: 0.073275
robot_base_yaw: -3.133233
robot_geom: gripper0_left_right_fingerpad_collision
proxy_geom: scene_aabb_proxy_line_6_center_machine_module
judge_collision_detected:
robot_base_x: 12.650139
robot_base_y: 0.073275
robot_base_yaw: -3.133233
robot_geom: gripper0_left_right_fingertip_collision
proxy_geom: scene_aabb_proxy_line_6_center_machine_module
judge_collision_detected:
robot_base_x: 12.650139
robot_base_y: 0.073275
robot_base_yaw: -3.133233
robot_geom: gripper0_right_left_fingertip_collision
proxy_geom: scene_aabb_proxy_line_6_center_machine_module
collision_detected:
  robot_geom=gripper0_left_left_inner_finger_collision, other_geom=scene_aabb_proxy_line_6_center_machine_module
  robot_geom=gripper0_left_left_fingertip_collision, other_geom=scene_aabb_proxy_line_6_center_machine_module
  robot_geom=gripper0_left_left_fingertip_collision, other_geom=scene_aabb_proxy_line_6_center_machine_module
  robot_geom=gripper0_left_left_fingertip_collision, other_geom=scene_aabb_proxy_line_6_center_machine_module
  robot_geom=gripper0_left_left_fingertip_collision, other_geom=scene_aabb_proxy_line_6_center_machine_module
  robot_geom=gripper0_left_left_fingerpad_collision, other_geom=scene_aabb_proxy_line_6_center_machine_module
  robot_geom=gripper0_left_left_fingerpad_collision, other_geom=scene_aabb_proxy_line_6_center_machine_module
  robot_geom=gripper0_left_left_fingerpad_collision, other_geom=scene_aabb_proxy_line_6_center_machine_module
  ... 10 more contact pairs
judge_collision_detected:
robot_base_x: 12.650171
robot_base_y: 0.050781
robot_base_yaw: -3.133173
robot_geom: gripper0_left_left_fingertip_collision
proxy_geom: scene_aabb_proxy_line_6_center_machine_module
judge_collision_detected:
robot_base_x: 12.650171
robot_base_y: 0.050781
robot_base_yaw: -3.133173
robot_geom: gripper0_left_right_fingerpad_collision
proxy_geom: scene_aabb_proxy_line_6_center_machine_module
judge_collision_detected:
robot_base_x: 12.650171
robot_base_y: 0.050781
robot_base_yaw: -3.133173
robot_geom: gripper0_left_right_fingertip_collision
proxy_geom: scene_aabb_proxy_line_6_center_machine_module
judge_collision_detected:
robot_base_x: 12.650171
robot_base_y: 0.050781
robot_base_yaw: -3.133173
robot_geom: gripper0_right_left_fingertip_collision
proxy_geom: scene_aabb_proxy_line_6_center_machine_module
collision_detected:
  robot_geom=gripper0_left_left_inner_finger_collision, other_geom=scene_aabb_proxy_line_6_center_machine_module
  robot_geom=gripper0_left_left_fingertip_collision, other_geom=scene_aabb_proxy_line_6_center_machine_module
  robot_geom=gripper0_left_left_fingertip_collision, other_geom=scene_aabb_proxy_line_6_center_machine_module
  robot_geom=gripper0_left_left_fingertip_collision, other_geom=scene_aabb_proxy_line_6_center_machine_module
  robot_geom=gripper0_left_left_fingertip_collision, other_geom=scene_aabb_proxy_line_6_center_machine_module
  robot_geom=gripper0_left_left_fingerpad_collision, other_geom=scene_aabb_proxy_line_6_center_machine_module
  robot_geom=gripper0_left_left_fingerpad_collision, other_geom=scene_aabb_proxy_line_6_center_machine_module
  robot_geom=gripper0_left_left_fingerpad_collision, other_geom=scene_aabb_proxy_line_6_center_machine_module
  ... 10 more contact pairs
judge_collision_detected:
robot_base_x: 12.650201
robot_base_y: 0.028288
robot_base_yaw: -3.133113
robot_geom: gripper0_left_left_fingertip_collision
proxy_geom: scene_aabb_proxy_line_6_center_machine_module
judge_collision_detected:
robot_base_x: 12.650201
robot_base_y: 0.028288
robot_base_yaw: -3.133113
robot_geom: gripper0_left_right_fingerpad_collision
proxy_geom: scene_aabb_proxy_line_6_center_machine_module
judge_collision_detected:
robot_base_x: 12.650201
robot_base_y: 0.028288
robot_base_yaw: -3.133113
robot_geom: gripper0_left_right_fingertip_collision
proxy_geom: scene_aabb_proxy_line_6_center_machine_module
judge_collision_detected:
robot_base_x: 12.650201
robot_base_y: 0.028288
robot_base_yaw: -3.133113
robot_geom: gripper0_right_left_fingertip_collision
proxy_geom: scene_aabb_proxy_line_6_center_machine_module
collision_detected:
  robot_geom=gripper0_left_left_inner_finger_collision, other_geom=scene_aabb_proxy_line_6_center_machine_module
  robot_geom=gripper0_left_left_fingertip_collision, other_geom=scene_aabb_proxy_line_6_center_machine_module
  robot_geom=gripper0_left_left_fingertip_collision, other_geom=scene_aabb_proxy_line_6_center_machine_module
  robot_geom=gripper0_left_left_fingertip_collision, other_geom=scene_aabb_proxy_line_6_center_machine_module
  robot_geom=gripper0_left_left_fingertip_collision, other_geom=scene_aabb_proxy_line_6_center_machine_module
  robot_geom=gripper0_left_left_fingerpad_collision, other_geom=scene_aabb_proxy_line_6_center_machine_module
  robot_geom=gripper0_left_left_fingerpad_collision, other_geom=scene_aabb_proxy_line_6_center_machine_module
  robot_geom=gripper0_left_left_fingerpad_collision, other_geom=scene_aabb_proxy_line_6_center_machine_module
  ... 10 more contact pairs
judge_collision_detected:
robot_base_x: 12.650229
robot_base_y: 0.005794
robot_base_yaw: -3.133052
robot_geom: gripper0_left_left_fingertip_collision
proxy_geom: scene_aabb_proxy_line_6_center_machine_module
judge_collision_detected:
robot_base_x: 12.650229
robot_base_y: 0.005794
robot_base_yaw: -3.133052
robot_geom: gripper0_left_right_fingerpad_collision
proxy_geom: scene_aabb_proxy_line_6_center_machine_module
judge_collision_detected:
robot_base_x: 12.650229
robot_base_y: 0.005794
robot_base_yaw: -3.133052
robot_geom: gripper0_left_right_fingertip_collision
proxy_geom: scene_aabb_proxy_line_6_center_machine_module
judge_collision_detected:
robot_base_x: 12.650229
robot_base_y: 0.005794
robot_base_yaw: -3.133052
robot_geom: gripper0_right_left_fingertip_collision
proxy_geom: scene_aabb_proxy_line_6_center_machine_module
collision_detected:
  robot_geom=gripper0_left_left_inner_finger_collision, other_geom=scene_aabb_proxy_line_6_center_machine_module
  robot_geom=gripper0_left_left_fingertip_collision, other_geom=scene_aabb_proxy_line_6_center_machine_module
  robot_geom=gripper0_left_left_fingertip_collision, other_geom=scene_aabb_proxy_line_6_center_machine_module
  robot_geom=gripper0_left_left_fingertip_collision, other_geom=scene_aabb_proxy_line_6_center_machine_module
  robot_geom=gripper0_left_left_fingertip_collision, other_geom=scene_aabb_proxy_line_6_center_machine_module
  robot_geom=gripper0_left_left_fingerpad_collision, other_geom=scene_aabb_proxy_line_6_center_machine_module
  robot_geom=gripper0_left_left_fingerpad_collision, other_geom=scene_aabb_proxy_line_6_center_machine_module
  robot_geom=gripper0_left_left_fingerpad_collision, other_geom=scene_aabb_proxy_line_6_center_machine_module
  ... 10 more contact pairs
judge_collision_detected:
robot_base_x: 12.650254
robot_base_y: -0.016700
robot_base_yaw: -3.132992
robot_geom: gripper0_left_left_fingertip_collision
proxy_geom: scene_aabb_proxy_line_6_center_machine_module
judge_collision_detected:
robot_base_x: 12.650254
robot_base_y: -0.016700
robot_base_yaw: -3.132992
robot_geom: gripper0_left_right_fingerpad_collision
proxy_geom: scene_aabb_proxy_line_6_center_machine_module
judge_collision_detected:
robot_base_x: 12.650254
robot_base_y: -0.016700
robot_base_yaw: -3.132992
robot_geom: gripper0_left_right_fingertip_collision
proxy_geom: scene_aabb_proxy_line_6_center_machine_module
judge_collision_detected:
robot_base_x: 12.650254
robot_base_y: -0.016700
robot_base_yaw: -3.132992
robot_geom: gripper0_right_left_fingertip_collision
proxy_geom: scene_aabb_proxy_line_6_center_machine_module
collision_detected:
  robot_geom=gripper0_left_left_inner_finger_collision, other_geom=scene_aabb_proxy_line_6_center_machine_module
  robot_geom=gripper0_left_left_fingertip_collision, other_geom=scene_aabb_proxy_line_6_center_machine_module
  robot_geom=gripper0_left_left_fingertip_collision, other_geom=scene_aabb_proxy_line_6_center_machine_module
  robot_geom=gripper0_left_left_fingertip_collision, other_geom=scene_aabb_proxy_line_6_center_machine_module
  robot_geom=gripper0_left_left_fingertip_collision, other_geom=scene_aabb_proxy_line_6_center_machine_module
  robot_geom=gripper0_left_left_fingerpad_collision, other_geom=scene_aabb_proxy_line_6_center_machine_module
  robot_geom=gripper0_left_left_fingerpad_collision, other_geom=scene_aabb_proxy_line_6_center_machine_module
  robot_geom=gripper0_left_left_fingerpad_collision, other_geom=scene_aabb_proxy_line_6_center_machine_module
  ... 10 more contact pairs
judge_collision_detected:
robot_base_x: 12.650276
robot_base_y: -0.039193
robot_base_yaw: -3.132932
robot_geom: gripper0_left_left_fingertip_collision
proxy_geom: scene_aabb_proxy_line_6_center_machine_module
judge_collision_detected:
robot_base_x: 12.650276
robot_base_y: -0.039193
robot_base_yaw: -3.132932
robot_geom: gripper0_left_right_fingerpad_collision
proxy_geom: scene_aabb_proxy_line_6_center_machine_module
judge_collision_detected:
robot_base_x: 12.650276
robot_base_y: -0.039193
robot_base_yaw: -3.132932
robot_geom: gripper0_left_right_fingertip_collision
proxy_geom: scene_aabb_proxy_line_6_center_machine_module
judge_collision_detected:
robot_base_x: 12.650276
robot_base_y: -0.039193
robot_base_yaw: -3.132932
robot_geom: gripper0_right_left_fingertip_collision
proxy_geom: scene_aabb_proxy_line_6_center_machine_module
collision_detected:
  robot_geom=gripper0_left_left_inner_finger_collision, other_geom=scene_aabb_proxy_line_6_center_machine_module
  robot_geom=gripper0_left_left_fingertip_collision, other_geom=scene_aabb_proxy_line_6_center_machine_module
  robot_geom=gripper0_left_left_fingertip_collision, other_geom=scene_aabb_proxy_line_6_center_machine_module
  robot_geom=gripper0_left_left_fingertip_collision, other_geom=scene_aabb_proxy_line_6_center_machine_module
  robot_geom=gripper0_left_left_fingertip_collision, other_geom=scene_aabb_proxy_line_6_center_machine_module
  robot_geom=gripper0_left_left_fingerpad_collision, other_geom=scene_aabb_proxy_line_6_center_machine_module
  robot_geom=gripper0_left_left_fingerpad_collision, other_geom=scene_aabb_proxy_line_6_center_machine_module
  robot_geom=gripper0_left_left_fingerpad_collision, other_geom=scene_aabb_proxy_line_6_center_machine_module
  ... 10 more contact pairs
judge_collision_detected:
robot_base_x: 12.650295
robot_base_y: -0.061687
robot_base_yaw: -3.132871
robot_geom: gripper0_left_left_fingertip_collision
proxy_geom: scene_aabb_proxy_line_6_center_machine_module
judge_collision_detected:
robot_base_x: 12.650295
robot_base_y: -0.061687
robot_base_yaw: -3.132871
robot_geom: gripper0_left_right_fingerpad_collision
proxy_geom: scene_aabb_proxy_line_6_center_machine_module
judge_collision_detected:
robot_base_x: 12.650295
robot_base_y: -0.061687
robot_base_yaw: -3.132871
robot_geom: gripper0_left_right_fingertip_collision
proxy_geom: scene_aabb_proxy_line_6_center_machine_module
judge_collision_detected:
robot_base_x: 12.650295
robot_base_y: -0.061687
robot_base_yaw: -3.132871
robot_geom: gripper0_right_left_fingertip_collision
proxy_geom: scene_aabb_proxy_line_6_center_machine_module
collision_detected:
  robot_geom=gripper0_left_left_inner_finger_collision, other_geom=scene_aabb_proxy_line_6_center_machine_module
  robot_geom=gripper0_left_left_fingertip_collision, other_geom=scene_aabb_proxy_line_6_center_machine_module
  robot_geom=gripper0_left_left_fingertip_collision, other_geom=scene_aabb_proxy_line_6_center_machine_module
  robot_geom=gripper0_left_left_fingertip_collision, other_geom=scene_aabb_proxy_line_6_center_machine_module
  robot_geom=gripper0_left_left_fingertip_collision, other_geom=scene_aabb_proxy_line_6_center_machine_module
  robot_geom=gripper0_left_left_fingerpad_collision, other_geom=scene_aabb_proxy_line_6_center_machine_module
  robot_geom=gripper0_left_left_fingerpad_collision, other_geom=scene_aabb_proxy_line_6_center_machine_module
  robot_geom=gripper0_left_left_fingerpad_collision, other_geom=scene_aabb_proxy_line_6_center_machine_module
  ... 10 more contact pairs
judge_collision_detected:
robot_base_x: 12.650312
robot_base_y: -0.084181
robot_base_yaw: -3.132811
robot_geom: gripper0_left_left_fingertip_collision
proxy_geom: scene_aabb_proxy_line_6_center_machine_module
judge_collision_detected:
robot_base_x: 12.650312
robot_base_y: -0.084181
robot_base_yaw: -3.132811
robot_geom: gripper0_left_right_fingerpad_collision
proxy_geom: scene_aabb_proxy_line_6_center_machine_module
judge_collision_detected:
robot_base_x: 12.650312
robot_base_y: -0.084181
robot_base_yaw: -3.132811
robot_geom: gripper0_left_right_fingertip_collision
proxy_geom: scene_aabb_proxy_line_6_center_machine_module
judge_collision_detected:
robot_base_x: 12.650312
robot_base_y: -0.084181
robot_base_yaw: -3.132811
robot_geom: gripper0_right_left_fingertip_collision
proxy_geom: scene_aabb_proxy_line_6_center_machine_module
collision_detected:
  robot_geom=gripper0_left_left_inner_finger_collision, other_geom=scene_aabb_proxy_line_6_center_machine_module
  robot_geom=gripper0_left_left_fingertip_collision, other_geom=scene_aabb_proxy_line_6_center_machine_module
  robot_geom=gripper0_left_left_fingertip_collision, other_geom=scene_aabb_proxy_line_6_center_machine_module
  robot_geom=gripper0_left_left_fingertip_collision, other_geom=scene_aabb_proxy_line_6_center_machine_module
  robot_geom=gripper0_left_left_fingertip_collision, other_geom=scene_aabb_proxy_line_6_center_machine_module
  robot_geom=gripper0_left_left_fingerpad_collision, other_geom=scene_aabb_proxy_line_6_center_machine_module
  robot_geom=gripper0_left_left_fingerpad_collision, other_geom=scene_aabb_proxy_line_6_center_machine_module
  robot_geom=gripper0_left_left_fingerpad_collision, other_geom=scene_aabb_proxy_line_6_center_machine_module
  ... 10 more contact pairs
judge_collision_detected:
robot_base_x: 12.650325
robot_base_y: -0.106674
robot_base_yaw: -3.132750
robot_geom: gripper0_left_left_fingertip_collision
proxy_geom: scene_aabb_proxy_line_6_center_machine_module
judge_collision_detected:
robot_base_x: 12.650325
robot_base_y: -0.106674
robot_base_yaw: -3.132750
robot_geom: gripper0_left_right_fingerpad_collision
proxy_geom: scene_aabb_proxy_line_6_center_machine_module
judge_collision_detected:
robot_base_x: 12.650325
robot_base_y: -0.106674
robot_base_yaw: -3.132750
robot_geom: gripper0_left_right_fingertip_collision
proxy_geom: scene_aabb_proxy_line_6_center_machine_module
judge_collision_detected:
robot_base_x: 12.650325
robot_base_y: -0.106674
robot_base_yaw: -3.132750
robot_geom: gripper0_right_left_fingertip_collision
proxy_geom: scene_aabb_proxy_line_6_center_machine_module
collision_detected:
  robot_geom=gripper0_left_left_inner_finger_collision, other_geom=scene_aabb_proxy_line_6_center_machine_module
  robot_geom=gripper0_left_left_fingertip_collision, other_geom=scene_aabb_proxy_line_6_center_machine_module
  robot_geom=gripper0_left_left_fingertip_collision, other_geom=scene_aabb_proxy_line_6_center_machine_module
  robot_geom=gripper0_left_left_fingertip_collision, other_geom=scene_aabb_proxy_line_6_center_machine_module
  robot_geom=gripper0_left_left_fingertip_collision, other_geom=scene_aabb_proxy_line_6_center_machine_module
  robot_geom=gripper0_left_left_fingerpad_collision, other_geom=scene_aabb_proxy_line_6_center_machine_module
  robot_geom=gripper0_left_left_fingerpad_collision, other_geom=scene_aabb_proxy_line_6_center_machine_module
  robot_geom=gripper0_left_left_fingerpad_collision, other_geom=scene_aabb_proxy_line_6_center_machine_module
  ... 10 more contact pairs
judge_collision_detected:
robot_base_x: 12.650334
robot_base_y: -0.129168
robot_base_yaw: -3.132690
robot_geom: gripper0_left_left_fingertip_collision
proxy_geom: scene_aabb_proxy_line_6_center_machine_module
judge_collision_detected:
robot_base_x: 12.650334
robot_base_y: -0.129168
robot_base_yaw: -3.132690
robot_geom: gripper0_left_right_fingerpad_collision
proxy_geom: scene_aabb_proxy_line_6_center_machine_module
judge_collision_detected:
robot_base_x: 12.650334
robot_base_y: -0.129168
robot_base_yaw: -3.132690
robot_geom: gripper0_left_right_fingertip_collision
proxy_geom: scene_aabb_proxy_line_6_center_machine_module
judge_collision_detected:
robot_base_x: 12.650334
robot_base_y: -0.129168
robot_base_yaw: -3.132690
robot_geom: gripper0_right_left_fingertip_collision
proxy_geom: scene_aabb_proxy_line_6_center_machine_module
collision_detected:
  robot_geom=gripper0_left_left_inner_finger_collision, other_geom=scene_aabb_proxy_line_6_center_machine_module
  robot_geom=gripper0_left_left_fingertip_collision, other_geom=scene_aabb_proxy_line_6_center_machine_module
  robot_geom=gripper0_left_left_fingertip_collision, other_geom=scene_aabb_proxy_line_6_center_machine_module
  robot_geom=gripper0_left_left_fingertip_collision, other_geom=scene_aabb_proxy_line_6_center_machine_module
  robot_geom=gripper0_left_left_fingertip_collision, other_geom=scene_aabb_proxy_line_6_center_machine_module
  robot_geom=gripper0_left_left_fingerpad_collision, other_geom=scene_aabb_proxy_line_6_center_machine_module
  robot_geom=gripper0_left_left_fingerpad_collision, other_geom=scene_aabb_proxy_line_6_center_machine_module
  robot_geom=gripper0_left_left_fingerpad_collision, other_geom=scene_aabb_proxy_line_6_center_machine_module
  ... 10 more contact pairs
judge_collision_detected:
robot_base_x: 12.650340
robot_base_y: -0.151662
robot_base_yaw: -3.132629
robot_geom: gripper0_left_left_fingertip_collision
proxy_geom: scene_aabb_proxy_line_6_center_machine_module
judge_collision_detected:
robot_base_x: 12.650340
robot_base_y: -0.151662
robot_base_yaw: -3.132629
robot_geom: gripper0_left_right_fingerpad_collision
proxy_geom: scene_aabb_proxy_line_6_center_machine_module
judge_collision_detected:
robot_base_x: 12.650340
robot_base_y: -0.151662
robot_base_yaw: -3.132629
robot_geom: gripper0_left_right_fingertip_collision
proxy_geom: scene_aabb_proxy_line_6_center_machine_module
judge_collision_detected:
robot_base_x: 12.650340
robot_base_y: -0.151662
robot_base_yaw: -3.132629
robot_geom: gripper0_right_left_fingertip_collision
proxy_geom: scene_aabb_proxy_line_6_center_machine_module
collision_detected:
  robot_geom=gripper0_left_left_inner_finger_collision, other_geom=scene_aabb_proxy_line_6_center_machine_module
  robot_geom=gripper0_left_left_fingertip_collision, other_geom=scene_aabb_proxy_line_6_center_machine_module
  robot_geom=gripper0_left_left_fingertip_collision, other_geom=scene_aabb_proxy_line_6_center_machine_module
  robot_geom=gripper0_left_left_fingertip_collision, other_geom=scene_aabb_proxy_line_6_center_machine_module
  robot_geom=gripper0_left_left_fingertip_collision, other_geom=scene_aabb_proxy_line_6_center_machine_module
  robot_geom=gripper0_left_left_fingerpad_collision, other_geom=scene_aabb_proxy_line_6_center_machine_module
  robot_geom=gripper0_left_left_fingerpad_collision, other_geom=scene_aabb_proxy_line_6_center_machine_module
  robot_geom=gripper0_left_left_fingerpad_collision, other_geom=scene_aabb_proxy_line_6_center_machine_module
  ... 10 more contact pairs
judge_collision_detected:
robot_base_x: 12.650340
robot_base_y: -0.174155
robot_base_yaw: -3.132568
robot_geom: gripper0_left_left_fingertip_collision
proxy_geom: scene_aabb_proxy_line_6_center_machine_module
judge_collision_detected:
robot_base_x: 12.650340
robot_base_y: -0.174155
robot_base_yaw: -3.132568
robot_geom: gripper0_left_right_fingerpad_collision
proxy_geom: scene_aabb_proxy_line_6_center_machine_module
judge_collision_detected:
robot_base_x: 12.650340
robot_base_y: -0.174155
robot_base_yaw: -3.132568
robot_geom: gripper0_left_right_fingertip_collision
proxy_geom: scene_aabb_proxy_line_6_center_machine_module
judge_collision_detected:
robot_base_x: 12.650340
robot_base_y: -0.174155
robot_base_yaw: -3.132568
robot_geom: gripper0_right_left_fingertip_collision
proxy_geom: scene_aabb_proxy_line_6_center_machine_module
collision_detected:
  robot_geom=gripper0_left_left_inner_finger_collision, other_geom=scene_aabb_proxy_line_6_center_machine_module
  robot_geom=gripper0_left_left_fingertip_collision, other_geom=scene_aabb_proxy_line_6_center_machine_module
  robot_geom=gripper0_left_left_fingertip_collision, other_geom=scene_aabb_proxy_line_6_center_machine_module
  robot_geom=gripper0_left_left_fingertip_collision, other_geom=scene_aabb_proxy_line_6_center_machine_module
  robot_geom=gripper0_left_left_fingertip_collision, other_geom=scene_aabb_proxy_line_6_center_machine_module
  robot_geom=gripper0_left_left_fingerpad_collision, other_geom=scene_aabb_proxy_line_6_center_machine_module
  robot_geom=gripper0_left_left_fingerpad_collision, other_geom=scene_aabb_proxy_line_6_center_machine_module
  robot_geom=gripper0_left_left_fingerpad_collision, other_geom=scene_aabb_proxy_line_6_center_machine_module
  ... 10 more contact pairs
judge_collision_detected:
robot_base_x: 12.650336
robot_base_y: -0.196649
robot_base_yaw: -3.132508
robot_geom: gripper0_left_left_fingertip_collision
proxy_geom: scene_aabb_proxy_line_6_center_machine_module
judge_collision_detected:
robot_base_x: 12.650336
robot_base_y: -0.196649
robot_base_yaw: -3.132508
robot_geom: gripper0_left_right_fingerpad_collision
proxy_geom: scene_aabb_proxy_line_6_center_machine_module
judge_collision_detected:
robot_base_x: 12.650336
robot_base_y: -0.196649
robot_base_yaw: -3.132508
robot_geom: gripper0_left_right_fingertip_collision
proxy_geom: scene_aabb_proxy_line_6_center_machine_module
judge_collision_detected:
robot_base_x: 12.650336
robot_base_y: -0.196649
robot_base_yaw: -3.132508
robot_geom: gripper0_right_left_fingertip_collision
proxy_geom: scene_aabb_proxy_line_6_center_machine_module
collision_detected:
  robot_geom=gripper0_left_left_inner_finger_collision, other_geom=scene_aabb_proxy_line_6_center_machine_module
  robot_geom=gripper0_left_left_fingertip_collision, other_geom=scene_aabb_proxy_line_6_center_machine_module
  robot_geom=gripper0_left_left_fingertip_collision, other_geom=scene_aabb_proxy_line_6_center_machine_module
  robot_geom=gripper0_left_left_fingertip_collision, other_geom=scene_aabb_proxy_line_6_center_machine_module
  robot_geom=gripper0_left_left_fingertip_collision, other_geom=scene_aabb_proxy_line_6_center_machine_module
  robot_geom=gripper0_left_left_fingerpad_collision, other_geom=scene_aabb_proxy_line_6_center_machine_module
  robot_geom=gripper0_left_left_fingerpad_collision, other_geom=scene_aabb_proxy_line_6_center_machine_module
  robot_geom=gripper0_left_left_fingerpad_collision, other_geom=scene_aabb_proxy_line_6_center_machine_module
  ... 10 more contact pairs
judge_collision_detected:
robot_base_x: 12.650326
robot_base_y: -0.219143
robot_base_yaw: -3.132447
robot_geom: gripper0_left_left_fingertip_collision
proxy_geom: scene_aabb_proxy_line_6_center_machine_module
judge_collision_detected:
robot_base_x: 12.650326
robot_base_y: -0.219143
robot_base_yaw: -3.132447
robot_geom: gripper0_left_right_fingerpad_collision
proxy_geom: scene_aabb_proxy_line_6_center_machine_module
judge_collision_detected:
robot_base_x: 12.650326
robot_base_y: -0.219143
robot_base_yaw: -3.132447
robot_geom: gripper0_left_right_fingertip_collision
proxy_geom: scene_aabb_proxy_line_6_center_machine_module
judge_collision_detected:
robot_base_x: 12.650326
robot_base_y: -0.219143
robot_base_yaw: -3.132447
robot_geom: gripper0_right_left_fingertip_collision
proxy_geom: scene_aabb_proxy_line_6_center_machine_module
collision_detected:
  robot_geom=gripper0_left_left_inner_finger_collision, other_geom=scene_aabb_proxy_line_6_center_machine_module
  robot_geom=gripper0_left_left_fingertip_collision, other_geom=scene_aabb_proxy_line_6_center_machine_module
  robot_geom=gripper0_left_left_fingertip_collision, other_geom=scene_aabb_proxy_line_6_center_machine_module
  robot_geom=gripper0_left_left_fingertip_collision, other_geom=scene_aabb_proxy_line_6_center_machine_module
  robot_geom=gripper0_left_left_fingertip_collision, other_geom=scene_aabb_proxy_line_6_center_machine_module
  robot_geom=gripper0_left_left_fingerpad_collision, other_geom=scene_aabb_proxy_line_6_center_machine_module
  robot_geom=gripper0_left_left_fingerpad_collision, other_geom=scene_aabb_proxy_line_6_center_machine_module
  robot_geom=gripper0_left_left_fingerpad_collision, other_geom=scene_aabb_proxy_line_6_center_machine_module
  ... 10 more contact pairs
judge_collision_detected:
robot_base_x: 12.650310
robot_base_y: -0.241636
robot_base_yaw: -3.132386
robot_geom: gripper0_left_left_fingertip_collision
proxy_geom: scene_aabb_proxy_line_6_center_machine_module
judge_collision_detected:
robot_base_x: 12.650310
robot_base_y: -0.241636
robot_base_yaw: -3.132386
robot_geom: gripper0_left_right_fingerpad_collision
proxy_geom: scene_aabb_proxy_line_6_center_machine_module
judge_collision_detected:
robot_base_x: 12.650310
robot_base_y: -0.241636
robot_base_yaw: -3.132386
robot_geom: gripper0_left_right_fingertip_collision
proxy_geom: scene_aabb_proxy_line_6_center_machine_module
judge_collision_detected:
robot_base_x: 12.650310
robot_base_y: -0.241636
robot_base_yaw: -3.132386
robot_geom: gripper0_right_left_fingertip_collision
proxy_geom: scene_aabb_proxy_line_6_center_machine_module
collision_detected:
  robot_geom=gripper0_left_left_inner_finger_collision, other_geom=scene_aabb_proxy_line_6_center_machine_module
  robot_geom=gripper0_left_left_fingertip_collision, other_geom=scene_aabb_proxy_line_6_center_machine_module
  robot_geom=gripper0_left_left_fingertip_collision, other_geom=scene_aabb_proxy_line_6_center_machine_module
  robot_geom=gripper0_left_left_fingertip_collision, other_geom=scene_aabb_proxy_line_6_center_machine_module
  robot_geom=gripper0_left_left_fingertip_collision, other_geom=scene_aabb_proxy_line_6_center_machine_module
  robot_geom=gripper0_left_left_fingerpad_collision, other_geom=scene_aabb_proxy_line_6_center_machine_module
  robot_geom=gripper0_left_left_fingerpad_collision, other_geom=scene_aabb_proxy_line_6_center_machine_module
  robot_geom=gripper0_left_left_fingerpad_collision, other_geom=scene_aabb_proxy_line_6_center_machine_module
  ... 10 more contact pairs
judge_collision_detected:
robot_base_x: 12.650285
robot_base_y: -0.264130
robot_base_yaw: -3.132325
robot_geom: gripper0_left_left_fingertip_collision
proxy_geom: scene_aabb_proxy_line_6_center_machine_module
judge_collision_detected:
robot_base_x: 12.650285
robot_base_y: -0.264130
robot_base_yaw: -3.132325
robot_geom: gripper0_left_right_fingerpad_collision
proxy_geom: scene_aabb_proxy_line_6_center_machine_module
judge_collision_detected:
robot_base_x: 12.650285
robot_base_y: -0.264130
robot_base_yaw: -3.132325
robot_geom: gripper0_left_right_fingertip_collision
proxy_geom: scene_aabb_proxy_line_6_center_machine_module
judge_collision_detected:
robot_base_x: 12.650285
robot_base_y: -0.264130
robot_base_yaw: -3.132325
robot_geom: gripper0_right_left_fingertip_collision
proxy_geom: scene_aabb_proxy_line_6_center_machine_module
collision_detected:
  robot_geom=gripper0_left_left_inner_finger_collision, other_geom=scene_aabb_proxy_line_6_center_machine_module
  robot_geom=gripper0_left_left_fingertip_collision, other_geom=scene_aabb_proxy_line_6_center_machine_module
  robot_geom=gripper0_left_left_fingertip_collision, other_geom=scene_aabb_proxy_line_6_center_machine_module
  robot_geom=gripper0_left_left_fingertip_collision, other_geom=scene_aabb_proxy_line_6_center_machine_module
  robot_geom=gripper0_left_left_fingertip_collision, other_geom=scene_aabb_proxy_line_6_center_machine_module
  robot_geom=gripper0_left_left_fingerpad_collision, other_geom=scene_aabb_proxy_line_6_center_machine_module
  robot_geom=gripper0_left_left_fingerpad_collision, other_geom=scene_aabb_proxy_line_6_center_machine_module
  robot_geom=gripper0_left_left_fingerpad_collision, other_geom=scene_aabb_proxy_line_6_center_machine_module
  ... 10 more contact pairs
judge_collision_detected:
robot_base_x: 12.650249
robot_base_y: -0.286623
robot_base_yaw: -3.132264
robot_geom: gripper0_left_left_fingertip_collision
proxy_geom: scene_aabb_proxy_line_6_center_machine_module
judge_collision_detected:
robot_base_x: 12.650249
robot_base_y: -0.286623
robot_base_yaw: -3.132264
robot_geom: gripper0_left_right_fingerpad_collision
proxy_geom: scene_aabb_proxy_line_6_center_machine_module
judge_collision_detected:
robot_base_x: 12.650249
robot_base_y: -0.286623
robot_base_yaw: -3.132264
robot_geom: gripper0_left_right_fingertip_collision
proxy_geom: scene_aabb_proxy_line_6_center_machine_module
judge_collision_detected:
robot_base_x: 12.650249
robot_base_y: -0.286623
robot_base_yaw: -3.132264
robot_geom: gripper0_right_left_fingertip_collision
proxy_geom: scene_aabb_proxy_line_6_center_machine_module
collision_detected:
  robot_geom=gripper0_left_left_inner_finger_collision, other_geom=scene_aabb_proxy_line_6_center_machine_module
  robot_geom=gripper0_left_left_fingertip_collision, other_geom=scene_aabb_proxy_line_6_center_machine_module
  robot_geom=gripper0_left_left_fingertip_collision, other_geom=scene_aabb_proxy_line_6_center_machine_module
  robot_geom=gripper0_left_left_fingertip_collision, other_geom=scene_aabb_proxy_line_6_center_machine_module
  robot_geom=gripper0_left_left_fingertip_collision, other_geom=scene_aabb_proxy_line_6_center_machine_module
  robot_geom=gripper0_left_left_fingerpad_collision, other_geom=scene_aabb_proxy_line_6_center_machine_module
  robot_geom=gripper0_left_left_fingerpad_collision, other_geom=scene_aabb_proxy_line_6_center_machine_module
  robot_geom=gripper0_left_left_fingerpad_collision, other_geom=scene_aabb_proxy_line_6_center_machine_module
  ... 10 more contact pairs
judge_collision_detected:
robot_base_x: 12.650200
robot_base_y: -0.309117
robot_base_yaw: -3.132203
robot_geom: gripper0_left_left_fingertip_collision
proxy_geom: scene_aabb_proxy_line_6_center_machine_module
judge_collision_detected:
robot_base_x: 12.650200
robot_base_y: -0.309117
robot_base_yaw: -3.132203
robot_geom: gripper0_left_right_fingerpad_collision
proxy_geom: scene_aabb_proxy_line_6_center_machine_module
judge_collision_detected:
robot_base_x: 12.650200
robot_base_y: -0.309117
robot_base_yaw: -3.132203
robot_geom: gripper0_left_right_fingertip_collision
proxy_geom: scene_aabb_proxy_line_6_center_machine_module
judge_collision_detected:
robot_base_x: 12.650200
robot_base_y: -0.309117
robot_base_yaw: -3.132203
robot_geom: gripper0_right_left_fingertip_collision
proxy_geom: scene_aabb_proxy_line_6_center_machine_module
collision_detected:
  robot_geom=gripper0_left_left_inner_finger_collision, other_geom=scene_aabb_proxy_line_6_center_machine_module
  robot_geom=gripper0_left_left_fingertip_collision, other_geom=scene_aabb_proxy_line_6_center_machine_module
  robot_geom=gripper0_left_left_fingertip_collision, other_geom=scene_aabb_proxy_line_6_center_machine_module
  robot_geom=gripper0_left_left_fingertip_collision, other_geom=scene_aabb_proxy_line_6_center_machine_module
  robot_geom=gripper0_left_left_fingertip_collision, other_geom=scene_aabb_proxy_line_6_center_machine_module
  robot_geom=gripper0_left_left_fingerpad_collision, other_geom=scene_aabb_proxy_line_6_center_machine_module
  robot_geom=gripper0_left_left_fingerpad_collision, other_geom=scene_aabb_proxy_line_6_center_machine_module
  robot_geom=gripper0_left_left_fingerpad_collision, other_geom=scene_aabb_proxy_line_6_center_machine_module
  ... 10 more contact pairs
judge_collision_detected:
robot_base_x: 12.650129
robot_base_y: -0.331610
robot_base_yaw: -3.132141
robot_geom: gripper0_left_left_fingertip_collision
proxy_geom: scene_aabb_proxy_line_6_center_machine_module
judge_collision_detected:
robot_base_x: 12.650129
robot_base_y: -0.331610
robot_base_yaw: -3.132141
robot_geom: gripper0_left_right_fingerpad_collision
proxy_geom: scene_aabb_proxy_line_6_center_machine_module
judge_collision_detected:
robot_base_x: 12.650129
robot_base_y: -0.331610
robot_base_yaw: -3.132141
robot_geom: gripper0_left_right_fingertip_collision
proxy_geom: scene_aabb_proxy_line_6_center_machine_module
judge_collision_detected:
robot_base_x: 12.650129
robot_base_y: -0.331610
robot_base_yaw: -3.132141
robot_geom: gripper0_right_left_fingertip_collision
proxy_geom: scene_aabb_proxy_line_6_center_machine_module
collision_detected:
  robot_geom=gripper0_left_left_inner_finger_collision, other_geom=scene_aabb_proxy_line_6_center_machine_module
  robot_geom=gripper0_left_left_fingertip_collision, other_geom=scene_aabb_proxy_line_6_center_machine_module
  robot_geom=gripper0_left_left_fingertip_collision, other_geom=scene_aabb_proxy_line_6_center_machine_module
  robot_geom=gripper0_left_left_fingertip_collision, other_geom=scene_aabb_proxy_line_6_center_machine_module
  robot_geom=gripper0_left_left_fingertip_collision, other_geom=scene_aabb_proxy_line_6_center_machine_module
  robot_geom=gripper0_left_left_fingerpad_collision, other_geom=scene_aabb_proxy_line_6_center_machine_module
  robot_geom=gripper0_left_left_fingerpad_collision, other_geom=scene_aabb_proxy_line_6_center_machine_module
  robot_geom=gripper0_left_left_fingerpad_collision, other_geom=scene_aabb_proxy_line_6_center_machine_module
  ... 10 more contact pairs
judge_collision_detected:
robot_base_x: 12.650161
robot_base_y: -0.354104
robot_base_yaw: -3.132082
robot_geom: gripper0_left_left_fingertip_collision
proxy_geom: scene_aabb_proxy_line_6_center_machine_module
judge_collision_detected:
robot_base_x: 12.650161
robot_base_y: -0.354104
robot_base_yaw: -3.132082
robot_geom: gripper0_left_right_fingerpad_collision
proxy_geom: scene_aabb_proxy_line_6_center_machine_module
judge_collision_detected:
robot_base_x: 12.650161
robot_base_y: -0.354104
robot_base_yaw: -3.132082
robot_geom: gripper0_left_right_fingertip_collision
proxy_geom: scene_aabb_proxy_line_6_center_machine_module
judge_collision_detected:
robot_base_x: 12.650161
robot_base_y: -0.354104
robot_base_yaw: -3.132082
robot_geom: gripper0_right_left_fingertip_collision
proxy_geom: scene_aabb_proxy_line_6_center_machine_module
collision_detected:
  robot_geom=gripper0_left_left_inner_finger_collision, other_geom=scene_aabb_proxy_line_6_center_machine_module
  robot_geom=gripper0_left_left_fingertip_collision, other_geom=scene_aabb_proxy_line_6_center_machine_module
  robot_geom=gripper0_left_left_fingertip_collision, other_geom=scene_aabb_proxy_line_6_center_machine_module
  robot_geom=gripper0_left_left_fingertip_collision, other_geom=scene_aabb_proxy_line_6_center_machine_module
  robot_geom=gripper0_left_left_fingertip_collision, other_geom=scene_aabb_proxy_line_6_center_machine_module
  robot_geom=gripper0_left_left_fingerpad_collision, other_geom=scene_aabb_proxy_line_6_center_machine_module
  robot_geom=gripper0_left_left_fingerpad_collision, other_geom=scene_aabb_proxy_line_6_center_machine_module
  robot_geom=gripper0_left_left_fingerpad_collision, other_geom=scene_aabb_proxy_line_6_center_machine_module
  ... 10 more contact pairs
judge_collision_detected:
robot_base_x: 12.650190
robot_base_y: -0.376598
robot_base_yaw: -3.132022
robot_geom: gripper0_left_left_fingertip_collision
proxy_geom: scene_aabb_proxy_line_6_center_machine_module
judge_collision_detected:
robot_base_x: 12.650190
robot_base_y: -0.376598
robot_base_yaw: -3.132022
robot_geom: gripper0_left_right_fingerpad_collision
proxy_geom: scene_aabb_proxy_line_6_center_machine_module
judge_collision_detected:
robot_base_x: 12.650190
robot_base_y: -0.376598
robot_base_yaw: -3.132022
robot_geom: gripper0_left_right_fingertip_collision
proxy_geom: scene_aabb_proxy_line_6_center_machine_module
judge_collision_detected:
robot_base_x: 12.650190
robot_base_y: -0.376598
robot_base_yaw: -3.132022
robot_geom: gripper0_right_left_fingertip_collision
proxy_geom: scene_aabb_proxy_line_6_center_machine_module
collision_detected:
  robot_geom=gripper0_left_left_inner_finger_collision, other_geom=scene_aabb_proxy_line_6_center_machine_module
  robot_geom=gripper0_left_left_fingertip_collision, other_geom=scene_aabb_proxy_line_6_center_machine_module
  robot_geom=gripper0_left_left_fingertip_collision, other_geom=scene_aabb_proxy_line_6_center_machine_module
  robot_geom=gripper0_left_left_fingertip_collision, other_geom=scene_aabb_proxy_line_6_center_machine_module
  robot_geom=gripper0_left_left_fingertip_collision, other_geom=scene_aabb_proxy_line_6_center_machine_module
  robot_geom=gripper0_left_left_fingerpad_collision, other_geom=scene_aabb_proxy_line_6_center_machine_module
  robot_geom=gripper0_left_left_fingerpad_collision, other_geom=scene_aabb_proxy_line_6_center_machine_module
  robot_geom=gripper0_left_left_fingerpad_collision, other_geom=scene_aabb_proxy_line_6_center_machine_module
  ... 10 more contact pairs
judge_collision_detected:
robot_base_x: 12.650204
robot_base_y: -0.399090
robot_base_yaw: -3.132014
robot_geom: gripper0_left_left_fingertip_collision
proxy_geom: scene_aabb_proxy_line_6_center_machine_module
judge_collision_detected:
robot_base_x: 12.650204
robot_base_y: -0.399090
robot_base_yaw: -3.132014
robot_geom: gripper0_left_right_inner_finger_collision
proxy_geom: scene_aabb_proxy_line_6_center_machine_module
judge_collision_detected:
robot_base_x: 12.650204
robot_base_y: -0.399090
robot_base_yaw: -3.132014
robot_geom: gripper0_right_left_fingertip_collision
proxy_geom: scene_aabb_proxy_line_6_center_machine_module
collision_detected:
  robot_geom=gripper0_left_left_inner_finger_collision, other_geom=scene_aabb_proxy_line_6_center_machine_module
  robot_geom=gripper0_left_left_fingertip_collision, other_geom=scene_aabb_proxy_line_6_center_machine_module
  robot_geom=gripper0_left_left_fingertip_collision, other_geom=scene_aabb_proxy_line_6_center_machine_module
  robot_geom=gripper0_left_left_fingertip_collision, other_geom=scene_aabb_proxy_line_6_center_machine_module
  robot_geom=gripper0_left_left_fingertip_collision, other_geom=scene_aabb_proxy_line_6_center_machine_module
  robot_geom=gripper0_left_left_fingerpad_collision, other_geom=scene_aabb_proxy_line_6_center_machine_module
  robot_geom=gripper0_left_left_fingerpad_collision, other_geom=scene_aabb_proxy_line_6_center_machine_module
  robot_geom=gripper0_left_left_fingerpad_collision, other_geom=scene_aabb_proxy_line_6_center_machine_module
  ... 2 more contact pairs
judge_collision_detected:
robot_base_x: 12.650214
robot_base_y: -0.421583
robot_base_yaw: -3.132002
robot_geom: gripper0_left_left_fingertip_collision
proxy_geom: scene_aabb_proxy_line_6_center_machine_module
judge_collision_detected:
robot_base_x: 12.650214
robot_base_y: -0.421583
robot_base_yaw: -3.132002
robot_geom: gripper0_left_right_fingerpad_collision
proxy_geom: scene_aabb_proxy_line_6_center_machine_module
judge_collision_detected:
robot_base_x: 12.650214
robot_base_y: -0.421583
robot_base_yaw: -3.132002
robot_geom: gripper0_left_right_fingertip_collision
proxy_geom: scene_aabb_proxy_line_6_center_machine_module
judge_collision_detected:
robot_base_x: 12.650214
robot_base_y: -0.421583
robot_base_yaw: -3.132002
robot_geom: gripper0_right_left_fingertip_collision
proxy_geom: scene_aabb_proxy_line_6_center_machine_module
collision_detected:
  robot_geom=gripper0_left_left_inner_finger_collision, other_geom=scene_aabb_proxy_line_6_center_machine_module
  robot_geom=gripper0_left_left_fingertip_collision, other_geom=scene_aabb_proxy_line_6_center_machine_module
  robot_geom=gripper0_left_left_fingertip_collision, other_geom=scene_aabb_proxy_line_6_center_machine_module
  robot_geom=gripper0_left_left_fingertip_collision, other_geom=scene_aabb_proxy_line_6_center_machine_module
  robot_geom=gripper0_left_left_fingertip_collision, other_geom=scene_aabb_proxy_line_6_center_machine_module
  robot_geom=gripper0_left_left_fingerpad_collision, other_geom=scene_aabb_proxy_line_6_center_machine_module
  robot_geom=gripper0_left_left_fingerpad_collision, other_geom=scene_aabb_proxy_line_6_center_machine_module
  robot_geom=gripper0_left_left_fingerpad_collision, other_geom=scene_aabb_proxy_line_6_center_machine_module
  ... 4 more contact pairs
judge_collision_detected:
robot_base_x: 12.650219
robot_base_y: -0.444075
robot_base_yaw: -3.132010
robot_geom: gripper0_left_left_fingertip_collision
proxy_geom: scene_aabb_proxy_line_6_center_machine_module
judge_collision_detected:
robot_base_x: 12.650219
robot_base_y: -0.444075
robot_base_yaw: -3.132010
robot_geom: gripper0_left_right_fingerpad_collision
proxy_geom: scene_aabb_proxy_line_6_center_machine_module
judge_collision_detected:
robot_base_x: 12.650219
robot_base_y: -0.444075
robot_base_yaw: -3.132010
robot_geom: gripper0_left_right_fingertip_collision
proxy_geom: scene_aabb_proxy_line_6_center_machine_module
judge_collision_detected:
robot_base_x: 12.650219
robot_base_y: -0.444075
robot_base_yaw: -3.132010
robot_geom: gripper0_right_left_fingertip_collision
proxy_geom: scene_aabb_proxy_line_6_center_machine_module
collision_detected:
  robot_geom=gripper0_left_left_inner_finger_collision, other_geom=scene_aabb_proxy_line_6_center_machine_module
  robot_geom=gripper0_left_left_fingertip_collision, other_geom=scene_aabb_proxy_line_6_center_machine_module
  robot_geom=gripper0_left_left_fingertip_collision, other_geom=scene_aabb_proxy_line_6_center_machine_module
  robot_geom=gripper0_left_left_fingertip_collision, other_geom=scene_aabb_proxy_line_6_center_machine_module
  robot_geom=gripper0_left_left_fingertip_collision, other_geom=scene_aabb_proxy_line_6_center_machine_module
  robot_geom=gripper0_left_left_fingerpad_collision, other_geom=scene_aabb_proxy_line_6_center_machine_module
  robot_geom=gripper0_left_left_fingerpad_collision, other_geom=scene_aabb_proxy_line_6_center_machine_module
  robot_geom=gripper0_left_left_fingerpad_collision, other_geom=scene_aabb_proxy_line_6_center_machine_module
  ... 1 more contact pairs
judge_collision_detected:
robot_base_x: 12.650221
robot_base_y: -0.466566
robot_base_yaw: -3.132027
robot_geom: gripper0_left_left_fingertip_collision
proxy_geom: scene_aabb_proxy_line_6_center_machine_module
judge_collision_detected:
robot_base_x: 12.650221
robot_base_y: -0.466566
robot_base_yaw: -3.132027
robot_geom: gripper0_left_right_fingerpad_collision
proxy_geom: scene_aabb_proxy_line_6_center_machine_module
judge_collision_detected:
robot_base_x: 12.650221
robot_base_y: -0.466566
robot_base_yaw: -3.132027
robot_geom: gripper0_left_right_fingertip_collision
proxy_geom: scene_aabb_proxy_line_6_center_machine_module
judge_collision_detected:
robot_base_x: 12.650221
robot_base_y: -0.466566
robot_base_yaw: -3.132027
robot_geom: gripper0_right_left_fingertip_collision
proxy_geom: scene_aabb_proxy_line_6_center_machine_module
collision_detected:
  robot_geom=gripper0_left_left_inner_finger_collision, other_geom=scene_aabb_proxy_line_6_center_machine_module
  robot_geom=gripper0_left_left_fingertip_collision, other_geom=scene_aabb_proxy_line_6_center_machine_module
  robot_geom=gripper0_left_left_fingertip_collision, other_geom=scene_aabb_proxy_line_6_center_machine_module
  robot_geom=gripper0_left_left_fingertip_collision, other_geom=scene_aabb_proxy_line_6_center_machine_module
  robot_geom=gripper0_left_left_fingertip_collision, other_geom=scene_aabb_proxy_line_6_center_machine_module
  robot_geom=gripper0_left_left_fingerpad_collision, other_geom=scene_aabb_proxy_line_6_center_machine_module
  robot_geom=gripper0_left_left_fingerpad_collision, other_geom=scene_aabb_proxy_line_6_center_machine_module
judge_collision_detected:
robot_base_x: 12.650206
robot_base_y: -0.489063
robot_base_yaw: -3.132042
robot_geom: gripper0_right_left_fingertip_collision
proxy_geom: scene_aabb_proxy_line_6_center_machine_module
collision_detected:
  robot_geom=gripper0_left_left_inner_finger_collision, other_geom=scene_aabb_proxy_line_6_center_machine_module
  robot_geom=gripper0_left_left_fingertip_collision, other_geom=scene_aabb_proxy_line_6_center_machine_module
  robot_geom=gripper0_left_left_fingertip_collision, other_geom=scene_aabb_proxy_line_6_center_machine_module
judge_collision_detected:
robot_base_x: 12.650184
robot_base_y: -0.511560
robot_base_yaw: -3.132072
robot_geom: gripper0_right_left_fingertip_collision
proxy_geom: scene_aabb_proxy_line_6_center_machine_module
collision_detected:
  robot_geom=gripper0_left_left_inner_finger_collision, other_geom=scene_aabb_proxy_line_6_center_machine_module
  robot_geom=gripper0_left_left_fingertip_collision, other_geom=scene_aabb_proxy_line_6_center_machine_module
  robot_geom=gripper0_left_left_fingertip_collision, other_geom=scene_aabb_proxy_line_6_center_machine_module
judge_collision_detected:
robot_base_x: 12.650162
robot_base_y: -0.534057
robot_base_yaw: -3.132105
robot_geom: gripper0_right_left_fingertip_collision
proxy_geom: scene_aabb_proxy_line_6_center_machine_module
judge_collision_detected:
robot_base_x: 12.650139
robot_base_y: -0.556554
robot_base_yaw: -3.132138
robot_geom: gripper0_right_left_fingertip_collision
proxy_geom: scene_aabb_proxy_line_6_center_machine_module
judge_collision_detected:
robot_base_x: 12.650117
robot_base_y: -0.579050
robot_base_yaw: -3.132171
robot_geom: gripper0_right_left_fingertip_collision
proxy_geom: scene_aabb_proxy_line_6_center_machine_module
judge_collision_detected:
robot_base_x: 12.650095
robot_base_y: -0.601547
robot_base_yaw: -3.132204
robot_geom: gripper0_right_left_fingertip_collision
proxy_geom: scene_aabb_proxy_line_6_center_machine_module
judge_collision_detected:
robot_base_x: 12.650073
robot_base_y: -0.624043
robot_base_yaw: -3.132237
robot_geom: gripper0_right_left_fingertip_collision
proxy_geom: scene_aabb_proxy_line_6_center_machine_module
judge_collision_detected:
robot_base_x: 12.650051
robot_base_y: -0.646540
robot_base_yaw: -3.132270
robot_geom: gripper0_right_left_fingertip_collision
proxy_geom: scene_aabb_proxy_line_6_center_machine_module
judge_collision_detected:
robot_base_x: 12.650029
robot_base_y: -0.669037
robot_base_yaw: -3.132303
robot_geom: gripper0_right_left_fingertip_collision
proxy_geom: scene_aabb_proxy_line_6_center_machine_module
judge_collision_detected:
robot_base_x: 12.650008
robot_base_y: -0.691533
robot_base_yaw: -3.132336
robot_geom: gripper0_right_left_fingertip_collision
proxy_geom: scene_aabb_proxy_line_6_center_machine_module
judge_collision_detected:
robot_base_x: 12.650007
robot_base_y: -0.714030
robot_base_yaw: -3.132369
robot_geom: gripper0_right_left_fingertip_collision
proxy_geom: scene_aabb_proxy_line_6_center_machine_module
judge_collision_detected:
robot_base_x: 12.650006
robot_base_y: -0.736527
robot_base_yaw: -3.132402
robot_geom: gripper0_right_left_fingertip_collision
proxy_geom: scene_aabb_proxy_line_6_center_machine_module
judge_collision_detected:
robot_base_x: 12.650005
robot_base_y: -0.759023
robot_base_yaw: -3.132435
robot_geom: gripper0_right_left_fingertip_collision
proxy_geom: scene_aabb_proxy_line_6_center_machine_module
judge_collision_detected:
robot_base_x: 12.650005
robot_base_y: -0.781520
robot_base_yaw: -3.132468
robot_geom: gripper0_right_left_fingertip_collision
proxy_geom: scene_aabb_proxy_line_6_center_machine_module
judge_collision_detected:
robot_base_x: 12.650004
robot_base_y: -0.804016
robot_base_yaw: -3.132500
robot_geom: gripper0_right_left_fingertip_collision
proxy_geom: scene_aabb_proxy_line_6_center_machine_module
judge_collision_detected:
robot_base_x: 12.650003
robot_base_y: -0.826513
robot_base_yaw: -3.132533
robot_geom: gripper0_right_left_fingertip_collision
proxy_geom: scene_aabb_proxy_line_6_center_machine_module
judge_collision_detected:
robot_base_x: 12.650002
robot_base_y: -0.849010
robot_base_yaw: -3.132566
robot_geom: gripper0_right_left_fingertip_collision
proxy_geom: scene_aabb_proxy_line_6_center_machine_module
judge_collision_detected:
robot_base_x: 12.650002
robot_base_y: -0.871506
robot_base_yaw: -3.132598
robot_geom: gripper0_right_left_fingertip_collision
proxy_geom: scene_aabb_proxy_line_6_center_machine_module
judge_collision_detected:
robot_base_x: 12.650001
robot_base_y: -0.894003
robot_base_yaw: -3.132631
robot_geom: gripper0_right_left_fingertip_collision
proxy_geom: scene_aabb_proxy_line_6_center_machine_module
judge_collision_detected:
robot_base_x: 12.650001
robot_base_y: -0.916499
robot_base_yaw: -3.132663
robot_geom: gripper0_right_left_fingertip_collision
proxy_geom: scene_aabb_proxy_line_6_center_machine_module
judge_collision_detected:
robot_base_x: 12.650000
robot_base_y: -0.938996
robot_base_yaw: -3.132696
robot_geom: gripper0_right_left_fingertip_collision
proxy_geom: scene_aabb_proxy_line_6_center_machine_module
judge_collision_detected:
robot_base_x: 12.650000
robot_base_y: -0.961493
robot_base_yaw: -3.132729
robot_geom: gripper0_right_left_fingertip_collision
proxy_geom: scene_aabb_proxy_line_6_center_machine_module
judge_collision_detected:
robot_base_x: 12.649999
robot_base_y: -0.983989
robot_base_yaw: -3.132761
robot_geom: gripper0_right_left_fingertip_collision
proxy_geom: scene_aabb_proxy_line_6_center_machine_module
judge_collision_detected:
robot_base_x: 12.649999
robot_base_y: -1.006486
robot_base_yaw: -3.132794
robot_geom: gripper0_right_left_fingertip_collision
proxy_geom: scene_aabb_proxy_line_6_center_machine_module
judge_collision_detected:
robot_base_x: 12.649999
robot_base_y: -1.028983
robot_base_yaw: -3.132826
robot_geom: gripper0_right_left_fingertip_collision
proxy_geom: scene_aabb_proxy_line_6_center_machine_module
judge_collision_detected:
robot_base_x: 12.649999
robot_base_y: -1.051479
robot_base_yaw: -3.132859
robot_geom: gripper0_right_left_fingertip_collision
proxy_geom: scene_aabb_proxy_line_6_center_machine_module
judge_collision_detected:
robot_base_x: 12.649999
robot_base_y: -1.073976
robot_base_yaw: -3.132891
robot_geom: gripper0_right_left_fingertip_collision
proxy_geom: scene_aabb_proxy_line_6_center_machine_module
judge_collision_detected:
robot_base_x: 12.649999
robot_base_y: -1.096473
robot_base_yaw: -3.132923
robot_geom: gripper0_right_left_fingertip_collision
proxy_geom: scene_aabb_proxy_line_6_center_machine_module
judge_collision_detected:
robot_base_x: 12.649998
robot_base_y: -1.118969
robot_base_yaw: -3.132956
robot_geom: gripper0_right_left_fingertip_collision
proxy_geom: scene_aabb_proxy_line_6_center_machine_module
judge_collision_detected:
robot_base_x: 12.649998
robot_base_y: -1.141466
robot_base_yaw: -3.132988
robot_geom: gripper0_right_left_fingertip_collision
proxy_geom: scene_aabb_proxy_line_6_center_machine_module
judge_collision_detected:
robot_base_x: 12.649998
robot_base_y: -1.163962
robot_base_yaw: -3.133020
robot_geom: gripper0_right_left_fingertip_collision
proxy_geom: scene_aabb_proxy_line_6_center_machine_module
judge_collision_detected:
robot_base_x: 12.649997
robot_base_y: -1.186459
robot_base_yaw: -3.133053
robot_geom: gripper0_right_left_fingertip_collision
proxy_geom: scene_aabb_proxy_line_6_center_machine_module
place_object_physics: no object held
place_down: failed target=output_4 held=None avail_out=['output_1_table', 'output_2_bin', 'output_3_conveyor', 'output_4_shelf']
Step 3 (place_down): all 1 attempts failed
Step 4 (place_down) failed: Physics place FAIL: output_4 held=None out_ports=['output_1_table', 'output_2_bin', 'output_3_conveyor', 'output_4_shelf']
Step 4 failed, fail_fast — stopping
