/mnt/workspace/JCIIOT2026/JCIIOT/robosuite/robosuite/__init__.py:49: SyntaxWarning: invalid escape sequence '\ '
  /[_]\  [~]\/    |//  |
[robosuite WARNING] No private macro file found! (macros.py:57)
[robosuite WARNING] It is recommended to use a private macro file (macros.py:58)
[robosuite WARNING] To setup, run: python /mnt/workspace/JCIIOT2026/JCIIOT/robosuite/robosuite/scripts/setup_macros.py (macros.py:59)
[robosuite WARNING] Could not import robosuite_models. Some robots may not be available. If you want to use these robots, please install robosuite_models from source (https://github.com/ARISE-Initiative/robosuite_models) or through pip install. (__init__.py:31)
[robosuite WARNING] Could not load the mink-based whole-body IK. Make sure you install related import properly (e.g. pip install mink==0.0.5), otherwise you will not be able to use the default IK controller setting for GR1 robot. (__init__.py:41)
[robosuite INFO] Loading controller configuration from: /mnt/workspace/JCIIOT2026/JCIIOT/robosuite/robosuite/controllers/config/robots/default_tiago.json (composite_controller_factory.py:121)
[robosuite INFO] Loading controller configuration from: /mnt/workspace/JCIIOT2026/JCIIOT/robosuite/robosuite/controllers/config/robots/default_tiago.json (composite_controller_factory.py:121)
[robosuite INFO] Loading controller configuration from: /mnt/workspace/JCIIOT2026/JCIIOT/robosuite/robosuite/controllers/config/robots/default_tiago.json (composite_controller_factory.py:121)
[robosuite INFO] Loading controller configuration from: /mnt/workspace/JCIIOT2026/JCIIOT/robosuite/robosuite/controllers/config/robots/default_tiago.json (composite_controller_factory.py:121)

============= Initialized Observation Utils with Obs Spec =============

using obs modality: low_dim with keys: ['robot0_left_gripper_qpos', 'robot0_right_eef_quat', 'robot0_left_eef_pos', 'robot0_left_eef_quat', 'robot0_right_gripper_qpos', 'robot0_right_eef_pos']
using obs modality: rgb with keys: []
using obs modality: depth with keys: []
using obs modality: scan with keys: []
Loaded robomimic checkpoint: /mnt/workspace/JCIIOT2026/JCIIOT/robosuite/robosuite/model_epoch_150.pth
Evaluation device: cuda:0
[BACKEND v4] grasp_object_physics called
[robosuite INFO] Loading controller configuration from: /mnt/workspace/JCIIOT2026/JCIIOT/robosuite/robosuite/controllers/config/robots/default_tiago.json (composite_controller_factory.py:121)
Evaluation factory scene: FactorySorting3_3FO3ERRPH7X9
[STANCE_FIX] obj=(11.868,4.625) base=(13.011,3.924) desired=(12.808,4.625) y_err=0.701 x_err=0.203 -> recreating env
[robosuite INFO] Loading controller configuration from: /mnt/workspace/JCIIOT2026/JCIIOT/robosuite/robosuite/controllers/config/robots/default_tiago.json (composite_controller_factory.py:121)
Evaluation factory scene: FactorySorting3_3FO3ERRPH7X9
[BC_INPUT] robot_base_pos=(12.807624,4.624856,0.000000)
[BC_INPUT] robot_base_ori=[0.000000,0.000000,-3.139453] (yaw=-0.9993*pi)
[BC_INPUT] actual_base_pose=(12.807624,4.624856) yaw=-3.139453
[BC_INPUT] object_name=green_tote_b01_upper
[BC_INPUT] torso_lift=0.3500
[BC_INPUT] arm_right_1=0.7426
[BC_INPUT] arm_right_3=2.1378
[BC_INPUT] arm_right_4=2.1057
[BC_INPUT] gripper_r=0.0120
[BC_INPUT] scene=FactorySorting3_3FO3ERRPH7X9
[BC_INPUT] object green_tote_b01_lower: pos=(11.8676,3.1954,1.2000)
[BC_INPUT] object green_tote_b01_upper: pos=(11.8676,4.6249,1.2000)
Target object: green_tote_b01_upper
Robot base xy at reset: (12.807624, 4.624856)
Tracking sites: {'right': 'green_tote_b01_upper_right_grasp_site', 'left': 'green_tote_b01_upper_left_grasp_site'}
Below-site grasp targets: {'right': array([ 0.165, -0.215,  0.165]), 'left': array([-0.165, -0.215,  0.165])}
wrapped_env_grasp_start_pose: x=12.807624, y=4.624856, yaw=-3.139453
Executing scripted grasp policy (deterministic OSC waypoint servo)
[SCRIPTED] site_positions (world): {'right': 'green_tote_b01_upper_right_grasp_site', 'left': 'green_tote_b01_upper_left_grasp_site'}
[SCRIPTED] right site world pos: [12.032624   4.409856   1.3999995], below_target: [12.032624   4.409856   1.3649995]
[SCRIPTED] left site world pos: [11.702624   4.409856   1.3999995], below_target: [11.702624   4.409856   1.3649995]
[SCRIPTED] eef starts: right=[12.43902018  4.8928131   1.1359892 ], left=[12.42368841  4.43912264  1.1086439 ]
[SCRIPTED] Phase 1: safe vertical lift (60 steps, safe_z=1.550)
[SCRIPTED] Phase 2: XY approach (120 steps)
After same-env wrapped policy execution object collision geoms: ['green_tote_b01_upper_tote_b01_col_bottom', 'green_tote_b01_upper_tote_b01_col_front', 'green_tote_b01_upper_tote_b01_col_back', 'green_tote_b01_upper_tote_b01_col_left', 'green_tote_b01_upper_tote_b01_col_right']
After same-env wrapped policy execution gripper end targets: {'right': [12.0326, 4.4099, 1.365], 'left': [11.7026, 4.4099, 1.365]}
After same-env wrapped policy execution gripper end positions: {'right': [12.0511, 4.4484, 1.4656], 'left': [11.8729, 4.3662, 1.4597]}
After same-env wrapped policy execution gripper end deltas current-minus-target: {'right': [0.0185, 0.0386, 0.1006], 'left': [0.1703, -0.0436, 0.0947]}
After same-env wrapped policy execution gripper end distances: {'right': 0.10931212471638015, 'left': 0.19969099645513677}
After same-env wrapped policy execution fingerpad contact status: {'right': {'left_fingerpad': False, 'right_fingerpad': False}, 'left': {'left_fingerpad': False, 'right_fingerpad': False}}
After same-env wrapped policy execution fingerpad contact pairs: {'right': {'left_fingerpad': [], 'right_fingerpad': []}, 'left': {'left_fingerpad': [], 'right_fingerpad': []}}
After same-env wrapped policy execution grasp status: {'right': False, 'left': False}
Scripted grasp total_steps=180
Same-env wrapped grasp success: False
Scripted grasp failure: gripper touched object during XY approach settle at step 54
lift_initial_grasp_status: {'right': False, 'left': False}
[BACKEND] grasp pipeline failed, skipping transport attachment: grasp_success=False, lift_success=False, lift_failure=object is not grasped by both grippers: {'right': False, 'left': False}
Step 1 (pick_up): all 1 attempts failed
Step 2 (pick_up) failed: Physics grasp FAIL: input_6
Step 2 failed softly, continuing after pick_up failure
judge_collision_detected:
robot_base_x: 12.694438
robot_base_y: 2.807847
robot_base_yaw: -3.140865
robot_geom: gripper0_left_left_fingerpad_collision
proxy_geom: scene_aabb_proxy_line_6_center_machine_module
judge_collision_detected:
robot_base_x: 12.694438
robot_base_y: 2.807847
robot_base_yaw: -3.140865
robot_geom: gripper0_left_left_fingertip_collision
proxy_geom: scene_aabb_proxy_line_6_center_machine_module
judge_collision_detected:
robot_base_x: 12.694438
robot_base_y: 2.807847
robot_base_yaw: -3.140865
robot_geom: gripper0_left_right_fingertip_collision
proxy_geom: scene_aabb_proxy_line_6_center_machine_module
collision_detected:
  robot_geom=gripper0_left_left_fingertip_collision, other_geom=scene_aabb_proxy_line_6_center_machine_module
  robot_geom=gripper0_left_left_fingerpad_collision, other_geom=scene_aabb_proxy_line_6_center_machine_module
  robot_geom=gripper0_left_left_fingerpad_collision, other_geom=scene_aabb_proxy_line_6_center_machine_module
  robot_geom=gripper0_left_right_fingertip_collision, other_geom=scene_aabb_proxy_line_6_center_machine_module
  robot_geom=gripper0_left_right_fingertip_collision, other_geom=scene_aabb_proxy_line_6_center_machine_module
  robot_geom=gripper0_left_right_fingertip_collision, other_geom=scene_aabb_proxy_line_6_center_machine_module
judge_collision_detected:
robot_base_x: 12.680754
robot_base_y: 2.790011
robot_base_yaw: -3.140834
robot_geom: gripper0_left_left_fingerpad_collision
proxy_geom: scene_aabb_proxy_line_6_center_machine_module
judge_collision_detected:
robot_base_x: 12.680754
robot_base_y: 2.790011
robot_base_yaw: -3.140834
robot_geom: gripper0_left_left_fingertip_collision
proxy_geom: scene_aabb_proxy_line_6_center_machine_module
judge_collision_detected:
robot_base_x: 12.680754
robot_base_y: 2.790011
robot_base_yaw: -3.140834
robot_geom: gripper0_left_right_fingerpad_collision
proxy_geom: scene_aabb_proxy_line_6_center_machine_module
judge_collision_detected:
robot_base_x: 12.680754
robot_base_y: 2.790011
robot_base_yaw: -3.140834
robot_geom: gripper0_left_right_fingertip_collision
proxy_geom: scene_aabb_proxy_line_6_center_machine_module
collision_detected:
  robot_geom=gripper0_left_left_fingertip_collision, other_geom=scene_aabb_proxy_line_6_center_machine_module
  robot_geom=gripper0_left_left_fingertip_collision, other_geom=scene_aabb_proxy_line_6_center_machine_module
  robot_geom=gripper0_left_left_fingerpad_collision, other_geom=scene_aabb_proxy_line_6_center_machine_module
  robot_geom=gripper0_left_right_fingertip_collision, other_geom=scene_aabb_proxy_line_6_center_machine_module
  robot_geom=gripper0_left_right_fingertip_collision, other_geom=scene_aabb_proxy_line_6_center_machine_module
  robot_geom=gripper0_left_right_fingerpad_collision, other_geom=scene_aabb_proxy_line_6_center_machine_module
judge_collision_detected:
robot_base_x: 12.667074
robot_base_y: 2.772177
robot_base_yaw: -3.140749
robot_geom: gripper0_left_left_fingerpad_collision
proxy_geom: scene_aabb_proxy_line_6_center_machine_module
judge_collision_detected:
robot_base_x: 12.667074
robot_base_y: 2.772177
robot_base_yaw: -3.140749
robot_geom: gripper0_left_left_fingertip_collision
proxy_geom: scene_aabb_proxy_line_6_center_machine_module
judge_collision_detected:
robot_base_x: 12.667074
robot_base_y: 2.772177
robot_base_yaw: -3.140749
robot_geom: gripper0_left_right_fingerpad_collision
proxy_geom: scene_aabb_proxy_line_6_center_machine_module
judge_collision_detected:
robot_base_x: 12.667074
robot_base_y: 2.772177
robot_base_yaw: -3.140749
robot_geom: gripper0_left_right_fingertip_collision
proxy_geom: scene_aabb_proxy_line_6_center_machine_module
collision_detected:
  robot_geom=gripper0_left_left_fingertip_collision, other_geom=scene_aabb_proxy_line_6_center_machine_module
  robot_geom=gripper0_left_left_fingertip_collision, other_geom=scene_aabb_proxy_line_6_center_machine_module
  robot_geom=gripper0_left_left_fingertip_collision, other_geom=scene_aabb_proxy_line_6_center_machine_module
  robot_geom=gripper0_left_left_fingertip_collision, other_geom=scene_aabb_proxy_line_6_center_machine_module
  robot_geom=gripper0_left_left_fingerpad_collision, other_geom=scene_aabb_proxy_line_6_center_machine_module
  robot_geom=gripper0_left_left_fingerpad_collision, other_geom=scene_aabb_proxy_line_6_center_machine_module
  robot_geom=gripper0_left_left_fingerpad_collision, other_geom=scene_aabb_proxy_line_6_center_machine_module
  robot_geom=gripper0_left_left_fingerpad_collision, other_geom=scene_aabb_proxy_line_6_center_machine_module
  ... 8 more contact pairs
judge_collision_detected:
robot_base_x: 12.666197
robot_base_y: 2.749700
robot_base_yaw: -3.140661
robot_geom: gripper0_left_left_fingerpad_collision
proxy_geom: scene_aabb_proxy_line_6_center_machine_module
judge_collision_detected:
robot_base_x: 12.666197
robot_base_y: 2.749700
robot_base_yaw: -3.140661
robot_geom: gripper0_left_left_fingertip_collision
proxy_geom: scene_aabb_proxy_line_6_center_machine_module
judge_collision_detected:
robot_base_x: 12.666197
robot_base_y: 2.749700
robot_base_yaw: -3.140661
robot_geom: gripper0_left_right_fingerpad_collision
proxy_geom: scene_aabb_proxy_line_6_center_machine_module
judge_collision_detected:
robot_base_x: 12.666197
robot_base_y: 2.749700
robot_base_yaw: -3.140661
robot_geom: gripper0_left_right_fingertip_collision
proxy_geom: scene_aabb_proxy_line_6_center_machine_module
collision_detected:
  robot_geom=gripper0_left_left_fingertip_collision, other_geom=scene_aabb_proxy_line_6_center_machine_module
  robot_geom=gripper0_left_left_fingertip_collision, other_geom=scene_aabb_proxy_line_6_center_machine_module
  robot_geom=gripper0_left_left_fingertip_collision, other_geom=scene_aabb_proxy_line_6_center_machine_module
  robot_geom=gripper0_left_left_fingertip_collision, other_geom=scene_aabb_proxy_line_6_center_machine_module
  robot_geom=gripper0_left_left_fingerpad_collision, other_geom=scene_aabb_proxy_line_6_center_machine_module
  robot_geom=gripper0_left_left_fingerpad_collision, other_geom=scene_aabb_proxy_line_6_center_machine_module
  robot_geom=gripper0_left_left_fingerpad_collision, other_geom=scene_aabb_proxy_line_6_center_machine_module
  robot_geom=gripper0_left_left_fingerpad_collision, other_geom=scene_aabb_proxy_line_6_center_machine_module
  ... 8 more contact pairs
judge_collision_detected:
robot_base_x: 12.665320
robot_base_y: 2.727222
robot_base_yaw: -3.140567
robot_geom: gripper0_left_left_fingerpad_collision
proxy_geom: scene_aabb_proxy_line_6_center_machine_module
judge_collision_detected:
robot_base_x: 12.665320
robot_base_y: 2.727222
robot_base_yaw: -3.140567
robot_geom: gripper0_left_left_fingertip_collision
proxy_geom: scene_aabb_proxy_line_6_center_machine_module
judge_collision_detected:
robot_base_x: 12.665320
robot_base_y: 2.727222
robot_base_yaw: -3.140567
robot_geom: gripper0_left_right_fingerpad_collision
proxy_geom: scene_aabb_proxy_line_6_center_machine_module
judge_collision_detected:
robot_base_x: 12.665320
robot_base_y: 2.727222
robot_base_yaw: -3.140567
robot_geom: gripper0_left_right_fingertip_collision
proxy_geom: scene_aabb_proxy_line_6_center_machine_module
collision_detected:
  robot_geom=gripper0_left_left_fingertip_collision, other_geom=scene_aabb_proxy_line_6_center_machine_module
  robot_geom=gripper0_left_left_fingertip_collision, other_geom=scene_aabb_proxy_line_6_center_machine_module
  robot_geom=gripper0_left_left_fingertip_collision, other_geom=scene_aabb_proxy_line_6_center_machine_module
  robot_geom=gripper0_left_left_fingertip_collision, other_geom=scene_aabb_proxy_line_6_center_machine_module
  robot_geom=gripper0_left_left_fingerpad_collision, other_geom=scene_aabb_proxy_line_6_center_machine_module
  robot_geom=gripper0_left_left_fingerpad_collision, other_geom=scene_aabb_proxy_line_6_center_machine_module
  robot_geom=gripper0_left_left_fingerpad_collision, other_geom=scene_aabb_proxy_line_6_center_machine_module
  robot_geom=gripper0_left_left_fingerpad_collision, other_geom=scene_aabb_proxy_line_6_center_machine_module
  ... 8 more contact pairs
judge_collision_detected:
robot_base_x: 12.664442
robot_base_y: 2.704743
robot_base_yaw: -3.140470
robot_geom: gripper0_left_left_fingerpad_collision
proxy_geom: scene_aabb_proxy_line_6_center_machine_module
judge_collision_detected:
robot_base_x: 12.664442
robot_base_y: 2.704743
robot_base_yaw: -3.140470
robot_geom: gripper0_left_left_fingertip_collision
proxy_geom: scene_aabb_proxy_line_6_center_machine_module
judge_collision_detected:
robot_base_x: 12.664442
robot_base_y: 2.704743
robot_base_yaw: -3.140470
robot_geom: gripper0_left_right_fingerpad_collision
proxy_geom: scene_aabb_proxy_line_6_center_machine_module
judge_collision_detected:
robot_base_x: 12.664442
robot_base_y: 2.704743
robot_base_yaw: -3.140470
robot_geom: gripper0_left_right_fingertip_collision
proxy_geom: scene_aabb_proxy_line_6_center_machine_module
collision_detected:
  robot_geom=gripper0_left_left_fingertip_collision, other_geom=scene_aabb_proxy_line_6_center_machine_module
  robot_geom=gripper0_left_left_fingertip_collision, other_geom=scene_aabb_proxy_line_6_center_machine_module
  robot_geom=gripper0_left_left_fingertip_collision, other_geom=scene_aabb_proxy_line_6_center_machine_module
  robot_geom=gripper0_left_left_fingertip_collision, other_geom=scene_aabb_proxy_line_6_center_machine_module
  robot_geom=gripper0_left_left_fingerpad_collision, other_geom=scene_aabb_proxy_line_6_center_machine_module
  robot_geom=gripper0_left_left_fingerpad_collision, other_geom=scene_aabb_proxy_line_6_center_machine_module
  robot_geom=gripper0_left_left_fingerpad_collision, other_geom=scene_aabb_proxy_line_6_center_machine_module
  robot_geom=gripper0_left_left_fingerpad_collision, other_geom=scene_aabb_proxy_line_6_center_machine_module
  ... 8 more contact pairs
judge_collision_detected:
robot_base_x: 12.663561
robot_base_y: 2.682265
robot_base_yaw: -3.140371
robot_geom: gripper0_left_left_fingerpad_collision
proxy_geom: scene_aabb_proxy_line_6_center_machine_module
judge_collision_detected:
robot_base_x: 12.663561
robot_base_y: 2.682265
robot_base_yaw: -3.140371
robot_geom: gripper0_left_left_fingertip_collision
proxy_geom: scene_aabb_proxy_line_6_center_machine_module
judge_collision_detected:
robot_base_x: 12.663561
robot_base_y: 2.682265
robot_base_yaw: -3.140371
robot_geom: gripper0_left_right_fingerpad_collision
proxy_geom: scene_aabb_proxy_line_6_center_machine_module
judge_collision_detected:
robot_base_x: 12.663561
robot_base_y: 2.682265
robot_base_yaw: -3.140371
robot_geom: gripper0_left_right_fingertip_collision
proxy_geom: scene_aabb_proxy_line_6_center_machine_module
collision_detected:
  robot_geom=gripper0_left_left_fingertip_collision, other_geom=scene_aabb_proxy_line_6_center_machine_module
  robot_geom=gripper0_left_left_fingertip_collision, other_geom=scene_aabb_proxy_line_6_center_machine_module
  robot_geom=gripper0_left_left_fingertip_collision, other_geom=scene_aabb_proxy_line_6_center_machine_module
  robot_geom=gripper0_left_left_fingertip_collision, other_geom=scene_aabb_proxy_line_6_center_machine_module
  robot_geom=gripper0_left_left_fingerpad_collision, other_geom=scene_aabb_proxy_line_6_center_machine_module
  robot_geom=gripper0_left_left_fingerpad_collision, other_geom=scene_aabb_proxy_line_6_center_machine_module
  robot_geom=gripper0_left_left_fingerpad_collision, other_geom=scene_aabb_proxy_line_6_center_machine_module
  robot_geom=gripper0_left_left_fingerpad_collision, other_geom=scene_aabb_proxy_line_6_center_machine_module
  ... 8 more contact pairs
judge_collision_detected:
robot_base_x: 12.662679
robot_base_y: 2.659787
robot_base_yaw: -3.140268
robot_geom: gripper0_left_left_fingerpad_collision
proxy_geom: scene_aabb_proxy_line_6_center_machine_module
judge_collision_detected:
robot_base_x: 12.662679
robot_base_y: 2.659787
robot_base_yaw: -3.140268
robot_geom: gripper0_left_left_fingertip_collision
proxy_geom: scene_aabb_proxy_line_6_center_machine_module
judge_collision_detected:
robot_base_x: 12.662679
robot_base_y: 2.659787
robot_base_yaw: -3.140268
robot_geom: gripper0_left_right_fingerpad_collision
proxy_geom: scene_aabb_proxy_line_6_center_machine_module
judge_collision_detected:
robot_base_x: 12.662679
robot_base_y: 2.659787
robot_base_yaw: -3.140268
robot_geom: gripper0_left_right_fingertip_collision
proxy_geom: scene_aabb_proxy_line_6_center_machine_module
collision_detected:
  robot_geom=gripper0_left_left_fingertip_collision, other_geom=scene_aabb_proxy_line_6_center_machine_module
  robot_geom=gripper0_left_left_fingertip_collision, other_geom=scene_aabb_proxy_line_6_center_machine_module
  robot_geom=gripper0_left_left_fingertip_collision, other_geom=scene_aabb_proxy_line_6_center_machine_module
  robot_geom=gripper0_left_left_fingertip_collision, other_geom=scene_aabb_proxy_line_6_center_machine_module
  robot_geom=gripper0_left_left_fingerpad_collision, other_geom=scene_aabb_proxy_line_6_center_machine_module
  robot_geom=gripper0_left_left_fingerpad_collision, other_geom=scene_aabb_proxy_line_6_center_machine_module
  robot_geom=gripper0_left_left_fingerpad_collision, other_geom=scene_aabb_proxy_line_6_center_machine_module
  robot_geom=gripper0_left_left_fingerpad_collision, other_geom=scene_aabb_proxy_line_6_center_machine_module
  ... 8 more contact pairs
judge_collision_detected:
robot_base_x: 12.661794
robot_base_y: 2.637309
robot_base_yaw: -3.140165
robot_geom: gripper0_left_left_fingerpad_collision
proxy_geom: scene_aabb_proxy_line_6_center_machine_module
judge_collision_detected:
robot_base_x: 12.661794
robot_base_y: 2.637309
robot_base_yaw: -3.140165
robot_geom: gripper0_left_left_fingertip_collision
proxy_geom: scene_aabb_proxy_line_6_center_machine_module
judge_collision_detected:
robot_base_x: 12.661794
robot_base_y: 2.637309
robot_base_yaw: -3.140165
robot_geom: gripper0_left_right_fingerpad_collision
proxy_geom: scene_aabb_proxy_line_6_center_machine_module
judge_collision_detected:
robot_base_x: 12.661794
robot_base_y: 2.637309
robot_base_yaw: -3.140165
robot_geom: gripper0_left_right_fingertip_collision
proxy_geom: scene_aabb_proxy_line_6_center_machine_module
collision_detected:
  robot_geom=gripper0_left_left_fingertip_collision, other_geom=scene_aabb_proxy_line_6_center_machine_module
  robot_geom=gripper0_left_left_fingertip_collision, other_geom=scene_aabb_proxy_line_6_center_machine_module
  robot_geom=gripper0_left_left_fingertip_collision, other_geom=scene_aabb_proxy_line_6_center_machine_module
  robot_geom=gripper0_left_left_fingertip_collision, other_geom=scene_aabb_proxy_line_6_center_machine_module
  robot_geom=gripper0_left_left_fingerpad_collision, other_geom=scene_aabb_proxy_line_6_center_machine_module
  robot_geom=gripper0_left_left_fingerpad_collision, other_geom=scene_aabb_proxy_line_6_center_machine_module
  robot_geom=gripper0_left_left_fingerpad_collision, other_geom=scene_aabb_proxy_line_6_center_machine_module
  robot_geom=gripper0_left_left_fingerpad_collision, other_geom=scene_aabb_proxy_line_6_center_machine_module
  ... 8 more contact pairs
judge_collision_detected:
robot_base_x: 12.660907
robot_base_y: 2.614831
robot_base_yaw: -3.140059
robot_geom: gripper0_left_left_fingerpad_collision
proxy_geom: scene_aabb_proxy_line_6_center_machine_module
judge_collision_detected:
robot_base_x: 12.660907
robot_base_y: 2.614831
robot_base_yaw: -3.140059
robot_geom: gripper0_left_left_fingertip_collision
proxy_geom: scene_aabb_proxy_line_6_center_machine_module
judge_collision_detected:
robot_base_x: 12.660907
robot_base_y: 2.614831
robot_base_yaw: -3.140059
robot_geom: gripper0_left_right_fingertip_collision
proxy_geom: scene_aabb_proxy_line_6_center_machine_module
collision_detected:
  robot_geom=gripper0_left_left_fingertip_collision, other_geom=scene_aabb_proxy_line_6_center_machine_module
  robot_geom=gripper0_left_left_fingertip_collision, other_geom=scene_aabb_proxy_line_6_center_machine_module
  robot_geom=gripper0_left_left_fingertip_collision, other_geom=scene_aabb_proxy_line_6_center_machine_module
  robot_geom=gripper0_left_left_fingertip_collision, other_geom=scene_aabb_proxy_line_6_center_machine_module
  robot_geom=gripper0_left_left_fingerpad_collision, other_geom=scene_aabb_proxy_line_6_center_machine_module
  robot_geom=gripper0_left_left_fingerpad_collision, other_geom=scene_aabb_proxy_line_6_center_machine_module
  robot_geom=gripper0_left_left_fingerpad_collision, other_geom=scene_aabb_proxy_line_6_center_machine_module
  robot_geom=gripper0_left_left_fingerpad_collision, other_geom=scene_aabb_proxy_line_6_center_machine_module
  ... 8 more contact pairs
judge_collision_detected:
robot_base_x: 12.660018
robot_base_y: 2.592353
robot_base_yaw: -3.139951
robot_geom: gripper0_left_left_fingerpad_collision
proxy_geom: scene_aabb_proxy_line_6_center_machine_module
judge_collision_detected:
robot_base_x: 12.660018
robot_base_y: 2.592353
robot_base_yaw: -3.139951
robot_geom: gripper0_left_left_fingertip_collision
proxy_geom: scene_aabb_proxy_line_6_center_machine_module
judge_collision_detected:
robot_base_x: 12.660018
robot_base_y: 2.592353
robot_base_yaw: -3.139951
robot_geom: gripper0_left_right_fingertip_collision
proxy_geom: scene_aabb_proxy_line_6_center_machine_module
collision_detected:
  robot_geom=gripper0_left_left_inner_finger_collision, other_geom=scene_aabb_proxy_line_6_center_machine_module
  robot_geom=gripper0_left_left_fingertip_collision, other_geom=scene_aabb_proxy_line_6_center_machine_module
  robot_geom=gripper0_left_left_fingertip_collision, other_geom=scene_aabb_proxy_line_6_center_machine_module
  robot_geom=gripper0_left_left_fingertip_collision, other_geom=scene_aabb_proxy_line_6_center_machine_module
  robot_geom=gripper0_left_left_fingertip_collision, other_geom=scene_aabb_proxy_line_6_center_machine_module
  robot_geom=gripper0_left_left_fingerpad_collision, other_geom=scene_aabb_proxy_line_6_center_machine_module
  robot_geom=gripper0_left_left_fingerpad_collision, other_geom=scene_aabb_proxy_line_6_center_machine_module
  robot_geom=gripper0_left_left_fingerpad_collision, other_geom=scene_aabb_proxy_line_6_center_machine_module
  ... 9 more contact pairs
judge_collision_detected:
robot_base_x: 12.659125
robot_base_y: 2.569875
robot_base_yaw: -3.139841
robot_geom: gripper0_left_left_fingerpad_collision
proxy_geom: scene_aabb_proxy_line_6_center_machine_module
judge_collision_detected:
robot_base_x: 12.659125
robot_base_y: 2.569875
robot_base_yaw: -3.139841
robot_geom: gripper0_left_left_fingertip_collision
proxy_geom: scene_aabb_proxy_line_6_center_machine_module
judge_collision_detected:
robot_base_x: 12.659125
robot_base_y: 2.569875
robot_base_yaw: -3.139841
robot_geom: gripper0_left_right_fingertip_collision
proxy_geom: scene_aabb_proxy_line_6_center_machine_module
collision_detected:
  robot_geom=gripper0_left_left_inner_finger_collision, other_geom=scene_aabb_proxy_line_6_center_machine_module
  robot_geom=gripper0_left_left_fingertip_collision, other_geom=scene_aabb_proxy_line_6_center_machine_module
  robot_geom=gripper0_left_left_fingertip_collision, other_geom=scene_aabb_proxy_line_6_center_machine_module
  robot_geom=gripper0_left_left_fingertip_collision, other_geom=scene_aabb_proxy_line_6_center_machine_module
  robot_geom=gripper0_left_left_fingertip_collision, other_geom=scene_aabb_proxy_line_6_center_machine_module
  robot_geom=gripper0_left_left_fingerpad_collision, other_geom=scene_aabb_proxy_line_6_center_machine_module
  robot_geom=gripper0_left_left_fingerpad_collision, other_geom=scene_aabb_proxy_line_6_center_machine_module
  robot_geom=gripper0_left_left_fingerpad_collision, other_geom=scene_aabb_proxy_line_6_center_machine_module
  ... 11 more contact pairs
judge_collision_detected:
robot_base_x: 12.658230
robot_base_y: 2.547397
robot_base_yaw: -3.139727
robot_geom: gripper0_left_left_fingerpad_collision
proxy_geom: scene_aabb_proxy_line_6_center_machine_module
judge_collision_detected:
robot_base_x: 12.658230
robot_base_y: 2.547397
robot_base_yaw: -3.139727
robot_geom: gripper0_left_left_fingertip_collision
proxy_geom: scene_aabb_proxy_line_6_center_machine_module
judge_collision_detected:
robot_base_x: 12.658230
robot_base_y: 2.547397
robot_base_yaw: -3.139727
robot_geom: gripper0_left_right_fingertip_collision
proxy_geom: scene_aabb_proxy_line_6_center_machine_module
collision_detected:
  robot_geom=gripper0_left_left_inner_finger_collision, other_geom=scene_aabb_proxy_line_6_center_machine_module
  robot_geom=gripper0_left_left_fingertip_collision, other_geom=scene_aabb_proxy_line_6_center_machine_module
  robot_geom=gripper0_left_left_fingertip_collision, other_geom=scene_aabb_proxy_line_6_center_machine_module
  robot_geom=gripper0_left_left_fingertip_collision, other_geom=scene_aabb_proxy_line_6_center_machine_module
  robot_geom=gripper0_left_left_fingertip_collision, other_geom=scene_aabb_proxy_line_6_center_machine_module
  robot_geom=gripper0_left_left_fingerpad_collision, other_geom=scene_aabb_proxy_line_6_center_machine_module
  robot_geom=gripper0_left_left_fingerpad_collision, other_geom=scene_aabb_proxy_line_6_center_machine_module
  robot_geom=gripper0_left_left_fingerpad_collision, other_geom=scene_aabb_proxy_line_6_center_machine_module
  ... 11 more contact pairs
judge_collision_detected:
robot_base_x: 12.657330
robot_base_y: 2.524919
robot_base_yaw: -3.139610
robot_geom: gripper0_left_left_fingerpad_collision
proxy_geom: scene_aabb_proxy_line_6_center_machine_module
judge_collision_detected:
robot_base_x: 12.657330
robot_base_y: 2.524919
robot_base_yaw: -3.139610
robot_geom: gripper0_left_left_fingertip_collision
proxy_geom: scene_aabb_proxy_line_6_center_machine_module
judge_collision_detected:
robot_base_x: 12.657330
robot_base_y: 2.524919
robot_base_yaw: -3.139610
robot_geom: gripper0_left_right_fingertip_collision
proxy_geom: scene_aabb_proxy_line_6_center_machine_module
collision_detected:
  robot_geom=gripper0_left_left_inner_finger_collision, other_geom=scene_aabb_proxy_line_6_center_machine_module
  robot_geom=gripper0_left_left_fingertip_collision, other_geom=scene_aabb_proxy_line_6_center_machine_module
  robot_geom=gripper0_left_left_fingertip_collision, other_geom=scene_aabb_proxy_line_6_center_machine_module
  robot_geom=gripper0_left_left_fingertip_collision, other_geom=scene_aabb_proxy_line_6_center_machine_module
  robot_geom=gripper0_left_left_fingertip_collision, other_geom=scene_aabb_proxy_line_6_center_machine_module
  robot_geom=gripper0_left_left_fingerpad_collision, other_geom=scene_aabb_proxy_line_6_center_machine_module
  robot_geom=gripper0_left_left_fingerpad_collision, other_geom=scene_aabb_proxy_line_6_center_machine_module
  robot_geom=gripper0_left_left_fingerpad_collision, other_geom=scene_aabb_proxy_line_6_center_machine_module
  ... 11 more contact pairs
judge_collision_detected:
robot_base_x: 12.656426
robot_base_y: 2.502441
robot_base_yaw: -3.139490
robot_geom: gripper0_left_left_fingerpad_collision
proxy_geom: scene_aabb_proxy_line_6_center_machine_module
judge_collision_detected:
robot_base_x: 12.656426
robot_base_y: 2.502441
robot_base_yaw: -3.139490
robot_geom: gripper0_left_left_fingertip_collision
proxy_geom: scene_aabb_proxy_line_6_center_machine_module
judge_collision_detected:
robot_base_x: 12.656426
robot_base_y: 2.502441
robot_base_yaw: -3.139490
robot_geom: gripper0_left_right_fingertip_collision
proxy_geom: scene_aabb_proxy_line_6_center_machine_module
collision_detected:
  robot_geom=gripper0_left_left_inner_finger_collision, other_geom=scene_aabb_proxy_line_6_center_machine_module
  robot_geom=gripper0_left_left_fingertip_collision, other_geom=scene_aabb_proxy_line_6_center_machine_module
  robot_geom=gripper0_left_left_fingertip_collision, other_geom=scene_aabb_proxy_line_6_center_machine_module
  robot_geom=gripper0_left_left_fingertip_collision, other_geom=scene_aabb_proxy_line_6_center_machine_module
  robot_geom=gripper0_left_left_fingertip_collision, other_geom=scene_aabb_proxy_line_6_center_machine_module
  robot_geom=gripper0_left_left_fingerpad_collision, other_geom=scene_aabb_proxy_line_6_center_machine_module
  robot_geom=gripper0_left_left_fingerpad_collision, other_geom=scene_aabb_proxy_line_6_center_machine_module
  robot_geom=gripper0_left_left_fingerpad_collision, other_geom=scene_aabb_proxy_line_6_center_machine_module
  ... 11 more contact pairs
judge_collision_detected:
robot_base_x: 12.655517
robot_base_y: 2.479963
robot_base_yaw: -3.139363
robot_geom: gripper0_left_left_fingerpad_collision
proxy_geom: scene_aabb_proxy_line_6_center_machine_module
judge_collision_detected:
robot_base_x: 12.655517
robot_base_y: 2.479963
robot_base_yaw: -3.139363
robot_geom: gripper0_left_left_fingertip_collision
proxy_geom: scene_aabb_proxy_line_6_center_machine_module
judge_collision_detected:
robot_base_x: 12.655517
robot_base_y: 2.479963
robot_base_yaw: -3.139363
robot_geom: gripper0_left_right_fingertip_collision
proxy_geom: scene_aabb_proxy_line_6_center_machine_module
collision_detected:
  robot_geom=gripper0_left_left_inner_finger_collision, other_geom=scene_aabb_proxy_line_6_center_machine_module
  robot_geom=gripper0_left_left_fingertip_collision, other_geom=scene_aabb_proxy_line_6_center_machine_module
  robot_geom=gripper0_left_left_fingertip_collision, other_geom=scene_aabb_proxy_line_6_center_machine_module
  robot_geom=gripper0_left_left_fingertip_collision, other_geom=scene_aabb_proxy_line_6_center_machine_module
  robot_geom=gripper0_left_left_fingertip_collision, other_geom=scene_aabb_proxy_line_6_center_machine_module
  robot_geom=gripper0_left_left_fingerpad_collision, other_geom=scene_aabb_proxy_line_6_center_machine_module
  robot_geom=gripper0_left_left_fingerpad_collision, other_geom=scene_aabb_proxy_line_6_center_machine_module
  robot_geom=gripper0_left_left_fingerpad_collision, other_geom=scene_aabb_proxy_line_6_center_machine_module
  ... 11 more contact pairs
judge_collision_detected:
robot_base_x: 12.654602
robot_base_y: 2.457485
robot_base_yaw: -3.139232
robot_geom: gripper0_left_left_fingerpad_collision
proxy_geom: scene_aabb_proxy_line_6_center_machine_module
judge_collision_detected:
robot_base_x: 12.654602
robot_base_y: 2.457485
robot_base_yaw: -3.139232
robot_geom: gripper0_left_left_fingertip_collision
proxy_geom: scene_aabb_proxy_line_6_center_machine_module
judge_collision_detected:
robot_base_x: 12.654602
robot_base_y: 2.457485
robot_base_yaw: -3.139232
robot_geom: gripper0_left_right_fingertip_collision
proxy_geom: scene_aabb_proxy_line_6_center_machine_module
collision_detected:
  robot_geom=gripper0_left_left_inner_finger_collision, other_geom=scene_aabb_proxy_line_6_center_machine_module
  robot_geom=gripper0_left_left_fingertip_collision, other_geom=scene_aabb_proxy_line_6_center_machine_module
  robot_geom=gripper0_left_left_fingertip_collision, other_geom=scene_aabb_proxy_line_6_center_machine_module
  robot_geom=gripper0_left_left_fingertip_collision, other_geom=scene_aabb_proxy_line_6_center_machine_module
  robot_geom=gripper0_left_left_fingertip_collision, other_geom=scene_aabb_proxy_line_6_center_machine_module
  robot_geom=gripper0_left_left_fingerpad_collision, other_geom=scene_aabb_proxy_line_6_center_machine_module
  robot_geom=gripper0_left_left_fingerpad_collision, other_geom=scene_aabb_proxy_line_6_center_machine_module
  robot_geom=gripper0_left_left_fingerpad_collision, other_geom=scene_aabb_proxy_line_6_center_machine_module
  ... 11 more contact pairs
judge_collision_detected:
robot_base_x: 12.653680
robot_base_y: 2.435007
robot_base_yaw: -3.139097
robot_geom: gripper0_left_left_fingerpad_collision
proxy_geom: scene_aabb_proxy_line_6_center_machine_module
judge_collision_detected:
robot_base_x: 12.653680
robot_base_y: 2.435007
robot_base_yaw: -3.139097
robot_geom: gripper0_left_left_fingertip_collision
proxy_geom: scene_aabb_proxy_line_6_center_machine_module
judge_collision_detected:
robot_base_x: 12.653680
robot_base_y: 2.435007
robot_base_yaw: -3.139097
robot_geom: gripper0_left_right_fingertip_collision
proxy_geom: scene_aabb_proxy_line_6_center_machine_module
collision_detected:
  robot_geom=gripper0_left_left_inner_finger_collision, other_geom=scene_aabb_proxy_line_6_center_machine_module
  robot_geom=gripper0_left_left_fingertip_collision, other_geom=scene_aabb_proxy_line_6_center_machine_module
  robot_geom=gripper0_left_left_fingertip_collision, other_geom=scene_aabb_proxy_line_6_center_machine_module
  robot_geom=gripper0_left_left_fingertip_collision, other_geom=scene_aabb_proxy_line_6_center_machine_module
  robot_geom=gripper0_left_left_fingertip_collision, other_geom=scene_aabb_proxy_line_6_center_machine_module
  robot_geom=gripper0_left_left_fingerpad_collision, other_geom=scene_aabb_proxy_line_6_center_machine_module
  robot_geom=gripper0_left_left_fingerpad_collision, other_geom=scene_aabb_proxy_line_6_center_machine_module
  robot_geom=gripper0_left_left_fingerpad_collision, other_geom=scene_aabb_proxy_line_6_center_machine_module
  ... 11 more contact pairs
judge_collision_detected:
robot_base_x: 12.652747
robot_base_y: 2.412530
robot_base_yaw: -3.138958
robot_geom: gripper0_left_left_fingerpad_collision
proxy_geom: scene_aabb_proxy_line_6_center_machine_module
judge_collision_detected:
robot_base_x: 12.652747
robot_base_y: 2.412530
robot_base_yaw: -3.138958
robot_geom: gripper0_left_left_fingertip_collision
proxy_geom: scene_aabb_proxy_line_6_center_machine_module
judge_collision_detected:
robot_base_x: 12.652747
robot_base_y: 2.412530
robot_base_yaw: -3.138958
robot_geom: gripper0_left_right_fingertip_collision
proxy_geom: scene_aabb_proxy_line_6_center_machine_module
collision_detected:
  robot_geom=gripper0_left_left_inner_finger_collision, other_geom=scene_aabb_proxy_line_6_center_machine_module
  robot_geom=gripper0_left_left_fingertip_collision, other_geom=scene_aabb_proxy_line_6_center_machine_module
  robot_geom=gripper0_left_left_fingertip_collision, other_geom=scene_aabb_proxy_line_6_center_machine_module
  robot_geom=gripper0_left_left_fingertip_collision, other_geom=scene_aabb_proxy_line_6_center_machine_module
  robot_geom=gripper0_left_left_fingertip_collision, other_geom=scene_aabb_proxy_line_6_center_machine_module
  robot_geom=gripper0_left_left_fingerpad_collision, other_geom=scene_aabb_proxy_line_6_center_machine_module
  robot_geom=gripper0_left_left_fingerpad_collision, other_geom=scene_aabb_proxy_line_6_center_machine_module
  robot_geom=gripper0_left_left_fingerpad_collision, other_geom=scene_aabb_proxy_line_6_center_machine_module
  ... 11 more contact pairs
judge_collision_detected:
robot_base_x: 12.651800
robot_base_y: 2.390053
robot_base_yaw: -3.138817
robot_geom: gripper0_left_left_fingerpad_collision
proxy_geom: scene_aabb_proxy_line_6_center_machine_module
judge_collision_detected:
robot_base_x: 12.651800
robot_base_y: 2.390053
robot_base_yaw: -3.138817
robot_geom: gripper0_left_left_fingertip_collision
proxy_geom: scene_aabb_proxy_line_6_center_machine_module
judge_collision_detected:
robot_base_x: 12.651800
robot_base_y: 2.390053
robot_base_yaw: -3.138817
robot_geom: gripper0_left_right_fingertip_collision
proxy_geom: scene_aabb_proxy_line_6_center_machine_module
collision_detected:
  robot_geom=gripper0_left_left_inner_finger_collision, other_geom=scene_aabb_proxy_line_6_center_machine_module
  robot_geom=gripper0_left_left_fingertip_collision, other_geom=scene_aabb_proxy_line_6_center_machine_module
  robot_geom=gripper0_left_left_fingertip_collision, other_geom=scene_aabb_proxy_line_6_center_machine_module
  robot_geom=gripper0_left_left_fingertip_collision, other_geom=scene_aabb_proxy_line_6_center_machine_module
  robot_geom=gripper0_left_left_fingertip_collision, other_geom=scene_aabb_proxy_line_6_center_machine_module
  robot_geom=gripper0_left_left_fingerpad_collision, other_geom=scene_aabb_proxy_line_6_center_machine_module
  robot_geom=gripper0_left_left_fingerpad_collision, other_geom=scene_aabb_proxy_line_6_center_machine_module
  robot_geom=gripper0_left_left_fingerpad_collision, other_geom=scene_aabb_proxy_line_6_center_machine_module
  ... 11 more contact pairs
judge_collision_detected:
robot_base_x: 12.650831
robot_base_y: 2.367577
robot_base_yaw: -3.138674
robot_geom: gripper0_left_left_fingerpad_collision
proxy_geom: scene_aabb_proxy_line_6_center_machine_module
judge_collision_detected:
robot_base_x: 12.650831
robot_base_y: 2.367577
robot_base_yaw: -3.138674
robot_geom: gripper0_left_left_fingertip_collision
proxy_geom: scene_aabb_proxy_line_6_center_machine_module
judge_collision_detected:
robot_base_x: 12.650831
robot_base_y: 2.367577
robot_base_yaw: -3.138674
robot_geom: gripper0_left_right_fingertip_collision
proxy_geom: scene_aabb_proxy_line_6_center_machine_module
collision_detected:
  robot_geom=gripper0_left_left_inner_finger_collision, other_geom=scene_aabb_proxy_line_6_center_machine_module
  robot_geom=gripper0_left_left_fingertip_collision, other_geom=scene_aabb_proxy_line_6_center_machine_module
  robot_geom=gripper0_left_left_fingertip_collision, other_geom=scene_aabb_proxy_line_6_center_machine_module
  robot_geom=gripper0_left_left_fingertip_collision, other_geom=scene_aabb_proxy_line_6_center_machine_module
  robot_geom=gripper0_left_left_fingertip_collision, other_geom=scene_aabb_proxy_line_6_center_machine_module
  robot_geom=gripper0_left_left_fingerpad_collision, other_geom=scene_aabb_proxy_line_6_center_machine_module
  robot_geom=gripper0_left_left_fingerpad_collision, other_geom=scene_aabb_proxy_line_6_center_machine_module
  robot_geom=gripper0_left_left_fingerpad_collision, other_geom=scene_aabb_proxy_line_6_center_machine_module
  ... 11 more contact pairs
judge_collision_detected:
robot_base_x: 12.650827
robot_base_y: 2.345079
robot_base_yaw: -3.138535
robot_geom: gripper0_left_left_fingerpad_collision
proxy_geom: scene_aabb_proxy_line_6_center_machine_module
judge_collision_detected:
robot_base_x: 12.650827
robot_base_y: 2.345079
robot_base_yaw: -3.138535
robot_geom: gripper0_left_left_fingertip_collision
proxy_geom: scene_aabb_proxy_line_6_center_machine_module
judge_collision_detected:
robot_base_x: 12.650827
robot_base_y: 2.345079
robot_base_yaw: -3.138535
robot_geom: gripper0_left_right_fingerpad_collision
proxy_geom: scene_aabb_proxy_line_6_center_machine_module
judge_collision_detected:
robot_base_x: 12.650827
robot_base_y: 2.345079
robot_base_yaw: -3.138535
robot_geom: gripper0_left_right_fingertip_collision
proxy_geom: scene_aabb_proxy_line_6_center_machine_module
collision_detected:
  robot_geom=gripper0_left_left_inner_finger_collision, other_geom=scene_aabb_proxy_line_6_center_machine_module
  robot_geom=gripper0_left_left_fingertip_collision, other_geom=scene_aabb_proxy_line_6_center_machine_module
  robot_geom=gripper0_left_left_fingertip_collision, other_geom=scene_aabb_proxy_line_6_center_machine_module
  robot_geom=gripper0_left_left_fingertip_collision, other_geom=scene_aabb_proxy_line_6_center_machine_module
  robot_geom=gripper0_left_left_fingertip_collision, other_geom=scene_aabb_proxy_line_6_center_machine_module
  robot_geom=gripper0_left_left_fingerpad_collision, other_geom=scene_aabb_proxy_line_6_center_machine_module
  robot_geom=gripper0_left_left_fingerpad_collision, other_geom=scene_aabb_proxy_line_6_center_machine_module
  robot_geom=gripper0_left_left_fingerpad_collision, other_geom=scene_aabb_proxy_line_6_center_machine_module
  ... 11 more contact pairs
judge_collision_detected:
robot_base_x: 12.650821
robot_base_y: 2.322581
robot_base_yaw: -3.138399
robot_geom: gripper0_left_left_fingerpad_collision
proxy_geom: scene_aabb_proxy_line_6_center_machine_module
judge_collision_detected:
robot_base_x: 12.650821
robot_base_y: 2.322581
robot_base_yaw: -3.138399
robot_geom: gripper0_left_left_fingertip_collision
proxy_geom: scene_aabb_proxy_line_6_center_machine_module
judge_collision_detected:
robot_base_x: 12.650821
robot_base_y: 2.322581
robot_base_yaw: -3.138399
robot_geom: gripper0_left_right_fingerpad_collision
proxy_geom: scene_aabb_proxy_line_6_center_machine_module
judge_collision_detected:
robot_base_x: 12.650821
robot_base_y: 2.322581
robot_base_yaw: -3.138399
robot_geom: gripper0_left_right_fingertip_collision
proxy_geom: scene_aabb_proxy_line_6_center_machine_module
collision_detected:
  robot_geom=gripper0_left_left_inner_finger_collision, other_geom=scene_aabb_proxy_line_6_center_machine_module
  robot_geom=gripper0_left_left_fingertip_collision, other_geom=scene_aabb_proxy_line_6_center_machine_module
  robot_geom=gripper0_left_left_fingertip_collision, other_geom=scene_aabb_proxy_line_6_center_machine_module
  robot_geom=gripper0_left_left_fingertip_collision, other_geom=scene_aabb_proxy_line_6_center_machine_module
  robot_geom=gripper0_left_left_fingertip_collision, other_geom=scene_aabb_proxy_line_6_center_machine_module
  robot_geom=gripper0_left_left_fingerpad_collision, other_geom=scene_aabb_proxy_line_6_center_machine_module
  robot_geom=gripper0_left_left_fingerpad_collision, other_geom=scene_aabb_proxy_line_6_center_machine_module
  robot_geom=gripper0_left_left_fingerpad_collision, other_geom=scene_aabb_proxy_line_6_center_machine_module
  ... 11 more contact pairs
judge_collision_detected:
robot_base_x: 12.650812
robot_base_y: 2.300083
robot_base_yaw: -3.138263
robot_geom: gripper0_left_left_fingerpad_collision
proxy_geom: scene_aabb_proxy_line_6_center_machine_module
judge_collision_detected:
robot_base_x: 12.650812
robot_base_y: 2.300083
robot_base_yaw: -3.138263
robot_geom: gripper0_left_left_fingertip_collision
proxy_geom: scene_aabb_proxy_line_6_center_machine_module
judge_collision_detected:
robot_base_x: 12.650812
robot_base_y: 2.300083
robot_base_yaw: -3.138263
robot_geom: gripper0_left_right_fingerpad_collision
proxy_geom: scene_aabb_proxy_line_6_center_machine_module
judge_collision_detected:
robot_base_x: 12.650812
robot_base_y: 2.300083
robot_base_yaw: -3.138263
robot_geom: gripper0_left_right_fingertip_collision
proxy_geom: scene_aabb_proxy_line_6_center_machine_module
collision_detected:
  robot_geom=gripper0_left_left_inner_finger_collision, other_geom=scene_aabb_proxy_line_6_center_machine_module
  robot_geom=gripper0_left_left_fingertip_collision, other_geom=scene_aabb_proxy_line_6_center_machine_module
  robot_geom=gripper0_left_left_fingertip_collision, other_geom=scene_aabb_proxy_line_6_center_machine_module
  robot_geom=gripper0_left_left_fingertip_collision, other_geom=scene_aabb_proxy_line_6_center_machine_module
  robot_geom=gripper0_left_left_fingertip_collision, other_geom=scene_aabb_proxy_line_6_center_machine_module
  robot_geom=gripper0_left_left_fingerpad_collision, other_geom=scene_aabb_proxy_line_6_center_machine_module
  robot_geom=gripper0_left_left_fingerpad_collision, other_geom=scene_aabb_proxy_line_6_center_machine_module
  robot_geom=gripper0_left_left_fingerpad_collision, other_geom=scene_aabb_proxy_line_6_center_machine_module
  ... 11 more contact pairs
judge_collision_detected:
robot_base_x: 12.650801
robot_base_y: 2.277585
robot_base_yaw: -3.138127
robot_geom: gripper0_left_left_fingerpad_collision
proxy_geom: scene_aabb_proxy_line_6_center_machine_module
judge_collision_detected:
robot_base_x: 12.650801
robot_base_y: 2.277585
robot_base_yaw: -3.138127
robot_geom: gripper0_left_left_fingertip_collision
proxy_geom: scene_aabb_proxy_line_6_center_machine_module
judge_collision_detected:
robot_base_x: 12.650801
robot_base_y: 2.277585
robot_base_yaw: -3.138127
robot_geom: gripper0_left_right_fingerpad_collision
proxy_geom: scene_aabb_proxy_line_6_center_machine_module
judge_collision_detected:
robot_base_x: 12.650801
robot_base_y: 2.277585
robot_base_yaw: -3.138127
robot_geom: gripper0_left_right_fingertip_collision
proxy_geom: scene_aabb_proxy_line_6_center_machine_module
collision_detected:
  robot_geom=gripper0_left_left_inner_finger_collision, other_geom=scene_aabb_proxy_line_6_center_machine_module
  robot_geom=gripper0_left_left_fingertip_collision, other_geom=scene_aabb_proxy_line_6_center_machine_module
  robot_geom=gripper0_left_left_fingertip_collision, other_geom=scene_aabb_proxy_line_6_center_machine_module
  robot_geom=gripper0_left_left_fingertip_collision, other_geom=scene_aabb_proxy_line_6_center_machine_module
  robot_geom=gripper0_left_left_fingertip_collision, other_geom=scene_aabb_proxy_line_6_center_machine_module
  robot_geom=gripper0_left_left_fingerpad_collision, other_geom=scene_aabb_proxy_line_6_center_machine_module
  robot_geom=gripper0_left_left_fingerpad_collision, other_geom=scene_aabb_proxy_line_6_center_machine_module
  robot_geom=gripper0_left_left_fingerpad_collision, other_geom=scene_aabb_proxy_line_6_center_machine_module
  ... 11 more contact pairs
judge_collision_detected:
robot_base_x: 12.650787
robot_base_y: 2.255087
robot_base_yaw: -3.137991
robot_geom: gripper0_left_left_fingerpad_collision
proxy_geom: scene_aabb_proxy_line_6_center_machine_module
judge_collision_detected:
robot_base_x: 12.650787
robot_base_y: 2.255087
robot_base_yaw: -3.137991
robot_geom: gripper0_left_left_fingertip_collision
proxy_geom: scene_aabb_proxy_line_6_center_machine_module
judge_collision_detected:
robot_base_x: 12.650787
robot_base_y: 2.255087
robot_base_yaw: -3.137991
robot_geom: gripper0_left_right_fingerpad_collision
proxy_geom: scene_aabb_proxy_line_6_center_machine_module
judge_collision_detected:
robot_base_x: 12.650787
robot_base_y: 2.255087
robot_base_yaw: -3.137991
robot_geom: gripper0_left_right_fingertip_collision
proxy_geom: scene_aabb_proxy_line_6_center_machine_module
collision_detected:
  robot_geom=gripper0_left_left_inner_finger_collision, other_geom=scene_aabb_proxy_line_6_center_machine_module
  robot_geom=gripper0_left_left_fingertip_collision, other_geom=scene_aabb_proxy_line_6_center_machine_module
  robot_geom=gripper0_left_left_fingertip_collision, other_geom=scene_aabb_proxy_line_6_center_machine_module
  robot_geom=gripper0_left_left_fingertip_collision, other_geom=scene_aabb_proxy_line_6_center_machine_module
  robot_geom=gripper0_left_left_fingertip_collision, other_geom=scene_aabb_proxy_line_6_center_machine_module
  robot_geom=gripper0_left_left_fingerpad_collision, other_geom=scene_aabb_proxy_line_6_center_machine_module
  robot_geom=gripper0_left_left_fingerpad_collision, other_geom=scene_aabb_proxy_line_6_center_machine_module
  robot_geom=gripper0_left_left_fingerpad_collision, other_geom=scene_aabb_proxy_line_6_center_machine_module
  ... 11 more contact pairs
judge_collision_detected:
robot_base_x: 12.650770
robot_base_y: 2.232589
robot_base_yaw: -3.137855
robot_geom: gripper0_left_left_fingerpad_collision
proxy_geom: scene_aabb_proxy_line_6_center_machine_module
judge_collision_detected:
robot_base_x: 12.650770
robot_base_y: 2.232589
robot_base_yaw: -3.137855
robot_geom: gripper0_left_left_fingertip_collision
proxy_geom: scene_aabb_proxy_line_6_center_machine_module
judge_collision_detected:
robot_base_x: 12.650770
robot_base_y: 2.232589
robot_base_yaw: -3.137855
robot_geom: gripper0_left_right_fingerpad_collision
proxy_geom: scene_aabb_proxy_line_6_center_machine_module
judge_collision_detected:
robot_base_x: 12.650770
robot_base_y: 2.232589
robot_base_yaw: -3.137855
robot_geom: gripper0_left_right_fingertip_collision
proxy_geom: scene_aabb_proxy_line_6_center_machine_module
collision_detected:
  robot_geom=gripper0_left_left_inner_finger_collision, other_geom=scene_aabb_proxy_line_6_center_machine_module
  robot_geom=gripper0_left_left_fingertip_collision, other_geom=scene_aabb_proxy_line_6_center_machine_module
  robot_geom=gripper0_left_left_fingertip_collision, other_geom=scene_aabb_proxy_line_6_center_machine_module
  robot_geom=gripper0_left_left_fingertip_collision, other_geom=scene_aabb_proxy_line_6_center_machine_module
  robot_geom=gripper0_left_left_fingertip_collision, other_geom=scene_aabb_proxy_line_6_center_machine_module
  robot_geom=gripper0_left_left_fingerpad_collision, other_geom=scene_aabb_proxy_line_6_center_machine_module
  robot_geom=gripper0_left_left_fingerpad_collision, other_geom=scene_aabb_proxy_line_6_center_machine_module
  robot_geom=gripper0_left_left_fingerpad_collision, other_geom=scene_aabb_proxy_line_6_center_machine_module
  ... 11 more contact pairs
judge_collision_detected:
robot_base_x: 12.650750
robot_base_y: 2.210091
robot_base_yaw: -3.137719
robot_geom: gripper0_left_left_fingerpad_collision
proxy_geom: scene_aabb_proxy_line_6_center_machine_module
judge_collision_detected:
robot_base_x: 12.650750
robot_base_y: 2.210091
robot_base_yaw: -3.137719
robot_geom: gripper0_left_left_fingertip_collision
proxy_geom: scene_aabb_proxy_line_6_center_machine_module
judge_collision_detected:
robot_base_x: 12.650750
robot_base_y: 2.210091
robot_base_yaw: -3.137719
robot_geom: gripper0_left_right_fingerpad_collision
proxy_geom: scene_aabb_proxy_line_6_center_machine_module
judge_collision_detected:
robot_base_x: 12.650750
robot_base_y: 2.210091
robot_base_yaw: -3.137719
robot_geom: gripper0_left_right_fingertip_collision
proxy_geom: scene_aabb_proxy_line_6_center_machine_module
collision_detected:
  robot_geom=gripper0_left_left_inner_finger_collision, other_geom=scene_aabb_proxy_line_6_center_machine_module
  robot_geom=gripper0_left_left_fingertip_collision, other_geom=scene_aabb_proxy_line_6_center_machine_module
  robot_geom=gripper0_left_left_fingertip_collision, other_geom=scene_aabb_proxy_line_6_center_machine_module
  robot_geom=gripper0_left_left_fingertip_collision, other_geom=scene_aabb_proxy_line_6_center_machine_module
  robot_geom=gripper0_left_left_fingertip_collision, other_geom=scene_aabb_proxy_line_6_center_machine_module
  robot_geom=gripper0_left_left_fingerpad_collision, other_geom=scene_aabb_proxy_line_6_center_machine_module
  robot_geom=gripper0_left_left_fingerpad_collision, other_geom=scene_aabb_proxy_line_6_center_machine_module
  robot_geom=gripper0_left_left_fingerpad_collision, other_geom=scene_aabb_proxy_line_6_center_machine_module
  ... 11 more contact pairs
judge_collision_detected:
robot_base_x: 12.650726
robot_base_y: 2.187593
robot_base_yaw: -3.137584
robot_geom: gripper0_left_left_fingerpad_collision
proxy_geom: scene_aabb_proxy_line_6_center_machine_module
judge_collision_detected:
robot_base_x: 12.650726
robot_base_y: 2.187593
robot_base_yaw: -3.137584
robot_geom: gripper0_left_left_fingertip_collision
proxy_geom: scene_aabb_proxy_line_6_center_machine_module
judge_collision_detected:
robot_base_x: 12.650726
robot_base_y: 2.187593
robot_base_yaw: -3.137584
robot_geom: gripper0_left_right_fingerpad_collision
proxy_geom: scene_aabb_proxy_line_6_center_machine_module
judge_collision_detected:
robot_base_x: 12.650726
robot_base_y: 2.187593
robot_base_yaw: -3.137584
robot_geom: gripper0_left_right_fingertip_collision
proxy_geom: scene_aabb_proxy_line_6_center_machine_module
collision_detected:
  robot_geom=gripper0_left_left_inner_finger_collision, other_geom=scene_aabb_proxy_line_6_center_machine_module
  robot_geom=gripper0_left_left_fingertip_collision, other_geom=scene_aabb_proxy_line_6_center_machine_module
  robot_geom=gripper0_left_left_fingertip_collision, other_geom=scene_aabb_proxy_line_6_center_machine_module
  robot_geom=gripper0_left_left_fingertip_collision, other_geom=scene_aabb_proxy_line_6_center_machine_module
  robot_geom=gripper0_left_left_fingertip_collision, other_geom=scene_aabb_proxy_line_6_center_machine_module
  robot_geom=gripper0_left_left_fingerpad_collision, other_geom=scene_aabb_proxy_line_6_center_machine_module
  robot_geom=gripper0_left_left_fingerpad_collision, other_geom=scene_aabb_proxy_line_6_center_machine_module
  robot_geom=gripper0_left_left_fingerpad_collision, other_geom=scene_aabb_proxy_line_6_center_machine_module
  ... 11 more contact pairs
judge_collision_detected:
robot_base_x: 12.650698
robot_base_y: 2.165095
robot_base_yaw: -3.137448
robot_geom: gripper0_left_left_fingerpad_collision
proxy_geom: scene_aabb_proxy_line_6_center_machine_module
judge_collision_detected:
robot_base_x: 12.650698
robot_base_y: 2.165095
robot_base_yaw: -3.137448
robot_geom: gripper0_left_left_fingertip_collision
proxy_geom: scene_aabb_proxy_line_6_center_machine_module
judge_collision_detected:
robot_base_x: 12.650698
robot_base_y: 2.165095
robot_base_yaw: -3.137448
robot_geom: gripper0_left_right_fingerpad_collision
proxy_geom: scene_aabb_proxy_line_6_center_machine_module
judge_collision_detected:
robot_base_x: 12.650698
robot_base_y: 2.165095
robot_base_yaw: -3.137448
robot_geom: gripper0_left_right_fingertip_collision
proxy_geom: scene_aabb_proxy_line_6_center_machine_module
collision_detected:
  robot_geom=gripper0_left_left_inner_finger_collision, other_geom=scene_aabb_proxy_line_6_center_machine_module
  robot_geom=gripper0_left_left_fingertip_collision, other_geom=scene_aabb_proxy_line_6_center_machine_module
  robot_geom=gripper0_left_left_fingertip_collision, other_geom=scene_aabb_proxy_line_6_center_machine_module
  robot_geom=gripper0_left_left_fingertip_collision, other_geom=scene_aabb_proxy_line_6_center_machine_module
  robot_geom=gripper0_left_left_fingertip_collision, other_geom=scene_aabb_proxy_line_6_center_machine_module
  robot_geom=gripper0_left_left_fingerpad_collision, other_geom=scene_aabb_proxy_line_6_center_machine_module
  robot_geom=gripper0_left_left_fingerpad_collision, other_geom=scene_aabb_proxy_line_6_center_machine_module
  robot_geom=gripper0_left_left_fingerpad_collision, other_geom=scene_aabb_proxy_line_6_center_machine_module
  ... 11 more contact pairs
judge_collision_detected:
robot_base_x: 12.650666
robot_base_y: 2.142597
robot_base_yaw: -3.137313
robot_geom: gripper0_left_left_fingerpad_collision
proxy_geom: scene_aabb_proxy_line_6_center_machine_module
judge_collision_detected:
robot_base_x: 12.650666
robot_base_y: 2.142597
robot_base_yaw: -3.137313
robot_geom: gripper0_left_left_fingertip_collision
proxy_geom: scene_aabb_proxy_line_6_center_machine_module
judge_collision_detected:
robot_base_x: 12.650666
robot_base_y: 2.142597
robot_base_yaw: -3.137313
robot_geom: gripper0_left_right_fingerpad_collision
proxy_geom: scene_aabb_proxy_line_6_center_machine_module
judge_collision_detected:
robot_base_x: 12.650666
robot_base_y: 2.142597
robot_base_yaw: -3.137313
robot_geom: gripper0_left_right_fingertip_collision
proxy_geom: scene_aabb_proxy_line_6_center_machine_module
collision_detected:
  robot_geom=gripper0_left_left_inner_finger_collision, other_geom=scene_aabb_proxy_line_6_center_machine_module
  robot_geom=gripper0_left_left_fingertip_collision, other_geom=scene_aabb_proxy_line_6_center_machine_module
  robot_geom=gripper0_left_left_fingertip_collision, other_geom=scene_aabb_proxy_line_6_center_machine_module
  robot_geom=gripper0_left_left_fingertip_collision, other_geom=scene_aabb_proxy_line_6_center_machine_module
  robot_geom=gripper0_left_left_fingertip_collision, other_geom=scene_aabb_proxy_line_6_center_machine_module
  robot_geom=gripper0_left_left_fingerpad_collision, other_geom=scene_aabb_proxy_line_6_center_machine_module
  robot_geom=gripper0_left_left_fingerpad_collision, other_geom=scene_aabb_proxy_line_6_center_machine_module
  robot_geom=gripper0_left_left_fingerpad_collision, other_geom=scene_aabb_proxy_line_6_center_machine_module
  ... 11 more contact pairs
judge_collision_detected:
robot_base_x: 12.650629
robot_base_y: 2.120099
robot_base_yaw: -3.137178
robot_geom: gripper0_left_left_fingerpad_collision
proxy_geom: scene_aabb_proxy_line_6_center_machine_module
judge_collision_detected:
robot_base_x: 12.650629
robot_base_y: 2.120099
robot_base_yaw: -3.137178
robot_geom: gripper0_left_left_fingertip_collision
proxy_geom: scene_aabb_proxy_line_6_center_machine_module
judge_collision_detected:
robot_base_x: 12.650629
robot_base_y: 2.120099
robot_base_yaw: -3.137178
robot_geom: gripper0_left_right_fingerpad_collision
proxy_geom: scene_aabb_proxy_line_6_center_machine_module
judge_collision_detected:
robot_base_x: 12.650629
robot_base_y: 2.120099
robot_base_yaw: -3.137178
robot_geom: gripper0_left_right_fingertip_collision
proxy_geom: scene_aabb_proxy_line_6_center_machine_module
collision_detected:
  robot_geom=gripper0_left_left_inner_finger_collision, other_geom=scene_aabb_proxy_line_6_center_machine_module
  robot_geom=gripper0_left_left_fingertip_collision, other_geom=scene_aabb_proxy_line_6_center_machine_module
  robot_geom=gripper0_left_left_fingertip_collision, other_geom=scene_aabb_proxy_line_6_center_machine_module
  robot_geom=gripper0_left_left_fingertip_collision, other_geom=scene_aabb_proxy_line_6_center_machine_module
  robot_geom=gripper0_left_left_fingertip_collision, other_geom=scene_aabb_proxy_line_6_center_machine_module
  robot_geom=gripper0_left_left_fingerpad_collision, other_geom=scene_aabb_proxy_line_6_center_machine_module
  robot_geom=gripper0_left_left_fingerpad_collision, other_geom=scene_aabb_proxy_line_6_center_machine_module
  robot_geom=gripper0_left_left_fingerpad_collision, other_geom=scene_aabb_proxy_line_6_center_machine_module
  ... 11 more contact pairs
judge_collision_detected:
robot_base_x: 12.650587
robot_base_y: 2.097601
robot_base_yaw: -3.137043
robot_geom: gripper0_left_left_fingerpad_collision
proxy_geom: scene_aabb_proxy_line_6_center_machine_module
judge_collision_detected:
robot_base_x: 12.650587
robot_base_y: 2.097601
robot_base_yaw: -3.137043
robot_geom: gripper0_left_left_fingertip_collision
proxy_geom: scene_aabb_proxy_line_6_center_machine_module
judge_collision_detected:
robot_base_x: 12.650587
robot_base_y: 2.097601
robot_base_yaw: -3.137043
robot_geom: gripper0_left_right_fingerpad_collision
proxy_geom: scene_aabb_proxy_line_6_center_machine_module
judge_collision_detected:
robot_base_x: 12.650587
robot_base_y: 2.097601
robot_base_yaw: -3.137043
robot_geom: gripper0_left_right_fingertip_collision
proxy_geom: scene_aabb_proxy_line_6_center_machine_module
collision_detected:
  robot_geom=gripper0_left_left_inner_finger_collision, other_geom=scene_aabb_proxy_line_6_center_machine_module
  robot_geom=gripper0_left_left_fingertip_collision, other_geom=scene_aabb_proxy_line_6_center_machine_module
  robot_geom=gripper0_left_left_fingertip_collision, other_geom=scene_aabb_proxy_line_6_center_machine_module
  robot_geom=gripper0_left_left_fingertip_collision, other_geom=scene_aabb_proxy_line_6_center_machine_module
  robot_geom=gripper0_left_left_fingertip_collision, other_geom=scene_aabb_proxy_line_6_center_machine_module
  robot_geom=gripper0_left_left_fingerpad_collision, other_geom=scene_aabb_proxy_line_6_center_machine_module
  robot_geom=gripper0_left_left_fingerpad_collision, other_geom=scene_aabb_proxy_line_6_center_machine_module
  robot_geom=gripper0_left_left_fingerpad_collision, other_geom=scene_aabb_proxy_line_6_center_machine_module
  ... 11 more contact pairs
judge_collision_detected:
robot_base_x: 12.650538
robot_base_y: 2.075103
robot_base_yaw: -3.136908
robot_geom: gripper0_left_left_fingerpad_collision
proxy_geom: scene_aabb_proxy_line_6_center_machine_module
judge_collision_detected:
robot_base_x: 12.650538
robot_base_y: 2.075103
robot_base_yaw: -3.136908
robot_geom: gripper0_left_left_fingertip_collision
proxy_geom: scene_aabb_proxy_line_6_center_machine_module
judge_collision_detected:
robot_base_x: 12.650538
robot_base_y: 2.075103
robot_base_yaw: -3.136908
robot_geom: gripper0_left_right_fingerpad_collision
proxy_geom: scene_aabb_proxy_line_6_center_machine_module
judge_collision_detected:
robot_base_x: 12.650538
robot_base_y: 2.075103
robot_base_yaw: -3.136908
robot_geom: gripper0_left_right_fingertip_collision
proxy_geom: scene_aabb_proxy_line_6_center_machine_module
collision_detected:
  robot_geom=gripper0_left_left_inner_finger_collision, other_geom=scene_aabb_proxy_line_6_center_machine_module
  robot_geom=gripper0_left_left_fingertip_collision, other_geom=scene_aabb_proxy_line_6_center_machine_module
  robot_geom=gripper0_left_left_fingertip_collision, other_geom=scene_aabb_proxy_line_6_center_machine_module
  robot_geom=gripper0_left_left_fingertip_collision, other_geom=scene_aabb_proxy_line_6_center_machine_module
  robot_geom=gripper0_left_left_fingertip_collision, other_geom=scene_aabb_proxy_line_6_center_machine_module
  robot_geom=gripper0_left_left_fingerpad_collision, other_geom=scene_aabb_proxy_line_6_center_machine_module
  robot_geom=gripper0_left_left_fingerpad_collision, other_geom=scene_aabb_proxy_line_6_center_machine_module
  robot_geom=gripper0_left_left_fingerpad_collision, other_geom=scene_aabb_proxy_line_6_center_machine_module
  ... 11 more contact pairs
judge_collision_detected:
robot_base_x: 12.650482
robot_base_y: 2.052606
robot_base_yaw: -3.136773
robot_geom: gripper0_left_left_fingerpad_collision
proxy_geom: scene_aabb_proxy_line_6_center_machine_module
judge_collision_detected:
robot_base_x: 12.650482
robot_base_y: 2.052606
robot_base_yaw: -3.136773
robot_geom: gripper0_left_left_fingertip_collision
proxy_geom: scene_aabb_proxy_line_6_center_machine_module
judge_collision_detected:
robot_base_x: 12.650482
robot_base_y: 2.052606
robot_base_yaw: -3.136773
robot_geom: gripper0_left_right_fingerpad_collision
proxy_geom: scene_aabb_proxy_line_6_center_machine_module
judge_collision_detected:
robot_base_x: 12.650482
robot_base_y: 2.052606
robot_base_yaw: -3.136773
robot_geom: gripper0_left_right_fingertip_collision
proxy_geom: scene_aabb_proxy_line_6_center_machine_module
collision_detected:
  robot_geom=gripper0_left_left_inner_finger_collision, other_geom=scene_aabb_proxy_line_6_center_machine_module
  robot_geom=gripper0_left_left_fingertip_collision, other_geom=scene_aabb_proxy_line_6_center_machine_module
  robot_geom=gripper0_left_left_fingertip_collision, other_geom=scene_aabb_proxy_line_6_center_machine_module
  robot_geom=gripper0_left_left_fingertip_collision, other_geom=scene_aabb_proxy_line_6_center_machine_module
  robot_geom=gripper0_left_left_fingertip_collision, other_geom=scene_aabb_proxy_line_6_center_machine_module
  robot_geom=gripper0_left_left_fingerpad_collision, other_geom=scene_aabb_proxy_line_6_center_machine_module
  robot_geom=gripper0_left_left_fingerpad_collision, other_geom=scene_aabb_proxy_line_6_center_machine_module
  robot_geom=gripper0_left_left_fingerpad_collision, other_geom=scene_aabb_proxy_line_6_center_machine_module
  ... 11 more contact pairs
judge_collision_detected:
robot_base_x: 12.650417
robot_base_y: 2.030108
robot_base_yaw: -3.136638
robot_geom: gripper0_left_left_fingerpad_collision
proxy_geom: scene_aabb_proxy_line_6_center_machine_module
judge_collision_detected:
robot_base_x: 12.650417
robot_base_y: 2.030108
robot_base_yaw: -3.136638
robot_geom: gripper0_left_left_fingertip_collision
proxy_geom: scene_aabb_proxy_line_6_center_machine_module
judge_collision_detected:
robot_base_x: 12.650417
robot_base_y: 2.030108
robot_base_yaw: -3.136638
robot_geom: gripper0_left_right_fingerpad_collision
proxy_geom: scene_aabb_proxy_line_6_center_machine_module
judge_collision_detected:
robot_base_x: 12.650417
robot_base_y: 2.030108
robot_base_yaw: -3.136638
robot_geom: gripper0_left_right_fingertip_collision
proxy_geom: scene_aabb_proxy_line_6_center_machine_module
collision_detected:
  robot_geom=gripper0_left_left_inner_finger_collision, other_geom=scene_aabb_proxy_line_6_center_machine_module
  robot_geom=gripper0_left_left_fingertip_collision, other_geom=scene_aabb_proxy_line_6_center_machine_module
  robot_geom=gripper0_left_left_fingertip_collision, other_geom=scene_aabb_proxy_line_6_center_machine_module
  robot_geom=gripper0_left_left_fingertip_collision, other_geom=scene_aabb_proxy_line_6_center_machine_module
  robot_geom=gripper0_left_left_fingertip_collision, other_geom=scene_aabb_proxy_line_6_center_machine_module
  robot_geom=gripper0_left_left_fingerpad_collision, other_geom=scene_aabb_proxy_line_6_center_machine_module
  robot_geom=gripper0_left_left_fingerpad_collision, other_geom=scene_aabb_proxy_line_6_center_machine_module
  robot_geom=gripper0_left_left_fingerpad_collision, other_geom=scene_aabb_proxy_line_6_center_machine_module
  ... 10 more contact pairs
judge_collision_detected:
robot_base_x: 12.650341
robot_base_y: 2.007610
robot_base_yaw: -3.136503
robot_geom: gripper0_left_left_fingerpad_collision
proxy_geom: scene_aabb_proxy_line_6_center_machine_module
judge_collision_detected:
robot_base_x: 12.650341
robot_base_y: 2.007610
robot_base_yaw: -3.136503
robot_geom: gripper0_left_left_fingertip_collision
proxy_geom: scene_aabb_proxy_line_6_center_machine_module
judge_collision_detected:
robot_base_x: 12.650341
robot_base_y: 2.007610
robot_base_yaw: -3.136503
robot_geom: gripper0_left_right_fingerpad_collision
proxy_geom: scene_aabb_proxy_line_6_center_machine_module
judge_collision_detected:
robot_base_x: 12.650341
robot_base_y: 2.007610
robot_base_yaw: -3.136503
robot_geom: gripper0_left_right_fingertip_collision
proxy_geom: scene_aabb_proxy_line_6_center_machine_module
collision_detected:
  robot_geom=gripper0_left_left_inner_finger_collision, other_geom=scene_aabb_proxy_line_6_center_machine_module
  robot_geom=gripper0_left_left_fingertip_collision, other_geom=scene_aabb_proxy_line_6_center_machine_module
  robot_geom=gripper0_left_left_fingertip_collision, other_geom=scene_aabb_proxy_line_6_center_machine_module
  robot_geom=gripper0_left_left_fingertip_collision, other_geom=scene_aabb_proxy_line_6_center_machine_module
  robot_geom=gripper0_left_left_fingertip_collision, other_geom=scene_aabb_proxy_line_6_center_machine_module
  robot_geom=gripper0_left_left_fingerpad_collision, other_geom=scene_aabb_proxy_line_6_center_machine_module
  robot_geom=gripper0_left_left_fingerpad_collision, other_geom=scene_aabb_proxy_line_6_center_machine_module
  robot_geom=gripper0_left_left_fingerpad_collision, other_geom=scene_aabb_proxy_line_6_center_machine_module
  ... 10 more contact pairs
judge_collision_detected:
robot_base_x: 12.650248
robot_base_y: 1.985113
robot_base_yaw: -3.136368
robot_geom: gripper0_left_left_fingerpad_collision
proxy_geom: scene_aabb_proxy_line_6_center_machine_module
judge_collision_detected:
robot_base_x: 12.650248
robot_base_y: 1.985113
robot_base_yaw: -3.136368
robot_geom: gripper0_left_left_fingertip_collision
proxy_geom: scene_aabb_proxy_line_6_center_machine_module
judge_collision_detected:
robot_base_x: 12.650248
robot_base_y: 1.985113
robot_base_yaw: -3.136368
robot_geom: gripper0_left_right_fingerpad_collision
proxy_geom: scene_aabb_proxy_line_6_center_machine_module
judge_collision_detected:
robot_base_x: 12.650248
robot_base_y: 1.985113
robot_base_yaw: -3.136368
robot_geom: gripper0_left_right_fingertip_collision
proxy_geom: scene_aabb_proxy_line_6_center_machine_module
collision_detected:
  robot_geom=gripper0_left_left_inner_finger_collision, other_geom=scene_aabb_proxy_line_6_center_machine_module
  robot_geom=gripper0_left_left_fingertip_collision, other_geom=scene_aabb_proxy_line_6_center_machine_module
  robot_geom=gripper0_left_left_fingertip_collision, other_geom=scene_aabb_proxy_line_6_center_machine_module
  robot_geom=gripper0_left_left_fingertip_collision, other_geom=scene_aabb_proxy_line_6_center_machine_module
  robot_geom=gripper0_left_left_fingertip_collision, other_geom=scene_aabb_proxy_line_6_center_machine_module
  robot_geom=gripper0_left_left_fingerpad_collision, other_geom=scene_aabb_proxy_line_6_center_machine_module
  robot_geom=gripper0_left_left_fingerpad_collision, other_geom=scene_aabb_proxy_line_6_center_machine_module
  robot_geom=gripper0_left_left_fingerpad_collision, other_geom=scene_aabb_proxy_line_6_center_machine_module
  ... 10 more contact pairs
judge_collision_detected:
robot_base_x: 12.650130
robot_base_y: 1.962615
robot_base_yaw: -3.136233
robot_geom: gripper0_left_left_fingerpad_collision
proxy_geom: scene_aabb_proxy_line_6_center_machine_module
judge_collision_detected:
robot_base_x: 12.650130
robot_base_y: 1.962615
robot_base_yaw: -3.136233
robot_geom: gripper0_left_left_fingertip_collision
proxy_geom: scene_aabb_proxy_line_6_center_machine_module
judge_collision_detected:
robot_base_x: 12.650130
robot_base_y: 1.962615
robot_base_yaw: -3.136233
robot_geom: gripper0_left_right_fingerpad_collision
proxy_geom: scene_aabb_proxy_line_6_center_machine_module
judge_collision_detected:
robot_base_x: 12.650130
robot_base_y: 1.962615
robot_base_yaw: -3.136233
robot_geom: gripper0_left_right_fingertip_collision
proxy_geom: scene_aabb_proxy_line_6_center_machine_module
collision_detected:
  robot_geom=gripper0_left_left_inner_finger_collision, other_geom=scene_aabb_proxy_line_6_center_machine_module
  robot_geom=gripper0_left_left_fingertip_collision, other_geom=scene_aabb_proxy_line_6_center_machine_module
  robot_geom=gripper0_left_left_fingertip_collision, other_geom=scene_aabb_proxy_line_6_center_machine_module
  robot_geom=gripper0_left_left_fingertip_collision, other_geom=scene_aabb_proxy_line_6_center_machine_module
  robot_geom=gripper0_left_left_fingertip_collision, other_geom=scene_aabb_proxy_line_6_center_machine_module
  robot_geom=gripper0_left_left_fingerpad_collision, other_geom=scene_aabb_proxy_line_6_center_machine_module
  robot_geom=gripper0_left_left_fingerpad_collision, other_geom=scene_aabb_proxy_line_6_center_machine_module
  robot_geom=gripper0_left_left_fingerpad_collision, other_geom=scene_aabb_proxy_line_6_center_machine_module
  ... 10 more contact pairs
judge_collision_detected:
robot_base_x: 12.650164
robot_base_y: 1.940117
robot_base_yaw: -3.136098
robot_geom: gripper0_left_left_fingerpad_collision
proxy_geom: scene_aabb_proxy_line_6_center_machine_module
judge_collision_detected:
robot_base_x: 12.650164
robot_base_y: 1.940117
robot_base_yaw: -3.136098
robot_geom: gripper0_left_left_fingertip_collision
proxy_geom: scene_aabb_proxy_line_6_center_machine_module
judge_collision_detected:
robot_base_x: 12.650164
robot_base_y: 1.940117
robot_base_yaw: -3.136098
robot_geom: gripper0_left_right_fingerpad_collision
proxy_geom: scene_aabb_proxy_line_6_center_machine_module
judge_collision_detected:
robot_base_x: 12.650164
robot_base_y: 1.940117
robot_base_yaw: -3.136098
robot_geom: gripper0_left_right_fingertip_collision
proxy_geom: scene_aabb_proxy_line_6_center_machine_module
collision_detected:
  robot_geom=gripper0_left_left_inner_finger_collision, other_geom=scene_aabb_proxy_line_6_center_machine_module
  robot_geom=gripper0_left_left_fingertip_collision, other_geom=scene_aabb_proxy_line_6_center_machine_module
  robot_geom=gripper0_left_left_fingertip_collision, other_geom=scene_aabb_proxy_line_6_center_machine_module
  robot_geom=gripper0_left_left_fingertip_collision, other_geom=scene_aabb_proxy_line_6_center_machine_module
  robot_geom=gripper0_left_left_fingertip_collision, other_geom=scene_aabb_proxy_line_6_center_machine_module
  robot_geom=gripper0_left_left_fingerpad_collision, other_geom=scene_aabb_proxy_line_6_center_machine_module
  robot_geom=gripper0_left_left_fingerpad_collision, other_geom=scene_aabb_proxy_line_6_center_machine_module
  robot_geom=gripper0_left_left_fingerpad_collision, other_geom=scene_aabb_proxy_line_6_center_machine_module
  ... 10 more contact pairs
judge_collision_detected:
robot_base_x: 12.650195
robot_base_y: 1.917619
robot_base_yaw: -3.135962
robot_geom: gripper0_left_left_fingerpad_collision
proxy_geom: scene_aabb_proxy_line_6_center_machine_module
judge_collision_detected:
robot_base_x: 12.650195
robot_base_y: 1.917619
robot_base_yaw: -3.135962
robot_geom: gripper0_left_left_fingertip_collision
proxy_geom: scene_aabb_proxy_line_6_center_machine_module
judge_collision_detected:
robot_base_x: 12.650195
robot_base_y: 1.917619
robot_base_yaw: -3.135962
robot_geom: gripper0_left_right_fingerpad_collision
proxy_geom: scene_aabb_proxy_line_6_center_machine_module
judge_collision_detected:
robot_base_x: 12.650195
robot_base_y: 1.917619
robot_base_yaw: -3.135962
robot_geom: gripper0_left_right_fingertip_collision
proxy_geom: scene_aabb_proxy_line_6_center_machine_module
collision_detected:
  robot_geom=gripper0_left_left_inner_finger_collision, other_geom=scene_aabb_proxy_line_6_center_machine_module
  robot_geom=gripper0_left_left_fingertip_collision, other_geom=scene_aabb_proxy_line_6_center_machine_module
  robot_geom=gripper0_left_left_fingertip_collision, other_geom=scene_aabb_proxy_line_6_center_machine_module
  robot_geom=gripper0_left_left_fingertip_collision, other_geom=scene_aabb_proxy_line_6_center_machine_module
  robot_geom=gripper0_left_left_fingertip_collision, other_geom=scene_aabb_proxy_line_6_center_machine_module
  robot_geom=gripper0_left_left_fingerpad_collision, other_geom=scene_aabb_proxy_line_6_center_machine_module
  robot_geom=gripper0_left_left_fingerpad_collision, other_geom=scene_aabb_proxy_line_6_center_machine_module
  robot_geom=gripper0_left_left_fingerpad_collision, other_geom=scene_aabb_proxy_line_6_center_machine_module
  ... 10 more contact pairs
judge_collision_detected:
robot_base_x: 12.650224
robot_base_y: 1.895121
robot_base_yaw: -3.135826
robot_geom: gripper0_left_left_fingerpad_collision
proxy_geom: scene_aabb_proxy_line_6_center_machine_module
judge_collision_detected:
robot_base_x: 12.650224
robot_base_y: 1.895121
robot_base_yaw: -3.135826
robot_geom: gripper0_left_left_fingertip_collision
proxy_geom: scene_aabb_proxy_line_6_center_machine_module
judge_collision_detected:
robot_base_x: 12.650224
robot_base_y: 1.895121
robot_base_yaw: -3.135826
robot_geom: gripper0_left_right_fingerpad_collision
proxy_geom: scene_aabb_proxy_line_6_center_machine_module
judge_collision_detected:
robot_base_x: 12.650224
robot_base_y: 1.895121
robot_base_yaw: -3.135826
robot_geom: gripper0_left_right_fingertip_collision
proxy_geom: scene_aabb_proxy_line_6_center_machine_module
collision_detected:
  robot_geom=gripper0_left_left_inner_finger_collision, other_geom=scene_aabb_proxy_line_6_center_machine_module
  robot_geom=gripper0_left_left_fingertip_collision, other_geom=scene_aabb_proxy_line_6_center_machine_module
  robot_geom=gripper0_left_left_fingertip_collision, other_geom=scene_aabb_proxy_line_6_center_machine_module
  robot_geom=gripper0_left_left_fingertip_collision, other_geom=scene_aabb_proxy_line_6_center_machine_module
  robot_geom=gripper0_left_left_fingertip_collision, other_geom=scene_aabb_proxy_line_6_center_machine_module
  robot_geom=gripper0_left_left_fingerpad_collision, other_geom=scene_aabb_proxy_line_6_center_machine_module
  robot_geom=gripper0_left_left_fingerpad_collision, other_geom=scene_aabb_proxy_line_6_center_machine_module
  robot_geom=gripper0_left_left_fingerpad_collision, other_geom=scene_aabb_proxy_line_6_center_machine_module
  ... 10 more contact pairs
judge_collision_detected:
robot_base_x: 12.650251
robot_base_y: 1.872623
robot_base_yaw: -3.135690
robot_geom: gripper0_left_left_fingerpad_collision
proxy_geom: scene_aabb_proxy_line_6_center_machine_module
judge_collision_detected:
robot_base_x: 12.650251
robot_base_y: 1.872623
robot_base_yaw: -3.135690
robot_geom: gripper0_left_left_fingertip_collision
proxy_geom: scene_aabb_proxy_line_6_center_machine_module
judge_collision_detected:
robot_base_x: 12.650251
robot_base_y: 1.872623
robot_base_yaw: -3.135690
robot_geom: gripper0_left_right_fingerpad_collision
proxy_geom: scene_aabb_proxy_line_6_center_machine_module
judge_collision_detected:
robot_base_x: 12.650251
robot_base_y: 1.872623
robot_base_yaw: -3.135690
robot_geom: gripper0_left_right_fingertip_collision
proxy_geom: scene_aabb_proxy_line_6_center_machine_module
collision_detected:
  robot_geom=gripper0_left_left_inner_finger_collision, other_geom=scene_aabb_proxy_line_6_center_machine_module
  robot_geom=gripper0_left_left_fingertip_collision, other_geom=scene_aabb_proxy_line_6_center_machine_module
  robot_geom=gripper0_left_left_fingertip_collision, other_geom=scene_aabb_proxy_line_6_center_machine_module
  robot_geom=gripper0_left_left_fingertip_collision, other_geom=scene_aabb_proxy_line_6_center_machine_module
  robot_geom=gripper0_left_left_fingertip_collision, other_geom=scene_aabb_proxy_line_6_center_machine_module
  robot_geom=gripper0_left_left_fingerpad_collision, other_geom=scene_aabb_proxy_line_6_center_machine_module
  robot_geom=gripper0_left_left_fingerpad_collision, other_geom=scene_aabb_proxy_line_6_center_machine_module
  robot_geom=gripper0_left_left_fingerpad_collision, other_geom=scene_aabb_proxy_line_6_center_machine_module
  ... 10 more contact pairs
judge_collision_detected:
robot_base_x: 12.650274
robot_base_y: 1.850125
robot_base_yaw: -3.135555
robot_geom: gripper0_left_left_fingerpad_collision
proxy_geom: scene_aabb_proxy_line_6_center_machine_module
judge_collision_detected:
robot_base_x: 12.650274
robot_base_y: 1.850125
robot_base_yaw: -3.135555
robot_geom: gripper0_left_left_fingertip_collision
proxy_geom: scene_aabb_proxy_line_6_center_machine_module
judge_collision_detected:
robot_base_x: 12.650274
robot_base_y: 1.850125
robot_base_yaw: -3.135555
robot_geom: gripper0_left_right_fingerpad_collision
proxy_geom: scene_aabb_proxy_line_6_center_machine_module
judge_collision_detected:
robot_base_x: 12.650274
robot_base_y: 1.850125
robot_base_yaw: -3.135555
robot_geom: gripper0_left_right_fingertip_collision
proxy_geom: scene_aabb_proxy_line_6_center_machine_module
collision_detected:
  robot_geom=gripper0_left_left_inner_finger_collision, other_geom=scene_aabb_proxy_line_6_center_machine_module
  robot_geom=gripper0_left_left_fingertip_collision, other_geom=scene_aabb_proxy_line_6_center_machine_module
  robot_geom=gripper0_left_left_fingertip_collision, other_geom=scene_aabb_proxy_line_6_center_machine_module
  robot_geom=gripper0_left_left_fingertip_collision, other_geom=scene_aabb_proxy_line_6_center_machine_module
  robot_geom=gripper0_left_left_fingertip_collision, other_geom=scene_aabb_proxy_line_6_center_machine_module
  robot_geom=gripper0_left_left_fingerpad_collision, other_geom=scene_aabb_proxy_line_6_center_machine_module
  robot_geom=gripper0_left_left_fingerpad_collision, other_geom=scene_aabb_proxy_line_6_center_machine_module
  robot_geom=gripper0_left_left_fingerpad_collision, other_geom=scene_aabb_proxy_line_6_center_machine_module
  ... 10 more contact pairs
judge_collision_detected:
robot_base_x: 12.650294
robot_base_y: 1.827627
robot_base_yaw: -3.135420
robot_geom: gripper0_left_left_fingerpad_collision
proxy_geom: scene_aabb_proxy_line_6_center_machine_module
judge_collision_detected:
robot_base_x: 12.650294
robot_base_y: 1.827627
robot_base_yaw: -3.135420
robot_geom: gripper0_left_left_fingertip_collision
proxy_geom: scene_aabb_proxy_line_6_center_machine_module
judge_collision_detected:
robot_base_x: 12.650294
robot_base_y: 1.827627
robot_base_yaw: -3.135420
robot_geom: gripper0_left_right_fingerpad_collision
proxy_geom: scene_aabb_proxy_line_6_center_machine_module
judge_collision_detected:
robot_base_x: 12.650294
robot_base_y: 1.827627
robot_base_yaw: -3.135420
robot_geom: gripper0_left_right_fingertip_collision
proxy_geom: scene_aabb_proxy_line_6_center_machine_module
collision_detected:
  robot_geom=gripper0_left_left_inner_finger_collision, other_geom=scene_aabb_proxy_line_6_center_machine_module
  robot_geom=gripper0_left_left_fingertip_collision, other_geom=scene_aabb_proxy_line_6_center_machine_module
  robot_geom=gripper0_left_left_fingertip_collision, other_geom=scene_aabb_proxy_line_6_center_machine_module
  robot_geom=gripper0_left_left_fingertip_collision, other_geom=scene_aabb_proxy_line_6_center_machine_module
  robot_geom=gripper0_left_left_fingertip_collision, other_geom=scene_aabb_proxy_line_6_center_machine_module
  robot_geom=gripper0_left_left_fingerpad_collision, other_geom=scene_aabb_proxy_line_6_center_machine_module
  robot_geom=gripper0_left_left_fingerpad_collision, other_geom=scene_aabb_proxy_line_6_center_machine_module
  robot_geom=gripper0_left_left_fingerpad_collision, other_geom=scene_aabb_proxy_line_6_center_machine_module
  ... 10 more contact pairs
judge_collision_detected:
robot_base_x: 12.650311
robot_base_y: 1.805130
robot_base_yaw: -3.135285
robot_geom: gripper0_left_left_fingerpad_collision
proxy_geom: scene_aabb_proxy_line_6_center_machine_module
judge_collision_detected:
robot_base_x: 12.650311
robot_base_y: 1.805130
robot_base_yaw: -3.135285
robot_geom: gripper0_left_left_fingertip_collision
proxy_geom: scene_aabb_proxy_line_6_center_machine_module
judge_collision_detected:
robot_base_x: 12.650311
robot_base_y: 1.805130
robot_base_yaw: -3.135285
robot_geom: gripper0_left_right_fingerpad_collision
proxy_geom: scene_aabb_proxy_line_6_center_machine_module
judge_collision_detected:
robot_base_x: 12.650311
robot_base_y: 1.805130
robot_base_yaw: -3.135285
robot_geom: gripper0_left_right_fingertip_collision
proxy_geom: scene_aabb_proxy_line_6_center_machine_module
collision_detected:
  robot_geom=gripper0_left_left_inner_finger_collision, other_geom=scene_aabb_proxy_line_6_center_machine_module
  robot_geom=gripper0_left_left_fingertip_collision, other_geom=scene_aabb_proxy_line_6_center_machine_module
  robot_geom=gripper0_left_left_fingertip_collision, other_geom=scene_aabb_proxy_line_6_center_machine_module
  robot_geom=gripper0_left_left_fingertip_collision, other_geom=scene_aabb_proxy_line_6_center_machine_module
  robot_geom=gripper0_left_left_fingertip_collision, other_geom=scene_aabb_proxy_line_6_center_machine_module
  robot_geom=gripper0_left_left_fingerpad_collision, other_geom=scene_aabb_proxy_line_6_center_machine_module
  robot_geom=gripper0_left_left_fingerpad_collision, other_geom=scene_aabb_proxy_line_6_center_machine_module
  robot_geom=gripper0_left_left_fingerpad_collision, other_geom=scene_aabb_proxy_line_6_center_machine_module
  ... 10 more contact pairs
judge_collision_detected:
robot_base_x: 12.650325
robot_base_y: 1.782632
robot_base_yaw: -3.135150
robot_geom: gripper0_left_left_fingerpad_collision
proxy_geom: scene_aabb_proxy_line_6_center_machine_module
judge_collision_detected:
robot_base_x: 12.650325
robot_base_y: 1.782632
robot_base_yaw: -3.135150
robot_geom: gripper0_left_left_fingertip_collision
proxy_geom: scene_aabb_proxy_line_6_center_machine_module
judge_collision_detected:
robot_base_x: 12.650325
robot_base_y: 1.782632
robot_base_yaw: -3.135150
robot_geom: gripper0_left_right_fingerpad_collision
proxy_geom: scene_aabb_proxy_line_6_center_machine_module
judge_collision_detected:
robot_base_x: 12.650325
robot_base_y: 1.782632
robot_base_yaw: -3.135150
robot_geom: gripper0_left_right_fingertip_collision
proxy_geom: scene_aabb_proxy_line_6_center_machine_module
collision_detected:
  robot_geom=gripper0_left_left_inner_finger_collision, other_geom=scene_aabb_proxy_line_6_center_machine_module
  robot_geom=gripper0_left_left_fingertip_collision, other_geom=scene_aabb_proxy_line_6_center_machine_module
  robot_geom=gripper0_left_left_fingertip_collision, other_geom=scene_aabb_proxy_line_6_center_machine_module
  robot_geom=gripper0_left_left_fingertip_collision, other_geom=scene_aabb_proxy_line_6_center_machine_module
  robot_geom=gripper0_left_left_fingertip_collision, other_geom=scene_aabb_proxy_line_6_center_machine_module
  robot_geom=gripper0_left_left_fingerpad_collision, other_geom=scene_aabb_proxy_line_6_center_machine_module
  robot_geom=gripper0_left_left_fingerpad_collision, other_geom=scene_aabb_proxy_line_6_center_machine_module
  robot_geom=gripper0_left_left_fingerpad_collision, other_geom=scene_aabb_proxy_line_6_center_machine_module
  ... 10 more contact pairs
judge_collision_detected:
robot_base_x: 12.650334
robot_base_y: 1.760134
robot_base_yaw: -3.135015
robot_geom: gripper0_left_left_fingerpad_collision
proxy_geom: scene_aabb_proxy_line_6_center_machine_module
judge_collision_detected:
robot_base_x: 12.650334
robot_base_y: 1.760134
robot_base_yaw: -3.135015
robot_geom: gripper0_left_left_fingertip_collision
proxy_geom: scene_aabb_proxy_line_6_center_machine_module
judge_collision_detected:
robot_base_x: 12.650334
robot_base_y: 1.760134
robot_base_yaw: -3.135015
robot_geom: gripper0_left_right_fingerpad_collision
proxy_geom: scene_aabb_proxy_line_6_center_machine_module
judge_collision_detected:
robot_base_x: 12.650334
robot_base_y: 1.760134
robot_base_yaw: -3.135015
robot_geom: gripper0_left_right_fingertip_collision
proxy_geom: scene_aabb_proxy_line_6_center_machine_module
collision_detected:
  robot_geom=gripper0_left_left_inner_finger_collision, other_geom=scene_aabb_proxy_line_6_center_machine_module
  robot_geom=gripper0_left_left_fingertip_collision, other_geom=scene_aabb_proxy_line_6_center_machine_module
  robot_geom=gripper0_left_left_fingertip_collision, other_geom=scene_aabb_proxy_line_6_center_machine_module
  robot_geom=gripper0_left_left_fingertip_collision, other_geom=scene_aabb_proxy_line_6_center_machine_module
  robot_geom=gripper0_left_left_fingertip_collision, other_geom=scene_aabb_proxy_line_6_center_machine_module
  robot_geom=gripper0_left_left_fingerpad_collision, other_geom=scene_aabb_proxy_line_6_center_machine_module
  robot_geom=gripper0_left_left_fingerpad_collision, other_geom=scene_aabb_proxy_line_6_center_machine_module
  robot_geom=gripper0_left_left_fingerpad_collision, other_geom=scene_aabb_proxy_line_6_center_machine_module
  ... 10 more contact pairs
judge_collision_detected:
robot_base_x: 12.650339
robot_base_y: 1.737636
robot_base_yaw: -3.134881
robot_geom: gripper0_left_left_fingerpad_collision
proxy_geom: scene_aabb_proxy_line_6_center_machine_module
judge_collision_detected:
robot_base_x: 12.650339
robot_base_y: 1.737636
robot_base_yaw: -3.134881
robot_geom: gripper0_left_left_fingertip_collision
proxy_geom: scene_aabb_proxy_line_6_center_machine_module
judge_collision_detected:
robot_base_x: 12.650339
robot_base_y: 1.737636
robot_base_yaw: -3.134881
robot_geom: gripper0_left_right_fingerpad_collision
proxy_geom: scene_aabb_proxy_line_6_center_machine_module
judge_collision_detected:
robot_base_x: 12.650339
robot_base_y: 1.737636
robot_base_yaw: -3.134881
robot_geom: gripper0_left_right_fingertip_collision
proxy_geom: scene_aabb_proxy_line_6_center_machine_module
collision_detected:
  robot_geom=gripper0_left_left_inner_finger_collision, other_geom=scene_aabb_proxy_line_6_center_machine_module
  robot_geom=gripper0_left_left_fingertip_collision, other_geom=scene_aabb_proxy_line_6_center_machine_module
  robot_geom=gripper0_left_left_fingertip_collision, other_geom=scene_aabb_proxy_line_6_center_machine_module
  robot_geom=gripper0_left_left_fingertip_collision, other_geom=scene_aabb_proxy_line_6_center_machine_module
  robot_geom=gripper0_left_left_fingertip_collision, other_geom=scene_aabb_proxy_line_6_center_machine_module
  robot_geom=gripper0_left_left_fingerpad_collision, other_geom=scene_aabb_proxy_line_6_center_machine_module
  robot_geom=gripper0_left_left_fingerpad_collision, other_geom=scene_aabb_proxy_line_6_center_machine_module
  robot_geom=gripper0_left_left_fingerpad_collision, other_geom=scene_aabb_proxy_line_6_center_machine_module
  ... 10 more contact pairs
judge_collision_detected:
robot_base_x: 12.650339
robot_base_y: 1.715138
robot_base_yaw: -3.134747
robot_geom: gripper0_left_left_fingerpad_collision
proxy_geom: scene_aabb_proxy_line_6_center_machine_module
judge_collision_detected:
robot_base_x: 12.650339
robot_base_y: 1.715138
robot_base_yaw: -3.134747
robot_geom: gripper0_left_left_fingertip_collision
proxy_geom: scene_aabb_proxy_line_6_center_machine_module
judge_collision_detected:
robot_base_x: 12.650339
robot_base_y: 1.715138
robot_base_yaw: -3.134747
robot_geom: gripper0_left_right_fingerpad_collision
proxy_geom: scene_aabb_proxy_line_6_center_machine_module
judge_collision_detected:
robot_base_x: 12.650339
robot_base_y: 1.715138
robot_base_yaw: -3.134747
robot_geom: gripper0_left_right_fingertip_collision
proxy_geom: scene_aabb_proxy_line_6_center_machine_module
collision_detected:
  robot_geom=gripper0_left_left_inner_finger_collision, other_geom=scene_aabb_proxy_line_6_center_machine_module
  robot_geom=gripper0_left_left_fingertip_collision, other_geom=scene_aabb_proxy_line_6_center_machine_module
  robot_geom=gripper0_left_left_fingertip_collision, other_geom=scene_aabb_proxy_line_6_center_machine_module
  robot_geom=gripper0_left_left_fingertip_collision, other_geom=scene_aabb_proxy_line_6_center_machine_module
  robot_geom=gripper0_left_left_fingertip_collision, other_geom=scene_aabb_proxy_line_6_center_machine_module
  robot_geom=gripper0_left_left_fingerpad_collision, other_geom=scene_aabb_proxy_line_6_center_machine_module
  robot_geom=gripper0_left_left_fingerpad_collision, other_geom=scene_aabb_proxy_line_6_center_machine_module
  robot_geom=gripper0_left_left_fingerpad_collision, other_geom=scene_aabb_proxy_line_6_center_machine_module
  ... 10 more contact pairs
judge_collision_detected:
robot_base_x: 12.650334
robot_base_y: 1.692640
robot_base_yaw: -3.134613
robot_geom: gripper0_left_left_fingerpad_collision
proxy_geom: scene_aabb_proxy_line_6_center_machine_module
judge_collision_detected:
robot_base_x: 12.650334
robot_base_y: 1.692640
robot_base_yaw: -3.134613
robot_geom: gripper0_left_left_fingertip_collision
proxy_geom: scene_aabb_proxy_line_6_center_machine_module
judge_collision_detected:
robot_base_x: 12.650334
robot_base_y: 1.692640
robot_base_yaw: -3.134613
robot_geom: gripper0_left_right_fingerpad_collision
proxy_geom: scene_aabb_proxy_line_6_center_machine_module
judge_collision_detected:
robot_base_x: 12.650334
robot_base_y: 1.692640
robot_base_yaw: -3.134613
robot_geom: gripper0_left_right_fingertip_collision
proxy_geom: scene_aabb_proxy_line_6_center_machine_module
collision_detected:
  robot_geom=gripper0_left_left_inner_finger_collision, other_geom=scene_aabb_proxy_line_6_center_machine_module
  robot_geom=gripper0_left_left_fingertip_collision, other_geom=scene_aabb_proxy_line_6_center_machine_module
  robot_geom=gripper0_left_left_fingertip_collision, other_geom=scene_aabb_proxy_line_6_center_machine_module
  robot_geom=gripper0_left_left_fingertip_collision, other_geom=scene_aabb_proxy_line_6_center_machine_module
  robot_geom=gripper0_left_left_fingertip_collision, other_geom=scene_aabb_proxy_line_6_center_machine_module
  robot_geom=gripper0_left_left_fingerpad_collision, other_geom=scene_aabb_proxy_line_6_center_machine_module
  robot_geom=gripper0_left_left_fingerpad_collision, other_geom=scene_aabb_proxy_line_6_center_machine_module
  robot_geom=gripper0_left_left_fingerpad_collision, other_geom=scene_aabb_proxy_line_6_center_machine_module
  ... 10 more contact pairs
judge_collision_detected:
robot_base_x: 12.650322
robot_base_y: 1.670142
robot_base_yaw: -3.134479
robot_geom: gripper0_left_left_fingerpad_collision
proxy_geom: scene_aabb_proxy_line_6_center_machine_module
judge_collision_detected:
robot_base_x: 12.650322
robot_base_y: 1.670142
robot_base_yaw: -3.134479
robot_geom: gripper0_left_left_fingertip_collision
proxy_geom: scene_aabb_proxy_line_6_center_machine_module
judge_collision_detected:
robot_base_x: 12.650322
robot_base_y: 1.670142
robot_base_yaw: -3.134479
robot_geom: gripper0_left_right_fingerpad_collision
proxy_geom: scene_aabb_proxy_line_6_center_machine_module
judge_collision_detected:
robot_base_x: 12.650322
robot_base_y: 1.670142
robot_base_yaw: -3.134479
robot_geom: gripper0_left_right_fingertip_collision
proxy_geom: scene_aabb_proxy_line_6_center_machine_module
collision_detected:
  robot_geom=gripper0_left_left_inner_finger_collision, other_geom=scene_aabb_proxy_line_6_center_machine_module
  robot_geom=gripper0_left_left_fingertip_collision, other_geom=scene_aabb_proxy_line_6_center_machine_module
  robot_geom=gripper0_left_left_fingertip_collision, other_geom=scene_aabb_proxy_line_6_center_machine_module
  robot_geom=gripper0_left_left_fingertip_collision, other_geom=scene_aabb_proxy_line_6_center_machine_module
  robot_geom=gripper0_left_left_fingertip_collision, other_geom=scene_aabb_proxy_line_6_center_machine_module
  robot_geom=gripper0_left_left_fingerpad_collision, other_geom=scene_aabb_proxy_line_6_center_machine_module
  robot_geom=gripper0_left_left_fingerpad_collision, other_geom=scene_aabb_proxy_line_6_center_machine_module
  robot_geom=gripper0_left_left_fingerpad_collision, other_geom=scene_aabb_proxy_line_6_center_machine_module
  ... 10 more contact pairs
judge_collision_detected:
robot_base_x: 12.650302
robot_base_y: 1.647645
robot_base_yaw: -3.134345
robot_geom: gripper0_left_left_fingerpad_collision
proxy_geom: scene_aabb_proxy_line_6_center_machine_module
judge_collision_detected:
robot_base_x: 12.650302
robot_base_y: 1.647645
robot_base_yaw: -3.134345
robot_geom: gripper0_left_left_fingertip_collision
proxy_geom: scene_aabb_proxy_line_6_center_machine_module
judge_collision_detected:
robot_base_x: 12.650302
robot_base_y: 1.647645
robot_base_yaw: -3.134345
robot_geom: gripper0_left_right_fingerpad_collision
proxy_geom: scene_aabb_proxy_line_6_center_machine_module
judge_collision_detected:
robot_base_x: 12.650302
robot_base_y: 1.647645
robot_base_yaw: -3.134345
robot_geom: gripper0_left_right_fingertip_collision
proxy_geom: scene_aabb_proxy_line_6_center_machine_module
collision_detected:
  robot_geom=gripper0_left_left_inner_finger_collision, other_geom=scene_aabb_proxy_line_6_center_machine_module
  robot_geom=gripper0_left_left_fingertip_collision, other_geom=scene_aabb_proxy_line_6_center_machine_module
  robot_geom=gripper0_left_left_fingertip_collision, other_geom=scene_aabb_proxy_line_6_center_machine_module
  robot_geom=gripper0_left_left_fingertip_collision, other_geom=scene_aabb_proxy_line_6_center_machine_module
  robot_geom=gripper0_left_left_fingertip_collision, other_geom=scene_aabb_proxy_line_6_center_machine_module
  robot_geom=gripper0_left_left_fingerpad_collision, other_geom=scene_aabb_proxy_line_6_center_machine_module
  robot_geom=gripper0_left_left_fingerpad_collision, other_geom=scene_aabb_proxy_line_6_center_machine_module
  robot_geom=gripper0_left_left_fingerpad_collision, other_geom=scene_aabb_proxy_line_6_center_machine_module
  ... 10 more contact pairs
judge_collision_detected:
robot_base_x: 12.650273
robot_base_y: 1.625147
robot_base_yaw: -3.134212
robot_geom: gripper0_left_left_fingerpad_collision
proxy_geom: scene_aabb_proxy_line_6_center_machine_module
judge_collision_detected:
robot_base_x: 12.650273
robot_base_y: 1.625147
robot_base_yaw: -3.134212
robot_geom: gripper0_left_left_fingertip_collision
proxy_geom: scene_aabb_proxy_line_6_center_machine_module
judge_collision_detected:
robot_base_x: 12.650273
robot_base_y: 1.625147
robot_base_yaw: -3.134212
robot_geom: gripper0_left_right_fingerpad_collision
proxy_geom: scene_aabb_proxy_line_6_center_machine_module
judge_collision_detected:
robot_base_x: 12.650273
robot_base_y: 1.625147
robot_base_yaw: -3.134212
robot_geom: gripper0_left_right_fingertip_collision
proxy_geom: scene_aabb_proxy_line_6_center_machine_module
collision_detected:
  robot_geom=gripper0_left_left_inner_finger_collision, other_geom=scene_aabb_proxy_line_6_center_machine_module
  robot_geom=gripper0_left_left_fingertip_collision, other_geom=scene_aabb_proxy_line_6_center_machine_module
  robot_geom=gripper0_left_left_fingertip_collision, other_geom=scene_aabb_proxy_line_6_center_machine_module
  robot_geom=gripper0_left_left_fingertip_collision, other_geom=scene_aabb_proxy_line_6_center_machine_module
  robot_geom=gripper0_left_left_fingertip_collision, other_geom=scene_aabb_proxy_line_6_center_machine_module
  robot_geom=gripper0_left_left_fingerpad_collision, other_geom=scene_aabb_proxy_line_6_center_machine_module
  robot_geom=gripper0_left_left_fingerpad_collision, other_geom=scene_aabb_proxy_line_6_center_machine_module
  robot_geom=gripper0_left_left_fingerpad_collision, other_geom=scene_aabb_proxy_line_6_center_machine_module
  ... 10 more contact pairs
judge_collision_detected:
robot_base_x: 12.650232
robot_base_y: 1.602649
robot_base_yaw: -3.134079
robot_geom: gripper0_left_left_fingerpad_collision
proxy_geom: scene_aabb_proxy_line_6_center_machine_module
judge_collision_detected:
robot_base_x: 12.650232
robot_base_y: 1.602649
robot_base_yaw: -3.134079
robot_geom: gripper0_left_left_fingertip_collision
proxy_geom: scene_aabb_proxy_line_6_center_machine_module
judge_collision_detected:
robot_base_x: 12.650232
robot_base_y: 1.602649
robot_base_yaw: -3.134079
robot_geom: gripper0_left_right_fingerpad_collision
proxy_geom: scene_aabb_proxy_line_6_center_machine_module
judge_collision_detected:
robot_base_x: 12.650232
robot_base_y: 1.602649
robot_base_yaw: -3.134079
robot_geom: gripper0_left_right_fingertip_collision
proxy_geom: scene_aabb_proxy_line_6_center_machine_module
collision_detected:
  robot_geom=gripper0_left_left_inner_finger_collision, other_geom=scene_aabb_proxy_line_6_center_machine_module
  robot_geom=gripper0_left_left_fingertip_collision, other_geom=scene_aabb_proxy_line_6_center_machine_module
  robot_geom=gripper0_left_left_fingertip_collision, other_geom=scene_aabb_proxy_line_6_center_machine_module
  robot_geom=gripper0_left_left_fingertip_collision, other_geom=scene_aabb_proxy_line_6_center_machine_module
  robot_geom=gripper0_left_left_fingertip_collision, other_geom=scene_aabb_proxy_line_6_center_machine_module
  robot_geom=gripper0_left_left_fingerpad_collision, other_geom=scene_aabb_proxy_line_6_center_machine_module
  robot_geom=gripper0_left_left_fingerpad_collision, other_geom=scene_aabb_proxy_line_6_center_machine_module
  robot_geom=gripper0_left_left_fingerpad_collision, other_geom=scene_aabb_proxy_line_6_center_machine_module
  ... 10 more contact pairs
judge_collision_detected:
robot_base_x: 12.650173
robot_base_y: 1.580152
robot_base_yaw: -3.133945
robot_geom: gripper0_left_left_fingerpad_collision
proxy_geom: scene_aabb_proxy_line_6_center_machine_module
judge_collision_detected:
robot_base_x: 12.650173
robot_base_y: 1.580152
robot_base_yaw: -3.133945
robot_geom: gripper0_left_left_fingertip_collision
proxy_geom: scene_aabb_proxy_line_6_center_machine_module
judge_collision_detected:
robot_base_x: 12.650173
robot_base_y: 1.580152
robot_base_yaw: -3.133945
robot_geom: gripper0_left_right_fingerpad_collision
proxy_geom: scene_aabb_proxy_line_6_center_machine_module
judge_collision_detected:
robot_base_x: 12.650173
robot_base_y: 1.580152
robot_base_yaw: -3.133945
robot_geom: gripper0_left_right_fingertip_collision
proxy_geom: scene_aabb_proxy_line_6_center_machine_module
collision_detected:
  robot_geom=gripper0_left_left_inner_finger_collision, other_geom=scene_aabb_proxy_line_6_center_machine_module
  robot_geom=gripper0_left_left_fingertip_collision, other_geom=scene_aabb_proxy_line_6_center_machine_module
  robot_geom=gripper0_left_left_fingertip_collision, other_geom=scene_aabb_proxy_line_6_center_machine_module
  robot_geom=gripper0_left_left_fingertip_collision, other_geom=scene_aabb_proxy_line_6_center_machine_module
  robot_geom=gripper0_left_left_fingertip_collision, other_geom=scene_aabb_proxy_line_6_center_machine_module
  robot_geom=gripper0_left_left_fingerpad_collision, other_geom=scene_aabb_proxy_line_6_center_machine_module
  robot_geom=gripper0_left_left_fingerpad_collision, other_geom=scene_aabb_proxy_line_6_center_machine_module
  robot_geom=gripper0_left_left_fingerpad_collision, other_geom=scene_aabb_proxy_line_6_center_machine_module
  ... 10 more contact pairs
judge_collision_detected:
robot_base_x: 12.650084
robot_base_y: 1.557654
robot_base_yaw: -3.133812
robot_geom: gripper0_left_left_fingerpad_collision
proxy_geom: scene_aabb_proxy_line_6_center_machine_module
judge_collision_detected:
robot_base_x: 12.650084
robot_base_y: 1.557654
robot_base_yaw: -3.133812
robot_geom: gripper0_left_left_fingertip_collision
proxy_geom: scene_aabb_proxy_line_6_center_machine_module
judge_collision_detected:
robot_base_x: 12.650084
robot_base_y: 1.557654
robot_base_yaw: -3.133812
robot_geom: gripper0_left_right_fingerpad_collision
proxy_geom: scene_aabb_proxy_line_6_center_machine_module
judge_collision_detected:
robot_base_x: 12.650084
robot_base_y: 1.557654
robot_base_yaw: -3.133812
robot_geom: gripper0_left_right_fingertip_collision
proxy_geom: scene_aabb_proxy_line_6_center_machine_module
collision_detected:
  robot_geom=gripper0_left_left_inner_finger_collision, other_geom=scene_aabb_proxy_line_6_center_machine_module
  robot_geom=gripper0_left_left_fingertip_collision, other_geom=scene_aabb_proxy_line_6_center_machine_module
  robot_geom=gripper0_left_left_fingertip_collision, other_geom=scene_aabb_proxy_line_6_center_machine_module
  robot_geom=gripper0_left_left_fingertip_collision, other_geom=scene_aabb_proxy_line_6_center_machine_module
  robot_geom=gripper0_left_left_fingertip_collision, other_geom=scene_aabb_proxy_line_6_center_machine_module
  robot_geom=gripper0_left_left_fingerpad_collision, other_geom=scene_aabb_proxy_line_6_center_machine_module
  robot_geom=gripper0_left_left_fingerpad_collision, other_geom=scene_aabb_proxy_line_6_center_machine_module
  robot_geom=gripper0_left_left_fingerpad_collision, other_geom=scene_aabb_proxy_line_6_center_machine_module
  ... 10 more contact pairs
judge_collision_detected:
robot_base_x: 12.650120
robot_base_y: 1.535156
robot_base_yaw: -3.133678
robot_geom: gripper0_left_left_fingerpad_collision
proxy_geom: scene_aabb_proxy_line_6_center_machine_module
judge_collision_detected:
robot_base_x: 12.650120
robot_base_y: 1.535156
robot_base_yaw: -3.133678
robot_geom: gripper0_left_left_fingertip_collision
proxy_geom: scene_aabb_proxy_line_6_center_machine_module
judge_collision_detected:
robot_base_x: 12.650120
robot_base_y: 1.535156
robot_base_yaw: -3.133678
robot_geom: gripper0_left_right_fingerpad_collision
proxy_geom: scene_aabb_proxy_line_6_center_machine_module
judge_collision_detected:
robot_base_x: 12.650120
robot_base_y: 1.535156
robot_base_yaw: -3.133678
robot_geom: gripper0_left_right_fingertip_collision
proxy_geom: scene_aabb_proxy_line_6_center_machine_module
collision_detected:
  robot_geom=gripper0_left_left_inner_finger_collision, other_geom=scene_aabb_proxy_line_6_center_machine_module
  robot_geom=gripper0_left_left_fingertip_collision, other_geom=scene_aabb_proxy_line_6_center_machine_module
  robot_geom=gripper0_left_left_fingertip_collision, other_geom=scene_aabb_proxy_line_6_center_machine_module
  robot_geom=gripper0_left_left_fingertip_collision, other_geom=scene_aabb_proxy_line_6_center_machine_module
  robot_geom=gripper0_left_left_fingertip_collision, other_geom=scene_aabb_proxy_line_6_center_machine_module
  robot_geom=gripper0_left_left_fingerpad_collision, other_geom=scene_aabb_proxy_line_6_center_machine_module
  robot_geom=gripper0_left_left_fingerpad_collision, other_geom=scene_aabb_proxy_line_6_center_machine_module
  robot_geom=gripper0_left_left_fingerpad_collision, other_geom=scene_aabb_proxy_line_6_center_machine_module
  ... 10 more contact pairs
judge_collision_detected:
robot_base_x: 12.650154
robot_base_y: 1.512659
robot_base_yaw: -3.133544
robot_geom: gripper0_left_left_fingerpad_collision
proxy_geom: scene_aabb_proxy_line_6_center_machine_module
judge_collision_detected:
robot_base_x: 12.650154
robot_base_y: 1.512659
robot_base_yaw: -3.133544
robot_geom: gripper0_left_left_fingertip_collision
proxy_geom: scene_aabb_proxy_line_6_center_machine_module
judge_collision_detected:
robot_base_x: 12.650154
robot_base_y: 1.512659
robot_base_yaw: -3.133544
robot_geom: gripper0_left_right_fingerpad_collision
proxy_geom: scene_aabb_proxy_line_6_center_machine_module
judge_collision_detected:
robot_base_x: 12.650154
robot_base_y: 1.512659
robot_base_yaw: -3.133544
robot_geom: gripper0_left_right_fingertip_collision
proxy_geom: scene_aabb_proxy_line_6_center_machine_module
collision_detected:
  robot_geom=gripper0_left_left_inner_finger_collision, other_geom=scene_aabb_proxy_line_6_center_machine_module
  robot_geom=gripper0_left_left_fingertip_collision, other_geom=scene_aabb_proxy_line_6_center_machine_module
  robot_geom=gripper0_left_left_fingertip_collision, other_geom=scene_aabb_proxy_line_6_center_machine_module
  robot_geom=gripper0_left_left_fingertip_collision, other_geom=scene_aabb_proxy_line_6_center_machine_module
  robot_geom=gripper0_left_left_fingertip_collision, other_geom=scene_aabb_proxy_line_6_center_machine_module
  robot_geom=gripper0_left_left_fingerpad_collision, other_geom=scene_aabb_proxy_line_6_center_machine_module
  robot_geom=gripper0_left_left_fingerpad_collision, other_geom=scene_aabb_proxy_line_6_center_machine_module
  robot_geom=gripper0_left_left_fingerpad_collision, other_geom=scene_aabb_proxy_line_6_center_machine_module
  ... 10 more contact pairs
judge_collision_detected:
robot_base_x: 12.650185
robot_base_y: 1.490161
robot_base_yaw: -3.133410
robot_geom: gripper0_left_left_fingerpad_collision
proxy_geom: scene_aabb_proxy_line_6_center_machine_module
judge_collision_detected:
robot_base_x: 12.650185
robot_base_y: 1.490161
robot_base_yaw: -3.133410
robot_geom: gripper0_left_left_fingertip_collision
proxy_geom: scene_aabb_proxy_line_6_center_machine_module
judge_collision_detected:
robot_base_x: 12.650185
robot_base_y: 1.490161
robot_base_yaw: -3.133410
robot_geom: gripper0_left_right_fingerpad_collision
proxy_geom: scene_aabb_proxy_line_6_center_machine_module
judge_collision_detected:
robot_base_x: 12.650185
robot_base_y: 1.490161
robot_base_yaw: -3.133410
robot_geom: gripper0_left_right_fingertip_collision
proxy_geom: scene_aabb_proxy_line_6_center_machine_module
collision_detected:
  robot_geom=gripper0_left_left_inner_finger_collision, other_geom=scene_aabb_proxy_line_6_center_machine_module
  robot_geom=gripper0_left_left_fingertip_collision, other_geom=scene_aabb_proxy_line_6_center_machine_module
  robot_geom=gripper0_left_left_fingertip_collision, other_geom=scene_aabb_proxy_line_6_center_machine_module
  robot_geom=gripper0_left_left_fingertip_collision, other_geom=scene_aabb_proxy_line_6_center_machine_module
  robot_geom=gripper0_left_left_fingertip_collision, other_geom=scene_aabb_proxy_line_6_center_machine_module
  robot_geom=gripper0_left_left_fingerpad_collision, other_geom=scene_aabb_proxy_line_6_center_machine_module
  robot_geom=gripper0_left_left_fingerpad_collision, other_geom=scene_aabb_proxy_line_6_center_machine_module
  robot_geom=gripper0_left_left_fingerpad_collision, other_geom=scene_aabb_proxy_line_6_center_machine_module
  ... 10 more contact pairs
judge_collision_detected:
robot_base_x: 12.650214
robot_base_y: 1.467663
robot_base_yaw: -3.133277
robot_geom: gripper0_left_left_fingerpad_collision
proxy_geom: scene_aabb_proxy_line_6_center_machine_module
judge_collision_detected:
robot_base_x: 12.650214
robot_base_y: 1.467663
robot_base_yaw: -3.133277
robot_geom: gripper0_left_left_fingertip_collision
proxy_geom: scene_aabb_proxy_line_6_center_machine_module
judge_collision_detected:
robot_base_x: 12.650214
robot_base_y: 1.467663
robot_base_yaw: -3.133277
robot_geom: gripper0_left_right_fingerpad_collision
proxy_geom: scene_aabb_proxy_line_6_center_machine_module
judge_collision_detected:
robot_base_x: 12.650214
robot_base_y: 1.467663
robot_base_yaw: -3.133277
robot_geom: gripper0_left_right_fingertip_collision
proxy_geom: scene_aabb_proxy_line_6_center_machine_module
collision_detected:
  robot_geom=gripper0_left_left_inner_finger_collision, other_geom=scene_aabb_proxy_line_6_center_machine_module
  robot_geom=gripper0_left_left_fingertip_collision, other_geom=scene_aabb_proxy_line_6_center_machine_module
  robot_geom=gripper0_left_left_fingertip_collision, other_geom=scene_aabb_proxy_line_6_center_machine_module
  robot_geom=gripper0_left_left_fingertip_collision, other_geom=scene_aabb_proxy_line_6_center_machine_module
  robot_geom=gripper0_left_left_fingertip_collision, other_geom=scene_aabb_proxy_line_6_center_machine_module
  robot_geom=gripper0_left_left_fingerpad_collision, other_geom=scene_aabb_proxy_line_6_center_machine_module
  robot_geom=gripper0_left_left_fingerpad_collision, other_geom=scene_aabb_proxy_line_6_center_machine_module
  robot_geom=gripper0_left_left_fingerpad_collision, other_geom=scene_aabb_proxy_line_6_center_machine_module
  ... 10 more contact pairs
judge_collision_detected:
robot_base_x: 12.650239
robot_base_y: 1.445165
robot_base_yaw: -3.133143
robot_geom: gripper0_left_left_fingerpad_collision
proxy_geom: scene_aabb_proxy_line_6_center_machine_module
judge_collision_detected:
robot_base_x: 12.650239
robot_base_y: 1.445165
robot_base_yaw: -3.133143
robot_geom: gripper0_left_left_fingertip_collision
proxy_geom: scene_aabb_proxy_line_6_center_machine_module
judge_collision_detected:
robot_base_x: 12.650239
robot_base_y: 1.445165
robot_base_yaw: -3.133143
robot_geom: gripper0_left_right_fingerpad_collision
proxy_geom: scene_aabb_proxy_line_6_center_machine_module
judge_collision_detected:
robot_base_x: 12.650239
robot_base_y: 1.445165
robot_base_yaw: -3.133143
robot_geom: gripper0_left_right_fingertip_collision
proxy_geom: scene_aabb_proxy_line_6_center_machine_module
collision_detected:
  robot_geom=gripper0_left_left_inner_finger_collision, other_geom=scene_aabb_proxy_line_6_center_machine_module
  robot_geom=gripper0_left_left_fingertip_collision, other_geom=scene_aabb_proxy_line_6_center_machine_module
  robot_geom=gripper0_left_left_fingertip_collision, other_geom=scene_aabb_proxy_line_6_center_machine_module
  robot_geom=gripper0_left_left_fingertip_collision, other_geom=scene_aabb_proxy_line_6_center_machine_module
  robot_geom=gripper0_left_left_fingertip_collision, other_geom=scene_aabb_proxy_line_6_center_machine_module
  robot_geom=gripper0_left_left_fingerpad_collision, other_geom=scene_aabb_proxy_line_6_center_machine_module
  robot_geom=gripper0_left_left_fingerpad_collision, other_geom=scene_aabb_proxy_line_6_center_machine_module
  robot_geom=gripper0_left_left_fingerpad_collision, other_geom=scene_aabb_proxy_line_6_center_machine_module
  ... 10 more contact pairs
judge_collision_detected:
robot_base_x: 12.650262
robot_base_y: 1.422667
robot_base_yaw: -3.133010
robot_geom: gripper0_left_left_fingerpad_collision
proxy_geom: scene_aabb_proxy_line_6_center_machine_module
judge_collision_detected:
robot_base_x: 12.650262
robot_base_y: 1.422667
robot_base_yaw: -3.133010
robot_geom: gripper0_left_left_fingertip_collision
proxy_geom: scene_aabb_proxy_line_6_center_machine_module
judge_collision_detected:
robot_base_x: 12.650262
robot_base_y: 1.422667
robot_base_yaw: -3.133010
robot_geom: gripper0_left_right_fingerpad_collision
proxy_geom: scene_aabb_proxy_line_6_center_machine_module
judge_collision_detected:
robot_base_x: 12.650262
robot_base_y: 1.422667
robot_base_yaw: -3.133010
robot_geom: gripper0_left_right_fingertip_collision
proxy_geom: scene_aabb_proxy_line_6_center_machine_module
collision_detected:
  robot_geom=gripper0_left_left_inner_finger_collision, other_geom=scene_aabb_proxy_line_6_center_machine_module
  robot_geom=gripper0_left_left_fingertip_collision, other_geom=scene_aabb_proxy_line_6_center_machine_module
  robot_geom=gripper0_left_left_fingertip_collision, other_geom=scene_aabb_proxy_line_6_center_machine_module
  robot_geom=gripper0_left_left_fingertip_collision, other_geom=scene_aabb_proxy_line_6_center_machine_module
  robot_geom=gripper0_left_left_fingertip_collision, other_geom=scene_aabb_proxy_line_6_center_machine_module
  robot_geom=gripper0_left_left_fingerpad_collision, other_geom=scene_aabb_proxy_line_6_center_machine_module
  robot_geom=gripper0_left_left_fingerpad_collision, other_geom=scene_aabb_proxy_line_6_center_machine_module
  robot_geom=gripper0_left_left_fingerpad_collision, other_geom=scene_aabb_proxy_line_6_center_machine_module
  ... 10 more contact pairs
judge_collision_detected:
robot_base_x: 12.650281
robot_base_y: 1.400170
robot_base_yaw: -3.132877
robot_geom: gripper0_left_left_fingerpad_collision
proxy_geom: scene_aabb_proxy_line_6_center_machine_module
judge_collision_detected:
robot_base_x: 12.650281
robot_base_y: 1.400170
robot_base_yaw: -3.132877
robot_geom: gripper0_left_left_fingertip_collision
proxy_geom: scene_aabb_proxy_line_6_center_machine_module
judge_collision_detected:
robot_base_x: 12.650281
robot_base_y: 1.400170
robot_base_yaw: -3.132877
robot_geom: gripper0_left_right_fingerpad_collision
proxy_geom: scene_aabb_proxy_line_6_center_machine_module
judge_collision_detected:
robot_base_x: 12.650281
robot_base_y: 1.400170
robot_base_yaw: -3.132877
robot_geom: gripper0_left_right_fingertip_collision
proxy_geom: scene_aabb_proxy_line_6_center_machine_module
collision_detected:
  robot_geom=gripper0_left_left_inner_finger_collision, other_geom=scene_aabb_proxy_line_6_center_machine_module
  robot_geom=gripper0_left_left_fingertip_collision, other_geom=scene_aabb_proxy_line_6_center_machine_module
  robot_geom=gripper0_left_left_fingertip_collision, other_geom=scene_aabb_proxy_line_6_center_machine_module
  robot_geom=gripper0_left_left_fingertip_collision, other_geom=scene_aabb_proxy_line_6_center_machine_module
  robot_geom=gripper0_left_left_fingertip_collision, other_geom=scene_aabb_proxy_line_6_center_machine_module
  robot_geom=gripper0_left_left_fingerpad_collision, other_geom=scene_aabb_proxy_line_6_center_machine_module
  robot_geom=gripper0_left_left_fingerpad_collision, other_geom=scene_aabb_proxy_line_6_center_machine_module
  robot_geom=gripper0_left_left_fingerpad_collision, other_geom=scene_aabb_proxy_line_6_center_machine_module
  ... 10 more contact pairs
judge_collision_detected:
robot_base_x: 12.650296
robot_base_y: 1.377672
robot_base_yaw: -3.132744
robot_geom: gripper0_left_left_fingerpad_collision
proxy_geom: scene_aabb_proxy_line_6_center_machine_module
judge_collision_detected:
robot_base_x: 12.650296
robot_base_y: 1.377672
robot_base_yaw: -3.132744
robot_geom: gripper0_left_left_fingertip_collision
proxy_geom: scene_aabb_proxy_line_6_center_machine_module
judge_collision_detected:
robot_base_x: 12.650296
robot_base_y: 1.377672
robot_base_yaw: -3.132744
robot_geom: gripper0_left_right_fingerpad_collision
proxy_geom: scene_aabb_proxy_line_6_center_machine_module
judge_collision_detected:
robot_base_x: 12.650296
robot_base_y: 1.377672
robot_base_yaw: -3.132744
robot_geom: gripper0_left_right_fingertip_collision
proxy_geom: scene_aabb_proxy_line_6_center_machine_module
collision_detected:
  robot_geom=gripper0_left_left_inner_finger_collision, other_geom=scene_aabb_proxy_line_6_center_machine_module
  robot_geom=gripper0_left_left_fingertip_collision, other_geom=scene_aabb_proxy_line_6_center_machine_module
  robot_geom=gripper0_left_left_fingertip_collision, other_geom=scene_aabb_proxy_line_6_center_machine_module
  robot_geom=gripper0_left_left_fingertip_collision, other_geom=scene_aabb_proxy_line_6_center_machine_module
  robot_geom=gripper0_left_left_fingertip_collision, other_geom=scene_aabb_proxy_line_6_center_machine_module
  robot_geom=gripper0_left_left_fingerpad_collision, other_geom=scene_aabb_proxy_line_6_center_machine_module
  robot_geom=gripper0_left_left_fingerpad_collision, other_geom=scene_aabb_proxy_line_6_center_machine_module
  robot_geom=gripper0_left_left_fingerpad_collision, other_geom=scene_aabb_proxy_line_6_center_machine_module
  ... 10 more contact pairs
judge_collision_detected:
robot_base_x: 12.650307
robot_base_y: 1.355174
robot_base_yaw: -3.132612
robot_geom: gripper0_left_left_fingerpad_collision
proxy_geom: scene_aabb_proxy_line_6_center_machine_module
judge_collision_detected:
robot_base_x: 12.650307
robot_base_y: 1.355174
robot_base_yaw: -3.132612
robot_geom: gripper0_left_left_fingertip_collision
proxy_geom: scene_aabb_proxy_line_6_center_machine_module
judge_collision_detected:
robot_base_x: 12.650307
robot_base_y: 1.355174
robot_base_yaw: -3.132612
robot_geom: gripper0_left_right_fingerpad_collision
proxy_geom: scene_aabb_proxy_line_6_center_machine_module
judge_collision_detected:
robot_base_x: 12.650307
robot_base_y: 1.355174
robot_base_yaw: -3.132612
robot_geom: gripper0_left_right_fingertip_collision
proxy_geom: scene_aabb_proxy_line_6_center_machine_module
collision_detected:
  robot_geom=gripper0_left_left_inner_finger_collision, other_geom=scene_aabb_proxy_line_6_center_machine_module
  robot_geom=gripper0_left_left_fingertip_collision, other_geom=scene_aabb_proxy_line_6_center_machine_module
  robot_geom=gripper0_left_left_fingertip_collision, other_geom=scene_aabb_proxy_line_6_center_machine_module
  robot_geom=gripper0_left_left_fingertip_collision, other_geom=scene_aabb_proxy_line_6_center_machine_module
  robot_geom=gripper0_left_left_fingertip_collision, other_geom=scene_aabb_proxy_line_6_center_machine_module
  robot_geom=gripper0_left_left_fingerpad_collision, other_geom=scene_aabb_proxy_line_6_center_machine_module
  robot_geom=gripper0_left_left_fingerpad_collision, other_geom=scene_aabb_proxy_line_6_center_machine_module
  robot_geom=gripper0_left_left_fingerpad_collision, other_geom=scene_aabb_proxy_line_6_center_machine_module
  ... 10 more contact pairs
judge_collision_detected:
robot_base_x: 12.650314
robot_base_y: 1.332676
robot_base_yaw: -3.132479
robot_geom: gripper0_left_left_fingerpad_collision
proxy_geom: scene_aabb_proxy_line_6_center_machine_module
judge_collision_detected:
robot_base_x: 12.650314
robot_base_y: 1.332676
robot_base_yaw: -3.132479
robot_geom: gripper0_left_left_fingertip_collision
proxy_geom: scene_aabb_proxy_line_6_center_machine_module
judge_collision_detected:
robot_base_x: 12.650314
robot_base_y: 1.332676
robot_base_yaw: -3.132479
robot_geom: gripper0_left_right_fingerpad_collision
proxy_geom: scene_aabb_proxy_line_6_center_machine_module
judge_collision_detected:
robot_base_x: 12.650314
robot_base_y: 1.332676
robot_base_yaw: -3.132479
robot_geom: gripper0_left_right_fingertip_collision
proxy_geom: scene_aabb_proxy_line_6_center_machine_module
collision_detected:
  robot_geom=gripper0_left_left_inner_finger_collision, other_geom=scene_aabb_proxy_line_6_center_machine_module
  robot_geom=gripper0_left_left_fingertip_collision, other_geom=scene_aabb_proxy_line_6_center_machine_module
  robot_geom=gripper0_left_left_fingertip_collision, other_geom=scene_aabb_proxy_line_6_center_machine_module
  robot_geom=gripper0_left_left_fingertip_collision, other_geom=scene_aabb_proxy_line_6_center_machine_module
  robot_geom=gripper0_left_left_fingertip_collision, other_geom=scene_aabb_proxy_line_6_center_machine_module
  robot_geom=gripper0_left_left_fingerpad_collision, other_geom=scene_aabb_proxy_line_6_center_machine_module
  robot_geom=gripper0_left_left_fingerpad_collision, other_geom=scene_aabb_proxy_line_6_center_machine_module
  robot_geom=gripper0_left_left_fingerpad_collision, other_geom=scene_aabb_proxy_line_6_center_machine_module
  ... 10 more contact pairs
judge_collision_detected:
robot_base_x: 12.650316
robot_base_y: 1.310179
robot_base_yaw: -3.132347
robot_geom: gripper0_left_left_fingerpad_collision
proxy_geom: scene_aabb_proxy_line_6_center_machine_module
judge_collision_detected:
robot_base_x: 12.650316
robot_base_y: 1.310179
robot_base_yaw: -3.132347
robot_geom: gripper0_left_left_fingertip_collision
proxy_geom: scene_aabb_proxy_line_6_center_machine_module
judge_collision_detected:
robot_base_x: 12.650316
robot_base_y: 1.310179
robot_base_yaw: -3.132347
robot_geom: gripper0_left_right_fingerpad_collision
proxy_geom: scene_aabb_proxy_line_6_center_machine_module
judge_collision_detected:
robot_base_x: 12.650316
robot_base_y: 1.310179
robot_base_yaw: -3.132347
robot_geom: gripper0_left_right_fingertip_collision
proxy_geom: scene_aabb_proxy_line_6_center_machine_module
collision_detected:
  robot_geom=gripper0_left_left_inner_finger_collision, other_geom=scene_aabb_proxy_line_6_center_machine_module
  robot_geom=gripper0_left_left_fingertip_collision, other_geom=scene_aabb_proxy_line_6_center_machine_module
  robot_geom=gripper0_left_left_fingertip_collision, other_geom=scene_aabb_proxy_line_6_center_machine_module
  robot_geom=gripper0_left_left_fingertip_collision, other_geom=scene_aabb_proxy_line_6_center_machine_module
  robot_geom=gripper0_left_left_fingertip_collision, other_geom=scene_aabb_proxy_line_6_center_machine_module
  robot_geom=gripper0_left_left_fingerpad_collision, other_geom=scene_aabb_proxy_line_6_center_machine_module
  robot_geom=gripper0_left_left_fingerpad_collision, other_geom=scene_aabb_proxy_line_6_center_machine_module
  robot_geom=gripper0_left_left_fingerpad_collision, other_geom=scene_aabb_proxy_line_6_center_machine_module
  ... 10 more contact pairs
judge_collision_detected:
robot_base_x: 12.650312
robot_base_y: 1.287681
robot_base_yaw: -3.132215
robot_geom: gripper0_left_left_fingerpad_collision
proxy_geom: scene_aabb_proxy_line_6_center_machine_module
judge_collision_detected:
robot_base_x: 12.650312
robot_base_y: 1.287681
robot_base_yaw: -3.132215
robot_geom: gripper0_left_left_fingertip_collision
proxy_geom: scene_aabb_proxy_line_6_center_machine_module
judge_collision_detected:
robot_base_x: 12.650312
robot_base_y: 1.287681
robot_base_yaw: -3.132215
robot_geom: gripper0_left_right_fingerpad_collision
proxy_geom: scene_aabb_proxy_line_6_center_machine_module
judge_collision_detected:
robot_base_x: 12.650312
robot_base_y: 1.287681
robot_base_yaw: -3.132215
robot_geom: gripper0_left_right_fingertip_collision
proxy_geom: scene_aabb_proxy_line_6_center_machine_module
collision_detected:
  robot_geom=gripper0_left_left_inner_finger_collision, other_geom=scene_aabb_proxy_line_6_center_machine_module
  robot_geom=gripper0_left_left_fingertip_collision, other_geom=scene_aabb_proxy_line_6_center_machine_module
  robot_geom=gripper0_left_left_fingertip_collision, other_geom=scene_aabb_proxy_line_6_center_machine_module
  robot_geom=gripper0_left_left_fingertip_collision, other_geom=scene_aabb_proxy_line_6_center_machine_module
  robot_geom=gripper0_left_left_fingertip_collision, other_geom=scene_aabb_proxy_line_6_center_machine_module
  robot_geom=gripper0_left_left_fingerpad_collision, other_geom=scene_aabb_proxy_line_6_center_machine_module
  robot_geom=gripper0_left_left_fingerpad_collision, other_geom=scene_aabb_proxy_line_6_center_machine_module
  robot_geom=gripper0_left_left_fingerpad_collision, other_geom=scene_aabb_proxy_line_6_center_machine_module
  ... 10 more contact pairs
judge_collision_detected:
robot_base_x: 12.650302
robot_base_y: 1.265183
robot_base_yaw: -3.132083
robot_geom: gripper0_left_left_fingerpad_collision
proxy_geom: scene_aabb_proxy_line_6_center_machine_module
judge_collision_detected:
robot_base_x: 12.650302
robot_base_y: 1.265183
robot_base_yaw: -3.132083
robot_geom: gripper0_left_left_fingertip_collision
proxy_geom: scene_aabb_proxy_line_6_center_machine_module
judge_collision_detected:
robot_base_x: 12.650302
robot_base_y: 1.265183
robot_base_yaw: -3.132083
robot_geom: gripper0_left_right_fingerpad_collision
proxy_geom: scene_aabb_proxy_line_6_center_machine_module
judge_collision_detected:
robot_base_x: 12.650302
robot_base_y: 1.265183
robot_base_yaw: -3.132083
robot_geom: gripper0_left_right_fingertip_collision
proxy_geom: scene_aabb_proxy_line_6_center_machine_module
collision_detected:
  robot_geom=gripper0_left_left_inner_finger_collision, other_geom=scene_aabb_proxy_line_6_center_machine_module
  robot_geom=gripper0_left_left_fingertip_collision, other_geom=scene_aabb_proxy_line_6_center_machine_module
  robot_geom=gripper0_left_left_fingertip_collision, other_geom=scene_aabb_proxy_line_6_center_machine_module
  robot_geom=gripper0_left_left_fingertip_collision, other_geom=scene_aabb_proxy_line_6_center_machine_module
  robot_geom=gripper0_left_left_fingertip_collision, other_geom=scene_aabb_proxy_line_6_center_machine_module
  robot_geom=gripper0_left_left_fingerpad_collision, other_geom=scene_aabb_proxy_line_6_center_machine_module
  robot_geom=gripper0_left_left_fingerpad_collision, other_geom=scene_aabb_proxy_line_6_center_machine_module
  robot_geom=gripper0_left_left_fingerpad_collision, other_geom=scene_aabb_proxy_line_6_center_machine_module
  ... 10 more contact pairs
judge_collision_detected:
robot_base_x: 12.650283
robot_base_y: 1.242686
robot_base_yaw: -3.131951
robot_geom: gripper0_left_left_fingerpad_collision
proxy_geom: scene_aabb_proxy_line_6_center_machine_module
judge_collision_detected:
robot_base_x: 12.650283
robot_base_y: 1.242686
robot_base_yaw: -3.131951
robot_geom: gripper0_left_left_fingertip_collision
proxy_geom: scene_aabb_proxy_line_6_center_machine_module
judge_collision_detected:
robot_base_x: 12.650283
robot_base_y: 1.242686
robot_base_yaw: -3.131951
robot_geom: gripper0_left_right_fingerpad_collision
proxy_geom: scene_aabb_proxy_line_6_center_machine_module
judge_collision_detected:
robot_base_x: 12.650283
robot_base_y: 1.242686
robot_base_yaw: -3.131951
robot_geom: gripper0_left_right_fingertip_collision
proxy_geom: scene_aabb_proxy_line_6_center_machine_module
collision_detected:
  robot_geom=gripper0_left_left_inner_finger_collision, other_geom=scene_aabb_proxy_line_6_center_machine_module
  robot_geom=gripper0_left_left_fingertip_collision, other_geom=scene_aabb_proxy_line_6_center_machine_module
  robot_geom=gripper0_left_left_fingertip_collision, other_geom=scene_aabb_proxy_line_6_center_machine_module
  robot_geom=gripper0_left_left_fingertip_collision, other_geom=scene_aabb_proxy_line_6_center_machine_module
  robot_geom=gripper0_left_left_fingertip_collision, other_geom=scene_aabb_proxy_line_6_center_machine_module
  robot_geom=gripper0_left_left_fingerpad_collision, other_geom=scene_aabb_proxy_line_6_center_machine_module
  robot_geom=gripper0_left_left_fingerpad_collision, other_geom=scene_aabb_proxy_line_6_center_machine_module
  robot_geom=gripper0_left_left_fingerpad_collision, other_geom=scene_aabb_proxy_line_6_center_machine_module
  ... 10 more contact pairs
judge_collision_detected:
robot_base_x: 12.650255
robot_base_y: 1.220188
robot_base_yaw: -3.131819
robot_geom: gripper0_left_left_fingerpad_collision
proxy_geom: scene_aabb_proxy_line_6_center_machine_module
judge_collision_detected:
robot_base_x: 12.650255
robot_base_y: 1.220188
robot_base_yaw: -3.131819
robot_geom: gripper0_left_left_fingertip_collision
proxy_geom: scene_aabb_proxy_line_6_center_machine_module
judge_collision_detected:
robot_base_x: 12.650255
robot_base_y: 1.220188
robot_base_yaw: -3.131819
robot_geom: gripper0_left_right_fingerpad_collision
proxy_geom: scene_aabb_proxy_line_6_center_machine_module
judge_collision_detected:
robot_base_x: 12.650255
robot_base_y: 1.220188
robot_base_yaw: -3.131819
robot_geom: gripper0_left_right_fingertip_collision
proxy_geom: scene_aabb_proxy_line_6_center_machine_module
collision_detected:
  robot_geom=gripper0_left_left_inner_finger_collision, other_geom=scene_aabb_proxy_line_6_center_machine_module
  robot_geom=gripper0_left_left_fingertip_collision, other_geom=scene_aabb_proxy_line_6_center_machine_module
  robot_geom=gripper0_left_left_fingertip_collision, other_geom=scene_aabb_proxy_line_6_center_machine_module
  robot_geom=gripper0_left_left_fingertip_collision, other_geom=scene_aabb_proxy_line_6_center_machine_module
  robot_geom=gripper0_left_left_fingertip_collision, other_geom=scene_aabb_proxy_line_6_center_machine_module
  robot_geom=gripper0_left_left_fingerpad_collision, other_geom=scene_aabb_proxy_line_6_center_machine_module
  robot_geom=gripper0_left_left_fingerpad_collision, other_geom=scene_aabb_proxy_line_6_center_machine_module
  robot_geom=gripper0_left_left_fingerpad_collision, other_geom=scene_aabb_proxy_line_6_center_machine_module
  ... 10 more contact pairs
judge_collision_detected:
robot_base_x: 12.650213
robot_base_y: 1.197691
robot_base_yaw: -3.131688
robot_geom: gripper0_left_left_fingerpad_collision
proxy_geom: scene_aabb_proxy_line_6_center_machine_module
judge_collision_detected:
robot_base_x: 12.650213
robot_base_y: 1.197691
robot_base_yaw: -3.131688
robot_geom: gripper0_left_left_fingertip_collision
proxy_geom: scene_aabb_proxy_line_6_center_machine_module
judge_collision_detected:
robot_base_x: 12.650213
robot_base_y: 1.197691
robot_base_yaw: -3.131688
robot_geom: gripper0_left_right_fingerpad_collision
proxy_geom: scene_aabb_proxy_line_6_center_machine_module
judge_collision_detected:
robot_base_x: 12.650213
robot_base_y: 1.197691
robot_base_yaw: -3.131688
robot_geom: gripper0_left_right_fingertip_collision
proxy_geom: scene_aabb_proxy_line_6_center_machine_module
collision_detected:
  robot_geom=gripper0_left_left_inner_finger_collision, other_geom=scene_aabb_proxy_line_6_center_machine_module
  robot_geom=gripper0_left_left_fingertip_collision, other_geom=scene_aabb_proxy_line_6_center_machine_module
  robot_geom=gripper0_left_left_fingertip_collision, other_geom=scene_aabb_proxy_line_6_center_machine_module
  robot_geom=gripper0_left_left_fingertip_collision, other_geom=scene_aabb_proxy_line_6_center_machine_module
  robot_geom=gripper0_left_left_fingertip_collision, other_geom=scene_aabb_proxy_line_6_center_machine_module
  robot_geom=gripper0_left_left_fingerpad_collision, other_geom=scene_aabb_proxy_line_6_center_machine_module
  robot_geom=gripper0_left_left_fingerpad_collision, other_geom=scene_aabb_proxy_line_6_center_machine_module
  robot_geom=gripper0_left_left_fingerpad_collision, other_geom=scene_aabb_proxy_line_6_center_machine_module
  ... 10 more contact pairs
judge_collision_detected:
robot_base_x: 12.650153
robot_base_y: 1.175193
robot_base_yaw: -3.131556
robot_geom: gripper0_left_left_fingerpad_collision
proxy_geom: scene_aabb_proxy_line_6_center_machine_module
judge_collision_detected:
robot_base_x: 12.650153
robot_base_y: 1.175193
robot_base_yaw: -3.131556
robot_geom: gripper0_left_left_fingertip_collision
proxy_geom: scene_aabb_proxy_line_6_center_machine_module
judge_collision_detected:
robot_base_x: 12.650153
robot_base_y: 1.175193
robot_base_yaw: -3.131556
robot_geom: gripper0_left_right_fingerpad_collision
proxy_geom: scene_aabb_proxy_line_6_center_machine_module
judge_collision_detected:
robot_base_x: 12.650153
robot_base_y: 1.175193
robot_base_yaw: -3.131556
robot_geom: gripper0_left_right_fingertip_collision
proxy_geom: scene_aabb_proxy_line_6_center_machine_module
collision_detected:
  robot_geom=gripper0_left_left_inner_finger_collision, other_geom=scene_aabb_proxy_line_6_center_machine_module
  robot_geom=gripper0_left_left_fingertip_collision, other_geom=scene_aabb_proxy_line_6_center_machine_module
  robot_geom=gripper0_left_left_fingertip_collision, other_geom=scene_aabb_proxy_line_6_center_machine_module
  robot_geom=gripper0_left_left_fingertip_collision, other_geom=scene_aabb_proxy_line_6_center_machine_module
  robot_geom=gripper0_left_left_fingertip_collision, other_geom=scene_aabb_proxy_line_6_center_machine_module
  robot_geom=gripper0_left_left_fingerpad_collision, other_geom=scene_aabb_proxy_line_6_center_machine_module
  robot_geom=gripper0_left_left_fingerpad_collision, other_geom=scene_aabb_proxy_line_6_center_machine_module
  robot_geom=gripper0_left_left_fingerpad_collision, other_geom=scene_aabb_proxy_line_6_center_machine_module
  ... 10 more contact pairs
judge_collision_detected:
robot_base_x: 12.650184
robot_base_y: 1.152695
robot_base_yaw: -3.131424
robot_geom: gripper0_left_left_fingerpad_collision
proxy_geom: scene_aabb_proxy_line_6_center_machine_module
judge_collision_detected:
robot_base_x: 12.650184
robot_base_y: 1.152695
robot_base_yaw: -3.131424
robot_geom: gripper0_left_left_fingertip_collision
proxy_geom: scene_aabb_proxy_line_6_center_machine_module
judge_collision_detected:
robot_base_x: 12.650184
robot_base_y: 1.152695
robot_base_yaw: -3.131424
robot_geom: gripper0_left_right_fingerpad_collision
proxy_geom: scene_aabb_proxy_line_6_center_machine_module
judge_collision_detected:
robot_base_x: 12.650184
robot_base_y: 1.152695
robot_base_yaw: -3.131424
robot_geom: gripper0_left_right_fingertip_collision
proxy_geom: scene_aabb_proxy_line_6_center_machine_module
collision_detected:
  robot_geom=gripper0_left_left_inner_finger_collision, other_geom=scene_aabb_proxy_line_6_center_machine_module
  robot_geom=gripper0_left_left_fingertip_collision, other_geom=scene_aabb_proxy_line_6_center_machine_module
  robot_geom=gripper0_left_left_fingertip_collision, other_geom=scene_aabb_proxy_line_6_center_machine_module
  robot_geom=gripper0_left_left_fingertip_collision, other_geom=scene_aabb_proxy_line_6_center_machine_module
  robot_geom=gripper0_left_left_fingertip_collision, other_geom=scene_aabb_proxy_line_6_center_machine_module
  robot_geom=gripper0_left_left_fingerpad_collision, other_geom=scene_aabb_proxy_line_6_center_machine_module
  robot_geom=gripper0_left_left_fingerpad_collision, other_geom=scene_aabb_proxy_line_6_center_machine_module
  robot_geom=gripper0_left_left_fingerpad_collision, other_geom=scene_aabb_proxy_line_6_center_machine_module
  ... 10 more contact pairs
judge_collision_detected:
robot_base_x: 12.650213
robot_base_y: 1.130198
robot_base_yaw: -3.131292
robot_geom: gripper0_left_left_fingerpad_collision
proxy_geom: scene_aabb_proxy_line_6_center_machine_module
judge_collision_detected:
robot_base_x: 12.650213
robot_base_y: 1.130198
robot_base_yaw: -3.131292
robot_geom: gripper0_left_left_fingertip_collision
proxy_geom: scene_aabb_proxy_line_6_center_machine_module
judge_collision_detected:
robot_base_x: 12.650213
robot_base_y: 1.130198
robot_base_yaw: -3.131292
robot_geom: gripper0_left_right_fingerpad_collision
proxy_geom: scene_aabb_proxy_line_6_center_machine_module
judge_collision_detected:
robot_base_x: 12.650213
robot_base_y: 1.130198
robot_base_yaw: -3.131292
robot_geom: gripper0_left_right_fingertip_collision
proxy_geom: scene_aabb_proxy_line_6_center_machine_module
collision_detected:
  robot_geom=gripper0_left_left_inner_finger_collision, other_geom=scene_aabb_proxy_line_6_center_machine_module
  robot_geom=gripper0_left_left_fingertip_collision, other_geom=scene_aabb_proxy_line_6_center_machine_module
  robot_geom=gripper0_left_left_fingertip_collision, other_geom=scene_aabb_proxy_line_6_center_machine_module
  robot_geom=gripper0_left_left_fingertip_collision, other_geom=scene_aabb_proxy_line_6_center_machine_module
  robot_geom=gripper0_left_left_fingertip_collision, other_geom=scene_aabb_proxy_line_6_center_machine_module
  robot_geom=gripper0_left_left_fingerpad_collision, other_geom=scene_aabb_proxy_line_6_center_machine_module
  robot_geom=gripper0_left_left_fingerpad_collision, other_geom=scene_aabb_proxy_line_6_center_machine_module
  robot_geom=gripper0_left_left_fingerpad_collision, other_geom=scene_aabb_proxy_line_6_center_machine_module
  ... 10 more contact pairs
judge_collision_detected:
robot_base_x: 12.650239
robot_base_y: 1.107700
robot_base_yaw: -3.131161
robot_geom: gripper0_left_left_fingerpad_collision
proxy_geom: scene_aabb_proxy_line_6_center_machine_module
judge_collision_detected:
robot_base_x: 12.650239
robot_base_y: 1.107700
robot_base_yaw: -3.131161
robot_geom: gripper0_left_left_fingertip_collision
proxy_geom: scene_aabb_proxy_line_6_center_machine_module
judge_collision_detected:
robot_base_x: 12.650239
robot_base_y: 1.107700
robot_base_yaw: -3.131161
robot_geom: gripper0_left_right_fingerpad_collision
proxy_geom: scene_aabb_proxy_line_6_center_machine_module
judge_collision_detected:
robot_base_x: 12.650239
robot_base_y: 1.107700
robot_base_yaw: -3.131161
robot_geom: gripper0_left_right_fingertip_collision
proxy_geom: scene_aabb_proxy_line_6_center_machine_module
collision_detected:
  robot_geom=gripper0_left_left_inner_finger_collision, other_geom=scene_aabb_proxy_line_6_center_machine_module
  robot_geom=gripper0_left_left_fingertip_collision, other_geom=scene_aabb_proxy_line_6_center_machine_module
  robot_geom=gripper0_left_left_fingertip_collision, other_geom=scene_aabb_proxy_line_6_center_machine_module
  robot_geom=gripper0_left_left_fingertip_collision, other_geom=scene_aabb_proxy_line_6_center_machine_module
  robot_geom=gripper0_left_left_fingertip_collision, other_geom=scene_aabb_proxy_line_6_center_machine_module
  robot_geom=gripper0_left_left_fingerpad_collision, other_geom=scene_aabb_proxy_line_6_center_machine_module
  robot_geom=gripper0_left_left_fingerpad_collision, other_geom=scene_aabb_proxy_line_6_center_machine_module
  robot_geom=gripper0_left_left_fingerpad_collision, other_geom=scene_aabb_proxy_line_6_center_machine_module
  ... 10 more contact pairs
judge_collision_detected:
robot_base_x: 12.650262
robot_base_y: 1.085203
robot_base_yaw: -3.131029
robot_geom: gripper0_left_left_fingerpad_collision
proxy_geom: scene_aabb_proxy_line_6_center_machine_module
judge_collision_detected:
robot_base_x: 12.650262
robot_base_y: 1.085203
robot_base_yaw: -3.131029
robot_geom: gripper0_left_left_fingertip_collision
proxy_geom: scene_aabb_proxy_line_6_center_machine_module
judge_collision_detected:
robot_base_x: 12.650262
robot_base_y: 1.085203
robot_base_yaw: -3.131029
robot_geom: gripper0_left_right_fingerpad_collision
proxy_geom: scene_aabb_proxy_line_6_center_machine_module
judge_collision_detected:
robot_base_x: 12.650262
robot_base_y: 1.085203
robot_base_yaw: -3.131029
robot_geom: gripper0_left_right_fingertip_collision
proxy_geom: scene_aabb_proxy_line_6_center_machine_module
collision_detected:
  robot_geom=gripper0_left_left_inner_finger_collision, other_geom=scene_aabb_proxy_line_6_center_machine_module
  robot_geom=gripper0_left_left_fingertip_collision, other_geom=scene_aabb_proxy_line_6_center_machine_module
  robot_geom=gripper0_left_left_fingertip_collision, other_geom=scene_aabb_proxy_line_6_center_machine_module
  robot_geom=gripper0_left_left_fingertip_collision, other_geom=scene_aabb_proxy_line_6_center_machine_module
  robot_geom=gripper0_left_left_fingertip_collision, other_geom=scene_aabb_proxy_line_6_center_machine_module
  robot_geom=gripper0_left_left_fingerpad_collision, other_geom=scene_aabb_proxy_line_6_center_machine_module
  robot_geom=gripper0_left_left_fingerpad_collision, other_geom=scene_aabb_proxy_line_6_center_machine_module
  robot_geom=gripper0_left_left_fingerpad_collision, other_geom=scene_aabb_proxy_line_6_center_machine_module
  ... 10 more contact pairs
judge_collision_detected:
robot_base_x: 12.650282
robot_base_y: 1.062705
robot_base_yaw: -3.130898
robot_geom: gripper0_left_left_fingerpad_collision
proxy_geom: scene_aabb_proxy_line_6_center_machine_module
judge_collision_detected:
robot_base_x: 12.650282
robot_base_y: 1.062705
robot_base_yaw: -3.130898
robot_geom: gripper0_left_left_fingertip_collision
proxy_geom: scene_aabb_proxy_line_6_center_machine_module
judge_collision_detected:
robot_base_x: 12.650282
robot_base_y: 1.062705
robot_base_yaw: -3.130898
robot_geom: gripper0_left_right_fingerpad_collision
proxy_geom: scene_aabb_proxy_line_6_center_machine_module
judge_collision_detected:
robot_base_x: 12.650282
robot_base_y: 1.062705
robot_base_yaw: -3.130898
robot_geom: gripper0_left_right_fingertip_collision
proxy_geom: scene_aabb_proxy_line_6_center_machine_module
collision_detected:
  robot_geom=gripper0_left_left_inner_finger_collision, other_geom=scene_aabb_proxy_line_6_center_machine_module
  robot_geom=gripper0_left_left_fingertip_collision, other_geom=scene_aabb_proxy_line_6_center_machine_module
  robot_geom=gripper0_left_left_fingertip_collision, other_geom=scene_aabb_proxy_line_6_center_machine_module
  robot_geom=gripper0_left_left_fingertip_collision, other_geom=scene_aabb_proxy_line_6_center_machine_module
  robot_geom=gripper0_left_left_fingertip_collision, other_geom=scene_aabb_proxy_line_6_center_machine_module
  robot_geom=gripper0_left_left_fingerpad_collision, other_geom=scene_aabb_proxy_line_6_center_machine_module
  robot_geom=gripper0_left_left_fingerpad_collision, other_geom=scene_aabb_proxy_line_6_center_machine_module
  robot_geom=gripper0_left_left_fingerpad_collision, other_geom=scene_aabb_proxy_line_6_center_machine_module
  ... 10 more contact pairs
judge_collision_detected:
robot_base_x: 12.650298
robot_base_y: 1.040207
robot_base_yaw: -3.130767
robot_geom: gripper0_left_left_fingerpad_collision
proxy_geom: scene_aabb_proxy_line_6_center_machine_module
judge_collision_detected:
robot_base_x: 12.650298
robot_base_y: 1.040207
robot_base_yaw: -3.130767
robot_geom: gripper0_left_left_fingertip_collision
proxy_geom: scene_aabb_proxy_line_6_center_machine_module
judge_collision_detected:
robot_base_x: 12.650298
robot_base_y: 1.040207
robot_base_yaw: -3.130767
robot_geom: gripper0_left_right_fingerpad_collision
proxy_geom: scene_aabb_proxy_line_6_center_machine_module
judge_collision_detected:
robot_base_x: 12.650298
robot_base_y: 1.040207
robot_base_yaw: -3.130767
robot_geom: gripper0_left_right_fingertip_collision
proxy_geom: scene_aabb_proxy_line_6_center_machine_module
collision_detected:
  robot_geom=gripper0_left_left_inner_finger_collision, other_geom=scene_aabb_proxy_line_6_center_machine_module
  robot_geom=gripper0_left_left_fingertip_collision, other_geom=scene_aabb_proxy_line_6_center_machine_module
  robot_geom=gripper0_left_left_fingertip_collision, other_geom=scene_aabb_proxy_line_6_center_machine_module
  robot_geom=gripper0_left_left_fingertip_collision, other_geom=scene_aabb_proxy_line_6_center_machine_module
  robot_geom=gripper0_left_left_fingertip_collision, other_geom=scene_aabb_proxy_line_6_center_machine_module
  robot_geom=gripper0_left_left_fingerpad_collision, other_geom=scene_aabb_proxy_line_6_center_machine_module
  robot_geom=gripper0_left_left_fingerpad_collision, other_geom=scene_aabb_proxy_line_6_center_machine_module
  robot_geom=gripper0_left_left_fingerpad_collision, other_geom=scene_aabb_proxy_line_6_center_machine_module
  ... 10 more contact pairs
judge_collision_detected:
robot_base_x: 12.650310
robot_base_y: 1.017710
robot_base_yaw: -3.130636
robot_geom: gripper0_left_left_fingerpad_collision
proxy_geom: scene_aabb_proxy_line_6_center_machine_module
judge_collision_detected:
robot_base_x: 12.650310
robot_base_y: 1.017710
robot_base_yaw: -3.130636
robot_geom: gripper0_left_left_fingertip_collision
proxy_geom: scene_aabb_proxy_line_6_center_machine_module
judge_collision_detected:
robot_base_x: 12.650310
robot_base_y: 1.017710
robot_base_yaw: -3.130636
robot_geom: gripper0_left_right_fingerpad_collision
proxy_geom: scene_aabb_proxy_line_6_center_machine_module
judge_collision_detected:
robot_base_x: 12.650310
robot_base_y: 1.017710
robot_base_yaw: -3.130636
robot_geom: gripper0_left_right_fingertip_collision
proxy_geom: scene_aabb_proxy_line_6_center_machine_module
collision_detected:
  robot_geom=gripper0_left_left_inner_finger_collision, other_geom=scene_aabb_proxy_line_6_center_machine_module
  robot_geom=gripper0_left_left_fingertip_collision, other_geom=scene_aabb_proxy_line_6_center_machine_module
  robot_geom=gripper0_left_left_fingertip_collision, other_geom=scene_aabb_proxy_line_6_center_machine_module
  robot_geom=gripper0_left_left_fingertip_collision, other_geom=scene_aabb_proxy_line_6_center_machine_module
  robot_geom=gripper0_left_left_fingertip_collision, other_geom=scene_aabb_proxy_line_6_center_machine_module
  robot_geom=gripper0_left_left_fingerpad_collision, other_geom=scene_aabb_proxy_line_6_center_machine_module
  robot_geom=gripper0_left_left_fingerpad_collision, other_geom=scene_aabb_proxy_line_6_center_machine_module
  robot_geom=gripper0_left_left_fingerpad_collision, other_geom=scene_aabb_proxy_line_6_center_machine_module
  ... 10 more contact pairs
judge_collision_detected:
robot_base_x: 12.650319
robot_base_y: 0.995212
robot_base_yaw: -3.130506
robot_geom: gripper0_left_left_fingerpad_collision
proxy_geom: scene_aabb_proxy_line_6_center_machine_module
judge_collision_detected:
robot_base_x: 12.650319
robot_base_y: 0.995212
robot_base_yaw: -3.130506
robot_geom: gripper0_left_left_fingertip_collision
proxy_geom: scene_aabb_proxy_line_6_center_machine_module
judge_collision_detected:
robot_base_x: 12.650319
robot_base_y: 0.995212
robot_base_yaw: -3.130506
robot_geom: gripper0_left_right_fingerpad_collision
proxy_geom: scene_aabb_proxy_line_6_center_machine_module
judge_collision_detected:
robot_base_x: 12.650319
robot_base_y: 0.995212
robot_base_yaw: -3.130506
robot_geom: gripper0_left_right_fingertip_collision
proxy_geom: scene_aabb_proxy_line_6_center_machine_module
collision_detected:
  robot_geom=gripper0_left_left_inner_finger_collision, other_geom=scene_aabb_proxy_line_6_center_machine_module
  robot_geom=gripper0_left_left_fingertip_collision, other_geom=scene_aabb_proxy_line_6_center_machine_module
  robot_geom=gripper0_left_left_fingertip_collision, other_geom=scene_aabb_proxy_line_6_center_machine_module
  robot_geom=gripper0_left_left_fingertip_collision, other_geom=scene_aabb_proxy_line_6_center_machine_module
  robot_geom=gripper0_left_left_fingertip_collision, other_geom=scene_aabb_proxy_line_6_center_machine_module
  robot_geom=gripper0_left_left_fingerpad_collision, other_geom=scene_aabb_proxy_line_6_center_machine_module
  robot_geom=gripper0_left_left_fingerpad_collision, other_geom=scene_aabb_proxy_line_6_center_machine_module
  robot_geom=gripper0_left_left_fingerpad_collision, other_geom=scene_aabb_proxy_line_6_center_machine_module
  ... 10 more contact pairs
judge_collision_detected:
robot_base_x: 12.650322
robot_base_y: 0.972715
robot_base_yaw: -3.130375
robot_geom: gripper0_left_left_fingerpad_collision
proxy_geom: scene_aabb_proxy_line_6_center_machine_module
judge_collision_detected:
robot_base_x: 12.650322
robot_base_y: 0.972715
robot_base_yaw: -3.130375
robot_geom: gripper0_left_left_fingertip_collision
proxy_geom: scene_aabb_proxy_line_6_center_machine_module
judge_collision_detected:
robot_base_x: 12.650322
robot_base_y: 0.972715
robot_base_yaw: -3.130375
robot_geom: gripper0_left_right_fingerpad_collision
proxy_geom: scene_aabb_proxy_line_6_center_machine_module
judge_collision_detected:
robot_base_x: 12.650322
robot_base_y: 0.972715
robot_base_yaw: -3.130375
robot_geom: gripper0_left_right_fingertip_collision
proxy_geom: scene_aabb_proxy_line_6_center_machine_module
collision_detected:
  robot_geom=gripper0_left_left_inner_finger_collision, other_geom=scene_aabb_proxy_line_6_center_machine_module
  robot_geom=gripper0_left_left_fingertip_collision, other_geom=scene_aabb_proxy_line_6_center_machine_module
  robot_geom=gripper0_left_left_fingertip_collision, other_geom=scene_aabb_proxy_line_6_center_machine_module
  robot_geom=gripper0_left_left_fingertip_collision, other_geom=scene_aabb_proxy_line_6_center_machine_module
  robot_geom=gripper0_left_left_fingertip_collision, other_geom=scene_aabb_proxy_line_6_center_machine_module
  robot_geom=gripper0_left_left_fingerpad_collision, other_geom=scene_aabb_proxy_line_6_center_machine_module
  robot_geom=gripper0_left_left_fingerpad_collision, other_geom=scene_aabb_proxy_line_6_center_machine_module
  robot_geom=gripper0_left_left_fingerpad_collision, other_geom=scene_aabb_proxy_line_6_center_machine_module
  ... 10 more contact pairs
judge_collision_detected:
robot_base_x: 12.650320
robot_base_y: 0.950217
robot_base_yaw: -3.130245
robot_geom: gripper0_left_left_fingerpad_collision
proxy_geom: scene_aabb_proxy_line_6_center_machine_module
judge_collision_detected:
robot_base_x: 12.650320
robot_base_y: 0.950217
robot_base_yaw: -3.130245
robot_geom: gripper0_left_left_fingertip_collision
proxy_geom: scene_aabb_proxy_line_6_center_machine_module
judge_collision_detected:
robot_base_x: 12.650320
robot_base_y: 0.950217
robot_base_yaw: -3.130245
robot_geom: gripper0_left_right_fingerpad_collision
proxy_geom: scene_aabb_proxy_line_6_center_machine_module
judge_collision_detected:
robot_base_x: 12.650320
robot_base_y: 0.950217
robot_base_yaw: -3.130245
robot_geom: gripper0_left_right_fingertip_collision
proxy_geom: scene_aabb_proxy_line_6_center_machine_module
collision_detected:
  robot_geom=gripper0_left_left_inner_finger_collision, other_geom=scene_aabb_proxy_line_6_center_machine_module
  robot_geom=gripper0_left_left_fingertip_collision, other_geom=scene_aabb_proxy_line_6_center_machine_module
  robot_geom=gripper0_left_left_fingertip_collision, other_geom=scene_aabb_proxy_line_6_center_machine_module
  robot_geom=gripper0_left_left_fingertip_collision, other_geom=scene_aabb_proxy_line_6_center_machine_module
  robot_geom=gripper0_left_left_fingertip_collision, other_geom=scene_aabb_proxy_line_6_center_machine_module
  robot_geom=gripper0_left_left_fingerpad_collision, other_geom=scene_aabb_proxy_line_6_center_machine_module
  robot_geom=gripper0_left_left_fingerpad_collision, other_geom=scene_aabb_proxy_line_6_center_machine_module
  robot_geom=gripper0_left_left_fingerpad_collision, other_geom=scene_aabb_proxy_line_6_center_machine_module
  ... 10 more contact pairs
judge_collision_detected:
robot_base_x: 12.650313
robot_base_y: 0.927719
robot_base_yaw: -3.130115
robot_geom: gripper0_left_left_fingerpad_collision
proxy_geom: scene_aabb_proxy_line_6_center_machine_module
judge_collision_detected:
robot_base_x: 12.650313
robot_base_y: 0.927719
robot_base_yaw: -3.130115
robot_geom: gripper0_left_left_fingertip_collision
proxy_geom: scene_aabb_proxy_line_6_center_machine_module
judge_collision_detected:
robot_base_x: 12.650313
robot_base_y: 0.927719
robot_base_yaw: -3.130115
robot_geom: gripper0_left_right_fingerpad_collision
proxy_geom: scene_aabb_proxy_line_6_center_machine_module
judge_collision_detected:
robot_base_x: 12.650313
robot_base_y: 0.927719
robot_base_yaw: -3.130115
robot_geom: gripper0_left_right_fingertip_collision
proxy_geom: scene_aabb_proxy_line_6_center_machine_module
collision_detected:
  robot_geom=gripper0_left_left_inner_finger_collision, other_geom=scene_aabb_proxy_line_6_center_machine_module
  robot_geom=gripper0_left_left_fingertip_collision, other_geom=scene_aabb_proxy_line_6_center_machine_module
  robot_geom=gripper0_left_left_fingertip_collision, other_geom=scene_aabb_proxy_line_6_center_machine_module
  robot_geom=gripper0_left_left_fingertip_collision, other_geom=scene_aabb_proxy_line_6_center_machine_module
  robot_geom=gripper0_left_left_fingertip_collision, other_geom=scene_aabb_proxy_line_6_center_machine_module
  robot_geom=gripper0_left_left_fingerpad_collision, other_geom=scene_aabb_proxy_line_6_center_machine_module
  robot_geom=gripper0_left_left_fingerpad_collision, other_geom=scene_aabb_proxy_line_6_center_machine_module
  robot_geom=gripper0_left_left_fingerpad_collision, other_geom=scene_aabb_proxy_line_6_center_machine_module
  ... 10 more contact pairs
judge_collision_detected:
robot_base_x: 12.650298
robot_base_y: 0.905222
robot_base_yaw: -3.129985
robot_geom: gripper0_left_left_fingerpad_collision
proxy_geom: scene_aabb_proxy_line_6_center_machine_module
judge_collision_detected:
robot_base_x: 12.650298
robot_base_y: 0.905222
robot_base_yaw: -3.129985
robot_geom: gripper0_left_left_fingertip_collision
proxy_geom: scene_aabb_proxy_line_6_center_machine_module
judge_collision_detected:
robot_base_x: 12.650298
robot_base_y: 0.905222
robot_base_yaw: -3.129985
robot_geom: gripper0_left_right_fingerpad_collision
proxy_geom: scene_aabb_proxy_line_6_center_machine_module
judge_collision_detected:
robot_base_x: 12.650298
robot_base_y: 0.905222
robot_base_yaw: -3.129985
robot_geom: gripper0_left_right_fingertip_collision
proxy_geom: scene_aabb_proxy_line_6_center_machine_module
collision_detected:
  robot_geom=gripper0_left_left_inner_finger_collision, other_geom=scene_aabb_proxy_line_6_center_machine_module
  robot_geom=gripper0_left_left_fingertip_collision, other_geom=scene_aabb_proxy_line_6_center_machine_module
  robot_geom=gripper0_left_left_fingertip_collision, other_geom=scene_aabb_proxy_line_6_center_machine_module
  robot_geom=gripper0_left_left_fingertip_collision, other_geom=scene_aabb_proxy_line_6_center_machine_module
  robot_geom=gripper0_left_left_fingertip_collision, other_geom=scene_aabb_proxy_line_6_center_machine_module
  robot_geom=gripper0_left_left_fingerpad_collision, other_geom=scene_aabb_proxy_line_6_center_machine_module
  robot_geom=gripper0_left_left_fingerpad_collision, other_geom=scene_aabb_proxy_line_6_center_machine_module
  robot_geom=gripper0_left_left_fingerpad_collision, other_geom=scene_aabb_proxy_line_6_center_machine_module
  ... 10 more contact pairs
judge_collision_detected:
robot_base_x: 12.650274
robot_base_y: 0.882724
robot_base_yaw: -3.129855
robot_geom: gripper0_left_left_fingerpad_collision
proxy_geom: scene_aabb_proxy_line_6_center_machine_module
judge_collision_detected:
robot_base_x: 12.650274
robot_base_y: 0.882724
robot_base_yaw: -3.129855
robot_geom: gripper0_left_left_fingertip_collision
proxy_geom: scene_aabb_proxy_line_6_center_machine_module
judge_collision_detected:
robot_base_x: 12.650274
robot_base_y: 0.882724
robot_base_yaw: -3.129855
robot_geom: gripper0_left_right_fingerpad_collision
proxy_geom: scene_aabb_proxy_line_6_center_machine_module
judge_collision_detected:
robot_base_x: 12.650274
robot_base_y: 0.882724
robot_base_yaw: -3.129855
robot_geom: gripper0_left_right_fingertip_collision
proxy_geom: scene_aabb_proxy_line_6_center_machine_module
collision_detected:
  robot_geom=gripper0_left_left_inner_finger_collision, other_geom=scene_aabb_proxy_line_6_center_machine_module
  robot_geom=gripper0_left_left_fingertip_collision, other_geom=scene_aabb_proxy_line_6_center_machine_module
  robot_geom=gripper0_left_left_fingertip_collision, other_geom=scene_aabb_proxy_line_6_center_machine_module
  robot_geom=gripper0_left_left_fingertip_collision, other_geom=scene_aabb_proxy_line_6_center_machine_module
  robot_geom=gripper0_left_left_fingertip_collision, other_geom=scene_aabb_proxy_line_6_center_machine_module
  robot_geom=gripper0_left_left_fingerpad_collision, other_geom=scene_aabb_proxy_line_6_center_machine_module
  robot_geom=gripper0_left_left_fingerpad_collision, other_geom=scene_aabb_proxy_line_6_center_machine_module
  robot_geom=gripper0_left_left_fingerpad_collision, other_geom=scene_aabb_proxy_line_6_center_machine_module
  ... 10 more contact pairs
judge_collision_detected:
robot_base_x: 12.650240
robot_base_y: 0.860227
robot_base_yaw: -3.129725
robot_geom: gripper0_left_left_fingerpad_collision
proxy_geom: scene_aabb_proxy_line_6_center_machine_module
judge_collision_detected:
robot_base_x: 12.650240
robot_base_y: 0.860227
robot_base_yaw: -3.129725
robot_geom: gripper0_left_left_fingertip_collision
proxy_geom: scene_aabb_proxy_line_6_center_machine_module
judge_collision_detected:
robot_base_x: 12.650240
robot_base_y: 0.860227
robot_base_yaw: -3.129725
robot_geom: gripper0_left_right_fingerpad_collision
proxy_geom: scene_aabb_proxy_line_6_center_machine_module
judge_collision_detected:
robot_base_x: 12.650240
robot_base_y: 0.860227
robot_base_yaw: -3.129725
robot_geom: gripper0_left_right_fingertip_collision
proxy_geom: scene_aabb_proxy_line_6_center_machine_module
collision_detected:
  robot_geom=gripper0_left_left_inner_finger_collision, other_geom=scene_aabb_proxy_line_6_center_machine_module
  robot_geom=gripper0_left_left_fingertip_collision, other_geom=scene_aabb_proxy_line_6_center_machine_module
  robot_geom=gripper0_left_left_fingertip_collision, other_geom=scene_aabb_proxy_line_6_center_machine_module
  robot_geom=gripper0_left_left_fingertip_collision, other_geom=scene_aabb_proxy_line_6_center_machine_module
  robot_geom=gripper0_left_left_fingertip_collision, other_geom=scene_aabb_proxy_line_6_center_machine_module
  robot_geom=gripper0_left_left_fingerpad_collision, other_geom=scene_aabb_proxy_line_6_center_machine_module
  robot_geom=gripper0_left_left_fingerpad_collision, other_geom=scene_aabb_proxy_line_6_center_machine_module
  robot_geom=gripper0_left_left_fingerpad_collision, other_geom=scene_aabb_proxy_line_6_center_machine_module
  ... 10 more contact pairs
judge_collision_detected:
robot_base_x: 12.650190
robot_base_y: 0.837730
robot_base_yaw: -3.129595
robot_geom: gripper0_left_left_fingerpad_collision
proxy_geom: scene_aabb_proxy_line_6_center_machine_module
judge_collision_detected:
robot_base_x: 12.650190
robot_base_y: 0.837730
robot_base_yaw: -3.129595
robot_geom: gripper0_left_left_fingertip_collision
proxy_geom: scene_aabb_proxy_line_6_center_machine_module
judge_collision_detected:
robot_base_x: 12.650190
robot_base_y: 0.837730
robot_base_yaw: -3.129595
robot_geom: gripper0_left_right_fingerpad_collision
proxy_geom: scene_aabb_proxy_line_6_center_machine_module
judge_collision_detected:
robot_base_x: 12.650190
robot_base_y: 0.837730
robot_base_yaw: -3.129595
robot_geom: gripper0_left_right_fingertip_collision
proxy_geom: scene_aabb_proxy_line_6_center_machine_module
collision_detected:
  robot_geom=gripper0_left_left_inner_finger_collision, other_geom=scene_aabb_proxy_line_6_center_machine_module
  robot_geom=gripper0_left_left_fingertip_collision, other_geom=scene_aabb_proxy_line_6_center_machine_module
  robot_geom=gripper0_left_left_fingertip_collision, other_geom=scene_aabb_proxy_line_6_center_machine_module
  robot_geom=gripper0_left_left_fingertip_collision, other_geom=scene_aabb_proxy_line_6_center_machine_module
  robot_geom=gripper0_left_left_fingertip_collision, other_geom=scene_aabb_proxy_line_6_center_machine_module
  robot_geom=gripper0_left_left_fingerpad_collision, other_geom=scene_aabb_proxy_line_6_center_machine_module
  robot_geom=gripper0_left_left_fingerpad_collision, other_geom=scene_aabb_proxy_line_6_center_machine_module
  robot_geom=gripper0_left_left_fingerpad_collision, other_geom=scene_aabb_proxy_line_6_center_machine_module
  ... 10 more contact pairs
judge_collision_detected:
robot_base_x: 12.650116
robot_base_y: 0.815232
robot_base_yaw: -3.129465
robot_geom: gripper0_left_left_fingerpad_collision
proxy_geom: scene_aabb_proxy_line_6_center_machine_module
judge_collision_detected:
robot_base_x: 12.650116
robot_base_y: 0.815232
robot_base_yaw: -3.129465
robot_geom: gripper0_left_left_fingertip_collision
proxy_geom: scene_aabb_proxy_line_6_center_machine_module
judge_collision_detected:
robot_base_x: 12.650116
robot_base_y: 0.815232
robot_base_yaw: -3.129465
robot_geom: gripper0_left_right_fingerpad_collision
proxy_geom: scene_aabb_proxy_line_6_center_machine_module
judge_collision_detected:
robot_base_x: 12.650116
robot_base_y: 0.815232
robot_base_yaw: -3.129465
robot_geom: gripper0_left_right_fingertip_collision
proxy_geom: scene_aabb_proxy_line_6_center_machine_module
collision_detected:
  robot_geom=gripper0_left_left_inner_finger_collision, other_geom=scene_aabb_proxy_line_6_center_machine_module
  robot_geom=gripper0_left_left_fingertip_collision, other_geom=scene_aabb_proxy_line_6_center_machine_module
  robot_geom=gripper0_left_left_fingertip_collision, other_geom=scene_aabb_proxy_line_6_center_machine_module
  robot_geom=gripper0_left_left_fingertip_collision, other_geom=scene_aabb_proxy_line_6_center_machine_module
  robot_geom=gripper0_left_left_fingertip_collision, other_geom=scene_aabb_proxy_line_6_center_machine_module
  robot_geom=gripper0_left_left_fingerpad_collision, other_geom=scene_aabb_proxy_line_6_center_machine_module
  robot_geom=gripper0_left_left_fingerpad_collision, other_geom=scene_aabb_proxy_line_6_center_machine_module
  robot_geom=gripper0_left_left_fingerpad_collision, other_geom=scene_aabb_proxy_line_6_center_machine_module
  ... 10 more contact pairs
judge_collision_detected:
robot_base_x: 12.650150
robot_base_y: 0.792735
robot_base_yaw: -3.129335
robot_geom: gripper0_left_left_fingerpad_collision
proxy_geom: scene_aabb_proxy_line_6_center_machine_module
judge_collision_detected:
robot_base_x: 12.650150
robot_base_y: 0.792735
robot_base_yaw: -3.129335
robot_geom: gripper0_left_left_fingertip_collision
proxy_geom: scene_aabb_proxy_line_6_center_machine_module
judge_collision_detected:
robot_base_x: 12.650150
robot_base_y: 0.792735
robot_base_yaw: -3.129335
robot_geom: gripper0_left_right_fingerpad_collision
proxy_geom: scene_aabb_proxy_line_6_center_machine_module
judge_collision_detected:
robot_base_x: 12.650150
robot_base_y: 0.792735
robot_base_yaw: -3.129335
robot_geom: gripper0_left_right_fingertip_collision
proxy_geom: scene_aabb_proxy_line_6_center_machine_module
collision_detected:
  robot_geom=gripper0_left_left_inner_finger_collision, other_geom=scene_aabb_proxy_line_6_center_machine_module
  robot_geom=gripper0_left_left_fingertip_collision, other_geom=scene_aabb_proxy_line_6_center_machine_module
  robot_geom=gripper0_left_left_fingertip_collision, other_geom=scene_aabb_proxy_line_6_center_machine_module
  robot_geom=gripper0_left_left_fingertip_collision, other_geom=scene_aabb_proxy_line_6_center_machine_module
  robot_geom=gripper0_left_left_fingertip_collision, other_geom=scene_aabb_proxy_line_6_center_machine_module
  robot_geom=gripper0_left_left_fingerpad_collision, other_geom=scene_aabb_proxy_line_6_center_machine_module
  robot_geom=gripper0_left_left_fingerpad_collision, other_geom=scene_aabb_proxy_line_6_center_machine_module
  robot_geom=gripper0_left_left_fingerpad_collision, other_geom=scene_aabb_proxy_line_6_center_machine_module
  ... 10 more contact pairs
judge_collision_detected:
robot_base_x: 12.650182
robot_base_y: 0.770237
robot_base_yaw: -3.129205
robot_geom: gripper0_left_left_fingerpad_collision
proxy_geom: scene_aabb_proxy_line_6_center_machine_module
judge_collision_detected:
robot_base_x: 12.650182
robot_base_y: 0.770237
robot_base_yaw: -3.129205
robot_geom: gripper0_left_left_fingertip_collision
proxy_geom: scene_aabb_proxy_line_6_center_machine_module
judge_collision_detected:
robot_base_x: 12.650182
robot_base_y: 0.770237
robot_base_yaw: -3.129205
robot_geom: gripper0_left_right_fingerpad_collision
proxy_geom: scene_aabb_proxy_line_6_center_machine_module
judge_collision_detected:
robot_base_x: 12.650182
robot_base_y: 0.770237
robot_base_yaw: -3.129205
robot_geom: gripper0_left_right_fingertip_collision
proxy_geom: scene_aabb_proxy_line_6_center_machine_module
collision_detected:
  robot_geom=gripper0_left_left_inner_finger_collision, other_geom=scene_aabb_proxy_line_6_center_machine_module
  robot_geom=gripper0_left_left_fingertip_collision, other_geom=scene_aabb_proxy_line_6_center_machine_module
  robot_geom=gripper0_left_left_fingertip_collision, other_geom=scene_aabb_proxy_line_6_center_machine_module
  robot_geom=gripper0_left_left_fingertip_collision, other_geom=scene_aabb_proxy_line_6_center_machine_module
  robot_geom=gripper0_left_left_fingertip_collision, other_geom=scene_aabb_proxy_line_6_center_machine_module
  robot_geom=gripper0_left_left_fingerpad_collision, other_geom=scene_aabb_proxy_line_6_center_machine_module
  robot_geom=gripper0_left_left_fingerpad_collision, other_geom=scene_aabb_proxy_line_6_center_machine_module
  robot_geom=gripper0_left_left_fingerpad_collision, other_geom=scene_aabb_proxy_line_6_center_machine_module
  ... 10 more contact pairs
judge_collision_detected:
robot_base_x: 12.650211
robot_base_y: 0.747740
robot_base_yaw: -3.129075
robot_geom: gripper0_left_left_fingerpad_collision
proxy_geom: scene_aabb_proxy_line_6_center_machine_module
judge_collision_detected:
robot_base_x: 12.650211
robot_base_y: 0.747740
robot_base_yaw: -3.129075
robot_geom: gripper0_left_left_fingertip_collision
proxy_geom: scene_aabb_proxy_line_6_center_machine_module
judge_collision_detected:
robot_base_x: 12.650211
robot_base_y: 0.747740
robot_base_yaw: -3.129075
robot_geom: gripper0_left_right_fingerpad_collision
proxy_geom: scene_aabb_proxy_line_6_center_machine_module
judge_collision_detected:
robot_base_x: 12.650211
robot_base_y: 0.747740
robot_base_yaw: -3.129075
robot_geom: gripper0_left_right_fingertip_collision
proxy_geom: scene_aabb_proxy_line_6_center_machine_module
collision_detected:
  robot_geom=gripper0_left_left_inner_finger_collision, other_geom=scene_aabb_proxy_line_6_center_machine_module
  robot_geom=gripper0_left_left_fingertip_collision, other_geom=scene_aabb_proxy_line_6_center_machine_module
  robot_geom=gripper0_left_left_fingertip_collision, other_geom=scene_aabb_proxy_line_6_center_machine_module
  robot_geom=gripper0_left_left_fingertip_collision, other_geom=scene_aabb_proxy_line_6_center_machine_module
  robot_geom=gripper0_left_left_fingertip_collision, other_geom=scene_aabb_proxy_line_6_center_machine_module
  robot_geom=gripper0_left_left_fingerpad_collision, other_geom=scene_aabb_proxy_line_6_center_machine_module
  robot_geom=gripper0_left_left_fingerpad_collision, other_geom=scene_aabb_proxy_line_6_center_machine_module
  robot_geom=gripper0_left_left_fingerpad_collision, other_geom=scene_aabb_proxy_line_6_center_machine_module
  ... 10 more contact pairs
judge_collision_detected:
robot_base_x: 12.650238
robot_base_y: 0.725242
robot_base_yaw: -3.128946
robot_geom: gripper0_left_left_fingerpad_collision
proxy_geom: scene_aabb_proxy_line_6_center_machine_module
judge_collision_detected:
robot_base_x: 12.650238
robot_base_y: 0.725242
robot_base_yaw: -3.128946
robot_geom: gripper0_left_left_fingertip_collision
proxy_geom: scene_aabb_proxy_line_6_center_machine_module
judge_collision_detected:
robot_base_x: 12.650238
robot_base_y: 0.725242
robot_base_yaw: -3.128946
robot_geom: gripper0_left_right_fingerpad_collision
proxy_geom: scene_aabb_proxy_line_6_center_machine_module
judge_collision_detected:
robot_base_x: 12.650238
robot_base_y: 0.725242
robot_base_yaw: -3.128946
robot_geom: gripper0_left_right_fingertip_collision
proxy_geom: scene_aabb_proxy_line_6_center_machine_module
collision_detected:
  robot_geom=gripper0_left_left_inner_finger_collision, other_geom=scene_aabb_proxy_line_6_center_machine_module
  robot_geom=gripper0_left_left_fingertip_collision, other_geom=scene_aabb_proxy_line_6_center_machine_module
  robot_geom=gripper0_left_left_fingertip_collision, other_geom=scene_aabb_proxy_line_6_center_machine_module
  robot_geom=gripper0_left_left_fingertip_collision, other_geom=scene_aabb_proxy_line_6_center_machine_module
  robot_geom=gripper0_left_left_fingertip_collision, other_geom=scene_aabb_proxy_line_6_center_machine_module
  robot_geom=gripper0_left_left_fingerpad_collision, other_geom=scene_aabb_proxy_line_6_center_machine_module
  robot_geom=gripper0_left_left_fingerpad_collision, other_geom=scene_aabb_proxy_line_6_center_machine_module
  robot_geom=gripper0_left_left_fingerpad_collision, other_geom=scene_aabb_proxy_line_6_center_machine_module
  ... 10 more contact pairs
judge_collision_detected:
robot_base_x: 12.650262
robot_base_y: 0.702745
robot_base_yaw: -3.128816
robot_geom: gripper0_left_left_fingerpad_collision
proxy_geom: scene_aabb_proxy_line_6_center_machine_module
judge_collision_detected:
robot_base_x: 12.650262
robot_base_y: 0.702745
robot_base_yaw: -3.128816
robot_geom: gripper0_left_left_fingertip_collision
proxy_geom: scene_aabb_proxy_line_6_center_machine_module
judge_collision_detected:
robot_base_x: 12.650262
robot_base_y: 0.702745
robot_base_yaw: -3.128816
robot_geom: gripper0_left_right_fingerpad_collision
proxy_geom: scene_aabb_proxy_line_6_center_machine_module
judge_collision_detected:
robot_base_x: 12.650262
robot_base_y: 0.702745
robot_base_yaw: -3.128816
robot_geom: gripper0_left_right_fingertip_collision
proxy_geom: scene_aabb_proxy_line_6_center_machine_module
collision_detected:
  robot_geom=gripper0_left_left_inner_finger_collision, other_geom=scene_aabb_proxy_line_6_center_machine_module
  robot_geom=gripper0_left_left_fingertip_collision, other_geom=scene_aabb_proxy_line_6_center_machine_module
  robot_geom=gripper0_left_left_fingertip_collision, other_geom=scene_aabb_proxy_line_6_center_machine_module
  robot_geom=gripper0_left_left_fingertip_collision, other_geom=scene_aabb_proxy_line_6_center_machine_module
  robot_geom=gripper0_left_left_fingertip_collision, other_geom=scene_aabb_proxy_line_6_center_machine_module
  robot_geom=gripper0_left_left_fingerpad_collision, other_geom=scene_aabb_proxy_line_6_center_machine_module
  robot_geom=gripper0_left_left_fingerpad_collision, other_geom=scene_aabb_proxy_line_6_center_machine_module
  robot_geom=gripper0_left_left_fingerpad_collision, other_geom=scene_aabb_proxy_line_6_center_machine_module
  ... 10 more contact pairs
judge_collision_detected:
robot_base_x: 12.650282
robot_base_y: 0.680247
robot_base_yaw: -3.128687
robot_geom: gripper0_left_left_fingerpad_collision
proxy_geom: scene_aabb_proxy_line_6_center_machine_module
judge_collision_detected:
robot_base_x: 12.650282
robot_base_y: 0.680247
robot_base_yaw: -3.128687
robot_geom: gripper0_left_left_fingertip_collision
proxy_geom: scene_aabb_proxy_line_6_center_machine_module
judge_collision_detected:
robot_base_x: 12.650282
robot_base_y: 0.680247
robot_base_yaw: -3.128687
robot_geom: gripper0_left_right_fingerpad_collision
proxy_geom: scene_aabb_proxy_line_6_center_machine_module
judge_collision_detected:
robot_base_x: 12.650282
robot_base_y: 0.680247
robot_base_yaw: -3.128687
robot_geom: gripper0_left_right_fingertip_collision
proxy_geom: scene_aabb_proxy_line_6_center_machine_module
collision_detected:
  robot_geom=gripper0_left_left_inner_finger_collision, other_geom=scene_aabb_proxy_line_6_center_machine_module
  robot_geom=gripper0_left_left_fingertip_collision, other_geom=scene_aabb_proxy_line_6_center_machine_module
  robot_geom=gripper0_left_left_fingertip_collision, other_geom=scene_aabb_proxy_line_6_center_machine_module
  robot_geom=gripper0_left_left_fingertip_collision, other_geom=scene_aabb_proxy_line_6_center_machine_module
  robot_geom=gripper0_left_left_fingertip_collision, other_geom=scene_aabb_proxy_line_6_center_machine_module
  robot_geom=gripper0_left_left_fingerpad_collision, other_geom=scene_aabb_proxy_line_6_center_machine_module
  robot_geom=gripper0_left_left_fingerpad_collision, other_geom=scene_aabb_proxy_line_6_center_machine_module
  robot_geom=gripper0_left_left_fingerpad_collision, other_geom=scene_aabb_proxy_line_6_center_machine_module
  ... 10 more contact pairs
judge_collision_detected:
robot_base_x: 12.650300
robot_base_y: 0.657750
robot_base_yaw: -3.128558
robot_geom: gripper0_left_left_fingerpad_collision
proxy_geom: scene_aabb_proxy_line_6_center_machine_module
judge_collision_detected:
robot_base_x: 12.650300
robot_base_y: 0.657750
robot_base_yaw: -3.128558
robot_geom: gripper0_left_left_fingertip_collision
proxy_geom: scene_aabb_proxy_line_6_center_machine_module
judge_collision_detected:
robot_base_x: 12.650300
robot_base_y: 0.657750
robot_base_yaw: -3.128558
robot_geom: gripper0_left_right_fingerpad_collision
proxy_geom: scene_aabb_proxy_line_6_center_machine_module
judge_collision_detected:
robot_base_x: 12.650300
robot_base_y: 0.657750
robot_base_yaw: -3.128558
robot_geom: gripper0_left_right_fingertip_collision
proxy_geom: scene_aabb_proxy_line_6_center_machine_module
collision_detected:
  robot_geom=gripper0_left_left_inner_finger_collision, other_geom=scene_aabb_proxy_line_6_center_machine_module
  robot_geom=gripper0_left_left_fingertip_collision, other_geom=scene_aabb_proxy_line_6_center_machine_module
  robot_geom=gripper0_left_left_fingertip_collision, other_geom=scene_aabb_proxy_line_6_center_machine_module
  robot_geom=gripper0_left_left_fingertip_collision, other_geom=scene_aabb_proxy_line_6_center_machine_module
  robot_geom=gripper0_left_left_fingertip_collision, other_geom=scene_aabb_proxy_line_6_center_machine_module
  robot_geom=gripper0_left_left_fingerpad_collision, other_geom=scene_aabb_proxy_line_6_center_machine_module
  robot_geom=gripper0_left_left_fingerpad_collision, other_geom=scene_aabb_proxy_line_6_center_machine_module
  robot_geom=gripper0_left_left_fingerpad_collision, other_geom=scene_aabb_proxy_line_6_center_machine_module
  ... 10 more contact pairs
judge_collision_detected:
robot_base_x: 12.650314
robot_base_y: 0.635252
robot_base_yaw: -3.128429
robot_geom: gripper0_left_left_fingerpad_collision
proxy_geom: scene_aabb_proxy_line_6_center_machine_module
judge_collision_detected:
robot_base_x: 12.650314
robot_base_y: 0.635252
robot_base_yaw: -3.128429
robot_geom: gripper0_left_left_fingertip_collision
proxy_geom: scene_aabb_proxy_line_6_center_machine_module
judge_collision_detected:
robot_base_x: 12.650314
robot_base_y: 0.635252
robot_base_yaw: -3.128429
robot_geom: gripper0_left_right_fingerpad_collision
proxy_geom: scene_aabb_proxy_line_6_center_machine_module
judge_collision_detected:
robot_base_x: 12.650314
robot_base_y: 0.635252
robot_base_yaw: -3.128429
robot_geom: gripper0_left_right_fingertip_collision
proxy_geom: scene_aabb_proxy_line_6_center_machine_module
collision_detected:
  robot_geom=gripper0_left_left_inner_finger_collision, other_geom=scene_aabb_proxy_line_6_center_machine_module
  robot_geom=gripper0_left_left_fingertip_collision, other_geom=scene_aabb_proxy_line_6_center_machine_module
  robot_geom=gripper0_left_left_fingertip_collision, other_geom=scene_aabb_proxy_line_6_center_machine_module
  robot_geom=gripper0_left_left_fingertip_collision, other_geom=scene_aabb_proxy_line_6_center_machine_module
  robot_geom=gripper0_left_left_fingertip_collision, other_geom=scene_aabb_proxy_line_6_center_machine_module
  robot_geom=gripper0_left_left_fingerpad_collision, other_geom=scene_aabb_proxy_line_6_center_machine_module
  robot_geom=gripper0_left_left_fingerpad_collision, other_geom=scene_aabb_proxy_line_6_center_machine_module
  robot_geom=gripper0_left_left_fingerpad_collision, other_geom=scene_aabb_proxy_line_6_center_machine_module
  ... 10 more contact pairs
judge_collision_detected:
robot_base_x: 12.650324
robot_base_y: 0.612755
robot_base_yaw: -3.128301
robot_geom: gripper0_left_left_fingerpad_collision
proxy_geom: scene_aabb_proxy_line_6_center_machine_module
judge_collision_detected:
robot_base_x: 12.650324
robot_base_y: 0.612755
robot_base_yaw: -3.128301
robot_geom: gripper0_left_left_fingertip_collision
proxy_geom: scene_aabb_proxy_line_6_center_machine_module
judge_collision_detected:
robot_base_x: 12.650324
robot_base_y: 0.612755
robot_base_yaw: -3.128301
robot_geom: gripper0_left_right_fingerpad_collision
proxy_geom: scene_aabb_proxy_line_6_center_machine_module
judge_collision_detected:
robot_base_x: 12.650324
robot_base_y: 0.612755
robot_base_yaw: -3.128301
robot_geom: gripper0_left_right_fingertip_collision
proxy_geom: scene_aabb_proxy_line_6_center_machine_module
collision_detected:
  robot_geom=gripper0_left_left_inner_finger_collision, other_geom=scene_aabb_proxy_line_6_center_machine_module
  robot_geom=gripper0_left_left_fingertip_collision, other_geom=scene_aabb_proxy_line_6_center_machine_module
  robot_geom=gripper0_left_left_fingertip_collision, other_geom=scene_aabb_proxy_line_6_center_machine_module
  robot_geom=gripper0_left_left_fingertip_collision, other_geom=scene_aabb_proxy_line_6_center_machine_module
  robot_geom=gripper0_left_left_fingertip_collision, other_geom=scene_aabb_proxy_line_6_center_machine_module
  robot_geom=gripper0_left_left_fingerpad_collision, other_geom=scene_aabb_proxy_line_6_center_machine_module
  robot_geom=gripper0_left_left_fingerpad_collision, other_geom=scene_aabb_proxy_line_6_center_machine_module
  robot_geom=gripper0_left_left_fingerpad_collision, other_geom=scene_aabb_proxy_line_6_center_machine_module
  ... 10 more contact pairs
judge_collision_detected:
robot_base_x: 12.650329
robot_base_y: 0.590257
robot_base_yaw: -3.128172
robot_geom: gripper0_left_left_fingerpad_collision
proxy_geom: scene_aabb_proxy_line_6_center_machine_module
judge_collision_detected:
robot_base_x: 12.650329
robot_base_y: 0.590257
robot_base_yaw: -3.128172
robot_geom: gripper0_left_left_fingertip_collision
proxy_geom: scene_aabb_proxy_line_6_center_machine_module
judge_collision_detected:
robot_base_x: 12.650329
robot_base_y: 0.590257
robot_base_yaw: -3.128172
robot_geom: gripper0_left_right_fingerpad_collision
proxy_geom: scene_aabb_proxy_line_6_center_machine_module
judge_collision_detected:
robot_base_x: 12.650329
robot_base_y: 0.590257
robot_base_yaw: -3.128172
robot_geom: gripper0_left_right_fingertip_collision
proxy_geom: scene_aabb_proxy_line_6_center_machine_module
collision_detected:
  robot_geom=gripper0_left_left_inner_finger_collision, other_geom=scene_aabb_proxy_line_6_center_machine_module
  robot_geom=gripper0_left_left_fingertip_collision, other_geom=scene_aabb_proxy_line_6_center_machine_module
  robot_geom=gripper0_left_left_fingertip_collision, other_geom=scene_aabb_proxy_line_6_center_machine_module
  robot_geom=gripper0_left_left_fingertip_collision, other_geom=scene_aabb_proxy_line_6_center_machine_module
  robot_geom=gripper0_left_left_fingertip_collision, other_geom=scene_aabb_proxy_line_6_center_machine_module
  robot_geom=gripper0_left_left_fingerpad_collision, other_geom=scene_aabb_proxy_line_6_center_machine_module
  robot_geom=gripper0_left_left_fingerpad_collision, other_geom=scene_aabb_proxy_line_6_center_machine_module
  robot_geom=gripper0_left_left_fingerpad_collision, other_geom=scene_aabb_proxy_line_6_center_machine_module
  ... 10 more contact pairs
judge_collision_detected:
robot_base_x: 12.650330
robot_base_y: 0.567760
robot_base_yaw: -3.128044
robot_geom: gripper0_left_left_fingerpad_collision
proxy_geom: scene_aabb_proxy_line_6_center_machine_module
judge_collision_detected:
robot_base_x: 12.650330
robot_base_y: 0.567760
robot_base_yaw: -3.128044
robot_geom: gripper0_left_left_fingertip_collision
proxy_geom: scene_aabb_proxy_line_6_center_machine_module
judge_collision_detected:
robot_base_x: 12.650330
robot_base_y: 0.567760
robot_base_yaw: -3.128044
robot_geom: gripper0_left_right_fingerpad_collision
proxy_geom: scene_aabb_proxy_line_6_center_machine_module
judge_collision_detected:
robot_base_x: 12.650330
robot_base_y: 0.567760
robot_base_yaw: -3.128044
robot_geom: gripper0_left_right_fingertip_collision
proxy_geom: scene_aabb_proxy_line_6_center_machine_module
collision_detected:
  robot_geom=gripper0_left_left_inner_finger_collision, other_geom=scene_aabb_proxy_line_6_center_machine_module
  robot_geom=gripper0_left_left_fingertip_collision, other_geom=scene_aabb_proxy_line_6_center_machine_module
  robot_geom=gripper0_left_left_fingertip_collision, other_geom=scene_aabb_proxy_line_6_center_machine_module
  robot_geom=gripper0_left_left_fingertip_collision, other_geom=scene_aabb_proxy_line_6_center_machine_module
  robot_geom=gripper0_left_left_fingertip_collision, other_geom=scene_aabb_proxy_line_6_center_machine_module
  robot_geom=gripper0_left_left_fingerpad_collision, other_geom=scene_aabb_proxy_line_6_center_machine_module
  robot_geom=gripper0_left_left_fingerpad_collision, other_geom=scene_aabb_proxy_line_6_center_machine_module
  robot_geom=gripper0_left_left_fingerpad_collision, other_geom=scene_aabb_proxy_line_6_center_machine_module
  ... 10 more contact pairs
judge_collision_detected:
robot_base_x: 12.650326
robot_base_y: 0.545263
robot_base_yaw: -3.127916
robot_geom: gripper0_left_left_fingerpad_collision
proxy_geom: scene_aabb_proxy_line_6_center_machine_module
judge_collision_detected:
robot_base_x: 12.650326
robot_base_y: 0.545263
robot_base_yaw: -3.127916
robot_geom: gripper0_left_left_fingertip_collision
proxy_geom: scene_aabb_proxy_line_6_center_machine_module
judge_collision_detected:
robot_base_x: 12.650326
robot_base_y: 0.545263
robot_base_yaw: -3.127916
robot_geom: gripper0_left_right_fingerpad_collision
proxy_geom: scene_aabb_proxy_line_6_center_machine_module
judge_collision_detected:
robot_base_x: 12.650326
robot_base_y: 0.545263
robot_base_yaw: -3.127916
robot_geom: gripper0_left_right_fingertip_collision
proxy_geom: scene_aabb_proxy_line_6_center_machine_module
collision_detected:
  robot_geom=gripper0_left_left_inner_finger_collision, other_geom=scene_aabb_proxy_line_6_center_machine_module
  robot_geom=gripper0_left_left_fingertip_collision, other_geom=scene_aabb_proxy_line_6_center_machine_module
  robot_geom=gripper0_left_left_fingertip_collision, other_geom=scene_aabb_proxy_line_6_center_machine_module
  robot_geom=gripper0_left_left_fingertip_collision, other_geom=scene_aabb_proxy_line_6_center_machine_module
  robot_geom=gripper0_left_left_fingertip_collision, other_geom=scene_aabb_proxy_line_6_center_machine_module
  robot_geom=gripper0_left_left_fingerpad_collision, other_geom=scene_aabb_proxy_line_6_center_machine_module
  robot_geom=gripper0_left_left_fingerpad_collision, other_geom=scene_aabb_proxy_line_6_center_machine_module
  robot_geom=gripper0_left_left_fingerpad_collision, other_geom=scene_aabb_proxy_line_6_center_machine_module
  ... 10 more contact pairs
judge_collision_detected:
robot_base_x: 12.650315
robot_base_y: 0.522765
robot_base_yaw: -3.127788
robot_geom: gripper0_left_left_fingerpad_collision
proxy_geom: scene_aabb_proxy_line_6_center_machine_module
judge_collision_detected:
robot_base_x: 12.650315
robot_base_y: 0.522765
robot_base_yaw: -3.127788
robot_geom: gripper0_left_left_fingertip_collision
proxy_geom: scene_aabb_proxy_line_6_center_machine_module
judge_collision_detected:
robot_base_x: 12.650315
robot_base_y: 0.522765
robot_base_yaw: -3.127788
robot_geom: gripper0_left_right_fingerpad_collision
proxy_geom: scene_aabb_proxy_line_6_center_machine_module
judge_collision_detected:
robot_base_x: 12.650315
robot_base_y: 0.522765
robot_base_yaw: -3.127788
robot_geom: gripper0_left_right_fingertip_collision
proxy_geom: scene_aabb_proxy_line_6_center_machine_module
collision_detected:
  robot_geom=gripper0_left_left_inner_finger_collision, other_geom=scene_aabb_proxy_line_6_center_machine_module
  robot_geom=gripper0_left_left_fingertip_collision, other_geom=scene_aabb_proxy_line_6_center_machine_module
  robot_geom=gripper0_left_left_fingertip_collision, other_geom=scene_aabb_proxy_line_6_center_machine_module
  robot_geom=gripper0_left_left_fingertip_collision, other_geom=scene_aabb_proxy_line_6_center_machine_module
  robot_geom=gripper0_left_left_fingertip_collision, other_geom=scene_aabb_proxy_line_6_center_machine_module
  robot_geom=gripper0_left_left_fingerpad_collision, other_geom=scene_aabb_proxy_line_6_center_machine_module
  robot_geom=gripper0_left_left_fingerpad_collision, other_geom=scene_aabb_proxy_line_6_center_machine_module
  robot_geom=gripper0_left_left_fingerpad_collision, other_geom=scene_aabb_proxy_line_6_center_machine_module
  ... 10 more contact pairs
judge_collision_detected:
robot_base_x: 12.650297
robot_base_y: 0.500268
robot_base_yaw: -3.127660
robot_geom: gripper0_left_left_fingerpad_collision
proxy_geom: scene_aabb_proxy_line_6_center_machine_module
judge_collision_detected:
robot_base_x: 12.650297
robot_base_y: 0.500268
robot_base_yaw: -3.127660
robot_geom: gripper0_left_left_fingertip_collision
proxy_geom: scene_aabb_proxy_line_6_center_machine_module
judge_collision_detected:
robot_base_x: 12.650297
robot_base_y: 0.500268
robot_base_yaw: -3.127660
robot_geom: gripper0_left_right_fingertip_collision
proxy_geom: scene_aabb_proxy_line_6_center_machine_module
collision_detected:
  robot_geom=gripper0_left_left_inner_finger_collision, other_geom=scene_aabb_proxy_line_6_center_machine_module
  robot_geom=gripper0_left_left_fingertip_collision, other_geom=scene_aabb_proxy_line_6_center_machine_module
  robot_geom=gripper0_left_left_fingertip_collision, other_geom=scene_aabb_proxy_line_6_center_machine_module
  robot_geom=gripper0_left_left_fingertip_collision, other_geom=scene_aabb_proxy_line_6_center_machine_module
  robot_geom=gripper0_left_left_fingertip_collision, other_geom=scene_aabb_proxy_line_6_center_machine_module
  robot_geom=gripper0_left_left_fingerpad_collision, other_geom=scene_aabb_proxy_line_6_center_machine_module
  robot_geom=gripper0_left_left_fingerpad_collision, other_geom=scene_aabb_proxy_line_6_center_machine_module
  robot_geom=gripper0_left_left_fingerpad_collision, other_geom=scene_aabb_proxy_line_6_center_machine_module
  ... 10 more contact pairs
judge_collision_detected:
robot_base_x: 12.650270
robot_base_y: 0.477771
robot_base_yaw: -3.127532
robot_geom: gripper0_left_left_fingerpad_collision
proxy_geom: scene_aabb_proxy_line_6_center_machine_module
judge_collision_detected:
robot_base_x: 12.650270
robot_base_y: 0.477771
robot_base_yaw: -3.127532
robot_geom: gripper0_left_left_fingertip_collision
proxy_geom: scene_aabb_proxy_line_6_center_machine_module
judge_collision_detected:
robot_base_x: 12.650270
robot_base_y: 0.477771
robot_base_yaw: -3.127532
robot_geom: gripper0_left_right_fingertip_collision
proxy_geom: scene_aabb_proxy_line_6_center_machine_module
collision_detected:
  robot_geom=gripper0_left_left_inner_finger_collision, other_geom=scene_aabb_proxy_line_6_center_machine_module
  robot_geom=gripper0_left_left_fingertip_collision, other_geom=scene_aabb_proxy_line_6_center_machine_module
  robot_geom=gripper0_left_left_fingertip_collision, other_geom=scene_aabb_proxy_line_6_center_machine_module
  robot_geom=gripper0_left_left_fingertip_collision, other_geom=scene_aabb_proxy_line_6_center_machine_module
  robot_geom=gripper0_left_left_fingertip_collision, other_geom=scene_aabb_proxy_line_6_center_machine_module
  robot_geom=gripper0_left_left_fingerpad_collision, other_geom=scene_aabb_proxy_line_6_center_machine_module
  robot_geom=gripper0_left_left_fingerpad_collision, other_geom=scene_aabb_proxy_line_6_center_machine_module
  robot_geom=gripper0_left_left_fingerpad_collision, other_geom=scene_aabb_proxy_line_6_center_machine_module
  ... 10 more contact pairs
judge_collision_detected:
robot_base_x: 12.650232
robot_base_y: 0.455273
robot_base_yaw: -3.127405
robot_geom: gripper0_left_left_fingerpad_collision
proxy_geom: scene_aabb_proxy_line_6_center_machine_module
judge_collision_detected:
robot_base_x: 12.650232
robot_base_y: 0.455273
robot_base_yaw: -3.127405
robot_geom: gripper0_left_left_fingertip_collision
proxy_geom: scene_aabb_proxy_line_6_center_machine_module
judge_collision_detected:
robot_base_x: 12.650232
robot_base_y: 0.455273
robot_base_yaw: -3.127405
robot_geom: gripper0_left_right_fingertip_collision
proxy_geom: scene_aabb_proxy_line_6_center_machine_module
collision_detected:
  robot_geom=gripper0_left_left_inner_finger_collision, other_geom=scene_aabb_proxy_line_6_center_machine_module
  robot_geom=gripper0_left_left_fingertip_collision, other_geom=scene_aabb_proxy_line_6_center_machine_module
  robot_geom=gripper0_left_left_fingertip_collision, other_geom=scene_aabb_proxy_line_6_center_machine_module
  robot_geom=gripper0_left_left_fingertip_collision, other_geom=scene_aabb_proxy_line_6_center_machine_module
  robot_geom=gripper0_left_left_fingertip_collision, other_geom=scene_aabb_proxy_line_6_center_machine_module
  robot_geom=gripper0_left_left_fingerpad_collision, other_geom=scene_aabb_proxy_line_6_center_machine_module
  robot_geom=gripper0_left_left_fingerpad_collision, other_geom=scene_aabb_proxy_line_6_center_machine_module
  robot_geom=gripper0_left_left_fingerpad_collision, other_geom=scene_aabb_proxy_line_6_center_machine_module
  ... 10 more contact pairs
judge_collision_detected:
robot_base_x: 12.650177
robot_base_y: 0.432776
robot_base_yaw: -3.127277
robot_geom: gripper0_left_left_fingerpad_collision
proxy_geom: scene_aabb_proxy_line_6_center_machine_module
judge_collision_detected:
robot_base_x: 12.650177
robot_base_y: 0.432776
robot_base_yaw: -3.127277
robot_geom: gripper0_left_left_fingertip_collision
proxy_geom: scene_aabb_proxy_line_6_center_machine_module
judge_collision_detected:
robot_base_x: 12.650177
robot_base_y: 0.432776
robot_base_yaw: -3.127277
robot_geom: gripper0_left_right_fingertip_collision
proxy_geom: scene_aabb_proxy_line_6_center_machine_module
collision_detected:
  robot_geom=gripper0_left_left_inner_finger_collision, other_geom=scene_aabb_proxy_line_6_center_machine_module
  robot_geom=gripper0_left_left_fingertip_collision, other_geom=scene_aabb_proxy_line_6_center_machine_module
  robot_geom=gripper0_left_left_fingertip_collision, other_geom=scene_aabb_proxy_line_6_center_machine_module
  robot_geom=gripper0_left_left_fingertip_collision, other_geom=scene_aabb_proxy_line_6_center_machine_module
  robot_geom=gripper0_left_left_fingertip_collision, other_geom=scene_aabb_proxy_line_6_center_machine_module
  robot_geom=gripper0_left_left_fingerpad_collision, other_geom=scene_aabb_proxy_line_6_center_machine_module
  robot_geom=gripper0_left_left_fingerpad_collision, other_geom=scene_aabb_proxy_line_6_center_machine_module
  robot_geom=gripper0_left_left_fingerpad_collision, other_geom=scene_aabb_proxy_line_6_center_machine_module
  ... 10 more contact pairs
judge_collision_detected:
robot_base_x: 12.650095
robot_base_y: 0.410279
robot_base_yaw: -3.127149
robot_geom: gripper0_left_left_fingerpad_collision
proxy_geom: scene_aabb_proxy_line_6_center_machine_module
judge_collision_detected:
robot_base_x: 12.650095
robot_base_y: 0.410279
robot_base_yaw: -3.127149
robot_geom: gripper0_left_left_fingertip_collision
proxy_geom: scene_aabb_proxy_line_6_center_machine_module
judge_collision_detected:
robot_base_x: 12.650095
robot_base_y: 0.410279
robot_base_yaw: -3.127149
robot_geom: gripper0_left_right_fingertip_collision
proxy_geom: scene_aabb_proxy_line_6_center_machine_module
collision_detected:
  robot_geom=gripper0_left_left_inner_finger_collision, other_geom=scene_aabb_proxy_line_6_center_machine_module
  robot_geom=gripper0_left_left_fingertip_collision, other_geom=scene_aabb_proxy_line_6_center_machine_module
  robot_geom=gripper0_left_left_fingertip_collision, other_geom=scene_aabb_proxy_line_6_center_machine_module
  robot_geom=gripper0_left_left_fingertip_collision, other_geom=scene_aabb_proxy_line_6_center_machine_module
  robot_geom=gripper0_left_left_fingertip_collision, other_geom=scene_aabb_proxy_line_6_center_machine_module
  robot_geom=gripper0_left_left_fingerpad_collision, other_geom=scene_aabb_proxy_line_6_center_machine_module
  robot_geom=gripper0_left_left_fingerpad_collision, other_geom=scene_aabb_proxy_line_6_center_machine_module
  robot_geom=gripper0_left_left_fingerpad_collision, other_geom=scene_aabb_proxy_line_6_center_machine_module
  ... 10 more contact pairs
judge_collision_detected:
robot_base_x: 12.650129
robot_base_y: 0.387781
robot_base_yaw: -3.127021
robot_geom: gripper0_left_left_fingerpad_collision
proxy_geom: scene_aabb_proxy_line_6_center_machine_module
judge_collision_detected:
robot_base_x: 12.650129
robot_base_y: 0.387781
robot_base_yaw: -3.127021
robot_geom: gripper0_left_left_fingertip_collision
proxy_geom: scene_aabb_proxy_line_6_center_machine_module
judge_collision_detected:
robot_base_x: 12.650129
robot_base_y: 0.387781
robot_base_yaw: -3.127021
robot_geom: gripper0_left_right_fingerpad_collision
proxy_geom: scene_aabb_proxy_line_6_center_machine_module
judge_collision_detected:
robot_base_x: 12.650129
robot_base_y: 0.387781
robot_base_yaw: -3.127021
robot_geom: gripper0_left_right_fingertip_collision
proxy_geom: scene_aabb_proxy_line_6_center_machine_module
collision_detected:
  robot_geom=gripper0_left_left_inner_finger_collision, other_geom=scene_aabb_proxy_line_6_center_machine_module
  robot_geom=gripper0_left_left_fingertip_collision, other_geom=scene_aabb_proxy_line_6_center_machine_module
  robot_geom=gripper0_left_left_fingertip_collision, other_geom=scene_aabb_proxy_line_6_center_machine_module
  robot_geom=gripper0_left_left_fingertip_collision, other_geom=scene_aabb_proxy_line_6_center_machine_module
  robot_geom=gripper0_left_left_fingertip_collision, other_geom=scene_aabb_proxy_line_6_center_machine_module
  robot_geom=gripper0_left_left_fingerpad_collision, other_geom=scene_aabb_proxy_line_6_center_machine_module
  robot_geom=gripper0_left_left_fingerpad_collision, other_geom=scene_aabb_proxy_line_6_center_machine_module
  robot_geom=gripper0_left_left_fingerpad_collision, other_geom=scene_aabb_proxy_line_6_center_machine_module
  ... 10 more contact pairs
judge_collision_detected:
robot_base_x: 12.650160
robot_base_y: 0.365284
robot_base_yaw: -3.126893
robot_geom: gripper0_left_left_fingerpad_collision
proxy_geom: scene_aabb_proxy_line_6_center_machine_module
judge_collision_detected:
robot_base_x: 12.650160
robot_base_y: 0.365284
robot_base_yaw: -3.126893
robot_geom: gripper0_left_left_fingertip_collision
proxy_geom: scene_aabb_proxy_line_6_center_machine_module
judge_collision_detected:
robot_base_x: 12.650160
robot_base_y: 0.365284
robot_base_yaw: -3.126893
robot_geom: gripper0_left_right_fingerpad_collision
proxy_geom: scene_aabb_proxy_line_6_center_machine_module
judge_collision_detected:
robot_base_x: 12.650160
robot_base_y: 0.365284
robot_base_yaw: -3.126893
robot_geom: gripper0_left_right_fingertip_collision
proxy_geom: scene_aabb_proxy_line_6_center_machine_module
collision_detected:
  robot_geom=gripper0_left_left_inner_finger_collision, other_geom=scene_aabb_proxy_line_6_center_machine_module
  robot_geom=gripper0_left_left_fingertip_collision, other_geom=scene_aabb_proxy_line_6_center_machine_module
  robot_geom=gripper0_left_left_fingertip_collision, other_geom=scene_aabb_proxy_line_6_center_machine_module
  robot_geom=gripper0_left_left_fingertip_collision, other_geom=scene_aabb_proxy_line_6_center_machine_module
  robot_geom=gripper0_left_left_fingertip_collision, other_geom=scene_aabb_proxy_line_6_center_machine_module
  robot_geom=gripper0_left_left_fingerpad_collision, other_geom=scene_aabb_proxy_line_6_center_machine_module
  robot_geom=gripper0_left_left_fingerpad_collision, other_geom=scene_aabb_proxy_line_6_center_machine_module
  robot_geom=gripper0_left_left_fingerpad_collision, other_geom=scene_aabb_proxy_line_6_center_machine_module
  ... 10 more contact pairs
judge_collision_detected:
robot_base_x: 12.650189
robot_base_y: 0.342787
robot_base_yaw: -3.126766
robot_geom: gripper0_left_left_fingerpad_collision
proxy_geom: scene_aabb_proxy_line_6_center_machine_module
judge_collision_detected:
robot_base_x: 12.650189
robot_base_y: 0.342787
robot_base_yaw: -3.126766
robot_geom: gripper0_left_left_fingertip_collision
proxy_geom: scene_aabb_proxy_line_6_center_machine_module
judge_collision_detected:
robot_base_x: 12.650189
robot_base_y: 0.342787
robot_base_yaw: -3.126766
robot_geom: gripper0_left_right_fingerpad_collision
proxy_geom: scene_aabb_proxy_line_6_center_machine_module
judge_collision_detected:
robot_base_x: 12.650189
robot_base_y: 0.342787
robot_base_yaw: -3.126766
robot_geom: gripper0_left_right_fingertip_collision
proxy_geom: scene_aabb_proxy_line_6_center_machine_module
collision_detected:
  robot_geom=gripper0_left_left_inner_finger_collision, other_geom=scene_aabb_proxy_line_6_center_machine_module
  robot_geom=gripper0_left_left_fingertip_collision, other_geom=scene_aabb_proxy_line_6_center_machine_module
  robot_geom=gripper0_left_left_fingertip_collision, other_geom=scene_aabb_proxy_line_6_center_machine_module
  robot_geom=gripper0_left_left_fingertip_collision, other_geom=scene_aabb_proxy_line_6_center_machine_module
  robot_geom=gripper0_left_left_fingertip_collision, other_geom=scene_aabb_proxy_line_6_center_machine_module
  robot_geom=gripper0_left_left_fingerpad_collision, other_geom=scene_aabb_proxy_line_6_center_machine_module
  robot_geom=gripper0_left_left_fingerpad_collision, other_geom=scene_aabb_proxy_line_6_center_machine_module
  robot_geom=gripper0_left_left_fingerpad_collision, other_geom=scene_aabb_proxy_line_6_center_machine_module
  ... 10 more contact pairs
judge_collision_detected:
robot_base_x: 12.650214
robot_base_y: 0.320289
robot_base_yaw: -3.126638
robot_geom: gripper0_left_left_fingerpad_collision
proxy_geom: scene_aabb_proxy_line_6_center_machine_module
judge_collision_detected:
robot_base_x: 12.650214
robot_base_y: 0.320289
robot_base_yaw: -3.126638
robot_geom: gripper0_left_left_fingertip_collision
proxy_geom: scene_aabb_proxy_line_6_center_machine_module
judge_collision_detected:
robot_base_x: 12.650214
robot_base_y: 0.320289
robot_base_yaw: -3.126638
robot_geom: gripper0_left_right_fingerpad_collision
proxy_geom: scene_aabb_proxy_line_6_center_machine_module
judge_collision_detected:
robot_base_x: 12.650214
robot_base_y: 0.320289
robot_base_yaw: -3.126638
robot_geom: gripper0_left_right_fingertip_collision
proxy_geom: scene_aabb_proxy_line_6_center_machine_module
collision_detected:
  robot_geom=gripper0_left_left_inner_finger_collision, other_geom=scene_aabb_proxy_line_6_center_machine_module
  robot_geom=gripper0_left_left_fingertip_collision, other_geom=scene_aabb_proxy_line_6_center_machine_module
  robot_geom=gripper0_left_left_fingertip_collision, other_geom=scene_aabb_proxy_line_6_center_machine_module
  robot_geom=gripper0_left_left_fingertip_collision, other_geom=scene_aabb_proxy_line_6_center_machine_module
  robot_geom=gripper0_left_left_fingertip_collision, other_geom=scene_aabb_proxy_line_6_center_machine_module
  robot_geom=gripper0_left_left_fingerpad_collision, other_geom=scene_aabb_proxy_line_6_center_machine_module
  robot_geom=gripper0_left_left_fingerpad_collision, other_geom=scene_aabb_proxy_line_6_center_machine_module
  robot_geom=gripper0_left_left_fingerpad_collision, other_geom=scene_aabb_proxy_line_6_center_machine_module
  ... 10 more contact pairs
judge_collision_detected:
robot_base_x: 12.650236
robot_base_y: 0.297792
robot_base_yaw: -3.126511
robot_geom: gripper0_left_left_fingerpad_collision
proxy_geom: scene_aabb_proxy_line_6_center_machine_module
judge_collision_detected:
robot_base_x: 12.650236
robot_base_y: 0.297792
robot_base_yaw: -3.126511
robot_geom: gripper0_left_left_fingertip_collision
proxy_geom: scene_aabb_proxy_line_6_center_machine_module
judge_collision_detected:
robot_base_x: 12.650236
robot_base_y: 0.297792
robot_base_yaw: -3.126511
robot_geom: gripper0_left_right_fingertip_collision
proxy_geom: scene_aabb_proxy_line_6_center_machine_module
collision_detected:
  robot_geom=gripper0_left_left_inner_finger_collision, other_geom=scene_aabb_proxy_line_6_center_machine_module
  robot_geom=gripper0_left_left_fingertip_collision, other_geom=scene_aabb_proxy_line_6_center_machine_module
  robot_geom=gripper0_left_left_fingertip_collision, other_geom=scene_aabb_proxy_line_6_center_machine_module
  robot_geom=gripper0_left_left_fingertip_collision, other_geom=scene_aabb_proxy_line_6_center_machine_module
  robot_geom=gripper0_left_left_fingertip_collision, other_geom=scene_aabb_proxy_line_6_center_machine_module
  robot_geom=gripper0_left_left_fingerpad_collision, other_geom=scene_aabb_proxy_line_6_center_machine_module
  robot_geom=gripper0_left_left_fingerpad_collision, other_geom=scene_aabb_proxy_line_6_center_machine_module
  robot_geom=gripper0_left_left_fingerpad_collision, other_geom=scene_aabb_proxy_line_6_center_machine_module
  ... 10 more contact pairs
judge_collision_detected:
robot_base_x: 12.650254
robot_base_y: 0.275295
robot_base_yaw: -3.126384
robot_geom: gripper0_left_left_fingerpad_collision
proxy_geom: scene_aabb_proxy_line_6_center_machine_module
judge_collision_detected:
robot_base_x: 12.650254
robot_base_y: 0.275295
robot_base_yaw: -3.126384
robot_geom: gripper0_left_left_fingertip_collision
proxy_geom: scene_aabb_proxy_line_6_center_machine_module
judge_collision_detected:
robot_base_x: 12.650254
robot_base_y: 0.275295
robot_base_yaw: -3.126384
robot_geom: gripper0_left_right_fingertip_collision
proxy_geom: scene_aabb_proxy_line_6_center_machine_module
collision_detected:
  robot_geom=gripper0_left_left_inner_finger_collision, other_geom=scene_aabb_proxy_line_6_center_machine_module
  robot_geom=gripper0_left_left_fingertip_collision, other_geom=scene_aabb_proxy_line_6_center_machine_module
  robot_geom=gripper0_left_left_fingertip_collision, other_geom=scene_aabb_proxy_line_6_center_machine_module
  robot_geom=gripper0_left_left_fingertip_collision, other_geom=scene_aabb_proxy_line_6_center_machine_module
  robot_geom=gripper0_left_left_fingertip_collision, other_geom=scene_aabb_proxy_line_6_center_machine_module
  robot_geom=gripper0_left_left_fingerpad_collision, other_geom=scene_aabb_proxy_line_6_center_machine_module
  robot_geom=gripper0_left_left_fingerpad_collision, other_geom=scene_aabb_proxy_line_6_center_machine_module
  robot_geom=gripper0_left_left_fingerpad_collision, other_geom=scene_aabb_proxy_line_6_center_machine_module
  ... 10 more contact pairs
judge_collision_detected:
robot_base_x: 12.650269
robot_base_y: 0.252797
robot_base_yaw: -3.126258
robot_geom: gripper0_left_left_fingerpad_collision
proxy_geom: scene_aabb_proxy_line_6_center_machine_module
judge_collision_detected:
robot_base_x: 12.650269
robot_base_y: 0.252797
robot_base_yaw: -3.126258
robot_geom: gripper0_left_left_fingertip_collision
proxy_geom: scene_aabb_proxy_line_6_center_machine_module
judge_collision_detected:
robot_base_x: 12.650269
robot_base_y: 0.252797
robot_base_yaw: -3.126258
robot_geom: gripper0_left_right_fingertip_collision
proxy_geom: scene_aabb_proxy_line_6_center_machine_module
collision_detected:
  robot_geom=gripper0_left_left_inner_finger_collision, other_geom=scene_aabb_proxy_line_6_center_machine_module
  robot_geom=gripper0_left_left_fingertip_collision, other_geom=scene_aabb_proxy_line_6_center_machine_module
  robot_geom=gripper0_left_left_fingertip_collision, other_geom=scene_aabb_proxy_line_6_center_machine_module
  robot_geom=gripper0_left_left_fingertip_collision, other_geom=scene_aabb_proxy_line_6_center_machine_module
  robot_geom=gripper0_left_left_fingertip_collision, other_geom=scene_aabb_proxy_line_6_center_machine_module
  robot_geom=gripper0_left_left_fingerpad_collision, other_geom=scene_aabb_proxy_line_6_center_machine_module
  robot_geom=gripper0_left_left_fingerpad_collision, other_geom=scene_aabb_proxy_line_6_center_machine_module
  robot_geom=gripper0_left_left_fingerpad_collision, other_geom=scene_aabb_proxy_line_6_center_machine_module
  ... 10 more contact pairs
judge_collision_detected:
robot_base_x: 12.650278
robot_base_y: 0.230300
robot_base_yaw: -3.126132
robot_geom: gripper0_left_left_fingerpad_collision
proxy_geom: scene_aabb_proxy_line_6_center_machine_module
judge_collision_detected:
robot_base_x: 12.650278
robot_base_y: 0.230300
robot_base_yaw: -3.126132
robot_geom: gripper0_left_left_fingertip_collision
proxy_geom: scene_aabb_proxy_line_6_center_machine_module
judge_collision_detected:
robot_base_x: 12.650278
robot_base_y: 0.230300
robot_base_yaw: -3.126132
robot_geom: gripper0_left_right_fingertip_collision
proxy_geom: scene_aabb_proxy_line_6_center_machine_module
collision_detected:
  robot_geom=gripper0_left_left_inner_finger_collision, other_geom=scene_aabb_proxy_line_6_center_machine_module
  robot_geom=gripper0_left_left_fingertip_collision, other_geom=scene_aabb_proxy_line_6_center_machine_module
  robot_geom=gripper0_left_left_fingertip_collision, other_geom=scene_aabb_proxy_line_6_center_machine_module
  robot_geom=gripper0_left_left_fingertip_collision, other_geom=scene_aabb_proxy_line_6_center_machine_module
  robot_geom=gripper0_left_left_fingertip_collision, other_geom=scene_aabb_proxy_line_6_center_machine_module
  robot_geom=gripper0_left_left_fingerpad_collision, other_geom=scene_aabb_proxy_line_6_center_machine_module
  robot_geom=gripper0_left_left_fingerpad_collision, other_geom=scene_aabb_proxy_line_6_center_machine_module
  robot_geom=gripper0_left_left_fingerpad_collision, other_geom=scene_aabb_proxy_line_6_center_machine_module
  ... 10 more contact pairs
judge_collision_detected:
robot_base_x: 12.650283
robot_base_y: 0.207803
robot_base_yaw: -3.126006
robot_geom: gripper0_left_left_fingerpad_collision
proxy_geom: scene_aabb_proxy_line_6_center_machine_module
judge_collision_detected:
robot_base_x: 12.650283
robot_base_y: 0.207803
robot_base_yaw: -3.126006
robot_geom: gripper0_left_left_fingertip_collision
proxy_geom: scene_aabb_proxy_line_6_center_machine_module
judge_collision_detected:
robot_base_x: 12.650283
robot_base_y: 0.207803
robot_base_yaw: -3.126006
robot_geom: gripper0_left_right_fingertip_collision
proxy_geom: scene_aabb_proxy_line_6_center_machine_module
collision_detected:
  robot_geom=gripper0_left_left_inner_finger_collision, other_geom=scene_aabb_proxy_line_6_center_machine_module
  robot_geom=gripper0_left_left_fingertip_collision, other_geom=scene_aabb_proxy_line_6_center_machine_module
  robot_geom=gripper0_left_left_fingertip_collision, other_geom=scene_aabb_proxy_line_6_center_machine_module
  robot_geom=gripper0_left_left_fingertip_collision, other_geom=scene_aabb_proxy_line_6_center_machine_module
  robot_geom=gripper0_left_left_fingertip_collision, other_geom=scene_aabb_proxy_line_6_center_machine_module
  robot_geom=gripper0_left_left_fingerpad_collision, other_geom=scene_aabb_proxy_line_6_center_machine_module
  robot_geom=gripper0_left_left_fingerpad_collision, other_geom=scene_aabb_proxy_line_6_center_machine_module
  robot_geom=gripper0_left_left_fingerpad_collision, other_geom=scene_aabb_proxy_line_6_center_machine_module
  ... 10 more contact pairs
judge_collision_detected:
robot_base_x: 12.650282
robot_base_y: 0.185306
robot_base_yaw: -3.125880
robot_geom: gripper0_left_left_fingerpad_collision
proxy_geom: scene_aabb_proxy_line_6_center_machine_module
judge_collision_detected:
robot_base_x: 12.650282
robot_base_y: 0.185306
robot_base_yaw: -3.125880
robot_geom: gripper0_left_left_fingertip_collision
proxy_geom: scene_aabb_proxy_line_6_center_machine_module
judge_collision_detected:
robot_base_x: 12.650282
robot_base_y: 0.185306
robot_base_yaw: -3.125880
robot_geom: gripper0_left_right_fingertip_collision
proxy_geom: scene_aabb_proxy_line_6_center_machine_module
collision_detected:
  robot_geom=gripper0_left_left_inner_finger_collision, other_geom=scene_aabb_proxy_line_6_center_machine_module
  robot_geom=gripper0_left_left_fingertip_collision, other_geom=scene_aabb_proxy_line_6_center_machine_module
  robot_geom=gripper0_left_left_fingertip_collision, other_geom=scene_aabb_proxy_line_6_center_machine_module
  robot_geom=gripper0_left_left_fingertip_collision, other_geom=scene_aabb_proxy_line_6_center_machine_module
  robot_geom=gripper0_left_left_fingertip_collision, other_geom=scene_aabb_proxy_line_6_center_machine_module
  robot_geom=gripper0_left_left_fingerpad_collision, other_geom=scene_aabb_proxy_line_6_center_machine_module
  robot_geom=gripper0_left_left_fingerpad_collision, other_geom=scene_aabb_proxy_line_6_center_machine_module
  robot_geom=gripper0_left_left_fingerpad_collision, other_geom=scene_aabb_proxy_line_6_center_machine_module
  ... 10 more contact pairs
judge_collision_detected:
robot_base_x: 12.650275
robot_base_y: 0.162808
robot_base_yaw: -3.125754
robot_geom: gripper0_left_left_fingerpad_collision
proxy_geom: scene_aabb_proxy_line_6_center_machine_module
judge_collision_detected:
robot_base_x: 12.650275
robot_base_y: 0.162808
robot_base_yaw: -3.125754
robot_geom: gripper0_left_left_fingertip_collision
proxy_geom: scene_aabb_proxy_line_6_center_machine_module
judge_collision_detected:
robot_base_x: 12.650275
robot_base_y: 0.162808
robot_base_yaw: -3.125754
robot_geom: gripper0_left_right_fingertip_collision
proxy_geom: scene_aabb_proxy_line_6_center_machine_module
collision_detected:
  robot_geom=gripper0_left_left_inner_finger_collision, other_geom=scene_aabb_proxy_line_6_center_machine_module
  robot_geom=gripper0_left_left_fingertip_collision, other_geom=scene_aabb_proxy_line_6_center_machine_module
  robot_geom=gripper0_left_left_fingertip_collision, other_geom=scene_aabb_proxy_line_6_center_machine_module
  robot_geom=gripper0_left_left_fingertip_collision, other_geom=scene_aabb_proxy_line_6_center_machine_module
  robot_geom=gripper0_left_left_fingertip_collision, other_geom=scene_aabb_proxy_line_6_center_machine_module
  robot_geom=gripper0_left_left_fingerpad_collision, other_geom=scene_aabb_proxy_line_6_center_machine_module
  robot_geom=gripper0_left_left_fingerpad_collision, other_geom=scene_aabb_proxy_line_6_center_machine_module
  robot_geom=gripper0_left_left_fingerpad_collision, other_geom=scene_aabb_proxy_line_6_center_machine_module
  ... 10 more contact pairs
judge_collision_detected:
robot_base_x: 12.650260
robot_base_y: 0.140311
robot_base_yaw: -3.125630
robot_geom: gripper0_left_left_fingerpad_collision
proxy_geom: scene_aabb_proxy_line_6_center_machine_module
judge_collision_detected:
robot_base_x: 12.650260
robot_base_y: 0.140311
robot_base_yaw: -3.125630
robot_geom: gripper0_left_left_fingertip_collision
proxy_geom: scene_aabb_proxy_line_6_center_machine_module
judge_collision_detected:
robot_base_x: 12.650260
robot_base_y: 0.140311
robot_base_yaw: -3.125630
robot_geom: gripper0_left_right_fingertip_collision
proxy_geom: scene_aabb_proxy_line_6_center_machine_module
collision_detected:
  robot_geom=gripper0_left_left_inner_finger_collision, other_geom=scene_aabb_proxy_line_6_center_machine_module
  robot_geom=gripper0_left_left_fingertip_collision, other_geom=scene_aabb_proxy_line_6_center_machine_module
  robot_geom=gripper0_left_left_fingertip_collision, other_geom=scene_aabb_proxy_line_6_center_machine_module
  robot_geom=gripper0_left_left_fingertip_collision, other_geom=scene_aabb_proxy_line_6_center_machine_module
  robot_geom=gripper0_left_left_fingertip_collision, other_geom=scene_aabb_proxy_line_6_center_machine_module
  robot_geom=gripper0_left_left_fingerpad_collision, other_geom=scene_aabb_proxy_line_6_center_machine_module
  robot_geom=gripper0_left_left_fingerpad_collision, other_geom=scene_aabb_proxy_line_6_center_machine_module
  robot_geom=gripper0_left_left_fingerpad_collision, other_geom=scene_aabb_proxy_line_6_center_machine_module
  ... 10 more contact pairs
judge_collision_detected:
robot_base_x: 12.650234
robot_base_y: 0.117814
robot_base_yaw: -3.125506
robot_geom: gripper0_left_left_fingerpad_collision
proxy_geom: scene_aabb_proxy_line_6_center_machine_module
judge_collision_detected:
robot_base_x: 12.650234
robot_base_y: 0.117814
robot_base_yaw: -3.125506
robot_geom: gripper0_left_left_fingertip_collision
proxy_geom: scene_aabb_proxy_line_6_center_machine_module
judge_collision_detected:
robot_base_x: 12.650234
robot_base_y: 0.117814
robot_base_yaw: -3.125506
robot_geom: gripper0_left_right_fingertip_collision
proxy_geom: scene_aabb_proxy_line_6_center_machine_module
collision_detected:
  robot_geom=gripper0_left_left_inner_finger_collision, other_geom=scene_aabb_proxy_line_6_center_machine_module
  robot_geom=gripper0_left_left_fingertip_collision, other_geom=scene_aabb_proxy_line_6_center_machine_module
  robot_geom=gripper0_left_left_fingertip_collision, other_geom=scene_aabb_proxy_line_6_center_machine_module
  robot_geom=gripper0_left_left_fingertip_collision, other_geom=scene_aabb_proxy_line_6_center_machine_module
  robot_geom=gripper0_left_left_fingertip_collision, other_geom=scene_aabb_proxy_line_6_center_machine_module
  robot_geom=gripper0_left_left_fingerpad_collision, other_geom=scene_aabb_proxy_line_6_center_machine_module
  robot_geom=gripper0_left_left_fingerpad_collision, other_geom=scene_aabb_proxy_line_6_center_machine_module
  robot_geom=gripper0_left_left_fingerpad_collision, other_geom=scene_aabb_proxy_line_6_center_machine_module
  ... 10 more contact pairs
judge_collision_detected:
robot_base_x: 12.650196
robot_base_y: 0.095317
robot_base_yaw: -3.125382
robot_geom: gripper0_left_left_fingerpad_collision
proxy_geom: scene_aabb_proxy_line_6_center_machine_module
judge_collision_detected:
robot_base_x: 12.650196
robot_base_y: 0.095317
robot_base_yaw: -3.125382
robot_geom: gripper0_left_left_fingertip_collision
proxy_geom: scene_aabb_proxy_line_6_center_machine_module
judge_collision_detected:
robot_base_x: 12.650196
robot_base_y: 0.095317
robot_base_yaw: -3.125382
robot_geom: gripper0_left_right_fingertip_collision
proxy_geom: scene_aabb_proxy_line_6_center_machine_module
collision_detected:
  robot_geom=gripper0_left_left_inner_finger_collision, other_geom=scene_aabb_proxy_line_6_center_machine_module
  robot_geom=gripper0_left_left_fingertip_collision, other_geom=scene_aabb_proxy_line_6_center_machine_module
  robot_geom=gripper0_left_left_fingertip_collision, other_geom=scene_aabb_proxy_line_6_center_machine_module
  robot_geom=gripper0_left_left_fingertip_collision, other_geom=scene_aabb_proxy_line_6_center_machine_module
  robot_geom=gripper0_left_left_fingertip_collision, other_geom=scene_aabb_proxy_line_6_center_machine_module
  robot_geom=gripper0_left_left_fingerpad_collision, other_geom=scene_aabb_proxy_line_6_center_machine_module
  robot_geom=gripper0_left_left_fingerpad_collision, other_geom=scene_aabb_proxy_line_6_center_machine_module
  robot_geom=gripper0_left_left_fingerpad_collision, other_geom=scene_aabb_proxy_line_6_center_machine_module
  ... 10 more contact pairs
judge_collision_detected:
robot_base_x: 12.650138
robot_base_y: 0.072820
robot_base_yaw: -3.125257
robot_geom: gripper0_left_left_fingerpad_collision
proxy_geom: scene_aabb_proxy_line_6_center_machine_module
judge_collision_detected:
robot_base_x: 12.650138
robot_base_y: 0.072820
robot_base_yaw: -3.125257
robot_geom: gripper0_left_left_fingertip_collision
proxy_geom: scene_aabb_proxy_line_6_center_machine_module
judge_collision_detected:
robot_base_x: 12.650138
robot_base_y: 0.072820
robot_base_yaw: -3.125257
robot_geom: gripper0_left_right_fingertip_collision
proxy_geom: scene_aabb_proxy_line_6_center_machine_module
collision_detected:
  robot_geom=gripper0_left_left_inner_finger_collision, other_geom=scene_aabb_proxy_line_6_center_machine_module
  robot_geom=gripper0_left_left_fingertip_collision, other_geom=scene_aabb_proxy_line_6_center_machine_module
  robot_geom=gripper0_left_left_fingertip_collision, other_geom=scene_aabb_proxy_line_6_center_machine_module
  robot_geom=gripper0_left_left_fingertip_collision, other_geom=scene_aabb_proxy_line_6_center_machine_module
  robot_geom=gripper0_left_left_fingertip_collision, other_geom=scene_aabb_proxy_line_6_center_machine_module
  robot_geom=gripper0_left_left_fingerpad_collision, other_geom=scene_aabb_proxy_line_6_center_machine_module
  robot_geom=gripper0_left_left_fingerpad_collision, other_geom=scene_aabb_proxy_line_6_center_machine_module
  robot_geom=gripper0_left_left_fingerpad_collision, other_geom=scene_aabb_proxy_line_6_center_machine_module
  ... 10 more contact pairs
judge_collision_detected:
robot_base_x: 12.650170
robot_base_y: 0.050323
robot_base_yaw: -3.125132
robot_geom: gripper0_left_left_fingerpad_collision
proxy_geom: scene_aabb_proxy_line_6_center_machine_module
judge_collision_detected:
robot_base_x: 12.650170
robot_base_y: 0.050323
robot_base_yaw: -3.125132
robot_geom: gripper0_left_left_fingertip_collision
proxy_geom: scene_aabb_proxy_line_6_center_machine_module
judge_collision_detected:
robot_base_x: 12.650170
robot_base_y: 0.050323
robot_base_yaw: -3.125132
robot_geom: gripper0_left_right_fingertip_collision
proxy_geom: scene_aabb_proxy_line_6_center_machine_module
collision_detected:
  robot_geom=gripper0_left_left_inner_finger_collision, other_geom=scene_aabb_proxy_line_6_center_machine_module
  robot_geom=gripper0_left_left_fingertip_collision, other_geom=scene_aabb_proxy_line_6_center_machine_module
  robot_geom=gripper0_left_left_fingertip_collision, other_geom=scene_aabb_proxy_line_6_center_machine_module
  robot_geom=gripper0_left_left_fingertip_collision, other_geom=scene_aabb_proxy_line_6_center_machine_module
  robot_geom=gripper0_left_left_fingertip_collision, other_geom=scene_aabb_proxy_line_6_center_machine_module
  robot_geom=gripper0_left_left_fingerpad_collision, other_geom=scene_aabb_proxy_line_6_center_machine_module
  robot_geom=gripper0_left_left_fingerpad_collision, other_geom=scene_aabb_proxy_line_6_center_machine_module
  robot_geom=gripper0_left_left_fingerpad_collision, other_geom=scene_aabb_proxy_line_6_center_machine_module
  ... 10 more contact pairs
judge_collision_detected:
robot_base_x: 12.650200
robot_base_y: 0.027826
robot_base_yaw: -3.125007
robot_geom: gripper0_left_left_fingerpad_collision
proxy_geom: scene_aabb_proxy_line_6_center_machine_module
judge_collision_detected:
robot_base_x: 12.650200
robot_base_y: 0.027826
robot_base_yaw: -3.125007
robot_geom: gripper0_left_left_fingertip_collision
proxy_geom: scene_aabb_proxy_line_6_center_machine_module
judge_collision_detected:
robot_base_x: 12.650200
robot_base_y: 0.027826
robot_base_yaw: -3.125007
robot_geom: gripper0_left_right_fingertip_collision
proxy_geom: scene_aabb_proxy_line_6_center_machine_module
collision_detected:
  robot_geom=gripper0_left_left_inner_finger_collision, other_geom=scene_aabb_proxy_line_6_center_machine_module
  robot_geom=gripper0_left_left_fingertip_collision, other_geom=scene_aabb_proxy_line_6_center_machine_module
  robot_geom=gripper0_left_left_fingertip_collision, other_geom=scene_aabb_proxy_line_6_center_machine_module
  robot_geom=gripper0_left_left_fingertip_collision, other_geom=scene_aabb_proxy_line_6_center_machine_module
  robot_geom=gripper0_left_left_fingertip_collision, other_geom=scene_aabb_proxy_line_6_center_machine_module
  robot_geom=gripper0_left_left_fingerpad_collision, other_geom=scene_aabb_proxy_line_6_center_machine_module
  robot_geom=gripper0_left_left_fingerpad_collision, other_geom=scene_aabb_proxy_line_6_center_machine_module
  robot_geom=gripper0_left_left_fingerpad_collision, other_geom=scene_aabb_proxy_line_6_center_machine_module
  ... 10 more contact pairs
judge_collision_detected:
robot_base_x: 12.650227
robot_base_y: 0.005329
robot_base_yaw: -3.124883
robot_geom: gripper0_left_left_fingerpad_collision
proxy_geom: scene_aabb_proxy_line_6_center_machine_module
judge_collision_detected:
robot_base_x: 12.650227
robot_base_y: 0.005329
robot_base_yaw: -3.124883
robot_geom: gripper0_left_left_fingertip_collision
proxy_geom: scene_aabb_proxy_line_6_center_machine_module
judge_collision_detected:
robot_base_x: 12.650227
robot_base_y: 0.005329
robot_base_yaw: -3.124883
robot_geom: gripper0_left_right_fingertip_collision
proxy_geom: scene_aabb_proxy_line_6_center_machine_module
collision_detected:
  robot_geom=gripper0_left_left_inner_finger_collision, other_geom=scene_aabb_proxy_line_6_center_machine_module
  robot_geom=gripper0_left_left_fingertip_collision, other_geom=scene_aabb_proxy_line_6_center_machine_module
  robot_geom=gripper0_left_left_fingertip_collision, other_geom=scene_aabb_proxy_line_6_center_machine_module
  robot_geom=gripper0_left_left_fingertip_collision, other_geom=scene_aabb_proxy_line_6_center_machine_module
  robot_geom=gripper0_left_left_fingertip_collision, other_geom=scene_aabb_proxy_line_6_center_machine_module
  robot_geom=gripper0_left_left_fingerpad_collision, other_geom=scene_aabb_proxy_line_6_center_machine_module
  robot_geom=gripper0_left_left_fingerpad_collision, other_geom=scene_aabb_proxy_line_6_center_machine_module
  robot_geom=gripper0_left_left_fingerpad_collision, other_geom=scene_aabb_proxy_line_6_center_machine_module
  ... 10 more contact pairs
judge_collision_detected:
robot_base_x: 12.650253
robot_base_y: -0.017168
robot_base_yaw: -3.124760
robot_geom: gripper0_left_left_fingerpad_collision
proxy_geom: scene_aabb_proxy_line_6_center_machine_module
judge_collision_detected:
robot_base_x: 12.650253
robot_base_y: -0.017168
robot_base_yaw: -3.124760
robot_geom: gripper0_left_left_fingertip_collision
proxy_geom: scene_aabb_proxy_line_6_center_machine_module
judge_collision_detected:
robot_base_x: 12.650253
robot_base_y: -0.017168
robot_base_yaw: -3.124760
robot_geom: gripper0_left_right_fingertip_collision
proxy_geom: scene_aabb_proxy_line_6_center_machine_module
collision_detected:
  robot_geom=gripper0_left_left_inner_finger_collision, other_geom=scene_aabb_proxy_line_6_center_machine_module
  robot_geom=gripper0_left_left_fingertip_collision, other_geom=scene_aabb_proxy_line_6_center_machine_module
  robot_geom=gripper0_left_left_fingertip_collision, other_geom=scene_aabb_proxy_line_6_center_machine_module
  robot_geom=gripper0_left_left_fingertip_collision, other_geom=scene_aabb_proxy_line_6_center_machine_module
  robot_geom=gripper0_left_left_fingertip_collision, other_geom=scene_aabb_proxy_line_6_center_machine_module
  robot_geom=gripper0_left_left_fingerpad_collision, other_geom=scene_aabb_proxy_line_6_center_machine_module
  robot_geom=gripper0_left_left_fingerpad_collision, other_geom=scene_aabb_proxy_line_6_center_machine_module
  robot_geom=gripper0_left_left_fingerpad_collision, other_geom=scene_aabb_proxy_line_6_center_machine_module
  ... 10 more contact pairs
judge_collision_detected:
robot_base_x: 12.650275
robot_base_y: -0.039665
robot_base_yaw: -3.124637
robot_geom: gripper0_left_left_fingerpad_collision
proxy_geom: scene_aabb_proxy_line_6_center_machine_module
judge_collision_detected:
robot_base_x: 12.650275
robot_base_y: -0.039665
robot_base_yaw: -3.124637
robot_geom: gripper0_left_left_fingertip_collision
proxy_geom: scene_aabb_proxy_line_6_center_machine_module
judge_collision_detected:
robot_base_x: 12.650275
robot_base_y: -0.039665
robot_base_yaw: -3.124637
robot_geom: gripper0_left_right_fingertip_collision
proxy_geom: scene_aabb_proxy_line_6_center_machine_module
collision_detected:
  robot_geom=gripper0_left_left_inner_finger_collision, other_geom=scene_aabb_proxy_line_6_center_machine_module
  robot_geom=gripper0_left_left_fingertip_collision, other_geom=scene_aabb_proxy_line_6_center_machine_module
  robot_geom=gripper0_left_left_fingertip_collision, other_geom=scene_aabb_proxy_line_6_center_machine_module
  robot_geom=gripper0_left_left_fingertip_collision, other_geom=scene_aabb_proxy_line_6_center_machine_module
  robot_geom=gripper0_left_left_fingertip_collision, other_geom=scene_aabb_proxy_line_6_center_machine_module
  robot_geom=gripper0_left_left_fingerpad_collision, other_geom=scene_aabb_proxy_line_6_center_machine_module
  robot_geom=gripper0_left_left_fingerpad_collision, other_geom=scene_aabb_proxy_line_6_center_machine_module
  robot_geom=gripper0_left_left_fingerpad_collision, other_geom=scene_aabb_proxy_line_6_center_machine_module
  ... 10 more contact pairs
judge_collision_detected:
robot_base_x: 12.650294
robot_base_y: -0.062162
robot_base_yaw: -3.124515
robot_geom: gripper0_left_left_fingerpad_collision
proxy_geom: scene_aabb_proxy_line_6_center_machine_module
judge_collision_detected:
robot_base_x: 12.650294
robot_base_y: -0.062162
robot_base_yaw: -3.124515
robot_geom: gripper0_left_left_fingertip_collision
proxy_geom: scene_aabb_proxy_line_6_center_machine_module
judge_collision_detected:
robot_base_x: 12.650294
robot_base_y: -0.062162
robot_base_yaw: -3.124515
robot_geom: gripper0_left_right_fingertip_collision
proxy_geom: scene_aabb_proxy_line_6_center_machine_module
collision_detected:
  robot_geom=gripper0_left_left_inner_finger_collision, other_geom=scene_aabb_proxy_line_6_center_machine_module
  robot_geom=gripper0_left_left_fingertip_collision, other_geom=scene_aabb_proxy_line_6_center_machine_module
  robot_geom=gripper0_left_left_fingertip_collision, other_geom=scene_aabb_proxy_line_6_center_machine_module
  robot_geom=gripper0_left_left_fingertip_collision, other_geom=scene_aabb_proxy_line_6_center_machine_module
  robot_geom=gripper0_left_left_fingertip_collision, other_geom=scene_aabb_proxy_line_6_center_machine_module
  robot_geom=gripper0_left_left_fingerpad_collision, other_geom=scene_aabb_proxy_line_6_center_machine_module
  robot_geom=gripper0_left_left_fingerpad_collision, other_geom=scene_aabb_proxy_line_6_center_machine_module
  robot_geom=gripper0_left_left_fingerpad_collision, other_geom=scene_aabb_proxy_line_6_center_machine_module
  ... 10 more contact pairs
judge_collision_detected:
robot_base_x: 12.650311
robot_base_y: -0.084660
robot_base_yaw: -3.124392
robot_geom: gripper0_left_left_fingerpad_collision
proxy_geom: scene_aabb_proxy_line_6_center_machine_module
judge_collision_detected:
robot_base_x: 12.650311
robot_base_y: -0.084660
robot_base_yaw: -3.124392
robot_geom: gripper0_left_left_fingertip_collision
proxy_geom: scene_aabb_proxy_line_6_center_machine_module
judge_collision_detected:
robot_base_x: 12.650311
robot_base_y: -0.084660
robot_base_yaw: -3.124392
robot_geom: gripper0_left_right_fingertip_collision
proxy_geom: scene_aabb_proxy_line_6_center_machine_module
collision_detected:
  robot_geom=gripper0_left_left_inner_finger_collision, other_geom=scene_aabb_proxy_line_6_center_machine_module
  robot_geom=gripper0_left_left_fingertip_collision, other_geom=scene_aabb_proxy_line_6_center_machine_module
  robot_geom=gripper0_left_left_fingertip_collision, other_geom=scene_aabb_proxy_line_6_center_machine_module
  robot_geom=gripper0_left_left_fingertip_collision, other_geom=scene_aabb_proxy_line_6_center_machine_module
  robot_geom=gripper0_left_left_fingertip_collision, other_geom=scene_aabb_proxy_line_6_center_machine_module
  robot_geom=gripper0_left_left_fingerpad_collision, other_geom=scene_aabb_proxy_line_6_center_machine_module
  robot_geom=gripper0_left_left_fingerpad_collision, other_geom=scene_aabb_proxy_line_6_center_machine_module
  robot_geom=gripper0_left_left_fingerpad_collision, other_geom=scene_aabb_proxy_line_6_center_machine_module
  ... 10 more contact pairs
judge_collision_detected:
robot_base_x: 12.650324
robot_base_y: -0.107157
robot_base_yaw: -3.124269
robot_geom: gripper0_left_left_fingerpad_collision
proxy_geom: scene_aabb_proxy_line_6_center_machine_module
judge_collision_detected:
robot_base_x: 12.650324
robot_base_y: -0.107157
robot_base_yaw: -3.124269
robot_geom: gripper0_left_left_fingertip_collision
proxy_geom: scene_aabb_proxy_line_6_center_machine_module
judge_collision_detected:
robot_base_x: 12.650324
robot_base_y: -0.107157
robot_base_yaw: -3.124269
robot_geom: gripper0_left_right_fingertip_collision
proxy_geom: scene_aabb_proxy_line_6_center_machine_module
collision_detected:
  robot_geom=gripper0_left_left_inner_finger_collision, other_geom=scene_aabb_proxy_line_6_center_machine_module
  robot_geom=gripper0_left_left_fingertip_collision, other_geom=scene_aabb_proxy_line_6_center_machine_module
  robot_geom=gripper0_left_left_fingertip_collision, other_geom=scene_aabb_proxy_line_6_center_machine_module
  robot_geom=gripper0_left_left_fingertip_collision, other_geom=scene_aabb_proxy_line_6_center_machine_module
  robot_geom=gripper0_left_left_fingertip_collision, other_geom=scene_aabb_proxy_line_6_center_machine_module
  robot_geom=gripper0_left_left_fingerpad_collision, other_geom=scene_aabb_proxy_line_6_center_machine_module
  robot_geom=gripper0_left_left_fingerpad_collision, other_geom=scene_aabb_proxy_line_6_center_machine_module
  robot_geom=gripper0_left_left_fingerpad_collision, other_geom=scene_aabb_proxy_line_6_center_machine_module
  ... 10 more contact pairs
judge_collision_detected:
robot_base_x: 12.650333
robot_base_y: -0.129654
robot_base_yaw: -3.124147
robot_geom: gripper0_left_left_fingerpad_collision
proxy_geom: scene_aabb_proxy_line_6_center_machine_module
judge_collision_detected:
robot_base_x: 12.650333
robot_base_y: -0.129654
robot_base_yaw: -3.124147
robot_geom: gripper0_left_left_fingertip_collision
proxy_geom: scene_aabb_proxy_line_6_center_machine_module
judge_collision_detected:
robot_base_x: 12.650333
robot_base_y: -0.129654
robot_base_yaw: -3.124147
robot_geom: gripper0_left_right_fingertip_collision
proxy_geom: scene_aabb_proxy_line_6_center_machine_module
collision_detected:
  robot_geom=gripper0_left_left_inner_finger_collision, other_geom=scene_aabb_proxy_line_6_center_machine_module
  robot_geom=gripper0_left_left_fingertip_collision, other_geom=scene_aabb_proxy_line_6_center_machine_module
  robot_geom=gripper0_left_left_fingertip_collision, other_geom=scene_aabb_proxy_line_6_center_machine_module
  robot_geom=gripper0_left_left_fingertip_collision, other_geom=scene_aabb_proxy_line_6_center_machine_module
  robot_geom=gripper0_left_left_fingertip_collision, other_geom=scene_aabb_proxy_line_6_center_machine_module
  robot_geom=gripper0_left_left_fingerpad_collision, other_geom=scene_aabb_proxy_line_6_center_machine_module
  robot_geom=gripper0_left_left_fingerpad_collision, other_geom=scene_aabb_proxy_line_6_center_machine_module
  robot_geom=gripper0_left_left_fingerpad_collision, other_geom=scene_aabb_proxy_line_6_center_machine_module
  ... 10 more contact pairs
judge_collision_detected:
robot_base_x: 12.650338
robot_base_y: -0.152151
robot_base_yaw: -3.124025
robot_geom: gripper0_left_left_fingerpad_collision
proxy_geom: scene_aabb_proxy_line_6_center_machine_module
judge_collision_detected:
robot_base_x: 12.650338
robot_base_y: -0.152151
robot_base_yaw: -3.124025
robot_geom: gripper0_left_left_fingertip_collision
proxy_geom: scene_aabb_proxy_line_6_center_machine_module
judge_collision_detected:
robot_base_x: 12.650338
robot_base_y: -0.152151
robot_base_yaw: -3.124025
robot_geom: gripper0_left_right_fingertip_collision
proxy_geom: scene_aabb_proxy_line_6_center_machine_module
collision_detected:
  robot_geom=gripper0_left_left_inner_finger_collision, other_geom=scene_aabb_proxy_line_6_center_machine_module
  robot_geom=gripper0_left_left_fingertip_collision, other_geom=scene_aabb_proxy_line_6_center_machine_module
  robot_geom=gripper0_left_left_fingertip_collision, other_geom=scene_aabb_proxy_line_6_center_machine_module
  robot_geom=gripper0_left_left_fingertip_collision, other_geom=scene_aabb_proxy_line_6_center_machine_module
  robot_geom=gripper0_left_left_fingertip_collision, other_geom=scene_aabb_proxy_line_6_center_machine_module
  robot_geom=gripper0_left_left_fingerpad_collision, other_geom=scene_aabb_proxy_line_6_center_machine_module
  robot_geom=gripper0_left_left_fingerpad_collision, other_geom=scene_aabb_proxy_line_6_center_machine_module
  robot_geom=gripper0_left_left_fingerpad_collision, other_geom=scene_aabb_proxy_line_6_center_machine_module
  ... 10 more contact pairs
judge_collision_detected:
robot_base_x: 12.650339
robot_base_y: -0.174648
robot_base_yaw: -3.123903
robot_geom: gripper0_left_left_fingerpad_collision
proxy_geom: scene_aabb_proxy_line_6_center_machine_module
judge_collision_detected:
robot_base_x: 12.650339
robot_base_y: -0.174648
robot_base_yaw: -3.123903
robot_geom: gripper0_left_left_fingertip_collision
proxy_geom: scene_aabb_proxy_line_6_center_machine_module
judge_collision_detected:
robot_base_x: 12.650339
robot_base_y: -0.174648
robot_base_yaw: -3.123903
robot_geom: gripper0_left_right_fingertip_collision
proxy_geom: scene_aabb_proxy_line_6_center_machine_module
collision_detected:
  robot_geom=gripper0_left_left_inner_finger_collision, other_geom=scene_aabb_proxy_line_6_center_machine_module
  robot_geom=gripper0_left_left_fingertip_collision, other_geom=scene_aabb_proxy_line_6_center_machine_module
  robot_geom=gripper0_left_left_fingertip_collision, other_geom=scene_aabb_proxy_line_6_center_machine_module
  robot_geom=gripper0_left_left_fingertip_collision, other_geom=scene_aabb_proxy_line_6_center_machine_module
  robot_geom=gripper0_left_left_fingertip_collision, other_geom=scene_aabb_proxy_line_6_center_machine_module
  robot_geom=gripper0_left_left_fingerpad_collision, other_geom=scene_aabb_proxy_line_6_center_machine_module
  robot_geom=gripper0_left_left_fingerpad_collision, other_geom=scene_aabb_proxy_line_6_center_machine_module
  robot_geom=gripper0_left_left_fingerpad_collision, other_geom=scene_aabb_proxy_line_6_center_machine_module
  ... 10 more contact pairs
judge_collision_detected:
robot_base_x: 12.650334
robot_base_y: -0.197144
robot_base_yaw: -3.123781
robot_geom: gripper0_left_left_fingerpad_collision
proxy_geom: scene_aabb_proxy_line_6_center_machine_module
judge_collision_detected:
robot_base_x: 12.650334
robot_base_y: -0.197144
robot_base_yaw: -3.123781
robot_geom: gripper0_left_left_fingertip_collision
proxy_geom: scene_aabb_proxy_line_6_center_machine_module
judge_collision_detected:
robot_base_x: 12.650334
robot_base_y: -0.197144
robot_base_yaw: -3.123781
robot_geom: gripper0_left_right_fingertip_collision
proxy_geom: scene_aabb_proxy_line_6_center_machine_module
collision_detected:
  robot_geom=gripper0_left_left_inner_finger_collision, other_geom=scene_aabb_proxy_line_6_center_machine_module
  robot_geom=gripper0_left_left_fingertip_collision, other_geom=scene_aabb_proxy_line_6_center_machine_module
  robot_geom=gripper0_left_left_fingertip_collision, other_geom=scene_aabb_proxy_line_6_center_machine_module
  robot_geom=gripper0_left_left_fingertip_collision, other_geom=scene_aabb_proxy_line_6_center_machine_module
  robot_geom=gripper0_left_left_fingertip_collision, other_geom=scene_aabb_proxy_line_6_center_machine_module
  robot_geom=gripper0_left_left_fingerpad_collision, other_geom=scene_aabb_proxy_line_6_center_machine_module
  robot_geom=gripper0_left_left_fingerpad_collision, other_geom=scene_aabb_proxy_line_6_center_machine_module
  robot_geom=gripper0_left_left_fingerpad_collision, other_geom=scene_aabb_proxy_line_6_center_machine_module
  ... 10 more contact pairs
judge_collision_detected:
robot_base_x: 12.650324
robot_base_y: -0.219641
robot_base_yaw: -3.123660
robot_geom: gripper0_left_left_fingerpad_collision
proxy_geom: scene_aabb_proxy_line_6_center_machine_module
judge_collision_detected:
robot_base_x: 12.650324
robot_base_y: -0.219641
robot_base_yaw: -3.123660
robot_geom: gripper0_left_left_fingertip_collision
proxy_geom: scene_aabb_proxy_line_6_center_machine_module
judge_collision_detected:
robot_base_x: 12.650324
robot_base_y: -0.219641
robot_base_yaw: -3.123660
robot_geom: gripper0_left_right_fingertip_collision
proxy_geom: scene_aabb_proxy_line_6_center_machine_module
collision_detected:
  robot_geom=gripper0_left_left_inner_finger_collision, other_geom=scene_aabb_proxy_line_6_center_machine_module
  robot_geom=gripper0_left_left_fingertip_collision, other_geom=scene_aabb_proxy_line_6_center_machine_module
  robot_geom=gripper0_left_left_fingertip_collision, other_geom=scene_aabb_proxy_line_6_center_machine_module
  robot_geom=gripper0_left_left_fingertip_collision, other_geom=scene_aabb_proxy_line_6_center_machine_module
  robot_geom=gripper0_left_left_fingertip_collision, other_geom=scene_aabb_proxy_line_6_center_machine_module
  robot_geom=gripper0_left_left_fingerpad_collision, other_geom=scene_aabb_proxy_line_6_center_machine_module
  robot_geom=gripper0_left_left_fingerpad_collision, other_geom=scene_aabb_proxy_line_6_center_machine_module
  robot_geom=gripper0_left_left_fingerpad_collision, other_geom=scene_aabb_proxy_line_6_center_machine_module
  ... 10 more contact pairs
judge_collision_detected:
robot_base_x: 12.650307
robot_base_y: -0.242138
robot_base_yaw: -3.123538
robot_geom: gripper0_left_left_fingerpad_collision
proxy_geom: scene_aabb_proxy_line_6_center_machine_module
judge_collision_detected:
robot_base_x: 12.650307
robot_base_y: -0.242138
robot_base_yaw: -3.123538
robot_geom: gripper0_left_left_fingertip_collision
proxy_geom: scene_aabb_proxy_line_6_center_machine_module
judge_collision_detected:
robot_base_x: 12.650307
robot_base_y: -0.242138
robot_base_yaw: -3.123538
robot_geom: gripper0_left_right_fingertip_collision
proxy_geom: scene_aabb_proxy_line_6_center_machine_module
collision_detected:
  robot_geom=gripper0_left_left_inner_finger_collision, other_geom=scene_aabb_proxy_line_6_center_machine_module
  robot_geom=gripper0_left_left_fingertip_collision, other_geom=scene_aabb_proxy_line_6_center_machine_module
  robot_geom=gripper0_left_left_fingertip_collision, other_geom=scene_aabb_proxy_line_6_center_machine_module
  robot_geom=gripper0_left_left_fingertip_collision, other_geom=scene_aabb_proxy_line_6_center_machine_module
  robot_geom=gripper0_left_left_fingertip_collision, other_geom=scene_aabb_proxy_line_6_center_machine_module
  robot_geom=gripper0_left_left_fingerpad_collision, other_geom=scene_aabb_proxy_line_6_center_machine_module
  robot_geom=gripper0_left_left_fingerpad_collision, other_geom=scene_aabb_proxy_line_6_center_machine_module
  robot_geom=gripper0_left_left_fingerpad_collision, other_geom=scene_aabb_proxy_line_6_center_machine_module
  ... 10 more contact pairs
judge_collision_detected:
robot_base_x: 12.650282
robot_base_y: -0.264635
robot_base_yaw: -3.123416
robot_geom: gripper0_left_left_fingerpad_collision
proxy_geom: scene_aabb_proxy_line_6_center_machine_module
judge_collision_detected:
robot_base_x: 12.650282
robot_base_y: -0.264635
robot_base_yaw: -3.123416
robot_geom: gripper0_left_left_fingertip_collision
proxy_geom: scene_aabb_proxy_line_6_center_machine_module
judge_collision_detected:
robot_base_x: 12.650282
robot_base_y: -0.264635
robot_base_yaw: -3.123416
robot_geom: gripper0_left_right_fingertip_collision
proxy_geom: scene_aabb_proxy_line_6_center_machine_module
collision_detected:
  robot_geom=gripper0_left_left_inner_finger_collision, other_geom=scene_aabb_proxy_line_6_center_machine_module
  robot_geom=gripper0_left_left_fingertip_collision, other_geom=scene_aabb_proxy_line_6_center_machine_module
  robot_geom=gripper0_left_left_fingertip_collision, other_geom=scene_aabb_proxy_line_6_center_machine_module
  robot_geom=gripper0_left_left_fingertip_collision, other_geom=scene_aabb_proxy_line_6_center_machine_module
  robot_geom=gripper0_left_left_fingertip_collision, other_geom=scene_aabb_proxy_line_6_center_machine_module
  robot_geom=gripper0_left_left_fingerpad_collision, other_geom=scene_aabb_proxy_line_6_center_machine_module
  robot_geom=gripper0_left_left_fingerpad_collision, other_geom=scene_aabb_proxy_line_6_center_machine_module
  robot_geom=gripper0_left_left_fingerpad_collision, other_geom=scene_aabb_proxy_line_6_center_machine_module
  ... 10 more contact pairs
judge_collision_detected:
robot_base_x: 12.650247
robot_base_y: -0.287132
robot_base_yaw: -3.123295
robot_geom: gripper0_left_left_fingerpad_collision
proxy_geom: scene_aabb_proxy_line_6_center_machine_module
judge_collision_detected:
robot_base_x: 12.650247
robot_base_y: -0.287132
robot_base_yaw: -3.123295
robot_geom: gripper0_left_left_fingertip_collision
proxy_geom: scene_aabb_proxy_line_6_center_machine_module
judge_collision_detected:
robot_base_x: 12.650247
robot_base_y: -0.287132
robot_base_yaw: -3.123295
robot_geom: gripper0_left_right_fingertip_collision
proxy_geom: scene_aabb_proxy_line_6_center_machine_module
collision_detected:
  robot_geom=gripper0_left_left_inner_finger_collision, other_geom=scene_aabb_proxy_line_6_center_machine_module
  robot_geom=gripper0_left_left_fingertip_collision, other_geom=scene_aabb_proxy_line_6_center_machine_module
  robot_geom=gripper0_left_left_fingertip_collision, other_geom=scene_aabb_proxy_line_6_center_machine_module
  robot_geom=gripper0_left_left_fingertip_collision, other_geom=scene_aabb_proxy_line_6_center_machine_module
  robot_geom=gripper0_left_left_fingertip_collision, other_geom=scene_aabb_proxy_line_6_center_machine_module
  robot_geom=gripper0_left_left_fingerpad_collision, other_geom=scene_aabb_proxy_line_6_center_machine_module
  robot_geom=gripper0_left_left_fingerpad_collision, other_geom=scene_aabb_proxy_line_6_center_machine_module
  robot_geom=gripper0_left_left_fingerpad_collision, other_geom=scene_aabb_proxy_line_6_center_machine_module
  ... 10 more contact pairs
judge_collision_detected:
robot_base_x: 12.650197
robot_base_y: -0.309629
robot_base_yaw: -3.123173
robot_geom: gripper0_left_left_fingerpad_collision
proxy_geom: scene_aabb_proxy_line_6_center_machine_module
judge_collision_detected:
robot_base_x: 12.650197
robot_base_y: -0.309629
robot_base_yaw: -3.123173
robot_geom: gripper0_left_left_fingertip_collision
proxy_geom: scene_aabb_proxy_line_6_center_machine_module
judge_collision_detected:
robot_base_x: 12.650197
robot_base_y: -0.309629
robot_base_yaw: -3.123173
robot_geom: gripper0_left_right_fingertip_collision
proxy_geom: scene_aabb_proxy_line_6_center_machine_module
collision_detected:
  robot_geom=gripper0_left_left_inner_finger_collision, other_geom=scene_aabb_proxy_line_6_center_machine_module
  robot_geom=gripper0_left_left_fingertip_collision, other_geom=scene_aabb_proxy_line_6_center_machine_module
  robot_geom=gripper0_left_left_fingertip_collision, other_geom=scene_aabb_proxy_line_6_center_machine_module
  robot_geom=gripper0_left_left_fingertip_collision, other_geom=scene_aabb_proxy_line_6_center_machine_module
  robot_geom=gripper0_left_left_fingertip_collision, other_geom=scene_aabb_proxy_line_6_center_machine_module
  robot_geom=gripper0_left_left_fingerpad_collision, other_geom=scene_aabb_proxy_line_6_center_machine_module
  robot_geom=gripper0_left_left_fingerpad_collision, other_geom=scene_aabb_proxy_line_6_center_machine_module
  robot_geom=gripper0_left_left_fingerpad_collision, other_geom=scene_aabb_proxy_line_6_center_machine_module
  ... 10 more contact pairs
judge_collision_detected:
robot_base_x: 12.650117
robot_base_y: -0.332121
robot_base_yaw: -3.123125
robot_geom: gripper0_left_left_fingerpad_collision
proxy_geom: scene_aabb_proxy_line_6_center_machine_module
judge_collision_detected:
robot_base_x: 12.650117
robot_base_y: -0.332121
robot_base_yaw: -3.123125
robot_geom: gripper0_left_left_fingertip_collision
proxy_geom: scene_aabb_proxy_line_6_center_machine_module
judge_collision_detected:
robot_base_x: 12.650117
robot_base_y: -0.332121
robot_base_yaw: -3.123125
robot_geom: gripper0_left_right_fingertip_collision
proxy_geom: scene_aabb_proxy_line_6_center_machine_module
collision_detected:
  robot_geom=gripper0_left_left_inner_finger_collision, other_geom=scene_aabb_proxy_line_6_center_machine_module
  robot_geom=gripper0_left_left_fingertip_collision, other_geom=scene_aabb_proxy_line_6_center_machine_module
  robot_geom=gripper0_left_left_fingerpad_collision, other_geom=scene_aabb_proxy_line_6_center_machine_module
  robot_geom=gripper0_left_left_fingerpad_collision, other_geom=scene_aabb_proxy_line_6_center_machine_module
  robot_geom=gripper0_left_left_fingerpad_collision, other_geom=scene_aabb_proxy_line_6_center_machine_module
  robot_geom=gripper0_left_left_fingerpad_collision, other_geom=scene_aabb_proxy_line_6_center_machine_module
  robot_geom=gripper0_left_right_inner_finger_collision, other_geom=scene_aabb_proxy_line_6_center_machine_module
  robot_geom=gripper0_left_right_fingertip_collision, other_geom=scene_aabb_proxy_line_6_center_machine_module
  ... 7 more contact pairs
judge_collision_detected:
robot_base_x: 12.650137
robot_base_y: -0.354616
robot_base_yaw: -3.123075
robot_geom: gripper0_left_left_fingerpad_collision
proxy_geom: scene_aabb_proxy_line_6_center_machine_module
judge_collision_detected:
robot_base_x: 12.650137
robot_base_y: -0.354616
robot_base_yaw: -3.123075
robot_geom: gripper0_left_left_fingertip_collision
proxy_geom: scene_aabb_proxy_line_6_center_machine_module
judge_collision_detected:
robot_base_x: 12.650137
robot_base_y: -0.354616
robot_base_yaw: -3.123075
robot_geom: gripper0_left_right_fingertip_collision
proxy_geom: scene_aabb_proxy_line_6_center_machine_module
collision_detected:
  robot_geom=gripper0_left_left_inner_finger_collision, other_geom=scene_aabb_proxy_line_6_center_machine_module
  robot_geom=gripper0_left_left_fingertip_collision, other_geom=scene_aabb_proxy_line_6_center_machine_module
  robot_geom=gripper0_left_right_inner_finger_collision, other_geom=scene_aabb_proxy_line_6_center_machine_module
  robot_geom=gripper0_left_right_fingertip_collision, other_geom=scene_aabb_proxy_line_6_center_machine_module
  robot_geom=gripper0_left_right_fingertip_collision, other_geom=scene_aabb_proxy_line_6_center_machine_module
  robot_geom=gripper0_left_right_fingertip_collision, other_geom=scene_aabb_proxy_line_6_center_machine_module
  robot_geom=gripper0_left_right_fingertip_collision, other_geom=scene_aabb_proxy_line_6_center_machine_module
  robot_geom=gripper0_left_right_fingerpad_collision, other_geom=scene_aabb_proxy_line_6_center_machine_module
  ... 3 more contact pairs
judge_collision_detected:
robot_base_x: 12.650145
robot_base_y: -0.377110
robot_base_yaw: -3.123080
robot_geom: gripper0_left_left_fingerpad_collision
proxy_geom: scene_aabb_proxy_line_6_center_machine_module
judge_collision_detected:
robot_base_x: 12.650145
robot_base_y: -0.377110
robot_base_yaw: -3.123080
robot_geom: gripper0_left_left_fingertip_collision
proxy_geom: scene_aabb_proxy_line_6_center_machine_module
judge_collision_detected:
robot_base_x: 12.650145
robot_base_y: -0.377110
robot_base_yaw: -3.123080
robot_geom: gripper0_left_right_fingertip_collision
proxy_geom: scene_aabb_proxy_line_6_center_machine_module
collision_detected:
  robot_geom=gripper0_left_right_inner_finger_collision, other_geom=scene_aabb_proxy_line_6_center_machine_module
  robot_geom=gripper0_left_right_fingertip_collision, other_geom=scene_aabb_proxy_line_6_center_machine_module
  robot_geom=gripper0_left_right_fingertip_collision, other_geom=scene_aabb_proxy_line_6_center_machine_module
  robot_geom=gripper0_left_right_fingertip_collision, other_geom=scene_aabb_proxy_line_6_center_machine_module
  robot_geom=gripper0_left_right_fingertip_collision, other_geom=scene_aabb_proxy_line_6_center_machine_module
  robot_geom=gripper0_left_right_fingerpad_collision, other_geom=scene_aabb_proxy_line_6_center_machine_module
  robot_geom=gripper0_left_right_fingerpad_collision, other_geom=scene_aabb_proxy_line_6_center_machine_module
  robot_geom=gripper0_left_right_fingerpad_collision, other_geom=scene_aabb_proxy_line_6_center_machine_module
  ... 1 more contact pairs
judge_collision_detected:
robot_base_x: 12.650148
robot_base_y: -0.399600
robot_base_yaw: -3.123133
robot_geom: gripper0_left_left_fingerpad_collision
proxy_geom: scene_aabb_proxy_line_6_center_machine_module
judge_collision_detected:
robot_base_x: 12.650148
robot_base_y: -0.399600
robot_base_yaw: -3.123133
robot_geom: gripper0_left_right_fingertip_collision
proxy_geom: scene_aabb_proxy_line_6_center_machine_module
collision_detected:
  robot_geom=gripper0_left_right_inner_finger_collision, other_geom=scene_aabb_proxy_line_6_center_machine_module
  robot_geom=gripper0_left_right_fingertip_collision, other_geom=scene_aabb_proxy_line_6_center_machine_module
  robot_geom=gripper0_left_right_fingertip_collision, other_geom=scene_aabb_proxy_line_6_center_machine_module
  robot_geom=gripper0_left_right_fingertip_collision, other_geom=scene_aabb_proxy_line_6_center_machine_module
  robot_geom=gripper0_left_right_fingertip_collision, other_geom=scene_aabb_proxy_line_6_center_machine_module
  robot_geom=gripper0_left_right_fingerpad_collision, other_geom=scene_aabb_proxy_line_6_center_machine_module
  robot_geom=gripper0_left_right_fingerpad_collision, other_geom=scene_aabb_proxy_line_6_center_machine_module
  robot_geom=gripper0_left_right_fingerpad_collision, other_geom=scene_aabb_proxy_line_6_center_machine_module
  ... 1 more contact pairs
judge_collision_detected:
robot_base_x: 12.650150
robot_base_y: -0.422089
robot_base_yaw: -3.123193
robot_geom: gripper0_left_right_fingertip_collision
proxy_geom: scene_aabb_proxy_line_6_center_machine_module
collision_detected:
  robot_geom=gripper0_left_right_inner_finger_collision, other_geom=scene_aabb_proxy_line_6_center_machine_module
  robot_geom=gripper0_left_right_fingertip_collision, other_geom=scene_aabb_proxy_line_6_center_machine_module
  robot_geom=gripper0_left_right_fingertip_collision, other_geom=scene_aabb_proxy_line_6_center_machine_module
  robot_geom=gripper0_left_right_fingertip_collision, other_geom=scene_aabb_proxy_line_6_center_machine_module
  robot_geom=gripper0_left_right_fingertip_collision, other_geom=scene_aabb_proxy_line_6_center_machine_module
  robot_geom=gripper0_left_right_fingerpad_collision, other_geom=scene_aabb_proxy_line_6_center_machine_module
  robot_geom=gripper0_left_right_fingerpad_collision, other_geom=scene_aabb_proxy_line_6_center_machine_module
  robot_geom=gripper0_left_right_fingerpad_collision, other_geom=scene_aabb_proxy_line_6_center_machine_module
  ... 1 more contact pairs
judge_collision_detected:
robot_base_x: 12.650144
robot_base_y: -0.444584
robot_base_yaw: -3.123213
robot_geom: gripper0_left_right_fingertip_collision
proxy_geom: scene_aabb_proxy_line_6_center_machine_module
judge_collision_detected:
robot_base_x: 12.650144
robot_base_y: -0.444584
robot_base_yaw: -3.123213
robot_geom: gripper0_left_right_inner_finger_collision
proxy_geom: scene_aabb_proxy_line_6_center_machine_module
collision_detected:
  robot_geom=gripper0_left_right_inner_finger_collision, other_geom=scene_aabb_proxy_line_6_center_machine_module
  robot_geom=gripper0_left_right_fingertip_collision, other_geom=scene_aabb_proxy_line_6_center_machine_module
collision_detected:
  robot_geom=gripper0_left_right_inner_finger_collision, other_geom=scene_aabb_proxy_line_6_center_machine_module
  robot_geom=gripper0_left_right_fingertip_collision, other_geom=scene_aabb_proxy_line_6_center_machine_module
  robot_geom=gripper0_left_right_fingertip_collision, other_geom=scene_aabb_proxy_line_6_center_machine_module
place_object_physics: no object held
place_down: failed target=output_4 held=None avail_out=['output_1_table', 'output_2_bin', 'output_3_conveyor', 'output_4_shelf']
Step 3 (place_down): all 1 attempts failed
Step 4 (place_down) failed: Physics place FAIL: output_4 held=None out_ports=['output_1_table', 'output_2_bin', 'output_3_conveyor', 'output_4_shelf']
Step 4 failed, fail_fast — stopping
