/mnt/workspace/JCIIOT2026/JCIIOT/robosuite/robosuite/__init__.py:49: SyntaxWarning: invalid escape sequence '\ '
  /[_]\  [~]\/    |//  |
[robosuite WARNING] No private macro file found! (macros.py:57)
[robosuite WARNING] It is recommended to use a private macro file (macros.py:58)
[robosuite WARNING] To setup, run: python /mnt/workspace/JCIIOT2026/JCIIOT/robosuite/robosuite/scripts/setup_macros.py (macros.py:59)
[robosuite WARNING] Could not import robosuite_models. Some robots may not be available. If you want to use these robots, please install robosuite_models from source (https://github.com/ARISE-Initiative/robosuite_models) or through pip install. (__init__.py:31)
[robosuite WARNING] Could not load the mink-based whole-body IK. Make sure you install related import properly (e.g. pip install mink==0.0.5), otherwise you will not be able to use the default IK controller setting for GR1 robot. (__init__.py:41)
[robosuite INFO] Loading controller configuration from: /mnt/workspace/JCIIOT2026/JCIIOT/robosuite/robosuite/controllers/config/robots/default_tiago.json (composite_controller_factory.py:121)
[robosuite INFO] Loading controller configuration from: /mnt/workspace/JCIIOT2026/JCIIOT/robosuite/robosuite/controllers/config/robots/default_tiago.json (composite_controller_factory.py:121)
[robosuite INFO] Loading controller configuration from: /mnt/workspace/JCIIOT2026/JCIIOT/robosuite/robosuite/controllers/config/robots/default_tiago.json (composite_controller_factory.py:121)
[robosuite INFO] Loading controller configuration from: /mnt/workspace/JCIIOT2026/JCIIOT/robosuite/robosuite/controllers/config/robots/default_tiago.json (composite_controller_factory.py:121)

============= Initialized Observation Utils with Obs Spec =============

using obs modality: low_dim with keys: ['robot0_left_eef_pos', 'robot0_right_eef_pos', 'robot0_left_eef_quat', 'robot0_right_gripper_qpos', 'robot0_left_gripper_qpos', 'robot0_right_eef_quat']
using obs modality: rgb with keys: []
using obs modality: depth with keys: []
using obs modality: scan with keys: []
Loaded robomimic checkpoint: /mnt/workspace/JCIIOT2026/JCIIOT/robosuite/robosuite/model_epoch_150.pth
Evaluation device: cuda:0
[BACKEND v4] grasp_object_physics called
[robosuite INFO] Loading controller configuration from: /mnt/workspace/JCIIOT2026/JCIIOT/robosuite/robosuite/controllers/config/robots/default_tiago.json (composite_controller_factory.py:121)
Evaluation factory scene: FactorySorting3_3FO3ERRPH7X9
[STANCE_FIX] obj=(11.868,4.625) base=(13.011,3.924) desired=(12.808,4.625) y_err=0.701 x_err=0.203 -> recreating env
[robosuite INFO] Loading controller configuration from: /mnt/workspace/JCIIOT2026/JCIIOT/robosuite/robosuite/controllers/config/robots/default_tiago.json (composite_controller_factory.py:121)
Evaluation factory scene: FactorySorting3_3FO3ERRPH7X9
[BC_INPUT] robot_base_pos=(12.807624,4.624856,0.000000)
[BC_INPUT] robot_base_ori=[0.000000,0.000000,-3.139453] (yaw=-0.9993*pi)
[BC_INPUT] actual_base_pose=(12.807624,4.624856) yaw=-3.139453
[BC_INPUT] object_name=green_tote_b01_upper
[BC_INPUT] torso_lift=0.3500
[BC_INPUT] arm_right_1=0.7426
[BC_INPUT] arm_right_3=2.1378
[BC_INPUT] arm_right_4=2.1057
[BC_INPUT] gripper_r=0.0120
[BC_INPUT] scene=FactorySorting3_3FO3ERRPH7X9
[BC_INPUT] object green_tote_b01_lower: pos=(11.8676,3.1954,1.2000)
[BC_INPUT] object green_tote_b01_upper: pos=(11.8676,4.6249,1.2000)
Target object: green_tote_b01_upper
Robot base xy at reset: (12.807624, 4.624856)
Tracking sites: {'right': 'green_tote_b01_upper_right_grasp_site', 'left': 'green_tote_b01_upper_left_grasp_site'}
Below-site grasp targets: {'right': array([ 0.165, -0.215,  0.165]), 'left': array([-0.165, -0.215,  0.165])}
wrapped_env_grasp_start_pose: x=12.807624, y=4.624856, yaw=-3.139453
Executing scripted grasp policy (deterministic OSC waypoint servo)
[SCRIPTED] site_positions (world): {'right': 'green_tote_b01_upper_right_grasp_site', 'left': 'green_tote_b01_upper_left_grasp_site'}
[SCRIPTED] right site world pos: [12.032624   4.409856   1.3999995], below_target: [12.032624   4.409856   1.3649995]
[SCRIPTED] left site world pos: [11.702624   4.409856   1.3999995], below_target: [11.702624   4.409856   1.3649995]
[SCRIPTED] eef starts: right=[12.43902018  4.8928131   1.1359892 ], left=[12.42368841  4.43912264  1.1086439 ]
[SCRIPTED] contact rejection disabled (approach phases)
[SCRIPTED] Phase 1: safe vertical lift (60 steps, safe_z=1.550)
[SCRIPTED] Phase 2: XY approach (120 steps)
After same-env wrapped policy execution object collision geoms: ['green_tote_b01_upper_tote_b01_col_bottom', 'green_tote_b01_upper_tote_b01_col_front', 'green_tote_b01_upper_tote_b01_col_back', 'green_tote_b01_upper_tote_b01_col_left', 'green_tote_b01_upper_tote_b01_col_right']
After same-env wrapped policy execution gripper end targets: {'right': [12.0326, 4.4099, 1.365], 'left': [11.7026, 4.4099, 1.365]}
After same-env wrapped policy execution gripper end positions: {'right': [12.0512, 4.4442, 1.4688], 'left': [11.8728, 4.365, 1.46]}
After same-env wrapped policy execution gripper end deltas current-minus-target: {'right': [0.0186, 0.0344, 0.1038], 'left': [0.1702, -0.0448, 0.095]}
After same-env wrapped policy execution gripper end distances: {'right': 0.11092631705181868, 'left': 0.20000523248707705}
After same-env wrapped policy execution fingerpad contact status: {'right': {'left_fingerpad': False, 'right_fingerpad': False}, 'left': {'left_fingerpad': False, 'right_fingerpad': False}}
After same-env wrapped policy execution fingerpad contact pairs: {'right': {'left_fingerpad': [], 'right_fingerpad': []}, 'left': {'left_fingerpad': [], 'right_fingerpad': []}}
After same-env wrapped policy execution grasp status: {'right': False, 'left': False}
Scripted grasp total_steps=180
Same-env wrapped grasp success: False
Scripted grasp failure: XY approach target tolerance failed after settle: {'right': 0.09141302394458505, 'left': 0.17451212668775526}
lift_initial_grasp_status: {'right': False, 'left': False}
[BACKEND] grasp pipeline failed, skipping transport attachment: grasp_success=False, lift_success=False, lift_failure=object is not grasped by both grippers: {'right': False, 'left': False}
Step 1 (pick_up): all 1 attempts failed
Step 2 (pick_up) failed: Physics grasp FAIL: input_6
Step 2 failed softly, continuing after pick_up failure
judge_collision_detected:
robot_base_x: 12.694444
robot_base_y: 2.807849
robot_base_yaw: -3.140425
robot_geom: gripper0_left_left_fingerpad_collision
proxy_geom: scene_aabb_proxy_line_6_center_machine_module
judge_collision_detected:
robot_base_x: 12.694444
robot_base_y: 2.807849
robot_base_yaw: -3.140425
robot_geom: gripper0_left_left_fingertip_collision
proxy_geom: scene_aabb_proxy_line_6_center_machine_module
judge_collision_detected:
robot_base_x: 12.694444
robot_base_y: 2.807849
robot_base_yaw: -3.140425
robot_geom: gripper0_left_right_fingertip_collision
proxy_geom: scene_aabb_proxy_line_6_center_machine_module
collision_detected:
  robot_geom=gripper0_left_left_fingertip_collision, other_geom=scene_aabb_proxy_line_6_center_machine_module
  robot_geom=gripper0_left_left_fingerpad_collision, other_geom=scene_aabb_proxy_line_6_center_machine_module
  robot_geom=gripper0_left_right_fingertip_collision, other_geom=scene_aabb_proxy_line_6_center_machine_module
  robot_geom=gripper0_left_right_fingertip_collision, other_geom=scene_aabb_proxy_line_6_center_machine_module
  robot_geom=gripper0_left_right_fingertip_collision, other_geom=scene_aabb_proxy_line_6_center_machine_module
  robot_geom=gripper0_left_right_fingerpad_collision, other_geom=scene_aabb_proxy_line_6_center_machine_module
judge_collision_detected:
robot_base_x: 12.680758
robot_base_y: 2.790013
robot_base_yaw: -3.140387
robot_geom: gripper0_left_left_fingerpad_collision
proxy_geom: scene_aabb_proxy_line_6_center_machine_module
judge_collision_detected:
robot_base_x: 12.680758
robot_base_y: 2.790013
robot_base_yaw: -3.140387
robot_geom: gripper0_left_left_fingertip_collision
proxy_geom: scene_aabb_proxy_line_6_center_machine_module
judge_collision_detected:
robot_base_x: 12.680758
robot_base_y: 2.790013
robot_base_yaw: -3.140387
robot_geom: gripper0_left_right_fingerpad_collision
proxy_geom: scene_aabb_proxy_line_6_center_machine_module
judge_collision_detected:
robot_base_x: 12.680758
robot_base_y: 2.790013
robot_base_yaw: -3.140387
robot_geom: gripper0_left_right_fingertip_collision
proxy_geom: scene_aabb_proxy_line_6_center_machine_module
collision_detected:
  robot_geom=gripper0_left_left_fingertip_collision, other_geom=scene_aabb_proxy_line_6_center_machine_module
  robot_geom=gripper0_left_left_fingertip_collision, other_geom=scene_aabb_proxy_line_6_center_machine_module
  robot_geom=gripper0_left_left_fingerpad_collision, other_geom=scene_aabb_proxy_line_6_center_machine_module
  robot_geom=gripper0_left_right_fingertip_collision, other_geom=scene_aabb_proxy_line_6_center_machine_module
  robot_geom=gripper0_left_right_fingertip_collision, other_geom=scene_aabb_proxy_line_6_center_machine_module
  robot_geom=gripper0_left_right_fingerpad_collision, other_geom=scene_aabb_proxy_line_6_center_machine_module
judge_collision_detected:
robot_base_x: 12.667076
robot_base_y: 2.772179
robot_base_yaw: -3.140299
robot_geom: gripper0_left_left_fingerpad_collision
proxy_geom: scene_aabb_proxy_line_6_center_machine_module
judge_collision_detected:
robot_base_x: 12.667076
robot_base_y: 2.772179
robot_base_yaw: -3.140299
robot_geom: gripper0_left_left_fingertip_collision
proxy_geom: scene_aabb_proxy_line_6_center_machine_module
judge_collision_detected:
robot_base_x: 12.667076
robot_base_y: 2.772179
robot_base_yaw: -3.140299
robot_geom: gripper0_left_right_fingerpad_collision
proxy_geom: scene_aabb_proxy_line_6_center_machine_module
judge_collision_detected:
robot_base_x: 12.667076
robot_base_y: 2.772179
robot_base_yaw: -3.140299
robot_geom: gripper0_left_right_fingertip_collision
proxy_geom: scene_aabb_proxy_line_6_center_machine_module
collision_detected:
  robot_geom=gripper0_left_left_fingertip_collision, other_geom=scene_aabb_proxy_line_6_center_machine_module
  robot_geom=gripper0_left_left_fingertip_collision, other_geom=scene_aabb_proxy_line_6_center_machine_module
  robot_geom=gripper0_left_left_fingertip_collision, other_geom=scene_aabb_proxy_line_6_center_machine_module
  robot_geom=gripper0_left_left_fingertip_collision, other_geom=scene_aabb_proxy_line_6_center_machine_module
  robot_geom=gripper0_left_left_fingerpad_collision, other_geom=scene_aabb_proxy_line_6_center_machine_module
  robot_geom=gripper0_left_left_fingerpad_collision, other_geom=scene_aabb_proxy_line_6_center_machine_module
  robot_geom=gripper0_left_left_fingerpad_collision, other_geom=scene_aabb_proxy_line_6_center_machine_module
  robot_geom=gripper0_left_left_fingerpad_collision, other_geom=scene_aabb_proxy_line_6_center_machine_module
  ... 8 more contact pairs
judge_collision_detected:
robot_base_x: 12.666199
robot_base_y: 2.749701
robot_base_yaw: -3.140207
robot_geom: gripper0_left_left_fingerpad_collision
proxy_geom: scene_aabb_proxy_line_6_center_machine_module
judge_collision_detected:
robot_base_x: 12.666199
robot_base_y: 2.749701
robot_base_yaw: -3.140207
robot_geom: gripper0_left_left_fingertip_collision
proxy_geom: scene_aabb_proxy_line_6_center_machine_module
judge_collision_detected:
robot_base_x: 12.666199
robot_base_y: 2.749701
robot_base_yaw: -3.140207
robot_geom: gripper0_left_right_fingertip_collision
proxy_geom: scene_aabb_proxy_line_6_center_machine_module
collision_detected:
  robot_geom=gripper0_left_left_fingertip_collision, other_geom=scene_aabb_proxy_line_6_center_machine_module
  robot_geom=gripper0_left_left_fingertip_collision, other_geom=scene_aabb_proxy_line_6_center_machine_module
  robot_geom=gripper0_left_left_fingertip_collision, other_geom=scene_aabb_proxy_line_6_center_machine_module
  robot_geom=gripper0_left_left_fingertip_collision, other_geom=scene_aabb_proxy_line_6_center_machine_module
  robot_geom=gripper0_left_left_fingerpad_collision, other_geom=scene_aabb_proxy_line_6_center_machine_module
  robot_geom=gripper0_left_left_fingerpad_collision, other_geom=scene_aabb_proxy_line_6_center_machine_module
  robot_geom=gripper0_left_left_fingerpad_collision, other_geom=scene_aabb_proxy_line_6_center_machine_module
  robot_geom=gripper0_left_left_fingerpad_collision, other_geom=scene_aabb_proxy_line_6_center_machine_module
  ... 8 more contact pairs
judge_collision_detected:
robot_base_x: 12.665322
robot_base_y: 2.727223
robot_base_yaw: -3.140108
robot_geom: gripper0_left_left_fingerpad_collision
proxy_geom: scene_aabb_proxy_line_6_center_machine_module
judge_collision_detected:
robot_base_x: 12.665322
robot_base_y: 2.727223
robot_base_yaw: -3.140108
robot_geom: gripper0_left_left_fingertip_collision
proxy_geom: scene_aabb_proxy_line_6_center_machine_module
judge_collision_detected:
robot_base_x: 12.665322
robot_base_y: 2.727223
robot_base_yaw: -3.140108
robot_geom: gripper0_left_right_fingertip_collision
proxy_geom: scene_aabb_proxy_line_6_center_machine_module
collision_detected:
  robot_geom=gripper0_left_left_fingertip_collision, other_geom=scene_aabb_proxy_line_6_center_machine_module
  robot_geom=gripper0_left_left_fingertip_collision, other_geom=scene_aabb_proxy_line_6_center_machine_module
  robot_geom=gripper0_left_left_fingertip_collision, other_geom=scene_aabb_proxy_line_6_center_machine_module
  robot_geom=gripper0_left_left_fingertip_collision, other_geom=scene_aabb_proxy_line_6_center_machine_module
  robot_geom=gripper0_left_left_fingerpad_collision, other_geom=scene_aabb_proxy_line_6_center_machine_module
  robot_geom=gripper0_left_left_fingerpad_collision, other_geom=scene_aabb_proxy_line_6_center_machine_module
  robot_geom=gripper0_left_left_fingerpad_collision, other_geom=scene_aabb_proxy_line_6_center_machine_module
  robot_geom=gripper0_left_left_fingerpad_collision, other_geom=scene_aabb_proxy_line_6_center_machine_module
  ... 8 more contact pairs
judge_collision_detected:
robot_base_x: 12.664443
robot_base_y: 2.704744
robot_base_yaw: -3.140005
robot_geom: gripper0_left_left_fingerpad_collision
proxy_geom: scene_aabb_proxy_line_6_center_machine_module
judge_collision_detected:
robot_base_x: 12.664443
robot_base_y: 2.704744
robot_base_yaw: -3.140005
robot_geom: gripper0_left_left_fingertip_collision
proxy_geom: scene_aabb_proxy_line_6_center_machine_module
judge_collision_detected:
robot_base_x: 12.664443
robot_base_y: 2.704744
robot_base_yaw: -3.140005
robot_geom: gripper0_left_right_fingertip_collision
proxy_geom: scene_aabb_proxy_line_6_center_machine_module
collision_detected:
  robot_geom=gripper0_left_left_fingertip_collision, other_geom=scene_aabb_proxy_line_6_center_machine_module
  robot_geom=gripper0_left_left_fingertip_collision, other_geom=scene_aabb_proxy_line_6_center_machine_module
  robot_geom=gripper0_left_left_fingertip_collision, other_geom=scene_aabb_proxy_line_6_center_machine_module
  robot_geom=gripper0_left_left_fingertip_collision, other_geom=scene_aabb_proxy_line_6_center_machine_module
  robot_geom=gripper0_left_left_fingerpad_collision, other_geom=scene_aabb_proxy_line_6_center_machine_module
  robot_geom=gripper0_left_left_fingerpad_collision, other_geom=scene_aabb_proxy_line_6_center_machine_module
  robot_geom=gripper0_left_left_fingerpad_collision, other_geom=scene_aabb_proxy_line_6_center_machine_module
  robot_geom=gripper0_left_left_fingerpad_collision, other_geom=scene_aabb_proxy_line_6_center_machine_module
  ... 8 more contact pairs
judge_collision_detected:
robot_base_x: 12.663562
robot_base_y: 2.682265
robot_base_yaw: -3.139899
robot_geom: gripper0_left_left_fingerpad_collision
proxy_geom: scene_aabb_proxy_line_6_center_machine_module
judge_collision_detected:
robot_base_x: 12.663562
robot_base_y: 2.682265
robot_base_yaw: -3.139899
robot_geom: gripper0_left_left_fingertip_collision
proxy_geom: scene_aabb_proxy_line_6_center_machine_module
judge_collision_detected:
robot_base_x: 12.663562
robot_base_y: 2.682265
robot_base_yaw: -3.139899
robot_geom: gripper0_left_right_fingertip_collision
proxy_geom: scene_aabb_proxy_line_6_center_machine_module
collision_detected:
  robot_geom=gripper0_left_left_fingertip_collision, other_geom=scene_aabb_proxy_line_6_center_machine_module
  robot_geom=gripper0_left_left_fingertip_collision, other_geom=scene_aabb_proxy_line_6_center_machine_module
  robot_geom=gripper0_left_left_fingertip_collision, other_geom=scene_aabb_proxy_line_6_center_machine_module
  robot_geom=gripper0_left_left_fingertip_collision, other_geom=scene_aabb_proxy_line_6_center_machine_module
  robot_geom=gripper0_left_left_fingerpad_collision, other_geom=scene_aabb_proxy_line_6_center_machine_module
  robot_geom=gripper0_left_left_fingerpad_collision, other_geom=scene_aabb_proxy_line_6_center_machine_module
  robot_geom=gripper0_left_left_fingerpad_collision, other_geom=scene_aabb_proxy_line_6_center_machine_module
  robot_geom=gripper0_left_left_fingerpad_collision, other_geom=scene_aabb_proxy_line_6_center_machine_module
  ... 8 more contact pairs
judge_collision_detected:
robot_base_x: 12.662679
robot_base_y: 2.659786
robot_base_yaw: -3.139794
robot_geom: gripper0_left_left_fingerpad_collision
proxy_geom: scene_aabb_proxy_line_6_center_machine_module
judge_collision_detected:
robot_base_x: 12.662679
robot_base_y: 2.659786
robot_base_yaw: -3.139794
robot_geom: gripper0_left_left_fingertip_collision
proxy_geom: scene_aabb_proxy_line_6_center_machine_module
judge_collision_detected:
robot_base_x: 12.662679
robot_base_y: 2.659786
robot_base_yaw: -3.139794
robot_geom: gripper0_left_right_fingertip_collision
proxy_geom: scene_aabb_proxy_line_6_center_machine_module
collision_detected:
  robot_geom=gripper0_left_left_fingertip_collision, other_geom=scene_aabb_proxy_line_6_center_machine_module
  robot_geom=gripper0_left_left_fingertip_collision, other_geom=scene_aabb_proxy_line_6_center_machine_module
  robot_geom=gripper0_left_left_fingertip_collision, other_geom=scene_aabb_proxy_line_6_center_machine_module
  robot_geom=gripper0_left_left_fingertip_collision, other_geom=scene_aabb_proxy_line_6_center_machine_module
  robot_geom=gripper0_left_left_fingerpad_collision, other_geom=scene_aabb_proxy_line_6_center_machine_module
  robot_geom=gripper0_left_left_fingerpad_collision, other_geom=scene_aabb_proxy_line_6_center_machine_module
  robot_geom=gripper0_left_left_fingerpad_collision, other_geom=scene_aabb_proxy_line_6_center_machine_module
  robot_geom=gripper0_left_left_fingerpad_collision, other_geom=scene_aabb_proxy_line_6_center_machine_module
  ... 8 more contact pairs
judge_collision_detected:
robot_base_x: 12.661794
robot_base_y: 2.637308
robot_base_yaw: -3.139686
robot_geom: gripper0_left_left_fingerpad_collision
proxy_geom: scene_aabb_proxy_line_6_center_machine_module
judge_collision_detected:
robot_base_x: 12.661794
robot_base_y: 2.637308
robot_base_yaw: -3.139686
robot_geom: gripper0_left_left_fingertip_collision
proxy_geom: scene_aabb_proxy_line_6_center_machine_module
judge_collision_detected:
robot_base_x: 12.661794
robot_base_y: 2.637308
robot_base_yaw: -3.139686
robot_geom: gripper0_left_right_fingertip_collision
proxy_geom: scene_aabb_proxy_line_6_center_machine_module
collision_detected:
  robot_geom=gripper0_left_left_fingertip_collision, other_geom=scene_aabb_proxy_line_6_center_machine_module
  robot_geom=gripper0_left_left_fingertip_collision, other_geom=scene_aabb_proxy_line_6_center_machine_module
  robot_geom=gripper0_left_left_fingertip_collision, other_geom=scene_aabb_proxy_line_6_center_machine_module
  robot_geom=gripper0_left_left_fingertip_collision, other_geom=scene_aabb_proxy_line_6_center_machine_module
  robot_geom=gripper0_left_left_fingerpad_collision, other_geom=scene_aabb_proxy_line_6_center_machine_module
  robot_geom=gripper0_left_left_fingerpad_collision, other_geom=scene_aabb_proxy_line_6_center_machine_module
  robot_geom=gripper0_left_left_fingerpad_collision, other_geom=scene_aabb_proxy_line_6_center_machine_module
  robot_geom=gripper0_left_left_fingerpad_collision, other_geom=scene_aabb_proxy_line_6_center_machine_module
  ... 8 more contact pairs
judge_collision_detected:
robot_base_x: 12.660906
robot_base_y: 2.614829
robot_base_yaw: -3.139575
robot_geom: gripper0_left_left_fingerpad_collision
proxy_geom: scene_aabb_proxy_line_6_center_machine_module
judge_collision_detected:
robot_base_x: 12.660906
robot_base_y: 2.614829
robot_base_yaw: -3.139575
robot_geom: gripper0_left_left_fingertip_collision
proxy_geom: scene_aabb_proxy_line_6_center_machine_module
judge_collision_detected:
robot_base_x: 12.660906
robot_base_y: 2.614829
robot_base_yaw: -3.139575
robot_geom: gripper0_left_right_fingertip_collision
proxy_geom: scene_aabb_proxy_line_6_center_machine_module
collision_detected:
  robot_geom=gripper0_left_left_fingertip_collision, other_geom=scene_aabb_proxy_line_6_center_machine_module
  robot_geom=gripper0_left_left_fingertip_collision, other_geom=scene_aabb_proxy_line_6_center_machine_module
  robot_geom=gripper0_left_left_fingertip_collision, other_geom=scene_aabb_proxy_line_6_center_machine_module
  robot_geom=gripper0_left_left_fingertip_collision, other_geom=scene_aabb_proxy_line_6_center_machine_module
  robot_geom=gripper0_left_left_fingerpad_collision, other_geom=scene_aabb_proxy_line_6_center_machine_module
  robot_geom=gripper0_left_left_fingerpad_collision, other_geom=scene_aabb_proxy_line_6_center_machine_module
  robot_geom=gripper0_left_left_fingerpad_collision, other_geom=scene_aabb_proxy_line_6_center_machine_module
  robot_geom=gripper0_left_left_fingerpad_collision, other_geom=scene_aabb_proxy_line_6_center_machine_module
  ... 8 more contact pairs
judge_collision_detected:
robot_base_x: 12.660016
robot_base_y: 2.592351
robot_base_yaw: -3.139462
robot_geom: gripper0_left_left_fingerpad_collision
proxy_geom: scene_aabb_proxy_line_6_center_machine_module
judge_collision_detected:
robot_base_x: 12.660016
robot_base_y: 2.592351
robot_base_yaw: -3.139462
robot_geom: gripper0_left_left_fingertip_collision
proxy_geom: scene_aabb_proxy_line_6_center_machine_module
judge_collision_detected:
robot_base_x: 12.660016
robot_base_y: 2.592351
robot_base_yaw: -3.139462
robot_geom: gripper0_left_right_fingertip_collision
proxy_geom: scene_aabb_proxy_line_6_center_machine_module
collision_detected:
  robot_geom=gripper0_left_left_fingertip_collision, other_geom=scene_aabb_proxy_line_6_center_machine_module
  robot_geom=gripper0_left_left_fingertip_collision, other_geom=scene_aabb_proxy_line_6_center_machine_module
  robot_geom=gripper0_left_left_fingertip_collision, other_geom=scene_aabb_proxy_line_6_center_machine_module
  robot_geom=gripper0_left_left_fingertip_collision, other_geom=scene_aabb_proxy_line_6_center_machine_module
  robot_geom=gripper0_left_left_fingerpad_collision, other_geom=scene_aabb_proxy_line_6_center_machine_module
  robot_geom=gripper0_left_left_fingerpad_collision, other_geom=scene_aabb_proxy_line_6_center_machine_module
  robot_geom=gripper0_left_left_fingerpad_collision, other_geom=scene_aabb_proxy_line_6_center_machine_module
  robot_geom=gripper0_left_left_fingerpad_collision, other_geom=scene_aabb_proxy_line_6_center_machine_module
  ... 9 more contact pairs
judge_collision_detected:
robot_base_x: 12.659124
robot_base_y: 2.569872
robot_base_yaw: -3.139346
robot_geom: gripper0_left_left_fingerpad_collision
proxy_geom: scene_aabb_proxy_line_6_center_machine_module
judge_collision_detected:
robot_base_x: 12.659124
robot_base_y: 2.569872
robot_base_yaw: -3.139346
robot_geom: gripper0_left_left_fingertip_collision
proxy_geom: scene_aabb_proxy_line_6_center_machine_module
judge_collision_detected:
robot_base_x: 12.659124
robot_base_y: 2.569872
robot_base_yaw: -3.139346
robot_geom: gripper0_left_right_fingertip_collision
proxy_geom: scene_aabb_proxy_line_6_center_machine_module
collision_detected:
  robot_geom=gripper0_left_left_inner_finger_collision, other_geom=scene_aabb_proxy_line_6_center_machine_module
  robot_geom=gripper0_left_left_fingertip_collision, other_geom=scene_aabb_proxy_line_6_center_machine_module
  robot_geom=gripper0_left_left_fingertip_collision, other_geom=scene_aabb_proxy_line_6_center_machine_module
  robot_geom=gripper0_left_left_fingertip_collision, other_geom=scene_aabb_proxy_line_6_center_machine_module
  robot_geom=gripper0_left_left_fingertip_collision, other_geom=scene_aabb_proxy_line_6_center_machine_module
  robot_geom=gripper0_left_left_fingerpad_collision, other_geom=scene_aabb_proxy_line_6_center_machine_module
  robot_geom=gripper0_left_left_fingerpad_collision, other_geom=scene_aabb_proxy_line_6_center_machine_module
  robot_geom=gripper0_left_left_fingerpad_collision, other_geom=scene_aabb_proxy_line_6_center_machine_module
  ... 10 more contact pairs
judge_collision_detected:
robot_base_x: 12.658227
robot_base_y: 2.547394
robot_base_yaw: -3.139229
robot_geom: gripper0_left_left_fingerpad_collision
proxy_geom: scene_aabb_proxy_line_6_center_machine_module
judge_collision_detected:
robot_base_x: 12.658227
robot_base_y: 2.547394
robot_base_yaw: -3.139229
robot_geom: gripper0_left_left_fingertip_collision
proxy_geom: scene_aabb_proxy_line_6_center_machine_module
judge_collision_detected:
robot_base_x: 12.658227
robot_base_y: 2.547394
robot_base_yaw: -3.139229
robot_geom: gripper0_left_right_fingertip_collision
proxy_geom: scene_aabb_proxy_line_6_center_machine_module
collision_detected:
  robot_geom=gripper0_left_left_inner_finger_collision, other_geom=scene_aabb_proxy_line_6_center_machine_module
  robot_geom=gripper0_left_left_fingertip_collision, other_geom=scene_aabb_proxy_line_6_center_machine_module
  robot_geom=gripper0_left_left_fingertip_collision, other_geom=scene_aabb_proxy_line_6_center_machine_module
  robot_geom=gripper0_left_left_fingertip_collision, other_geom=scene_aabb_proxy_line_6_center_machine_module
  robot_geom=gripper0_left_left_fingertip_collision, other_geom=scene_aabb_proxy_line_6_center_machine_module
  robot_geom=gripper0_left_left_fingerpad_collision, other_geom=scene_aabb_proxy_line_6_center_machine_module
  robot_geom=gripper0_left_left_fingerpad_collision, other_geom=scene_aabb_proxy_line_6_center_machine_module
  robot_geom=gripper0_left_left_fingerpad_collision, other_geom=scene_aabb_proxy_line_6_center_machine_module
  ... 10 more contact pairs
judge_collision_detected:
robot_base_x: 12.657328
robot_base_y: 2.524915
robot_base_yaw: -3.139109
robot_geom: gripper0_left_left_fingerpad_collision
proxy_geom: scene_aabb_proxy_line_6_center_machine_module
judge_collision_detected:
robot_base_x: 12.657328
robot_base_y: 2.524915
robot_base_yaw: -3.139109
robot_geom: gripper0_left_left_fingertip_collision
proxy_geom: scene_aabb_proxy_line_6_center_machine_module
judge_collision_detected:
robot_base_x: 12.657328
robot_base_y: 2.524915
robot_base_yaw: -3.139109
robot_geom: gripper0_left_right_fingertip_collision
proxy_geom: scene_aabb_proxy_line_6_center_machine_module
collision_detected:
  robot_geom=gripper0_left_left_inner_finger_collision, other_geom=scene_aabb_proxy_line_6_center_machine_module
  robot_geom=gripper0_left_left_fingertip_collision, other_geom=scene_aabb_proxy_line_6_center_machine_module
  robot_geom=gripper0_left_left_fingertip_collision, other_geom=scene_aabb_proxy_line_6_center_machine_module
  robot_geom=gripper0_left_left_fingertip_collision, other_geom=scene_aabb_proxy_line_6_center_machine_module
  robot_geom=gripper0_left_left_fingertip_collision, other_geom=scene_aabb_proxy_line_6_center_machine_module
  robot_geom=gripper0_left_left_fingerpad_collision, other_geom=scene_aabb_proxy_line_6_center_machine_module
  robot_geom=gripper0_left_left_fingerpad_collision, other_geom=scene_aabb_proxy_line_6_center_machine_module
  robot_geom=gripper0_left_left_fingerpad_collision, other_geom=scene_aabb_proxy_line_6_center_machine_module
  ... 10 more contact pairs
judge_collision_detected:
robot_base_x: 12.656423
robot_base_y: 2.502437
robot_base_yaw: -3.138986
robot_geom: gripper0_left_left_fingerpad_collision
proxy_geom: scene_aabb_proxy_line_6_center_machine_module
judge_collision_detected:
robot_base_x: 12.656423
robot_base_y: 2.502437
robot_base_yaw: -3.138986
robot_geom: gripper0_left_left_fingertip_collision
proxy_geom: scene_aabb_proxy_line_6_center_machine_module
judge_collision_detected:
robot_base_x: 12.656423
robot_base_y: 2.502437
robot_base_yaw: -3.138986
robot_geom: gripper0_left_right_fingertip_collision
proxy_geom: scene_aabb_proxy_line_6_center_machine_module
collision_detected:
  robot_geom=gripper0_left_left_inner_finger_collision, other_geom=scene_aabb_proxy_line_6_center_machine_module
  robot_geom=gripper0_left_left_fingertip_collision, other_geom=scene_aabb_proxy_line_6_center_machine_module
  robot_geom=gripper0_left_left_fingertip_collision, other_geom=scene_aabb_proxy_line_6_center_machine_module
  robot_geom=gripper0_left_left_fingertip_collision, other_geom=scene_aabb_proxy_line_6_center_machine_module
  robot_geom=gripper0_left_left_fingertip_collision, other_geom=scene_aabb_proxy_line_6_center_machine_module
  robot_geom=gripper0_left_left_fingerpad_collision, other_geom=scene_aabb_proxy_line_6_center_machine_module
  robot_geom=gripper0_left_left_fingerpad_collision, other_geom=scene_aabb_proxy_line_6_center_machine_module
  robot_geom=gripper0_left_left_fingerpad_collision, other_geom=scene_aabb_proxy_line_6_center_machine_module
  ... 10 more contact pairs
judge_collision_detected:
robot_base_x: 12.655514
robot_base_y: 2.479959
robot_base_yaw: -3.138862
robot_geom: gripper0_left_left_fingerpad_collision
proxy_geom: scene_aabb_proxy_line_6_center_machine_module
judge_collision_detected:
robot_base_x: 12.655514
robot_base_y: 2.479959
robot_base_yaw: -3.138862
robot_geom: gripper0_left_left_fingertip_collision
proxy_geom: scene_aabb_proxy_line_6_center_machine_module
judge_collision_detected:
robot_base_x: 12.655514
robot_base_y: 2.479959
robot_base_yaw: -3.138862
robot_geom: gripper0_left_right_fingertip_collision
proxy_geom: scene_aabb_proxy_line_6_center_machine_module
collision_detected:
  robot_geom=gripper0_left_left_inner_finger_collision, other_geom=scene_aabb_proxy_line_6_center_machine_module
  robot_geom=gripper0_left_left_fingertip_collision, other_geom=scene_aabb_proxy_line_6_center_machine_module
  robot_geom=gripper0_left_left_fingertip_collision, other_geom=scene_aabb_proxy_line_6_center_machine_module
  robot_geom=gripper0_left_left_fingertip_collision, other_geom=scene_aabb_proxy_line_6_center_machine_module
  robot_geom=gripper0_left_left_fingertip_collision, other_geom=scene_aabb_proxy_line_6_center_machine_module
  robot_geom=gripper0_left_left_fingerpad_collision, other_geom=scene_aabb_proxy_line_6_center_machine_module
  robot_geom=gripper0_left_left_fingerpad_collision, other_geom=scene_aabb_proxy_line_6_center_machine_module
  robot_geom=gripper0_left_left_fingerpad_collision, other_geom=scene_aabb_proxy_line_6_center_machine_module
  ... 10 more contact pairs
judge_collision_detected:
robot_base_x: 12.654598
robot_base_y: 2.457481
robot_base_yaw: -3.138734
robot_geom: gripper0_left_left_fingerpad_collision
proxy_geom: scene_aabb_proxy_line_6_center_machine_module
judge_collision_detected:
robot_base_x: 12.654598
robot_base_y: 2.457481
robot_base_yaw: -3.138734
robot_geom: gripper0_left_left_fingertip_collision
proxy_geom: scene_aabb_proxy_line_6_center_machine_module
judge_collision_detected:
robot_base_x: 12.654598
robot_base_y: 2.457481
robot_base_yaw: -3.138734
robot_geom: gripper0_left_right_fingertip_collision
proxy_geom: scene_aabb_proxy_line_6_center_machine_module
collision_detected:
  robot_geom=gripper0_left_left_inner_finger_collision, other_geom=scene_aabb_proxy_line_6_center_machine_module
  robot_geom=gripper0_left_left_fingertip_collision, other_geom=scene_aabb_proxy_line_6_center_machine_module
  robot_geom=gripper0_left_left_fingertip_collision, other_geom=scene_aabb_proxy_line_6_center_machine_module
  robot_geom=gripper0_left_left_fingertip_collision, other_geom=scene_aabb_proxy_line_6_center_machine_module
  robot_geom=gripper0_left_left_fingertip_collision, other_geom=scene_aabb_proxy_line_6_center_machine_module
  robot_geom=gripper0_left_left_fingerpad_collision, other_geom=scene_aabb_proxy_line_6_center_machine_module
  robot_geom=gripper0_left_left_fingerpad_collision, other_geom=scene_aabb_proxy_line_6_center_machine_module
  robot_geom=gripper0_left_left_fingerpad_collision, other_geom=scene_aabb_proxy_line_6_center_machine_module
  ... 10 more contact pairs
judge_collision_detected:
robot_base_x: 12.653675
robot_base_y: 2.435004
robot_base_yaw: -3.138604
robot_geom: gripper0_left_left_fingerpad_collision
proxy_geom: scene_aabb_proxy_line_6_center_machine_module
judge_collision_detected:
robot_base_x: 12.653675
robot_base_y: 2.435004
robot_base_yaw: -3.138604
robot_geom: gripper0_left_left_fingertip_collision
proxy_geom: scene_aabb_proxy_line_6_center_machine_module
judge_collision_detected:
robot_base_x: 12.653675
robot_base_y: 2.435004
robot_base_yaw: -3.138604
robot_geom: gripper0_left_right_fingertip_collision
proxy_geom: scene_aabb_proxy_line_6_center_machine_module
collision_detected:
  robot_geom=gripper0_left_left_inner_finger_collision, other_geom=scene_aabb_proxy_line_6_center_machine_module
  robot_geom=gripper0_left_left_fingertip_collision, other_geom=scene_aabb_proxy_line_6_center_machine_module
  robot_geom=gripper0_left_left_fingertip_collision, other_geom=scene_aabb_proxy_line_6_center_machine_module
  robot_geom=gripper0_left_left_fingertip_collision, other_geom=scene_aabb_proxy_line_6_center_machine_module
  robot_geom=gripper0_left_left_fingertip_collision, other_geom=scene_aabb_proxy_line_6_center_machine_module
  robot_geom=gripper0_left_left_fingerpad_collision, other_geom=scene_aabb_proxy_line_6_center_machine_module
  robot_geom=gripper0_left_left_fingerpad_collision, other_geom=scene_aabb_proxy_line_6_center_machine_module
  robot_geom=gripper0_left_left_fingerpad_collision, other_geom=scene_aabb_proxy_line_6_center_machine_module
  ... 10 more contact pairs
judge_collision_detected:
robot_base_x: 12.652743
robot_base_y: 2.412526
robot_base_yaw: -3.138469
robot_geom: gripper0_left_left_fingerpad_collision
proxy_geom: scene_aabb_proxy_line_6_center_machine_module
judge_collision_detected:
robot_base_x: 12.652743
robot_base_y: 2.412526
robot_base_yaw: -3.138469
robot_geom: gripper0_left_left_fingertip_collision
proxy_geom: scene_aabb_proxy_line_6_center_machine_module
judge_collision_detected:
robot_base_x: 12.652743
robot_base_y: 2.412526
robot_base_yaw: -3.138469
robot_geom: gripper0_left_right_fingertip_collision
proxy_geom: scene_aabb_proxy_line_6_center_machine_module
collision_detected:
  robot_geom=gripper0_left_left_inner_finger_collision, other_geom=scene_aabb_proxy_line_6_center_machine_module
  robot_geom=gripper0_left_left_fingertip_collision, other_geom=scene_aabb_proxy_line_6_center_machine_module
  robot_geom=gripper0_left_left_fingertip_collision, other_geom=scene_aabb_proxy_line_6_center_machine_module
  robot_geom=gripper0_left_left_fingertip_collision, other_geom=scene_aabb_proxy_line_6_center_machine_module
  robot_geom=gripper0_left_left_fingertip_collision, other_geom=scene_aabb_proxy_line_6_center_machine_module
  robot_geom=gripper0_left_left_fingerpad_collision, other_geom=scene_aabb_proxy_line_6_center_machine_module
  robot_geom=gripper0_left_left_fingerpad_collision, other_geom=scene_aabb_proxy_line_6_center_machine_module
  robot_geom=gripper0_left_left_fingerpad_collision, other_geom=scene_aabb_proxy_line_6_center_machine_module
  ... 10 more contact pairs
judge_collision_detected:
robot_base_x: 12.651796
robot_base_y: 2.390049
robot_base_yaw: -3.138329
robot_geom: gripper0_left_left_fingerpad_collision
proxy_geom: scene_aabb_proxy_line_6_center_machine_module
judge_collision_detected:
robot_base_x: 12.651796
robot_base_y: 2.390049
robot_base_yaw: -3.138329
robot_geom: gripper0_left_left_fingertip_collision
proxy_geom: scene_aabb_proxy_line_6_center_machine_module
judge_collision_detected:
robot_base_x: 12.651796
robot_base_y: 2.390049
robot_base_yaw: -3.138329
robot_geom: gripper0_left_right_fingertip_collision
proxy_geom: scene_aabb_proxy_line_6_center_machine_module
collision_detected:
  robot_geom=gripper0_left_left_inner_finger_collision, other_geom=scene_aabb_proxy_line_6_center_machine_module
  robot_geom=gripper0_left_left_fingertip_collision, other_geom=scene_aabb_proxy_line_6_center_machine_module
  robot_geom=gripper0_left_left_fingertip_collision, other_geom=scene_aabb_proxy_line_6_center_machine_module
  robot_geom=gripper0_left_left_fingertip_collision, other_geom=scene_aabb_proxy_line_6_center_machine_module
  robot_geom=gripper0_left_left_fingertip_collision, other_geom=scene_aabb_proxy_line_6_center_machine_module
  robot_geom=gripper0_left_left_fingerpad_collision, other_geom=scene_aabb_proxy_line_6_center_machine_module
  robot_geom=gripper0_left_left_fingerpad_collision, other_geom=scene_aabb_proxy_line_6_center_machine_module
  robot_geom=gripper0_left_left_fingerpad_collision, other_geom=scene_aabb_proxy_line_6_center_machine_module
  ... 10 more contact pairs
judge_collision_detected:
robot_base_x: 12.650828
robot_base_y: 2.367573
robot_base_yaw: -3.138186
robot_geom: gripper0_left_left_fingerpad_collision
proxy_geom: scene_aabb_proxy_line_6_center_machine_module
judge_collision_detected:
robot_base_x: 12.650828
robot_base_y: 2.367573
robot_base_yaw: -3.138186
robot_geom: gripper0_left_left_fingertip_collision
proxy_geom: scene_aabb_proxy_line_6_center_machine_module
judge_collision_detected:
robot_base_x: 12.650828
robot_base_y: 2.367573
robot_base_yaw: -3.138186
robot_geom: gripper0_left_right_fingertip_collision
proxy_geom: scene_aabb_proxy_line_6_center_machine_module
collision_detected:
  robot_geom=gripper0_left_left_inner_finger_collision, other_geom=scene_aabb_proxy_line_6_center_machine_module
  robot_geom=gripper0_left_left_fingertip_collision, other_geom=scene_aabb_proxy_line_6_center_machine_module
  robot_geom=gripper0_left_left_fingertip_collision, other_geom=scene_aabb_proxy_line_6_center_machine_module
  robot_geom=gripper0_left_left_fingertip_collision, other_geom=scene_aabb_proxy_line_6_center_machine_module
  robot_geom=gripper0_left_left_fingertip_collision, other_geom=scene_aabb_proxy_line_6_center_machine_module
  robot_geom=gripper0_left_left_fingerpad_collision, other_geom=scene_aabb_proxy_line_6_center_machine_module
  robot_geom=gripper0_left_left_fingerpad_collision, other_geom=scene_aabb_proxy_line_6_center_machine_module
  robot_geom=gripper0_left_left_fingerpad_collision, other_geom=scene_aabb_proxy_line_6_center_machine_module
  ... 10 more contact pairs
judge_collision_detected:
robot_base_x: 12.650824
robot_base_y: 2.345074
robot_base_yaw: -3.138058
robot_geom: gripper0_left_left_fingerpad_collision
proxy_geom: scene_aabb_proxy_line_6_center_machine_module
judge_collision_detected:
robot_base_x: 12.650824
robot_base_y: 2.345074
robot_base_yaw: -3.138058
robot_geom: gripper0_left_left_fingertip_collision
proxy_geom: scene_aabb_proxy_line_6_center_machine_module
judge_collision_detected:
robot_base_x: 12.650824
robot_base_y: 2.345074
robot_base_yaw: -3.138058
robot_geom: gripper0_left_right_fingertip_collision
proxy_geom: scene_aabb_proxy_line_6_center_machine_module
collision_detected:
  robot_geom=gripper0_left_left_inner_finger_collision, other_geom=scene_aabb_proxy_line_6_center_machine_module
  robot_geom=gripper0_left_left_fingertip_collision, other_geom=scene_aabb_proxy_line_6_center_machine_module
  robot_geom=gripper0_left_left_fingertip_collision, other_geom=scene_aabb_proxy_line_6_center_machine_module
  robot_geom=gripper0_left_left_fingertip_collision, other_geom=scene_aabb_proxy_line_6_center_machine_module
  robot_geom=gripper0_left_left_fingertip_collision, other_geom=scene_aabb_proxy_line_6_center_machine_module
  robot_geom=gripper0_left_left_fingerpad_collision, other_geom=scene_aabb_proxy_line_6_center_machine_module
  robot_geom=gripper0_left_left_fingerpad_collision, other_geom=scene_aabb_proxy_line_6_center_machine_module
  robot_geom=gripper0_left_left_fingerpad_collision, other_geom=scene_aabb_proxy_line_6_center_machine_module
  ... 10 more contact pairs
judge_collision_detected:
robot_base_x: 12.650817
robot_base_y: 2.322576
robot_base_yaw: -3.137933
robot_geom: gripper0_left_left_fingerpad_collision
proxy_geom: scene_aabb_proxy_line_6_center_machine_module
judge_collision_detected:
robot_base_x: 12.650817
robot_base_y: 2.322576
robot_base_yaw: -3.137933
robot_geom: gripper0_left_left_fingertip_collision
proxy_geom: scene_aabb_proxy_line_6_center_machine_module
judge_collision_detected:
robot_base_x: 12.650817
robot_base_y: 2.322576
robot_base_yaw: -3.137933
robot_geom: gripper0_left_right_fingertip_collision
proxy_geom: scene_aabb_proxy_line_6_center_machine_module
collision_detected:
  robot_geom=gripper0_left_left_inner_finger_collision, other_geom=scene_aabb_proxy_line_6_center_machine_module
  robot_geom=gripper0_left_left_fingertip_collision, other_geom=scene_aabb_proxy_line_6_center_machine_module
  robot_geom=gripper0_left_left_fingertip_collision, other_geom=scene_aabb_proxy_line_6_center_machine_module
  robot_geom=gripper0_left_left_fingertip_collision, other_geom=scene_aabb_proxy_line_6_center_machine_module
  robot_geom=gripper0_left_left_fingertip_collision, other_geom=scene_aabb_proxy_line_6_center_machine_module
  robot_geom=gripper0_left_left_fingerpad_collision, other_geom=scene_aabb_proxy_line_6_center_machine_module
  robot_geom=gripper0_left_left_fingerpad_collision, other_geom=scene_aabb_proxy_line_6_center_machine_module
  robot_geom=gripper0_left_left_fingerpad_collision, other_geom=scene_aabb_proxy_line_6_center_machine_module
  ... 10 more contact pairs
judge_collision_detected:
robot_base_x: 12.650808
robot_base_y: 2.300078
robot_base_yaw: -3.137807
robot_geom: gripper0_left_left_fingerpad_collision
proxy_geom: scene_aabb_proxy_line_6_center_machine_module
judge_collision_detected:
robot_base_x: 12.650808
robot_base_y: 2.300078
robot_base_yaw: -3.137807
robot_geom: gripper0_left_left_fingertip_collision
proxy_geom: scene_aabb_proxy_line_6_center_machine_module
judge_collision_detected:
robot_base_x: 12.650808
robot_base_y: 2.300078
robot_base_yaw: -3.137807
robot_geom: gripper0_left_right_fingertip_collision
proxy_geom: scene_aabb_proxy_line_6_center_machine_module
collision_detected:
  robot_geom=gripper0_left_left_inner_finger_collision, other_geom=scene_aabb_proxy_line_6_center_machine_module
  robot_geom=gripper0_left_left_fingertip_collision, other_geom=scene_aabb_proxy_line_6_center_machine_module
  robot_geom=gripper0_left_left_fingertip_collision, other_geom=scene_aabb_proxy_line_6_center_machine_module
  robot_geom=gripper0_left_left_fingertip_collision, other_geom=scene_aabb_proxy_line_6_center_machine_module
  robot_geom=gripper0_left_left_fingertip_collision, other_geom=scene_aabb_proxy_line_6_center_machine_module
  robot_geom=gripper0_left_left_fingerpad_collision, other_geom=scene_aabb_proxy_line_6_center_machine_module
  robot_geom=gripper0_left_left_fingerpad_collision, other_geom=scene_aabb_proxy_line_6_center_machine_module
  robot_geom=gripper0_left_left_fingerpad_collision, other_geom=scene_aabb_proxy_line_6_center_machine_module
  ... 10 more contact pairs
judge_collision_detected:
robot_base_x: 12.650796
robot_base_y: 2.277580
robot_base_yaw: -3.137682
robot_geom: gripper0_left_left_fingerpad_collision
proxy_geom: scene_aabb_proxy_line_6_center_machine_module
judge_collision_detected:
robot_base_x: 12.650796
robot_base_y: 2.277580
robot_base_yaw: -3.137682
robot_geom: gripper0_left_left_fingertip_collision
proxy_geom: scene_aabb_proxy_line_6_center_machine_module
judge_collision_detected:
robot_base_x: 12.650796
robot_base_y: 2.277580
robot_base_yaw: -3.137682
robot_geom: gripper0_left_right_fingertip_collision
proxy_geom: scene_aabb_proxy_line_6_center_machine_module
collision_detected:
  robot_geom=gripper0_left_left_inner_finger_collision, other_geom=scene_aabb_proxy_line_6_center_machine_module
  robot_geom=gripper0_left_left_fingertip_collision, other_geom=scene_aabb_proxy_line_6_center_machine_module
  robot_geom=gripper0_left_left_fingertip_collision, other_geom=scene_aabb_proxy_line_6_center_machine_module
  robot_geom=gripper0_left_left_fingertip_collision, other_geom=scene_aabb_proxy_line_6_center_machine_module
  robot_geom=gripper0_left_left_fingertip_collision, other_geom=scene_aabb_proxy_line_6_center_machine_module
  robot_geom=gripper0_left_left_fingerpad_collision, other_geom=scene_aabb_proxy_line_6_center_machine_module
  robot_geom=gripper0_left_left_fingerpad_collision, other_geom=scene_aabb_proxy_line_6_center_machine_module
  robot_geom=gripper0_left_left_fingerpad_collision, other_geom=scene_aabb_proxy_line_6_center_machine_module
  ... 10 more contact pairs
judge_collision_detected:
robot_base_x: 12.650782
robot_base_y: 2.255082
robot_base_yaw: -3.137556
robot_geom: gripper0_left_left_fingerpad_collision
proxy_geom: scene_aabb_proxy_line_6_center_machine_module
judge_collision_detected:
robot_base_x: 12.650782
robot_base_y: 2.255082
robot_base_yaw: -3.137556
robot_geom: gripper0_left_left_fingertip_collision
proxy_geom: scene_aabb_proxy_line_6_center_machine_module
judge_collision_detected:
robot_base_x: 12.650782
robot_base_y: 2.255082
robot_base_yaw: -3.137556
robot_geom: gripper0_left_right_fingertip_collision
proxy_geom: scene_aabb_proxy_line_6_center_machine_module
collision_detected:
  robot_geom=gripper0_left_left_inner_finger_collision, other_geom=scene_aabb_proxy_line_6_center_machine_module
  robot_geom=gripper0_left_left_fingertip_collision, other_geom=scene_aabb_proxy_line_6_center_machine_module
  robot_geom=gripper0_left_left_fingertip_collision, other_geom=scene_aabb_proxy_line_6_center_machine_module
  robot_geom=gripper0_left_left_fingertip_collision, other_geom=scene_aabb_proxy_line_6_center_machine_module
  robot_geom=gripper0_left_left_fingertip_collision, other_geom=scene_aabb_proxy_line_6_center_machine_module
  robot_geom=gripper0_left_left_fingerpad_collision, other_geom=scene_aabb_proxy_line_6_center_machine_module
  robot_geom=gripper0_left_left_fingerpad_collision, other_geom=scene_aabb_proxy_line_6_center_machine_module
  robot_geom=gripper0_left_left_fingerpad_collision, other_geom=scene_aabb_proxy_line_6_center_machine_module
  ... 10 more contact pairs
judge_collision_detected:
robot_base_x: 12.650764
robot_base_y: 2.232584
robot_base_yaw: -3.137430
robot_geom: gripper0_left_left_fingerpad_collision
proxy_geom: scene_aabb_proxy_line_6_center_machine_module
judge_collision_detected:
robot_base_x: 12.650764
robot_base_y: 2.232584
robot_base_yaw: -3.137430
robot_geom: gripper0_left_left_fingertip_collision
proxy_geom: scene_aabb_proxy_line_6_center_machine_module
judge_collision_detected:
robot_base_x: 12.650764
robot_base_y: 2.232584
robot_base_yaw: -3.137430
robot_geom: gripper0_left_right_fingertip_collision
proxy_geom: scene_aabb_proxy_line_6_center_machine_module
collision_detected:
  robot_geom=gripper0_left_left_inner_finger_collision, other_geom=scene_aabb_proxy_line_6_center_machine_module
  robot_geom=gripper0_left_left_fingertip_collision, other_geom=scene_aabb_proxy_line_6_center_machine_module
  robot_geom=gripper0_left_left_fingertip_collision, other_geom=scene_aabb_proxy_line_6_center_machine_module
  robot_geom=gripper0_left_left_fingertip_collision, other_geom=scene_aabb_proxy_line_6_center_machine_module
  robot_geom=gripper0_left_left_fingertip_collision, other_geom=scene_aabb_proxy_line_6_center_machine_module
  robot_geom=gripper0_left_left_fingerpad_collision, other_geom=scene_aabb_proxy_line_6_center_machine_module
  robot_geom=gripper0_left_left_fingerpad_collision, other_geom=scene_aabb_proxy_line_6_center_machine_module
  robot_geom=gripper0_left_left_fingerpad_collision, other_geom=scene_aabb_proxy_line_6_center_machine_module
  ... 10 more contact pairs
judge_collision_detected:
robot_base_x: 12.650744
robot_base_y: 2.210086
robot_base_yaw: -3.137304
robot_geom: gripper0_left_left_fingerpad_collision
proxy_geom: scene_aabb_proxy_line_6_center_machine_module
judge_collision_detected:
robot_base_x: 12.650744
robot_base_y: 2.210086
robot_base_yaw: -3.137304
robot_geom: gripper0_left_left_fingertip_collision
proxy_geom: scene_aabb_proxy_line_6_center_machine_module
judge_collision_detected:
robot_base_x: 12.650744
robot_base_y: 2.210086
robot_base_yaw: -3.137304
robot_geom: gripper0_left_right_fingertip_collision
proxy_geom: scene_aabb_proxy_line_6_center_machine_module
collision_detected:
  robot_geom=gripper0_left_left_inner_finger_collision, other_geom=scene_aabb_proxy_line_6_center_machine_module
  robot_geom=gripper0_left_left_fingertip_collision, other_geom=scene_aabb_proxy_line_6_center_machine_module
  robot_geom=gripper0_left_left_fingertip_collision, other_geom=scene_aabb_proxy_line_6_center_machine_module
  robot_geom=gripper0_left_left_fingertip_collision, other_geom=scene_aabb_proxy_line_6_center_machine_module
  robot_geom=gripper0_left_left_fingertip_collision, other_geom=scene_aabb_proxy_line_6_center_machine_module
  robot_geom=gripper0_left_left_fingerpad_collision, other_geom=scene_aabb_proxy_line_6_center_machine_module
  robot_geom=gripper0_left_left_fingerpad_collision, other_geom=scene_aabb_proxy_line_6_center_machine_module
  robot_geom=gripper0_left_left_fingerpad_collision, other_geom=scene_aabb_proxy_line_6_center_machine_module
  ... 10 more contact pairs
judge_collision_detected:
robot_base_x: 12.650720
robot_base_y: 2.187588
robot_base_yaw: -3.137178
robot_geom: gripper0_left_left_fingerpad_collision
proxy_geom: scene_aabb_proxy_line_6_center_machine_module
judge_collision_detected:
robot_base_x: 12.650720
robot_base_y: 2.187588
robot_base_yaw: -3.137178
robot_geom: gripper0_left_left_fingertip_collision
proxy_geom: scene_aabb_proxy_line_6_center_machine_module
judge_collision_detected:
robot_base_x: 12.650720
robot_base_y: 2.187588
robot_base_yaw: -3.137178
robot_geom: gripper0_left_right_fingertip_collision
proxy_geom: scene_aabb_proxy_line_6_center_machine_module
collision_detected:
  robot_geom=gripper0_left_left_inner_finger_collision, other_geom=scene_aabb_proxy_line_6_center_machine_module
  robot_geom=gripper0_left_left_fingertip_collision, other_geom=scene_aabb_proxy_line_6_center_machine_module
  robot_geom=gripper0_left_left_fingertip_collision, other_geom=scene_aabb_proxy_line_6_center_machine_module
  robot_geom=gripper0_left_left_fingertip_collision, other_geom=scene_aabb_proxy_line_6_center_machine_module
  robot_geom=gripper0_left_left_fingertip_collision, other_geom=scene_aabb_proxy_line_6_center_machine_module
  robot_geom=gripper0_left_left_fingerpad_collision, other_geom=scene_aabb_proxy_line_6_center_machine_module
  robot_geom=gripper0_left_left_fingerpad_collision, other_geom=scene_aabb_proxy_line_6_center_machine_module
  robot_geom=gripper0_left_left_fingerpad_collision, other_geom=scene_aabb_proxy_line_6_center_machine_module
  ... 10 more contact pairs
judge_collision_detected:
robot_base_x: 12.650692
robot_base_y: 2.165089
robot_base_yaw: -3.137051
robot_geom: gripper0_left_left_fingerpad_collision
proxy_geom: scene_aabb_proxy_line_6_center_machine_module
judge_collision_detected:
robot_base_x: 12.650692
robot_base_y: 2.165089
robot_base_yaw: -3.137051
robot_geom: gripper0_left_left_fingertip_collision
proxy_geom: scene_aabb_proxy_line_6_center_machine_module
judge_collision_detected:
robot_base_x: 12.650692
robot_base_y: 2.165089
robot_base_yaw: -3.137051
robot_geom: gripper0_left_right_fingertip_collision
proxy_geom: scene_aabb_proxy_line_6_center_machine_module
collision_detected:
  robot_geom=gripper0_left_left_inner_finger_collision, other_geom=scene_aabb_proxy_line_6_center_machine_module
  robot_geom=gripper0_left_left_fingertip_collision, other_geom=scene_aabb_proxy_line_6_center_machine_module
  robot_geom=gripper0_left_left_fingertip_collision, other_geom=scene_aabb_proxy_line_6_center_machine_module
  robot_geom=gripper0_left_left_fingertip_collision, other_geom=scene_aabb_proxy_line_6_center_machine_module
  robot_geom=gripper0_left_left_fingertip_collision, other_geom=scene_aabb_proxy_line_6_center_machine_module
  robot_geom=gripper0_left_left_fingerpad_collision, other_geom=scene_aabb_proxy_line_6_center_machine_module
  robot_geom=gripper0_left_left_fingerpad_collision, other_geom=scene_aabb_proxy_line_6_center_machine_module
  robot_geom=gripper0_left_left_fingerpad_collision, other_geom=scene_aabb_proxy_line_6_center_machine_module
  ... 10 more contact pairs
judge_collision_detected:
robot_base_x: 12.650659
robot_base_y: 2.142591
robot_base_yaw: -3.136925
robot_geom: gripper0_left_left_fingerpad_collision
proxy_geom: scene_aabb_proxy_line_6_center_machine_module
judge_collision_detected:
robot_base_x: 12.650659
robot_base_y: 2.142591
robot_base_yaw: -3.136925
robot_geom: gripper0_left_left_fingertip_collision
proxy_geom: scene_aabb_proxy_line_6_center_machine_module
judge_collision_detected:
robot_base_x: 12.650659
robot_base_y: 2.142591
robot_base_yaw: -3.136925
robot_geom: gripper0_left_right_fingertip_collision
proxy_geom: scene_aabb_proxy_line_6_center_machine_module
collision_detected:
  robot_geom=gripper0_left_left_inner_finger_collision, other_geom=scene_aabb_proxy_line_6_center_machine_module
  robot_geom=gripper0_left_left_fingertip_collision, other_geom=scene_aabb_proxy_line_6_center_machine_module
  robot_geom=gripper0_left_left_fingertip_collision, other_geom=scene_aabb_proxy_line_6_center_machine_module
  robot_geom=gripper0_left_left_fingertip_collision, other_geom=scene_aabb_proxy_line_6_center_machine_module
  robot_geom=gripper0_left_left_fingertip_collision, other_geom=scene_aabb_proxy_line_6_center_machine_module
  robot_geom=gripper0_left_left_fingerpad_collision, other_geom=scene_aabb_proxy_line_6_center_machine_module
  robot_geom=gripper0_left_left_fingerpad_collision, other_geom=scene_aabb_proxy_line_6_center_machine_module
  robot_geom=gripper0_left_left_fingerpad_collision, other_geom=scene_aabb_proxy_line_6_center_machine_module
  ... 10 more contact pairs
judge_collision_detected:
robot_base_x: 12.650622
robot_base_y: 2.120093
robot_base_yaw: -3.136798
robot_geom: gripper0_left_left_fingerpad_collision
proxy_geom: scene_aabb_proxy_line_6_center_machine_module
judge_collision_detected:
robot_base_x: 12.650622
robot_base_y: 2.120093
robot_base_yaw: -3.136798
robot_geom: gripper0_left_left_fingertip_collision
proxy_geom: scene_aabb_proxy_line_6_center_machine_module
judge_collision_detected:
robot_base_x: 12.650622
robot_base_y: 2.120093
robot_base_yaw: -3.136798
robot_geom: gripper0_left_right_fingertip_collision
proxy_geom: scene_aabb_proxy_line_6_center_machine_module
collision_detected:
  robot_geom=gripper0_left_left_inner_finger_collision, other_geom=scene_aabb_proxy_line_6_center_machine_module
  robot_geom=gripper0_left_left_fingertip_collision, other_geom=scene_aabb_proxy_line_6_center_machine_module
  robot_geom=gripper0_left_left_fingertip_collision, other_geom=scene_aabb_proxy_line_6_center_machine_module
  robot_geom=gripper0_left_left_fingertip_collision, other_geom=scene_aabb_proxy_line_6_center_machine_module
  robot_geom=gripper0_left_left_fingertip_collision, other_geom=scene_aabb_proxy_line_6_center_machine_module
  robot_geom=gripper0_left_left_fingerpad_collision, other_geom=scene_aabb_proxy_line_6_center_machine_module
  robot_geom=gripper0_left_left_fingerpad_collision, other_geom=scene_aabb_proxy_line_6_center_machine_module
  robot_geom=gripper0_left_left_fingerpad_collision, other_geom=scene_aabb_proxy_line_6_center_machine_module
  ... 10 more contact pairs
judge_collision_detected:
robot_base_x: 12.650580
robot_base_y: 2.097595
robot_base_yaw: -3.136671
robot_geom: gripper0_left_left_fingerpad_collision
proxy_geom: scene_aabb_proxy_line_6_center_machine_module
judge_collision_detected:
robot_base_x: 12.650580
robot_base_y: 2.097595
robot_base_yaw: -3.136671
robot_geom: gripper0_left_left_fingertip_collision
proxy_geom: scene_aabb_proxy_line_6_center_machine_module
judge_collision_detected:
robot_base_x: 12.650580
robot_base_y: 2.097595
robot_base_yaw: -3.136671
robot_geom: gripper0_left_right_fingertip_collision
proxy_geom: scene_aabb_proxy_line_6_center_machine_module
collision_detected:
  robot_geom=gripper0_left_left_inner_finger_collision, other_geom=scene_aabb_proxy_line_6_center_machine_module
  robot_geom=gripper0_left_left_fingertip_collision, other_geom=scene_aabb_proxy_line_6_center_machine_module
  robot_geom=gripper0_left_left_fingertip_collision, other_geom=scene_aabb_proxy_line_6_center_machine_module
  robot_geom=gripper0_left_left_fingertip_collision, other_geom=scene_aabb_proxy_line_6_center_machine_module
  robot_geom=gripper0_left_left_fingertip_collision, other_geom=scene_aabb_proxy_line_6_center_machine_module
  robot_geom=gripper0_left_left_fingerpad_collision, other_geom=scene_aabb_proxy_line_6_center_machine_module
  robot_geom=gripper0_left_left_fingerpad_collision, other_geom=scene_aabb_proxy_line_6_center_machine_module
  robot_geom=gripper0_left_left_fingerpad_collision, other_geom=scene_aabb_proxy_line_6_center_machine_module
  ... 10 more contact pairs
judge_collision_detected:
robot_base_x: 12.650532
robot_base_y: 2.075097
robot_base_yaw: -3.136544
robot_geom: gripper0_left_left_fingerpad_collision
proxy_geom: scene_aabb_proxy_line_6_center_machine_module
judge_collision_detected:
robot_base_x: 12.650532
robot_base_y: 2.075097
robot_base_yaw: -3.136544
robot_geom: gripper0_left_left_fingertip_collision
proxy_geom: scene_aabb_proxy_line_6_center_machine_module
judge_collision_detected:
robot_base_x: 12.650532
robot_base_y: 2.075097
robot_base_yaw: -3.136544
robot_geom: gripper0_left_right_fingertip_collision
proxy_geom: scene_aabb_proxy_line_6_center_machine_module
collision_detected:
  robot_geom=gripper0_left_left_inner_finger_collision, other_geom=scene_aabb_proxy_line_6_center_machine_module
  robot_geom=gripper0_left_left_fingertip_collision, other_geom=scene_aabb_proxy_line_6_center_machine_module
  robot_geom=gripper0_left_left_fingertip_collision, other_geom=scene_aabb_proxy_line_6_center_machine_module
  robot_geom=gripper0_left_left_fingertip_collision, other_geom=scene_aabb_proxy_line_6_center_machine_module
  robot_geom=gripper0_left_left_fingertip_collision, other_geom=scene_aabb_proxy_line_6_center_machine_module
  robot_geom=gripper0_left_left_fingerpad_collision, other_geom=scene_aabb_proxy_line_6_center_machine_module
  robot_geom=gripper0_left_left_fingerpad_collision, other_geom=scene_aabb_proxy_line_6_center_machine_module
  robot_geom=gripper0_left_left_fingerpad_collision, other_geom=scene_aabb_proxy_line_6_center_machine_module
  ... 10 more contact pairs
judge_collision_detected:
robot_base_x: 12.650476
robot_base_y: 2.052599
robot_base_yaw: -3.136416
robot_geom: gripper0_left_left_fingerpad_collision
proxy_geom: scene_aabb_proxy_line_6_center_machine_module
judge_collision_detected:
robot_base_x: 12.650476
robot_base_y: 2.052599
robot_base_yaw: -3.136416
robot_geom: gripper0_left_left_fingertip_collision
proxy_geom: scene_aabb_proxy_line_6_center_machine_module
judge_collision_detected:
robot_base_x: 12.650476
robot_base_y: 2.052599
robot_base_yaw: -3.136416
robot_geom: gripper0_left_right_fingertip_collision
proxy_geom: scene_aabb_proxy_line_6_center_machine_module
collision_detected:
  robot_geom=gripper0_left_left_inner_finger_collision, other_geom=scene_aabb_proxy_line_6_center_machine_module
  robot_geom=gripper0_left_left_fingertip_collision, other_geom=scene_aabb_proxy_line_6_center_machine_module
  robot_geom=gripper0_left_left_fingertip_collision, other_geom=scene_aabb_proxy_line_6_center_machine_module
  robot_geom=gripper0_left_left_fingertip_collision, other_geom=scene_aabb_proxy_line_6_center_machine_module
  robot_geom=gripper0_left_left_fingertip_collision, other_geom=scene_aabb_proxy_line_6_center_machine_module
  robot_geom=gripper0_left_left_fingerpad_collision, other_geom=scene_aabb_proxy_line_6_center_machine_module
  robot_geom=gripper0_left_left_fingerpad_collision, other_geom=scene_aabb_proxy_line_6_center_machine_module
  robot_geom=gripper0_left_left_fingerpad_collision, other_geom=scene_aabb_proxy_line_6_center_machine_module
  ... 10 more contact pairs
judge_collision_detected:
robot_base_x: 12.650412
robot_base_y: 2.030101
robot_base_yaw: -3.136288
robot_geom: gripper0_left_left_fingerpad_collision
proxy_geom: scene_aabb_proxy_line_6_center_machine_module
judge_collision_detected:
robot_base_x: 12.650412
robot_base_y: 2.030101
robot_base_yaw: -3.136288
robot_geom: gripper0_left_left_fingertip_collision
proxy_geom: scene_aabb_proxy_line_6_center_machine_module
judge_collision_detected:
robot_base_x: 12.650412
robot_base_y: 2.030101
robot_base_yaw: -3.136288
robot_geom: gripper0_left_right_fingertip_collision
proxy_geom: scene_aabb_proxy_line_6_center_machine_module
collision_detected:
  robot_geom=gripper0_left_left_inner_finger_collision, other_geom=scene_aabb_proxy_line_6_center_machine_module
  robot_geom=gripper0_left_left_fingertip_collision, other_geom=scene_aabb_proxy_line_6_center_machine_module
  robot_geom=gripper0_left_left_fingertip_collision, other_geom=scene_aabb_proxy_line_6_center_machine_module
  robot_geom=gripper0_left_left_fingertip_collision, other_geom=scene_aabb_proxy_line_6_center_machine_module
  robot_geom=gripper0_left_left_fingertip_collision, other_geom=scene_aabb_proxy_line_6_center_machine_module
  robot_geom=gripper0_left_left_fingerpad_collision, other_geom=scene_aabb_proxy_line_6_center_machine_module
  robot_geom=gripper0_left_left_fingerpad_collision, other_geom=scene_aabb_proxy_line_6_center_machine_module
  robot_geom=gripper0_left_left_fingerpad_collision, other_geom=scene_aabb_proxy_line_6_center_machine_module
  ... 10 more contact pairs
judge_collision_detected:
robot_base_x: 12.650336
robot_base_y: 2.007603
robot_base_yaw: -3.136159
robot_geom: gripper0_left_left_fingerpad_collision
proxy_geom: scene_aabb_proxy_line_6_center_machine_module
judge_collision_detected:
robot_base_x: 12.650336
robot_base_y: 2.007603
robot_base_yaw: -3.136159
robot_geom: gripper0_left_left_fingertip_collision
proxy_geom: scene_aabb_proxy_line_6_center_machine_module
judge_collision_detected:
robot_base_x: 12.650336
robot_base_y: 2.007603
robot_base_yaw: -3.136159
robot_geom: gripper0_left_right_fingertip_collision
proxy_geom: scene_aabb_proxy_line_6_center_machine_module
collision_detected:
  robot_geom=gripper0_left_left_inner_finger_collision, other_geom=scene_aabb_proxy_line_6_center_machine_module
  robot_geom=gripper0_left_left_fingertip_collision, other_geom=scene_aabb_proxy_line_6_center_machine_module
  robot_geom=gripper0_left_left_fingertip_collision, other_geom=scene_aabb_proxy_line_6_center_machine_module
  robot_geom=gripper0_left_left_fingertip_collision, other_geom=scene_aabb_proxy_line_6_center_machine_module
  robot_geom=gripper0_left_left_fingertip_collision, other_geom=scene_aabb_proxy_line_6_center_machine_module
  robot_geom=gripper0_left_left_fingerpad_collision, other_geom=scene_aabb_proxy_line_6_center_machine_module
  robot_geom=gripper0_left_left_fingerpad_collision, other_geom=scene_aabb_proxy_line_6_center_machine_module
  robot_geom=gripper0_left_left_fingerpad_collision, other_geom=scene_aabb_proxy_line_6_center_machine_module
  ... 10 more contact pairs
judge_collision_detected:
robot_base_x: 12.650245
robot_base_y: 1.985105
robot_base_yaw: -3.136029
robot_geom: gripper0_left_left_fingerpad_collision
proxy_geom: scene_aabb_proxy_line_6_center_machine_module
judge_collision_detected:
robot_base_x: 12.650245
robot_base_y: 1.985105
robot_base_yaw: -3.136029
robot_geom: gripper0_left_left_fingertip_collision
proxy_geom: scene_aabb_proxy_line_6_center_machine_module
judge_collision_detected:
robot_base_x: 12.650245
robot_base_y: 1.985105
robot_base_yaw: -3.136029
robot_geom: gripper0_left_right_fingertip_collision
proxy_geom: scene_aabb_proxy_line_6_center_machine_module
collision_detected:
  robot_geom=gripper0_left_left_inner_finger_collision, other_geom=scene_aabb_proxy_line_6_center_machine_module
  robot_geom=gripper0_left_left_fingertip_collision, other_geom=scene_aabb_proxy_line_6_center_machine_module
  robot_geom=gripper0_left_left_fingertip_collision, other_geom=scene_aabb_proxy_line_6_center_machine_module
  robot_geom=gripper0_left_left_fingertip_collision, other_geom=scene_aabb_proxy_line_6_center_machine_module
  robot_geom=gripper0_left_left_fingertip_collision, other_geom=scene_aabb_proxy_line_6_center_machine_module
  robot_geom=gripper0_left_left_fingerpad_collision, other_geom=scene_aabb_proxy_line_6_center_machine_module
  robot_geom=gripper0_left_left_fingerpad_collision, other_geom=scene_aabb_proxy_line_6_center_machine_module
  robot_geom=gripper0_left_left_fingerpad_collision, other_geom=scene_aabb_proxy_line_6_center_machine_module
  ... 10 more contact pairs
judge_collision_detected:
robot_base_x: 12.650128
robot_base_y: 1.962607
robot_base_yaw: -3.135899
robot_geom: gripper0_left_left_fingerpad_collision
proxy_geom: scene_aabb_proxy_line_6_center_machine_module
judge_collision_detected:
robot_base_x: 12.650128
robot_base_y: 1.962607
robot_base_yaw: -3.135899
robot_geom: gripper0_left_left_fingertip_collision
proxy_geom: scene_aabb_proxy_line_6_center_machine_module
judge_collision_detected:
robot_base_x: 12.650128
robot_base_y: 1.962607
robot_base_yaw: -3.135899
robot_geom: gripper0_left_right_fingertip_collision
proxy_geom: scene_aabb_proxy_line_6_center_machine_module
collision_detected:
  robot_geom=gripper0_left_left_inner_finger_collision, other_geom=scene_aabb_proxy_line_6_center_machine_module
  robot_geom=gripper0_left_left_fingertip_collision, other_geom=scene_aabb_proxy_line_6_center_machine_module
  robot_geom=gripper0_left_left_fingertip_collision, other_geom=scene_aabb_proxy_line_6_center_machine_module
  robot_geom=gripper0_left_left_fingertip_collision, other_geom=scene_aabb_proxy_line_6_center_machine_module
  robot_geom=gripper0_left_left_fingertip_collision, other_geom=scene_aabb_proxy_line_6_center_machine_module
  robot_geom=gripper0_left_left_fingerpad_collision, other_geom=scene_aabb_proxy_line_6_center_machine_module
  robot_geom=gripper0_left_left_fingerpad_collision, other_geom=scene_aabb_proxy_line_6_center_machine_module
  robot_geom=gripper0_left_left_fingerpad_collision, other_geom=scene_aabb_proxy_line_6_center_machine_module
  ... 10 more contact pairs
judge_collision_detected:
robot_base_x: 12.650161
robot_base_y: 1.940109
robot_base_yaw: -3.135771
robot_geom: gripper0_left_left_fingerpad_collision
proxy_geom: scene_aabb_proxy_line_6_center_machine_module
judge_collision_detected:
robot_base_x: 12.650161
robot_base_y: 1.940109
robot_base_yaw: -3.135771
robot_geom: gripper0_left_left_fingertip_collision
proxy_geom: scene_aabb_proxy_line_6_center_machine_module
judge_collision_detected:
robot_base_x: 12.650161
robot_base_y: 1.940109
robot_base_yaw: -3.135771
robot_geom: gripper0_left_right_fingertip_collision
proxy_geom: scene_aabb_proxy_line_6_center_machine_module
collision_detected:
  robot_geom=gripper0_left_left_inner_finger_collision, other_geom=scene_aabb_proxy_line_6_center_machine_module
  robot_geom=gripper0_left_left_fingertip_collision, other_geom=scene_aabb_proxy_line_6_center_machine_module
  robot_geom=gripper0_left_left_fingertip_collision, other_geom=scene_aabb_proxy_line_6_center_machine_module
  robot_geom=gripper0_left_left_fingertip_collision, other_geom=scene_aabb_proxy_line_6_center_machine_module
  robot_geom=gripper0_left_left_fingertip_collision, other_geom=scene_aabb_proxy_line_6_center_machine_module
  robot_geom=gripper0_left_left_fingerpad_collision, other_geom=scene_aabb_proxy_line_6_center_machine_module
  robot_geom=gripper0_left_left_fingerpad_collision, other_geom=scene_aabb_proxy_line_6_center_machine_module
  robot_geom=gripper0_left_left_fingerpad_collision, other_geom=scene_aabb_proxy_line_6_center_machine_module
  ... 10 more contact pairs
judge_collision_detected:
robot_base_x: 12.650192
robot_base_y: 1.917611
robot_base_yaw: -3.135643
robot_geom: gripper0_left_left_fingerpad_collision
proxy_geom: scene_aabb_proxy_line_6_center_machine_module
judge_collision_detected:
robot_base_x: 12.650192
robot_base_y: 1.917611
robot_base_yaw: -3.135643
robot_geom: gripper0_left_left_fingertip_collision
proxy_geom: scene_aabb_proxy_line_6_center_machine_module
judge_collision_detected:
robot_base_x: 12.650192
robot_base_y: 1.917611
robot_base_yaw: -3.135643
robot_geom: gripper0_left_right_fingertip_collision
proxy_geom: scene_aabb_proxy_line_6_center_machine_module
collision_detected:
  robot_geom=gripper0_left_left_inner_finger_collision, other_geom=scene_aabb_proxy_line_6_center_machine_module
  robot_geom=gripper0_left_left_fingertip_collision, other_geom=scene_aabb_proxy_line_6_center_machine_module
  robot_geom=gripper0_left_left_fingertip_collision, other_geom=scene_aabb_proxy_line_6_center_machine_module
  robot_geom=gripper0_left_left_fingertip_collision, other_geom=scene_aabb_proxy_line_6_center_machine_module
  robot_geom=gripper0_left_left_fingertip_collision, other_geom=scene_aabb_proxy_line_6_center_machine_module
  robot_geom=gripper0_left_left_fingerpad_collision, other_geom=scene_aabb_proxy_line_6_center_machine_module
  robot_geom=gripper0_left_left_fingerpad_collision, other_geom=scene_aabb_proxy_line_6_center_machine_module
  robot_geom=gripper0_left_left_fingerpad_collision, other_geom=scene_aabb_proxy_line_6_center_machine_module
  ... 10 more contact pairs
judge_collision_detected:
robot_base_x: 12.650221
robot_base_y: 1.895113
robot_base_yaw: -3.135516
robot_geom: gripper0_left_left_fingerpad_collision
proxy_geom: scene_aabb_proxy_line_6_center_machine_module
judge_collision_detected:
robot_base_x: 12.650221
robot_base_y: 1.895113
robot_base_yaw: -3.135516
robot_geom: gripper0_left_left_fingertip_collision
proxy_geom: scene_aabb_proxy_line_6_center_machine_module
judge_collision_detected:
robot_base_x: 12.650221
robot_base_y: 1.895113
robot_base_yaw: -3.135516
robot_geom: gripper0_left_right_fingertip_collision
proxy_geom: scene_aabb_proxy_line_6_center_machine_module
collision_detected:
  robot_geom=gripper0_left_left_inner_finger_collision, other_geom=scene_aabb_proxy_line_6_center_machine_module
  robot_geom=gripper0_left_left_fingertip_collision, other_geom=scene_aabb_proxy_line_6_center_machine_module
  robot_geom=gripper0_left_left_fingertip_collision, other_geom=scene_aabb_proxy_line_6_center_machine_module
  robot_geom=gripper0_left_left_fingertip_collision, other_geom=scene_aabb_proxy_line_6_center_machine_module
  robot_geom=gripper0_left_left_fingertip_collision, other_geom=scene_aabb_proxy_line_6_center_machine_module
  robot_geom=gripper0_left_left_fingerpad_collision, other_geom=scene_aabb_proxy_line_6_center_machine_module
  robot_geom=gripper0_left_left_fingerpad_collision, other_geom=scene_aabb_proxy_line_6_center_machine_module
  robot_geom=gripper0_left_left_fingerpad_collision, other_geom=scene_aabb_proxy_line_6_center_machine_module
  ... 10 more contact pairs
judge_collision_detected:
robot_base_x: 12.650246
robot_base_y: 1.872615
robot_base_yaw: -3.135389
robot_geom: gripper0_left_left_fingerpad_collision
proxy_geom: scene_aabb_proxy_line_6_center_machine_module
judge_collision_detected:
robot_base_x: 12.650246
robot_base_y: 1.872615
robot_base_yaw: -3.135389
robot_geom: gripper0_left_left_fingertip_collision
proxy_geom: scene_aabb_proxy_line_6_center_machine_module
judge_collision_detected:
robot_base_x: 12.650246
robot_base_y: 1.872615
robot_base_yaw: -3.135389
robot_geom: gripper0_left_right_fingertip_collision
proxy_geom: scene_aabb_proxy_line_6_center_machine_module
collision_detected:
  robot_geom=gripper0_left_left_inner_finger_collision, other_geom=scene_aabb_proxy_line_6_center_machine_module
  robot_geom=gripper0_left_left_fingertip_collision, other_geom=scene_aabb_proxy_line_6_center_machine_module
  robot_geom=gripper0_left_left_fingertip_collision, other_geom=scene_aabb_proxy_line_6_center_machine_module
  robot_geom=gripper0_left_left_fingertip_collision, other_geom=scene_aabb_proxy_line_6_center_machine_module
  robot_geom=gripper0_left_left_fingertip_collision, other_geom=scene_aabb_proxy_line_6_center_machine_module
  robot_geom=gripper0_left_left_fingerpad_collision, other_geom=scene_aabb_proxy_line_6_center_machine_module
  robot_geom=gripper0_left_left_fingerpad_collision, other_geom=scene_aabb_proxy_line_6_center_machine_module
  robot_geom=gripper0_left_left_fingerpad_collision, other_geom=scene_aabb_proxy_line_6_center_machine_module
  ... 10 more contact pairs
judge_collision_detected:
robot_base_x: 12.650269
robot_base_y: 1.850117
robot_base_yaw: -3.135262
robot_geom: gripper0_left_left_fingerpad_collision
proxy_geom: scene_aabb_proxy_line_6_center_machine_module
judge_collision_detected:
robot_base_x: 12.650269
robot_base_y: 1.850117
robot_base_yaw: -3.135262
robot_geom: gripper0_left_left_fingertip_collision
proxy_geom: scene_aabb_proxy_line_6_center_machine_module
judge_collision_detected:
robot_base_x: 12.650269
robot_base_y: 1.850117
robot_base_yaw: -3.135262
robot_geom: gripper0_left_right_fingertip_collision
proxy_geom: scene_aabb_proxy_line_6_center_machine_module
collision_detected:
  robot_geom=gripper0_left_left_inner_finger_collision, other_geom=scene_aabb_proxy_line_6_center_machine_module
  robot_geom=gripper0_left_left_fingertip_collision, other_geom=scene_aabb_proxy_line_6_center_machine_module
  robot_geom=gripper0_left_left_fingertip_collision, other_geom=scene_aabb_proxy_line_6_center_machine_module
  robot_geom=gripper0_left_left_fingertip_collision, other_geom=scene_aabb_proxy_line_6_center_machine_module
  robot_geom=gripper0_left_left_fingertip_collision, other_geom=scene_aabb_proxy_line_6_center_machine_module
  robot_geom=gripper0_left_left_fingerpad_collision, other_geom=scene_aabb_proxy_line_6_center_machine_module
  robot_geom=gripper0_left_left_fingerpad_collision, other_geom=scene_aabb_proxy_line_6_center_machine_module
  robot_geom=gripper0_left_left_fingerpad_collision, other_geom=scene_aabb_proxy_line_6_center_machine_module
  ... 10 more contact pairs
judge_collision_detected:
robot_base_x: 12.650289
robot_base_y: 1.827618
robot_base_yaw: -3.135135
robot_geom: gripper0_left_left_fingerpad_collision
proxy_geom: scene_aabb_proxy_line_6_center_machine_module
judge_collision_detected:
robot_base_x: 12.650289
robot_base_y: 1.827618
robot_base_yaw: -3.135135
robot_geom: gripper0_left_left_fingertip_collision
proxy_geom: scene_aabb_proxy_line_6_center_machine_module
judge_collision_detected:
robot_base_x: 12.650289
robot_base_y: 1.827618
robot_base_yaw: -3.135135
robot_geom: gripper0_left_right_fingertip_collision
proxy_geom: scene_aabb_proxy_line_6_center_machine_module
collision_detected:
  robot_geom=gripper0_left_left_inner_finger_collision, other_geom=scene_aabb_proxy_line_6_center_machine_module
  robot_geom=gripper0_left_left_fingertip_collision, other_geom=scene_aabb_proxy_line_6_center_machine_module
  robot_geom=gripper0_left_left_fingertip_collision, other_geom=scene_aabb_proxy_line_6_center_machine_module
  robot_geom=gripper0_left_left_fingertip_collision, other_geom=scene_aabb_proxy_line_6_center_machine_module
  robot_geom=gripper0_left_left_fingertip_collision, other_geom=scene_aabb_proxy_line_6_center_machine_module
  robot_geom=gripper0_left_left_fingerpad_collision, other_geom=scene_aabb_proxy_line_6_center_machine_module
  robot_geom=gripper0_left_left_fingerpad_collision, other_geom=scene_aabb_proxy_line_6_center_machine_module
  robot_geom=gripper0_left_left_fingerpad_collision, other_geom=scene_aabb_proxy_line_6_center_machine_module
  ... 10 more contact pairs
judge_collision_detected:
robot_base_x: 12.650306
robot_base_y: 1.805120
robot_base_yaw: -3.135008
robot_geom: gripper0_left_left_fingerpad_collision
proxy_geom: scene_aabb_proxy_line_6_center_machine_module
judge_collision_detected:
robot_base_x: 12.650306
robot_base_y: 1.805120
robot_base_yaw: -3.135008
robot_geom: gripper0_left_left_fingertip_collision
proxy_geom: scene_aabb_proxy_line_6_center_machine_module
judge_collision_detected:
robot_base_x: 12.650306
robot_base_y: 1.805120
robot_base_yaw: -3.135008
robot_geom: gripper0_left_right_fingertip_collision
proxy_geom: scene_aabb_proxy_line_6_center_machine_module
collision_detected:
  robot_geom=gripper0_left_left_inner_finger_collision, other_geom=scene_aabb_proxy_line_6_center_machine_module
  robot_geom=gripper0_left_left_fingertip_collision, other_geom=scene_aabb_proxy_line_6_center_machine_module
  robot_geom=gripper0_left_left_fingertip_collision, other_geom=scene_aabb_proxy_line_6_center_machine_module
  robot_geom=gripper0_left_left_fingertip_collision, other_geom=scene_aabb_proxy_line_6_center_machine_module
  robot_geom=gripper0_left_left_fingertip_collision, other_geom=scene_aabb_proxy_line_6_center_machine_module
  robot_geom=gripper0_left_left_fingerpad_collision, other_geom=scene_aabb_proxy_line_6_center_machine_module
  robot_geom=gripper0_left_left_fingerpad_collision, other_geom=scene_aabb_proxy_line_6_center_machine_module
  robot_geom=gripper0_left_left_fingerpad_collision, other_geom=scene_aabb_proxy_line_6_center_machine_module
  ... 10 more contact pairs
judge_collision_detected:
robot_base_x: 12.650319
robot_base_y: 1.782622
robot_base_yaw: -3.134881
robot_geom: gripper0_left_left_fingerpad_collision
proxy_geom: scene_aabb_proxy_line_6_center_machine_module
judge_collision_detected:
robot_base_x: 12.650319
robot_base_y: 1.782622
robot_base_yaw: -3.134881
robot_geom: gripper0_left_left_fingertip_collision
proxy_geom: scene_aabb_proxy_line_6_center_machine_module
judge_collision_detected:
robot_base_x: 12.650319
robot_base_y: 1.782622
robot_base_yaw: -3.134881
robot_geom: gripper0_left_right_fingertip_collision
proxy_geom: scene_aabb_proxy_line_6_center_machine_module
collision_detected:
  robot_geom=gripper0_left_left_inner_finger_collision, other_geom=scene_aabb_proxy_line_6_center_machine_module
  robot_geom=gripper0_left_left_fingertip_collision, other_geom=scene_aabb_proxy_line_6_center_machine_module
  robot_geom=gripper0_left_left_fingertip_collision, other_geom=scene_aabb_proxy_line_6_center_machine_module
  robot_geom=gripper0_left_left_fingertip_collision, other_geom=scene_aabb_proxy_line_6_center_machine_module
  robot_geom=gripper0_left_left_fingertip_collision, other_geom=scene_aabb_proxy_line_6_center_machine_module
  robot_geom=gripper0_left_left_fingerpad_collision, other_geom=scene_aabb_proxy_line_6_center_machine_module
  robot_geom=gripper0_left_left_fingerpad_collision, other_geom=scene_aabb_proxy_line_6_center_machine_module
  robot_geom=gripper0_left_left_fingerpad_collision, other_geom=scene_aabb_proxy_line_6_center_machine_module
  ... 10 more contact pairs
judge_collision_detected:
robot_base_x: 12.650328
robot_base_y: 1.760124
robot_base_yaw: -3.134755
robot_geom: gripper0_left_left_fingerpad_collision
proxy_geom: scene_aabb_proxy_line_6_center_machine_module
judge_collision_detected:
robot_base_x: 12.650328
robot_base_y: 1.760124
robot_base_yaw: -3.134755
robot_geom: gripper0_left_left_fingertip_collision
proxy_geom: scene_aabb_proxy_line_6_center_machine_module
judge_collision_detected:
robot_base_x: 12.650328
robot_base_y: 1.760124
robot_base_yaw: -3.134755
robot_geom: gripper0_left_right_fingertip_collision
proxy_geom: scene_aabb_proxy_line_6_center_machine_module
collision_detected:
  robot_geom=gripper0_left_left_inner_finger_collision, other_geom=scene_aabb_proxy_line_6_center_machine_module
  robot_geom=gripper0_left_left_fingertip_collision, other_geom=scene_aabb_proxy_line_6_center_machine_module
  robot_geom=gripper0_left_left_fingertip_collision, other_geom=scene_aabb_proxy_line_6_center_machine_module
  robot_geom=gripper0_left_left_fingertip_collision, other_geom=scene_aabb_proxy_line_6_center_machine_module
  robot_geom=gripper0_left_left_fingertip_collision, other_geom=scene_aabb_proxy_line_6_center_machine_module
  robot_geom=gripper0_left_left_fingerpad_collision, other_geom=scene_aabb_proxy_line_6_center_machine_module
  robot_geom=gripper0_left_left_fingerpad_collision, other_geom=scene_aabb_proxy_line_6_center_machine_module
  robot_geom=gripper0_left_left_fingerpad_collision, other_geom=scene_aabb_proxy_line_6_center_machine_module
  ... 10 more contact pairs
judge_collision_detected:
robot_base_x: 12.650333
robot_base_y: 1.737626
robot_base_yaw: -3.134628
robot_geom: gripper0_left_left_fingerpad_collision
proxy_geom: scene_aabb_proxy_line_6_center_machine_module
judge_collision_detected:
robot_base_x: 12.650333
robot_base_y: 1.737626
robot_base_yaw: -3.134628
robot_geom: gripper0_left_left_fingertip_collision
proxy_geom: scene_aabb_proxy_line_6_center_machine_module
judge_collision_detected:
robot_base_x: 12.650333
robot_base_y: 1.737626
robot_base_yaw: -3.134628
robot_geom: gripper0_left_right_fingertip_collision
proxy_geom: scene_aabb_proxy_line_6_center_machine_module
collision_detected:
  robot_geom=gripper0_left_left_inner_finger_collision, other_geom=scene_aabb_proxy_line_6_center_machine_module
  robot_geom=gripper0_left_left_fingertip_collision, other_geom=scene_aabb_proxy_line_6_center_machine_module
  robot_geom=gripper0_left_left_fingertip_collision, other_geom=scene_aabb_proxy_line_6_center_machine_module
  robot_geom=gripper0_left_left_fingertip_collision, other_geom=scene_aabb_proxy_line_6_center_machine_module
  robot_geom=gripper0_left_left_fingertip_collision, other_geom=scene_aabb_proxy_line_6_center_machine_module
  robot_geom=gripper0_left_left_fingerpad_collision, other_geom=scene_aabb_proxy_line_6_center_machine_module
  robot_geom=gripper0_left_left_fingerpad_collision, other_geom=scene_aabb_proxy_line_6_center_machine_module
  robot_geom=gripper0_left_left_fingerpad_collision, other_geom=scene_aabb_proxy_line_6_center_machine_module
  ... 10 more contact pairs
judge_collision_detected:
robot_base_x: 12.650332
robot_base_y: 1.715128
robot_base_yaw: -3.134501
robot_geom: gripper0_left_left_fingerpad_collision
proxy_geom: scene_aabb_proxy_line_6_center_machine_module
judge_collision_detected:
robot_base_x: 12.650332
robot_base_y: 1.715128
robot_base_yaw: -3.134501
robot_geom: gripper0_left_left_fingertip_collision
proxy_geom: scene_aabb_proxy_line_6_center_machine_module
judge_collision_detected:
robot_base_x: 12.650332
robot_base_y: 1.715128
robot_base_yaw: -3.134501
robot_geom: gripper0_left_right_fingertip_collision
proxy_geom: scene_aabb_proxy_line_6_center_machine_module
collision_detected:
  robot_geom=gripper0_left_left_inner_finger_collision, other_geom=scene_aabb_proxy_line_6_center_machine_module
  robot_geom=gripper0_left_left_fingertip_collision, other_geom=scene_aabb_proxy_line_6_center_machine_module
  robot_geom=gripper0_left_left_fingertip_collision, other_geom=scene_aabb_proxy_line_6_center_machine_module
  robot_geom=gripper0_left_left_fingertip_collision, other_geom=scene_aabb_proxy_line_6_center_machine_module
  robot_geom=gripper0_left_left_fingertip_collision, other_geom=scene_aabb_proxy_line_6_center_machine_module
  robot_geom=gripper0_left_left_fingerpad_collision, other_geom=scene_aabb_proxy_line_6_center_machine_module
  robot_geom=gripper0_left_left_fingerpad_collision, other_geom=scene_aabb_proxy_line_6_center_machine_module
  robot_geom=gripper0_left_left_fingerpad_collision, other_geom=scene_aabb_proxy_line_6_center_machine_module
  ... 10 more contact pairs
judge_collision_detected:
robot_base_x: 12.650327
robot_base_y: 1.692629
robot_base_yaw: -3.134375
robot_geom: gripper0_left_left_fingerpad_collision
proxy_geom: scene_aabb_proxy_line_6_center_machine_module
judge_collision_detected:
robot_base_x: 12.650327
robot_base_y: 1.692629
robot_base_yaw: -3.134375
robot_geom: gripper0_left_left_fingertip_collision
proxy_geom: scene_aabb_proxy_line_6_center_machine_module
judge_collision_detected:
robot_base_x: 12.650327
robot_base_y: 1.692629
robot_base_yaw: -3.134375
robot_geom: gripper0_left_right_fingertip_collision
proxy_geom: scene_aabb_proxy_line_6_center_machine_module
collision_detected:
  robot_geom=gripper0_left_left_inner_finger_collision, other_geom=scene_aabb_proxy_line_6_center_machine_module
  robot_geom=gripper0_left_left_fingertip_collision, other_geom=scene_aabb_proxy_line_6_center_machine_module
  robot_geom=gripper0_left_left_fingertip_collision, other_geom=scene_aabb_proxy_line_6_center_machine_module
  robot_geom=gripper0_left_left_fingertip_collision, other_geom=scene_aabb_proxy_line_6_center_machine_module
  robot_geom=gripper0_left_left_fingertip_collision, other_geom=scene_aabb_proxy_line_6_center_machine_module
  robot_geom=gripper0_left_left_fingerpad_collision, other_geom=scene_aabb_proxy_line_6_center_machine_module
  robot_geom=gripper0_left_left_fingerpad_collision, other_geom=scene_aabb_proxy_line_6_center_machine_module
  robot_geom=gripper0_left_left_fingerpad_collision, other_geom=scene_aabb_proxy_line_6_center_machine_module
  ... 10 more contact pairs
judge_collision_detected:
robot_base_x: 12.650315
robot_base_y: 1.670131
robot_base_yaw: -3.134248
robot_geom: gripper0_left_left_fingerpad_collision
proxy_geom: scene_aabb_proxy_line_6_center_machine_module
judge_collision_detected:
robot_base_x: 12.650315
robot_base_y: 1.670131
robot_base_yaw: -3.134248
robot_geom: gripper0_left_left_fingertip_collision
proxy_geom: scene_aabb_proxy_line_6_center_machine_module
judge_collision_detected:
robot_base_x: 12.650315
robot_base_y: 1.670131
robot_base_yaw: -3.134248
robot_geom: gripper0_left_right_fingertip_collision
proxy_geom: scene_aabb_proxy_line_6_center_machine_module
collision_detected:
  robot_geom=gripper0_left_left_inner_finger_collision, other_geom=scene_aabb_proxy_line_6_center_machine_module
  robot_geom=gripper0_left_left_fingertip_collision, other_geom=scene_aabb_proxy_line_6_center_machine_module
  robot_geom=gripper0_left_left_fingertip_collision, other_geom=scene_aabb_proxy_line_6_center_machine_module
  robot_geom=gripper0_left_left_fingertip_collision, other_geom=scene_aabb_proxy_line_6_center_machine_module
  robot_geom=gripper0_left_left_fingertip_collision, other_geom=scene_aabb_proxy_line_6_center_machine_module
  robot_geom=gripper0_left_left_fingerpad_collision, other_geom=scene_aabb_proxy_line_6_center_machine_module
  robot_geom=gripper0_left_left_fingerpad_collision, other_geom=scene_aabb_proxy_line_6_center_machine_module
  robot_geom=gripper0_left_left_fingerpad_collision, other_geom=scene_aabb_proxy_line_6_center_machine_module
  ... 10 more contact pairs
judge_collision_detected:
robot_base_x: 12.650295
robot_base_y: 1.647633
robot_base_yaw: -3.134121
robot_geom: gripper0_left_left_fingerpad_collision
proxy_geom: scene_aabb_proxy_line_6_center_machine_module
judge_collision_detected:
robot_base_x: 12.650295
robot_base_y: 1.647633
robot_base_yaw: -3.134121
robot_geom: gripper0_left_left_fingertip_collision
proxy_geom: scene_aabb_proxy_line_6_center_machine_module
judge_collision_detected:
robot_base_x: 12.650295
robot_base_y: 1.647633
robot_base_yaw: -3.134121
robot_geom: gripper0_left_right_fingertip_collision
proxy_geom: scene_aabb_proxy_line_6_center_machine_module
collision_detected:
  robot_geom=gripper0_left_left_inner_finger_collision, other_geom=scene_aabb_proxy_line_6_center_machine_module
  robot_geom=gripper0_left_left_fingertip_collision, other_geom=scene_aabb_proxy_line_6_center_machine_module
  robot_geom=gripper0_left_left_fingertip_collision, other_geom=scene_aabb_proxy_line_6_center_machine_module
  robot_geom=gripper0_left_left_fingertip_collision, other_geom=scene_aabb_proxy_line_6_center_machine_module
  robot_geom=gripper0_left_left_fingertip_collision, other_geom=scene_aabb_proxy_line_6_center_machine_module
  robot_geom=gripper0_left_left_fingerpad_collision, other_geom=scene_aabb_proxy_line_6_center_machine_module
  robot_geom=gripper0_left_left_fingerpad_collision, other_geom=scene_aabb_proxy_line_6_center_machine_module
  robot_geom=gripper0_left_left_fingerpad_collision, other_geom=scene_aabb_proxy_line_6_center_machine_module
  ... 10 more contact pairs
judge_collision_detected:
robot_base_x: 12.650267
robot_base_y: 1.625135
robot_base_yaw: -3.133994
robot_geom: gripper0_left_left_fingerpad_collision
proxy_geom: scene_aabb_proxy_line_6_center_machine_module
judge_collision_detected:
robot_base_x: 12.650267
robot_base_y: 1.625135
robot_base_yaw: -3.133994
robot_geom: gripper0_left_left_fingertip_collision
proxy_geom: scene_aabb_proxy_line_6_center_machine_module
judge_collision_detected:
robot_base_x: 12.650267
robot_base_y: 1.625135
robot_base_yaw: -3.133994
robot_geom: gripper0_left_right_fingertip_collision
proxy_geom: scene_aabb_proxy_line_6_center_machine_module
collision_detected:
  robot_geom=gripper0_left_left_inner_finger_collision, other_geom=scene_aabb_proxy_line_6_center_machine_module
  robot_geom=gripper0_left_left_fingertip_collision, other_geom=scene_aabb_proxy_line_6_center_machine_module
  robot_geom=gripper0_left_left_fingertip_collision, other_geom=scene_aabb_proxy_line_6_center_machine_module
  robot_geom=gripper0_left_left_fingertip_collision, other_geom=scene_aabb_proxy_line_6_center_machine_module
  robot_geom=gripper0_left_left_fingertip_collision, other_geom=scene_aabb_proxy_line_6_center_machine_module
  robot_geom=gripper0_left_left_fingerpad_collision, other_geom=scene_aabb_proxy_line_6_center_machine_module
  robot_geom=gripper0_left_left_fingerpad_collision, other_geom=scene_aabb_proxy_line_6_center_machine_module
  robot_geom=gripper0_left_left_fingerpad_collision, other_geom=scene_aabb_proxy_line_6_center_machine_module
  ... 10 more contact pairs
judge_collision_detected:
robot_base_x: 12.650226
robot_base_y: 1.602637
robot_base_yaw: -3.133866
robot_geom: gripper0_left_left_fingerpad_collision
proxy_geom: scene_aabb_proxy_line_6_center_machine_module
judge_collision_detected:
robot_base_x: 12.650226
robot_base_y: 1.602637
robot_base_yaw: -3.133866
robot_geom: gripper0_left_left_fingertip_collision
proxy_geom: scene_aabb_proxy_line_6_center_machine_module
judge_collision_detected:
robot_base_x: 12.650226
robot_base_y: 1.602637
robot_base_yaw: -3.133866
robot_geom: gripper0_left_right_fingertip_collision
proxy_geom: scene_aabb_proxy_line_6_center_machine_module
collision_detected:
  robot_geom=gripper0_left_left_inner_finger_collision, other_geom=scene_aabb_proxy_line_6_center_machine_module
  robot_geom=gripper0_left_left_fingertip_collision, other_geom=scene_aabb_proxy_line_6_center_machine_module
  robot_geom=gripper0_left_left_fingertip_collision, other_geom=scene_aabb_proxy_line_6_center_machine_module
  robot_geom=gripper0_left_left_fingertip_collision, other_geom=scene_aabb_proxy_line_6_center_machine_module
  robot_geom=gripper0_left_left_fingertip_collision, other_geom=scene_aabb_proxy_line_6_center_machine_module
  robot_geom=gripper0_left_left_fingerpad_collision, other_geom=scene_aabb_proxy_line_6_center_machine_module
  robot_geom=gripper0_left_left_fingerpad_collision, other_geom=scene_aabb_proxy_line_6_center_machine_module
  robot_geom=gripper0_left_left_fingerpad_collision, other_geom=scene_aabb_proxy_line_6_center_machine_module
  ... 10 more contact pairs
judge_collision_detected:
robot_base_x: 12.650169
robot_base_y: 1.580139
robot_base_yaw: -3.133738
robot_geom: gripper0_left_left_fingerpad_collision
proxy_geom: scene_aabb_proxy_line_6_center_machine_module
judge_collision_detected:
robot_base_x: 12.650169
robot_base_y: 1.580139
robot_base_yaw: -3.133738
robot_geom: gripper0_left_left_fingertip_collision
proxy_geom: scene_aabb_proxy_line_6_center_machine_module
judge_collision_detected:
robot_base_x: 12.650169
robot_base_y: 1.580139
robot_base_yaw: -3.133738
robot_geom: gripper0_left_right_fingertip_collision
proxy_geom: scene_aabb_proxy_line_6_center_machine_module
collision_detected:
  robot_geom=gripper0_left_left_inner_finger_collision, other_geom=scene_aabb_proxy_line_6_center_machine_module
  robot_geom=gripper0_left_left_fingertip_collision, other_geom=scene_aabb_proxy_line_6_center_machine_module
  robot_geom=gripper0_left_left_fingertip_collision, other_geom=scene_aabb_proxy_line_6_center_machine_module
  robot_geom=gripper0_left_left_fingertip_collision, other_geom=scene_aabb_proxy_line_6_center_machine_module
  robot_geom=gripper0_left_left_fingertip_collision, other_geom=scene_aabb_proxy_line_6_center_machine_module
  robot_geom=gripper0_left_left_fingerpad_collision, other_geom=scene_aabb_proxy_line_6_center_machine_module
  robot_geom=gripper0_left_left_fingerpad_collision, other_geom=scene_aabb_proxy_line_6_center_machine_module
  robot_geom=gripper0_left_left_fingerpad_collision, other_geom=scene_aabb_proxy_line_6_center_machine_module
  ... 10 more contact pairs
judge_collision_detected:
robot_base_x: 12.650082
robot_base_y: 1.557641
robot_base_yaw: -3.133609
robot_geom: gripper0_left_left_fingerpad_collision
proxy_geom: scene_aabb_proxy_line_6_center_machine_module
judge_collision_detected:
robot_base_x: 12.650082
robot_base_y: 1.557641
robot_base_yaw: -3.133609
robot_geom: gripper0_left_left_fingertip_collision
proxy_geom: scene_aabb_proxy_line_6_center_machine_module
judge_collision_detected:
robot_base_x: 12.650082
robot_base_y: 1.557641
robot_base_yaw: -3.133609
robot_geom: gripper0_left_right_fingertip_collision
proxy_geom: scene_aabb_proxy_line_6_center_machine_module
collision_detected:
  robot_geom=gripper0_left_left_inner_finger_collision, other_geom=scene_aabb_proxy_line_6_center_machine_module
  robot_geom=gripper0_left_left_fingertip_collision, other_geom=scene_aabb_proxy_line_6_center_machine_module
  robot_geom=gripper0_left_left_fingertip_collision, other_geom=scene_aabb_proxy_line_6_center_machine_module
  robot_geom=gripper0_left_left_fingertip_collision, other_geom=scene_aabb_proxy_line_6_center_machine_module
  robot_geom=gripper0_left_left_fingertip_collision, other_geom=scene_aabb_proxy_line_6_center_machine_module
  robot_geom=gripper0_left_left_fingerpad_collision, other_geom=scene_aabb_proxy_line_6_center_machine_module
  robot_geom=gripper0_left_left_fingerpad_collision, other_geom=scene_aabb_proxy_line_6_center_machine_module
  robot_geom=gripper0_left_left_fingerpad_collision, other_geom=scene_aabb_proxy_line_6_center_machine_module
  ... 10 more contact pairs
judge_collision_detected:
robot_base_x: 12.650117
robot_base_y: 1.535143
robot_base_yaw: -3.133482
robot_geom: gripper0_left_left_fingerpad_collision
proxy_geom: scene_aabb_proxy_line_6_center_machine_module
judge_collision_detected:
robot_base_x: 12.650117
robot_base_y: 1.535143
robot_base_yaw: -3.133482
robot_geom: gripper0_left_left_fingertip_collision
proxy_geom: scene_aabb_proxy_line_6_center_machine_module
judge_collision_detected:
robot_base_x: 12.650117
robot_base_y: 1.535143
robot_base_yaw: -3.133482
robot_geom: gripper0_left_right_fingertip_collision
proxy_geom: scene_aabb_proxy_line_6_center_machine_module
collision_detected:
  robot_geom=gripper0_left_left_inner_finger_collision, other_geom=scene_aabb_proxy_line_6_center_machine_module
  robot_geom=gripper0_left_left_fingertip_collision, other_geom=scene_aabb_proxy_line_6_center_machine_module
  robot_geom=gripper0_left_left_fingertip_collision, other_geom=scene_aabb_proxy_line_6_center_machine_module
  robot_geom=gripper0_left_left_fingertip_collision, other_geom=scene_aabb_proxy_line_6_center_machine_module
  robot_geom=gripper0_left_left_fingertip_collision, other_geom=scene_aabb_proxy_line_6_center_machine_module
  robot_geom=gripper0_left_left_fingerpad_collision, other_geom=scene_aabb_proxy_line_6_center_machine_module
  robot_geom=gripper0_left_left_fingerpad_collision, other_geom=scene_aabb_proxy_line_6_center_machine_module
  robot_geom=gripper0_left_left_fingerpad_collision, other_geom=scene_aabb_proxy_line_6_center_machine_module
  ... 10 more contact pairs
judge_collision_detected:
robot_base_x: 12.650150
robot_base_y: 1.512644
robot_base_yaw: -3.133355
robot_geom: gripper0_left_left_fingerpad_collision
proxy_geom: scene_aabb_proxy_line_6_center_machine_module
judge_collision_detected:
robot_base_x: 12.650150
robot_base_y: 1.512644
robot_base_yaw: -3.133355
robot_geom: gripper0_left_left_fingertip_collision
proxy_geom: scene_aabb_proxy_line_6_center_machine_module
judge_collision_detected:
robot_base_x: 12.650150
robot_base_y: 1.512644
robot_base_yaw: -3.133355
robot_geom: gripper0_left_right_fingertip_collision
proxy_geom: scene_aabb_proxy_line_6_center_machine_module
collision_detected:
  robot_geom=gripper0_left_left_inner_finger_collision, other_geom=scene_aabb_proxy_line_6_center_machine_module
  robot_geom=gripper0_left_left_fingertip_collision, other_geom=scene_aabb_proxy_line_6_center_machine_module
  robot_geom=gripper0_left_left_fingertip_collision, other_geom=scene_aabb_proxy_line_6_center_machine_module
  robot_geom=gripper0_left_left_fingertip_collision, other_geom=scene_aabb_proxy_line_6_center_machine_module
  robot_geom=gripper0_left_left_fingertip_collision, other_geom=scene_aabb_proxy_line_6_center_machine_module
  robot_geom=gripper0_left_left_fingerpad_collision, other_geom=scene_aabb_proxy_line_6_center_machine_module
  robot_geom=gripper0_left_left_fingerpad_collision, other_geom=scene_aabb_proxy_line_6_center_machine_module
  robot_geom=gripper0_left_left_fingerpad_collision, other_geom=scene_aabb_proxy_line_6_center_machine_module
  ... 10 more contact pairs
judge_collision_detected:
robot_base_x: 12.650180
robot_base_y: 1.490146
robot_base_yaw: -3.133229
robot_geom: gripper0_left_left_fingerpad_collision
proxy_geom: scene_aabb_proxy_line_6_center_machine_module
judge_collision_detected:
robot_base_x: 12.650180
robot_base_y: 1.490146
robot_base_yaw: -3.133229
robot_geom: gripper0_left_left_fingertip_collision
proxy_geom: scene_aabb_proxy_line_6_center_machine_module
judge_collision_detected:
robot_base_x: 12.650180
robot_base_y: 1.490146
robot_base_yaw: -3.133229
robot_geom: gripper0_left_right_fingertip_collision
proxy_geom: scene_aabb_proxy_line_6_center_machine_module
collision_detected:
  robot_geom=gripper0_left_left_inner_finger_collision, other_geom=scene_aabb_proxy_line_6_center_machine_module
  robot_geom=gripper0_left_left_fingertip_collision, other_geom=scene_aabb_proxy_line_6_center_machine_module
  robot_geom=gripper0_left_left_fingertip_collision, other_geom=scene_aabb_proxy_line_6_center_machine_module
  robot_geom=gripper0_left_left_fingertip_collision, other_geom=scene_aabb_proxy_line_6_center_machine_module
  robot_geom=gripper0_left_left_fingertip_collision, other_geom=scene_aabb_proxy_line_6_center_machine_module
  robot_geom=gripper0_left_left_fingerpad_collision, other_geom=scene_aabb_proxy_line_6_center_machine_module
  robot_geom=gripper0_left_left_fingerpad_collision, other_geom=scene_aabb_proxy_line_6_center_machine_module
  robot_geom=gripper0_left_left_fingerpad_collision, other_geom=scene_aabb_proxy_line_6_center_machine_module
  ... 10 more contact pairs
judge_collision_detected:
robot_base_x: 12.650208
robot_base_y: 1.467648
robot_base_yaw: -3.133103
robot_geom: gripper0_left_left_fingerpad_collision
proxy_geom: scene_aabb_proxy_line_6_center_machine_module
judge_collision_detected:
robot_base_x: 12.650208
robot_base_y: 1.467648
robot_base_yaw: -3.133103
robot_geom: gripper0_left_left_fingertip_collision
proxy_geom: scene_aabb_proxy_line_6_center_machine_module
judge_collision_detected:
robot_base_x: 12.650208
robot_base_y: 1.467648
robot_base_yaw: -3.133103
robot_geom: gripper0_left_right_fingertip_collision
proxy_geom: scene_aabb_proxy_line_6_center_machine_module
collision_detected:
  robot_geom=gripper0_left_left_inner_finger_collision, other_geom=scene_aabb_proxy_line_6_center_machine_module
  robot_geom=gripper0_left_left_fingertip_collision, other_geom=scene_aabb_proxy_line_6_center_machine_module
  robot_geom=gripper0_left_left_fingertip_collision, other_geom=scene_aabb_proxy_line_6_center_machine_module
  robot_geom=gripper0_left_left_fingertip_collision, other_geom=scene_aabb_proxy_line_6_center_machine_module
  robot_geom=gripper0_left_left_fingertip_collision, other_geom=scene_aabb_proxy_line_6_center_machine_module
  robot_geom=gripper0_left_left_fingerpad_collision, other_geom=scene_aabb_proxy_line_6_center_machine_module
  robot_geom=gripper0_left_left_fingerpad_collision, other_geom=scene_aabb_proxy_line_6_center_machine_module
  robot_geom=gripper0_left_left_fingerpad_collision, other_geom=scene_aabb_proxy_line_6_center_machine_module
  ... 10 more contact pairs
judge_collision_detected:
robot_base_x: 12.650232
robot_base_y: 1.445150
robot_base_yaw: -3.132977
robot_geom: gripper0_left_left_fingerpad_collision
proxy_geom: scene_aabb_proxy_line_6_center_machine_module
judge_collision_detected:
robot_base_x: 12.650232
robot_base_y: 1.445150
robot_base_yaw: -3.132977
robot_geom: gripper0_left_left_fingertip_collision
proxy_geom: scene_aabb_proxy_line_6_center_machine_module
judge_collision_detected:
robot_base_x: 12.650232
robot_base_y: 1.445150
robot_base_yaw: -3.132977
robot_geom: gripper0_left_right_fingertip_collision
proxy_geom: scene_aabb_proxy_line_6_center_machine_module
collision_detected:
  robot_geom=gripper0_left_left_inner_finger_collision, other_geom=scene_aabb_proxy_line_6_center_machine_module
  robot_geom=gripper0_left_left_fingertip_collision, other_geom=scene_aabb_proxy_line_6_center_machine_module
  robot_geom=gripper0_left_left_fingertip_collision, other_geom=scene_aabb_proxy_line_6_center_machine_module
  robot_geom=gripper0_left_left_fingertip_collision, other_geom=scene_aabb_proxy_line_6_center_machine_module
  robot_geom=gripper0_left_left_fingertip_collision, other_geom=scene_aabb_proxy_line_6_center_machine_module
  robot_geom=gripper0_left_left_fingerpad_collision, other_geom=scene_aabb_proxy_line_6_center_machine_module
  robot_geom=gripper0_left_left_fingerpad_collision, other_geom=scene_aabb_proxy_line_6_center_machine_module
  robot_geom=gripper0_left_left_fingerpad_collision, other_geom=scene_aabb_proxy_line_6_center_machine_module
  ... 10 more contact pairs
judge_collision_detected:
robot_base_x: 12.650254
robot_base_y: 1.422652
robot_base_yaw: -3.132851
robot_geom: gripper0_left_left_fingerpad_collision
proxy_geom: scene_aabb_proxy_line_6_center_machine_module
judge_collision_detected:
robot_base_x: 12.650254
robot_base_y: 1.422652
robot_base_yaw: -3.132851
robot_geom: gripper0_left_left_fingertip_collision
proxy_geom: scene_aabb_proxy_line_6_center_machine_module
judge_collision_detected:
robot_base_x: 12.650254
robot_base_y: 1.422652
robot_base_yaw: -3.132851
robot_geom: gripper0_left_right_fingertip_collision
proxy_geom: scene_aabb_proxy_line_6_center_machine_module
collision_detected:
  robot_geom=gripper0_left_left_inner_finger_collision, other_geom=scene_aabb_proxy_line_6_center_machine_module
  robot_geom=gripper0_left_left_fingertip_collision, other_geom=scene_aabb_proxy_line_6_center_machine_module
  robot_geom=gripper0_left_left_fingertip_collision, other_geom=scene_aabb_proxy_line_6_center_machine_module
  robot_geom=gripper0_left_left_fingertip_collision, other_geom=scene_aabb_proxy_line_6_center_machine_module
  robot_geom=gripper0_left_left_fingertip_collision, other_geom=scene_aabb_proxy_line_6_center_machine_module
  robot_geom=gripper0_left_left_fingerpad_collision, other_geom=scene_aabb_proxy_line_6_center_machine_module
  robot_geom=gripper0_left_left_fingerpad_collision, other_geom=scene_aabb_proxy_line_6_center_machine_module
  robot_geom=gripper0_left_left_fingerpad_collision, other_geom=scene_aabb_proxy_line_6_center_machine_module
  ... 10 more contact pairs
judge_collision_detected:
robot_base_x: 12.650273
robot_base_y: 1.400154
robot_base_yaw: -3.132725
robot_geom: gripper0_left_left_fingerpad_collision
proxy_geom: scene_aabb_proxy_line_6_center_machine_module
judge_collision_detected:
robot_base_x: 12.650273
robot_base_y: 1.400154
robot_base_yaw: -3.132725
robot_geom: gripper0_left_left_fingertip_collision
proxy_geom: scene_aabb_proxy_line_6_center_machine_module
judge_collision_detected:
robot_base_x: 12.650273
robot_base_y: 1.400154
robot_base_yaw: -3.132725
robot_geom: gripper0_left_right_fingertip_collision
proxy_geom: scene_aabb_proxy_line_6_center_machine_module
collision_detected:
  robot_geom=gripper0_left_left_inner_finger_collision, other_geom=scene_aabb_proxy_line_6_center_machine_module
  robot_geom=gripper0_left_left_fingertip_collision, other_geom=scene_aabb_proxy_line_6_center_machine_module
  robot_geom=gripper0_left_left_fingertip_collision, other_geom=scene_aabb_proxy_line_6_center_machine_module
  robot_geom=gripper0_left_left_fingertip_collision, other_geom=scene_aabb_proxy_line_6_center_machine_module
  robot_geom=gripper0_left_left_fingertip_collision, other_geom=scene_aabb_proxy_line_6_center_machine_module
  robot_geom=gripper0_left_left_fingerpad_collision, other_geom=scene_aabb_proxy_line_6_center_machine_module
  robot_geom=gripper0_left_left_fingerpad_collision, other_geom=scene_aabb_proxy_line_6_center_machine_module
  robot_geom=gripper0_left_left_fingerpad_collision, other_geom=scene_aabb_proxy_line_6_center_machine_module
  ... 10 more contact pairs
judge_collision_detected:
robot_base_x: 12.650288
robot_base_y: 1.377656
robot_base_yaw: -3.132601
robot_geom: gripper0_left_left_fingerpad_collision
proxy_geom: scene_aabb_proxy_line_6_center_machine_module
judge_collision_detected:
robot_base_x: 12.650288
robot_base_y: 1.377656
robot_base_yaw: -3.132601
robot_geom: gripper0_left_left_fingertip_collision
proxy_geom: scene_aabb_proxy_line_6_center_machine_module
judge_collision_detected:
robot_base_x: 12.650288
robot_base_y: 1.377656
robot_base_yaw: -3.132601
robot_geom: gripper0_left_right_fingertip_collision
proxy_geom: scene_aabb_proxy_line_6_center_machine_module
collision_detected:
  robot_geom=gripper0_left_left_inner_finger_collision, other_geom=scene_aabb_proxy_line_6_center_machine_module
  robot_geom=gripper0_left_left_fingertip_collision, other_geom=scene_aabb_proxy_line_6_center_machine_module
  robot_geom=gripper0_left_left_fingertip_collision, other_geom=scene_aabb_proxy_line_6_center_machine_module
  robot_geom=gripper0_left_left_fingertip_collision, other_geom=scene_aabb_proxy_line_6_center_machine_module
  robot_geom=gripper0_left_left_fingertip_collision, other_geom=scene_aabb_proxy_line_6_center_machine_module
  robot_geom=gripper0_left_left_fingerpad_collision, other_geom=scene_aabb_proxy_line_6_center_machine_module
  robot_geom=gripper0_left_left_fingerpad_collision, other_geom=scene_aabb_proxy_line_6_center_machine_module
  robot_geom=gripper0_left_left_fingerpad_collision, other_geom=scene_aabb_proxy_line_6_center_machine_module
  ... 10 more contact pairs
judge_collision_detected:
robot_base_x: 12.650298
robot_base_y: 1.355158
robot_base_yaw: -3.132476
robot_geom: gripper0_left_left_fingerpad_collision
proxy_geom: scene_aabb_proxy_line_6_center_machine_module
judge_collision_detected:
robot_base_x: 12.650298
robot_base_y: 1.355158
robot_base_yaw: -3.132476
robot_geom: gripper0_left_left_fingertip_collision
proxy_geom: scene_aabb_proxy_line_6_center_machine_module
judge_collision_detected:
robot_base_x: 12.650298
robot_base_y: 1.355158
robot_base_yaw: -3.132476
robot_geom: gripper0_left_right_fingertip_collision
proxy_geom: scene_aabb_proxy_line_6_center_machine_module
collision_detected:
  robot_geom=gripper0_left_left_inner_finger_collision, other_geom=scene_aabb_proxy_line_6_center_machine_module
  robot_geom=gripper0_left_left_fingertip_collision, other_geom=scene_aabb_proxy_line_6_center_machine_module
  robot_geom=gripper0_left_left_fingertip_collision, other_geom=scene_aabb_proxy_line_6_center_machine_module
  robot_geom=gripper0_left_left_fingertip_collision, other_geom=scene_aabb_proxy_line_6_center_machine_module
  robot_geom=gripper0_left_left_fingertip_collision, other_geom=scene_aabb_proxy_line_6_center_machine_module
  robot_geom=gripper0_left_left_fingerpad_collision, other_geom=scene_aabb_proxy_line_6_center_machine_module
  robot_geom=gripper0_left_left_fingerpad_collision, other_geom=scene_aabb_proxy_line_6_center_machine_module
  robot_geom=gripper0_left_left_fingerpad_collision, other_geom=scene_aabb_proxy_line_6_center_machine_module
  ... 10 more contact pairs
judge_collision_detected:
robot_base_x: 12.650305
robot_base_y: 1.332660
robot_base_yaw: -3.132351
robot_geom: gripper0_left_left_fingerpad_collision
proxy_geom: scene_aabb_proxy_line_6_center_machine_module
judge_collision_detected:
robot_base_x: 12.650305
robot_base_y: 1.332660
robot_base_yaw: -3.132351
robot_geom: gripper0_left_left_fingertip_collision
proxy_geom: scene_aabb_proxy_line_6_center_machine_module
judge_collision_detected:
robot_base_x: 12.650305
robot_base_y: 1.332660
robot_base_yaw: -3.132351
robot_geom: gripper0_left_right_fingertip_collision
proxy_geom: scene_aabb_proxy_line_6_center_machine_module
collision_detected:
  robot_geom=gripper0_left_left_inner_finger_collision, other_geom=scene_aabb_proxy_line_6_center_machine_module
  robot_geom=gripper0_left_left_fingertip_collision, other_geom=scene_aabb_proxy_line_6_center_machine_module
  robot_geom=gripper0_left_left_fingertip_collision, other_geom=scene_aabb_proxy_line_6_center_machine_module
  robot_geom=gripper0_left_left_fingertip_collision, other_geom=scene_aabb_proxy_line_6_center_machine_module
  robot_geom=gripper0_left_left_fingertip_collision, other_geom=scene_aabb_proxy_line_6_center_machine_module
  robot_geom=gripper0_left_left_fingerpad_collision, other_geom=scene_aabb_proxy_line_6_center_machine_module
  robot_geom=gripper0_left_left_fingerpad_collision, other_geom=scene_aabb_proxy_line_6_center_machine_module
  robot_geom=gripper0_left_left_fingerpad_collision, other_geom=scene_aabb_proxy_line_6_center_machine_module
  ... 10 more contact pairs
judge_collision_detected:
robot_base_x: 12.650307
robot_base_y: 1.310162
robot_base_yaw: -3.132227
robot_geom: gripper0_left_left_fingerpad_collision
proxy_geom: scene_aabb_proxy_line_6_center_machine_module
judge_collision_detected:
robot_base_x: 12.650307
robot_base_y: 1.310162
robot_base_yaw: -3.132227
robot_geom: gripper0_left_left_fingertip_collision
proxy_geom: scene_aabb_proxy_line_6_center_machine_module
judge_collision_detected:
robot_base_x: 12.650307
robot_base_y: 1.310162
robot_base_yaw: -3.132227
robot_geom: gripper0_left_right_fingertip_collision
proxy_geom: scene_aabb_proxy_line_6_center_machine_module
collision_detected:
  robot_geom=gripper0_left_left_inner_finger_collision, other_geom=scene_aabb_proxy_line_6_center_machine_module
  robot_geom=gripper0_left_left_fingertip_collision, other_geom=scene_aabb_proxy_line_6_center_machine_module
  robot_geom=gripper0_left_left_fingertip_collision, other_geom=scene_aabb_proxy_line_6_center_machine_module
  robot_geom=gripper0_left_left_fingertip_collision, other_geom=scene_aabb_proxy_line_6_center_machine_module
  robot_geom=gripper0_left_left_fingertip_collision, other_geom=scene_aabb_proxy_line_6_center_machine_module
  robot_geom=gripper0_left_left_fingerpad_collision, other_geom=scene_aabb_proxy_line_6_center_machine_module
  robot_geom=gripper0_left_left_fingerpad_collision, other_geom=scene_aabb_proxy_line_6_center_machine_module
  robot_geom=gripper0_left_left_fingerpad_collision, other_geom=scene_aabb_proxy_line_6_center_machine_module
  ... 10 more contact pairs
judge_collision_detected:
robot_base_x: 12.650303
robot_base_y: 1.287664
robot_base_yaw: -3.132103
robot_geom: gripper0_left_left_fingerpad_collision
proxy_geom: scene_aabb_proxy_line_6_center_machine_module
judge_collision_detected:
robot_base_x: 12.650303
robot_base_y: 1.287664
robot_base_yaw: -3.132103
robot_geom: gripper0_left_left_fingertip_collision
proxy_geom: scene_aabb_proxy_line_6_center_machine_module
judge_collision_detected:
robot_base_x: 12.650303
robot_base_y: 1.287664
robot_base_yaw: -3.132103
robot_geom: gripper0_left_right_fingertip_collision
proxy_geom: scene_aabb_proxy_line_6_center_machine_module
collision_detected:
  robot_geom=gripper0_left_left_inner_finger_collision, other_geom=scene_aabb_proxy_line_6_center_machine_module
  robot_geom=gripper0_left_left_fingertip_collision, other_geom=scene_aabb_proxy_line_6_center_machine_module
  robot_geom=gripper0_left_left_fingertip_collision, other_geom=scene_aabb_proxy_line_6_center_machine_module
  robot_geom=gripper0_left_left_fingertip_collision, other_geom=scene_aabb_proxy_line_6_center_machine_module
  robot_geom=gripper0_left_left_fingertip_collision, other_geom=scene_aabb_proxy_line_6_center_machine_module
  robot_geom=gripper0_left_left_fingerpad_collision, other_geom=scene_aabb_proxy_line_6_center_machine_module
  robot_geom=gripper0_left_left_fingerpad_collision, other_geom=scene_aabb_proxy_line_6_center_machine_module
  robot_geom=gripper0_left_left_fingerpad_collision, other_geom=scene_aabb_proxy_line_6_center_machine_module
  ... 10 more contact pairs
judge_collision_detected:
robot_base_x: 12.650293
robot_base_y: 1.265166
robot_base_yaw: -3.131978
robot_geom: gripper0_left_left_fingerpad_collision
proxy_geom: scene_aabb_proxy_line_6_center_machine_module
judge_collision_detected:
robot_base_x: 12.650293
robot_base_y: 1.265166
robot_base_yaw: -3.131978
robot_geom: gripper0_left_left_fingertip_collision
proxy_geom: scene_aabb_proxy_line_6_center_machine_module
judge_collision_detected:
robot_base_x: 12.650293
robot_base_y: 1.265166
robot_base_yaw: -3.131978
robot_geom: gripper0_left_right_fingertip_collision
proxy_geom: scene_aabb_proxy_line_6_center_machine_module
collision_detected:
  robot_geom=gripper0_left_left_inner_finger_collision, other_geom=scene_aabb_proxy_line_6_center_machine_module
  robot_geom=gripper0_left_left_fingertip_collision, other_geom=scene_aabb_proxy_line_6_center_machine_module
  robot_geom=gripper0_left_left_fingertip_collision, other_geom=scene_aabb_proxy_line_6_center_machine_module
  robot_geom=gripper0_left_left_fingertip_collision, other_geom=scene_aabb_proxy_line_6_center_machine_module
  robot_geom=gripper0_left_left_fingertip_collision, other_geom=scene_aabb_proxy_line_6_center_machine_module
  robot_geom=gripper0_left_left_fingerpad_collision, other_geom=scene_aabb_proxy_line_6_center_machine_module
  robot_geom=gripper0_left_left_fingerpad_collision, other_geom=scene_aabb_proxy_line_6_center_machine_module
  robot_geom=gripper0_left_left_fingerpad_collision, other_geom=scene_aabb_proxy_line_6_center_machine_module
  ... 10 more contact pairs
judge_collision_detected:
robot_base_x: 12.650275
robot_base_y: 1.242668
robot_base_yaw: -3.131854
robot_geom: gripper0_left_left_fingerpad_collision
proxy_geom: scene_aabb_proxy_line_6_center_machine_module
judge_collision_detected:
robot_base_x: 12.650275
robot_base_y: 1.242668
robot_base_yaw: -3.131854
robot_geom: gripper0_left_left_fingertip_collision
proxy_geom: scene_aabb_proxy_line_6_center_machine_module
judge_collision_detected:
robot_base_x: 12.650275
robot_base_y: 1.242668
robot_base_yaw: -3.131854
robot_geom: gripper0_left_right_fingertip_collision
proxy_geom: scene_aabb_proxy_line_6_center_machine_module
collision_detected:
  robot_geom=gripper0_left_left_inner_finger_collision, other_geom=scene_aabb_proxy_line_6_center_machine_module
  robot_geom=gripper0_left_left_fingertip_collision, other_geom=scene_aabb_proxy_line_6_center_machine_module
  robot_geom=gripper0_left_left_fingertip_collision, other_geom=scene_aabb_proxy_line_6_center_machine_module
  robot_geom=gripper0_left_left_fingertip_collision, other_geom=scene_aabb_proxy_line_6_center_machine_module
  robot_geom=gripper0_left_left_fingertip_collision, other_geom=scene_aabb_proxy_line_6_center_machine_module
  robot_geom=gripper0_left_left_fingerpad_collision, other_geom=scene_aabb_proxy_line_6_center_machine_module
  robot_geom=gripper0_left_left_fingerpad_collision, other_geom=scene_aabb_proxy_line_6_center_machine_module
  robot_geom=gripper0_left_left_fingerpad_collision, other_geom=scene_aabb_proxy_line_6_center_machine_module
  ... 10 more contact pairs
judge_collision_detected:
robot_base_x: 12.650247
robot_base_y: 1.220170
robot_base_yaw: -3.131729
robot_geom: gripper0_left_left_fingerpad_collision
proxy_geom: scene_aabb_proxy_line_6_center_machine_module
judge_collision_detected:
robot_base_x: 12.650247
robot_base_y: 1.220170
robot_base_yaw: -3.131729
robot_geom: gripper0_left_left_fingertip_collision
proxy_geom: scene_aabb_proxy_line_6_center_machine_module
judge_collision_detected:
robot_base_x: 12.650247
robot_base_y: 1.220170
robot_base_yaw: -3.131729
robot_geom: gripper0_left_right_fingertip_collision
proxy_geom: scene_aabb_proxy_line_6_center_machine_module
collision_detected:
  robot_geom=gripper0_left_left_inner_finger_collision, other_geom=scene_aabb_proxy_line_6_center_machine_module
  robot_geom=gripper0_left_left_fingertip_collision, other_geom=scene_aabb_proxy_line_6_center_machine_module
  robot_geom=gripper0_left_left_fingertip_collision, other_geom=scene_aabb_proxy_line_6_center_machine_module
  robot_geom=gripper0_left_left_fingertip_collision, other_geom=scene_aabb_proxy_line_6_center_machine_module
  robot_geom=gripper0_left_left_fingertip_collision, other_geom=scene_aabb_proxy_line_6_center_machine_module
  robot_geom=gripper0_left_left_fingerpad_collision, other_geom=scene_aabb_proxy_line_6_center_machine_module
  robot_geom=gripper0_left_left_fingerpad_collision, other_geom=scene_aabb_proxy_line_6_center_machine_module
  robot_geom=gripper0_left_left_fingerpad_collision, other_geom=scene_aabb_proxy_line_6_center_machine_module
  ... 10 more contact pairs
judge_collision_detected:
robot_base_x: 12.650207
robot_base_y: 1.197672
robot_base_yaw: -3.131603
robot_geom: gripper0_left_left_fingerpad_collision
proxy_geom: scene_aabb_proxy_line_6_center_machine_module
judge_collision_detected:
robot_base_x: 12.650207
robot_base_y: 1.197672
robot_base_yaw: -3.131603
robot_geom: gripper0_left_left_fingertip_collision
proxy_geom: scene_aabb_proxy_line_6_center_machine_module
judge_collision_detected:
robot_base_x: 12.650207
robot_base_y: 1.197672
robot_base_yaw: -3.131603
robot_geom: gripper0_left_right_fingertip_collision
proxy_geom: scene_aabb_proxy_line_6_center_machine_module
collision_detected:
  robot_geom=gripper0_left_left_inner_finger_collision, other_geom=scene_aabb_proxy_line_6_center_machine_module
  robot_geom=gripper0_left_left_fingertip_collision, other_geom=scene_aabb_proxy_line_6_center_machine_module
  robot_geom=gripper0_left_left_fingertip_collision, other_geom=scene_aabb_proxy_line_6_center_machine_module
  robot_geom=gripper0_left_left_fingertip_collision, other_geom=scene_aabb_proxy_line_6_center_machine_module
  robot_geom=gripper0_left_left_fingertip_collision, other_geom=scene_aabb_proxy_line_6_center_machine_module
  robot_geom=gripper0_left_left_fingerpad_collision, other_geom=scene_aabb_proxy_line_6_center_machine_module
  robot_geom=gripper0_left_left_fingerpad_collision, other_geom=scene_aabb_proxy_line_6_center_machine_module
  robot_geom=gripper0_left_left_fingerpad_collision, other_geom=scene_aabb_proxy_line_6_center_machine_module
  ... 10 more contact pairs
judge_collision_detected:
robot_base_x: 12.650148
robot_base_y: 1.175174
robot_base_yaw: -3.131477
robot_geom: gripper0_left_left_fingerpad_collision
proxy_geom: scene_aabb_proxy_line_6_center_machine_module
judge_collision_detected:
robot_base_x: 12.650148
robot_base_y: 1.175174
robot_base_yaw: -3.131477
robot_geom: gripper0_left_left_fingertip_collision
proxy_geom: scene_aabb_proxy_line_6_center_machine_module
judge_collision_detected:
robot_base_x: 12.650148
robot_base_y: 1.175174
robot_base_yaw: -3.131477
robot_geom: gripper0_left_right_fingertip_collision
proxy_geom: scene_aabb_proxy_line_6_center_machine_module
collision_detected:
  robot_geom=gripper0_left_left_inner_finger_collision, other_geom=scene_aabb_proxy_line_6_center_machine_module
  robot_geom=gripper0_left_left_fingertip_collision, other_geom=scene_aabb_proxy_line_6_center_machine_module
  robot_geom=gripper0_left_left_fingertip_collision, other_geom=scene_aabb_proxy_line_6_center_machine_module
  robot_geom=gripper0_left_left_fingertip_collision, other_geom=scene_aabb_proxy_line_6_center_machine_module
  robot_geom=gripper0_left_left_fingertip_collision, other_geom=scene_aabb_proxy_line_6_center_machine_module
  robot_geom=gripper0_left_left_fingerpad_collision, other_geom=scene_aabb_proxy_line_6_center_machine_module
  robot_geom=gripper0_left_left_fingerpad_collision, other_geom=scene_aabb_proxy_line_6_center_machine_module
  robot_geom=gripper0_left_left_fingerpad_collision, other_geom=scene_aabb_proxy_line_6_center_machine_module
  ... 10 more contact pairs
judge_collision_detected:
robot_base_x: 12.650179
robot_base_y: 1.152676
robot_base_yaw: -3.131353
robot_geom: gripper0_left_left_fingerpad_collision
proxy_geom: scene_aabb_proxy_line_6_center_machine_module
judge_collision_detected:
robot_base_x: 12.650179
robot_base_y: 1.152676
robot_base_yaw: -3.131353
robot_geom: gripper0_left_left_fingertip_collision
proxy_geom: scene_aabb_proxy_line_6_center_machine_module
judge_collision_detected:
robot_base_x: 12.650179
robot_base_y: 1.152676
robot_base_yaw: -3.131353
robot_geom: gripper0_left_right_fingertip_collision
proxy_geom: scene_aabb_proxy_line_6_center_machine_module
collision_detected:
  robot_geom=gripper0_left_left_inner_finger_collision, other_geom=scene_aabb_proxy_line_6_center_machine_module
  robot_geom=gripper0_left_left_fingertip_collision, other_geom=scene_aabb_proxy_line_6_center_machine_module
  robot_geom=gripper0_left_left_fingertip_collision, other_geom=scene_aabb_proxy_line_6_center_machine_module
  robot_geom=gripper0_left_left_fingertip_collision, other_geom=scene_aabb_proxy_line_6_center_machine_module
  robot_geom=gripper0_left_left_fingertip_collision, other_geom=scene_aabb_proxy_line_6_center_machine_module
  robot_geom=gripper0_left_left_fingerpad_collision, other_geom=scene_aabb_proxy_line_6_center_machine_module
  robot_geom=gripper0_left_left_fingerpad_collision, other_geom=scene_aabb_proxy_line_6_center_machine_module
  robot_geom=gripper0_left_left_fingerpad_collision, other_geom=scene_aabb_proxy_line_6_center_machine_module
  ... 10 more contact pairs
judge_collision_detected:
robot_base_x: 12.650206
robot_base_y: 1.130178
robot_base_yaw: -3.131230
robot_geom: gripper0_left_left_fingerpad_collision
proxy_geom: scene_aabb_proxy_line_6_center_machine_module
judge_collision_detected:
robot_base_x: 12.650206
robot_base_y: 1.130178
robot_base_yaw: -3.131230
robot_geom: gripper0_left_left_fingertip_collision
proxy_geom: scene_aabb_proxy_line_6_center_machine_module
judge_collision_detected:
robot_base_x: 12.650206
robot_base_y: 1.130178
robot_base_yaw: -3.131230
robot_geom: gripper0_left_right_fingertip_collision
proxy_geom: scene_aabb_proxy_line_6_center_machine_module
collision_detected:
  robot_geom=gripper0_left_left_inner_finger_collision, other_geom=scene_aabb_proxy_line_6_center_machine_module
  robot_geom=gripper0_left_left_fingertip_collision, other_geom=scene_aabb_proxy_line_6_center_machine_module
  robot_geom=gripper0_left_left_fingertip_collision, other_geom=scene_aabb_proxy_line_6_center_machine_module
  robot_geom=gripper0_left_left_fingertip_collision, other_geom=scene_aabb_proxy_line_6_center_machine_module
  robot_geom=gripper0_left_left_fingertip_collision, other_geom=scene_aabb_proxy_line_6_center_machine_module
  robot_geom=gripper0_left_left_fingerpad_collision, other_geom=scene_aabb_proxy_line_6_center_machine_module
  robot_geom=gripper0_left_left_fingerpad_collision, other_geom=scene_aabb_proxy_line_6_center_machine_module
  robot_geom=gripper0_left_left_fingerpad_collision, other_geom=scene_aabb_proxy_line_6_center_machine_module
  ... 10 more contact pairs
judge_collision_detected:
robot_base_x: 12.650232
robot_base_y: 1.107681
robot_base_yaw: -3.131107
robot_geom: gripper0_left_left_fingerpad_collision
proxy_geom: scene_aabb_proxy_line_6_center_machine_module
judge_collision_detected:
robot_base_x: 12.650232
robot_base_y: 1.107681
robot_base_yaw: -3.131107
robot_geom: gripper0_left_left_fingertip_collision
proxy_geom: scene_aabb_proxy_line_6_center_machine_module
judge_collision_detected:
robot_base_x: 12.650232
robot_base_y: 1.107681
robot_base_yaw: -3.131107
robot_geom: gripper0_left_right_fingertip_collision
proxy_geom: scene_aabb_proxy_line_6_center_machine_module
collision_detected:
  robot_geom=gripper0_left_left_inner_finger_collision, other_geom=scene_aabb_proxy_line_6_center_machine_module
  robot_geom=gripper0_left_left_fingertip_collision, other_geom=scene_aabb_proxy_line_6_center_machine_module
  robot_geom=gripper0_left_left_fingertip_collision, other_geom=scene_aabb_proxy_line_6_center_machine_module
  robot_geom=gripper0_left_left_fingertip_collision, other_geom=scene_aabb_proxy_line_6_center_machine_module
  robot_geom=gripper0_left_left_fingertip_collision, other_geom=scene_aabb_proxy_line_6_center_machine_module
  robot_geom=gripper0_left_left_fingerpad_collision, other_geom=scene_aabb_proxy_line_6_center_machine_module
  robot_geom=gripper0_left_left_fingerpad_collision, other_geom=scene_aabb_proxy_line_6_center_machine_module
  robot_geom=gripper0_left_left_fingerpad_collision, other_geom=scene_aabb_proxy_line_6_center_machine_module
  ... 10 more contact pairs
judge_collision_detected:
robot_base_x: 12.650254
robot_base_y: 1.085183
robot_base_yaw: -3.130984
robot_geom: gripper0_left_left_fingerpad_collision
proxy_geom: scene_aabb_proxy_line_6_center_machine_module
judge_collision_detected:
robot_base_x: 12.650254
robot_base_y: 1.085183
robot_base_yaw: -3.130984
robot_geom: gripper0_left_left_fingertip_collision
proxy_geom: scene_aabb_proxy_line_6_center_machine_module
judge_collision_detected:
robot_base_x: 12.650254
robot_base_y: 1.085183
robot_base_yaw: -3.130984
robot_geom: gripper0_left_right_fingertip_collision
proxy_geom: scene_aabb_proxy_line_6_center_machine_module
collision_detected:
  robot_geom=gripper0_left_left_inner_finger_collision, other_geom=scene_aabb_proxy_line_6_center_machine_module
  robot_geom=gripper0_left_left_fingertip_collision, other_geom=scene_aabb_proxy_line_6_center_machine_module
  robot_geom=gripper0_left_left_fingertip_collision, other_geom=scene_aabb_proxy_line_6_center_machine_module
  robot_geom=gripper0_left_left_fingertip_collision, other_geom=scene_aabb_proxy_line_6_center_machine_module
  robot_geom=gripper0_left_left_fingertip_collision, other_geom=scene_aabb_proxy_line_6_center_machine_module
  robot_geom=gripper0_left_left_fingerpad_collision, other_geom=scene_aabb_proxy_line_6_center_machine_module
  robot_geom=gripper0_left_left_fingerpad_collision, other_geom=scene_aabb_proxy_line_6_center_machine_module
  robot_geom=gripper0_left_left_fingerpad_collision, other_geom=scene_aabb_proxy_line_6_center_machine_module
  ... 10 more contact pairs
judge_collision_detected:
robot_base_x: 12.650273
robot_base_y: 1.062685
robot_base_yaw: -3.130860
robot_geom: gripper0_left_left_fingerpad_collision
proxy_geom: scene_aabb_proxy_line_6_center_machine_module
judge_collision_detected:
robot_base_x: 12.650273
robot_base_y: 1.062685
robot_base_yaw: -3.130860
robot_geom: gripper0_left_left_fingertip_collision
proxy_geom: scene_aabb_proxy_line_6_center_machine_module
judge_collision_detected:
robot_base_x: 12.650273
robot_base_y: 1.062685
robot_base_yaw: -3.130860
robot_geom: gripper0_left_right_fingertip_collision
proxy_geom: scene_aabb_proxy_line_6_center_machine_module
collision_detected:
  robot_geom=gripper0_left_left_inner_finger_collision, other_geom=scene_aabb_proxy_line_6_center_machine_module
  robot_geom=gripper0_left_left_fingertip_collision, other_geom=scene_aabb_proxy_line_6_center_machine_module
  robot_geom=gripper0_left_left_fingertip_collision, other_geom=scene_aabb_proxy_line_6_center_machine_module
  robot_geom=gripper0_left_left_fingertip_collision, other_geom=scene_aabb_proxy_line_6_center_machine_module
  robot_geom=gripper0_left_left_fingertip_collision, other_geom=scene_aabb_proxy_line_6_center_machine_module
  robot_geom=gripper0_left_left_fingerpad_collision, other_geom=scene_aabb_proxy_line_6_center_machine_module
  robot_geom=gripper0_left_left_fingerpad_collision, other_geom=scene_aabb_proxy_line_6_center_machine_module
  robot_geom=gripper0_left_left_fingerpad_collision, other_geom=scene_aabb_proxy_line_6_center_machine_module
  ... 10 more contact pairs
judge_collision_detected:
robot_base_x: 12.650289
robot_base_y: 1.040187
robot_base_yaw: -3.130737
robot_geom: gripper0_left_left_fingerpad_collision
proxy_geom: scene_aabb_proxy_line_6_center_machine_module
judge_collision_detected:
robot_base_x: 12.650289
robot_base_y: 1.040187
robot_base_yaw: -3.130737
robot_geom: gripper0_left_left_fingertip_collision
proxy_geom: scene_aabb_proxy_line_6_center_machine_module
judge_collision_detected:
robot_base_x: 12.650289
robot_base_y: 1.040187
robot_base_yaw: -3.130737
robot_geom: gripper0_left_right_fingertip_collision
proxy_geom: scene_aabb_proxy_line_6_center_machine_module
collision_detected:
  robot_geom=gripper0_left_left_inner_finger_collision, other_geom=scene_aabb_proxy_line_6_center_machine_module
  robot_geom=gripper0_left_left_fingertip_collision, other_geom=scene_aabb_proxy_line_6_center_machine_module
  robot_geom=gripper0_left_left_fingertip_collision, other_geom=scene_aabb_proxy_line_6_center_machine_module
  robot_geom=gripper0_left_left_fingertip_collision, other_geom=scene_aabb_proxy_line_6_center_machine_module
  robot_geom=gripper0_left_left_fingertip_collision, other_geom=scene_aabb_proxy_line_6_center_machine_module
  robot_geom=gripper0_left_left_fingerpad_collision, other_geom=scene_aabb_proxy_line_6_center_machine_module
  robot_geom=gripper0_left_left_fingerpad_collision, other_geom=scene_aabb_proxy_line_6_center_machine_module
  robot_geom=gripper0_left_left_fingerpad_collision, other_geom=scene_aabb_proxy_line_6_center_machine_module
  ... 10 more contact pairs
judge_collision_detected:
robot_base_x: 12.650301
robot_base_y: 1.017689
robot_base_yaw: -3.130614
robot_geom: gripper0_left_left_fingerpad_collision
proxy_geom: scene_aabb_proxy_line_6_center_machine_module
judge_collision_detected:
robot_base_x: 12.650301
robot_base_y: 1.017689
robot_base_yaw: -3.130614
robot_geom: gripper0_left_left_fingertip_collision
proxy_geom: scene_aabb_proxy_line_6_center_machine_module
judge_collision_detected:
robot_base_x: 12.650301
robot_base_y: 1.017689
robot_base_yaw: -3.130614
robot_geom: gripper0_left_right_fingertip_collision
proxy_geom: scene_aabb_proxy_line_6_center_machine_module
collision_detected:
  robot_geom=gripper0_left_left_inner_finger_collision, other_geom=scene_aabb_proxy_line_6_center_machine_module
  robot_geom=gripper0_left_left_fingertip_collision, other_geom=scene_aabb_proxy_line_6_center_machine_module
  robot_geom=gripper0_left_left_fingertip_collision, other_geom=scene_aabb_proxy_line_6_center_machine_module
  robot_geom=gripper0_left_left_fingertip_collision, other_geom=scene_aabb_proxy_line_6_center_machine_module
  robot_geom=gripper0_left_left_fingertip_collision, other_geom=scene_aabb_proxy_line_6_center_machine_module
  robot_geom=gripper0_left_left_fingerpad_collision, other_geom=scene_aabb_proxy_line_6_center_machine_module
  robot_geom=gripper0_left_left_fingerpad_collision, other_geom=scene_aabb_proxy_line_6_center_machine_module
  robot_geom=gripper0_left_left_fingerpad_collision, other_geom=scene_aabb_proxy_line_6_center_machine_module
  ... 10 more contact pairs
judge_collision_detected:
robot_base_x: 12.650309
robot_base_y: 0.995191
robot_base_yaw: -3.130491
robot_geom: gripper0_left_left_fingerpad_collision
proxy_geom: scene_aabb_proxy_line_6_center_machine_module
judge_collision_detected:
robot_base_x: 12.650309
robot_base_y: 0.995191
robot_base_yaw: -3.130491
robot_geom: gripper0_left_left_fingertip_collision
proxy_geom: scene_aabb_proxy_line_6_center_machine_module
judge_collision_detected:
robot_base_x: 12.650309
robot_base_y: 0.995191
robot_base_yaw: -3.130491
robot_geom: gripper0_left_right_fingertip_collision
proxy_geom: scene_aabb_proxy_line_6_center_machine_module
collision_detected:
  robot_geom=gripper0_left_left_inner_finger_collision, other_geom=scene_aabb_proxy_line_6_center_machine_module
  robot_geom=gripper0_left_left_fingertip_collision, other_geom=scene_aabb_proxy_line_6_center_machine_module
  robot_geom=gripper0_left_left_fingertip_collision, other_geom=scene_aabb_proxy_line_6_center_machine_module
  robot_geom=gripper0_left_left_fingertip_collision, other_geom=scene_aabb_proxy_line_6_center_machine_module
  robot_geom=gripper0_left_left_fingertip_collision, other_geom=scene_aabb_proxy_line_6_center_machine_module
  robot_geom=gripper0_left_left_fingerpad_collision, other_geom=scene_aabb_proxy_line_6_center_machine_module
  robot_geom=gripper0_left_left_fingerpad_collision, other_geom=scene_aabb_proxy_line_6_center_machine_module
  robot_geom=gripper0_left_left_fingerpad_collision, other_geom=scene_aabb_proxy_line_6_center_machine_module
  ... 10 more contact pairs
judge_collision_detected:
robot_base_x: 12.650312
robot_base_y: 0.972693
robot_base_yaw: -3.130368
robot_geom: gripper0_left_left_fingerpad_collision
proxy_geom: scene_aabb_proxy_line_6_center_machine_module
judge_collision_detected:
robot_base_x: 12.650312
robot_base_y: 0.972693
robot_base_yaw: -3.130368
robot_geom: gripper0_left_left_fingertip_collision
proxy_geom: scene_aabb_proxy_line_6_center_machine_module
judge_collision_detected:
robot_base_x: 12.650312
robot_base_y: 0.972693
robot_base_yaw: -3.130368
robot_geom: gripper0_left_right_fingertip_collision
proxy_geom: scene_aabb_proxy_line_6_center_machine_module
collision_detected:
  robot_geom=gripper0_left_left_inner_finger_collision, other_geom=scene_aabb_proxy_line_6_center_machine_module
  robot_geom=gripper0_left_left_fingertip_collision, other_geom=scene_aabb_proxy_line_6_center_machine_module
  robot_geom=gripper0_left_left_fingertip_collision, other_geom=scene_aabb_proxy_line_6_center_machine_module
  robot_geom=gripper0_left_left_fingertip_collision, other_geom=scene_aabb_proxy_line_6_center_machine_module
  robot_geom=gripper0_left_left_fingertip_collision, other_geom=scene_aabb_proxy_line_6_center_machine_module
  robot_geom=gripper0_left_left_fingerpad_collision, other_geom=scene_aabb_proxy_line_6_center_machine_module
  robot_geom=gripper0_left_left_fingerpad_collision, other_geom=scene_aabb_proxy_line_6_center_machine_module
  robot_geom=gripper0_left_left_fingerpad_collision, other_geom=scene_aabb_proxy_line_6_center_machine_module
  ... 10 more contact pairs
judge_collision_detected:
robot_base_x: 12.650310
robot_base_y: 0.950195
robot_base_yaw: -3.130244
robot_geom: gripper0_left_left_fingerpad_collision
proxy_geom: scene_aabb_proxy_line_6_center_machine_module
judge_collision_detected:
robot_base_x: 12.650310
robot_base_y: 0.950195
robot_base_yaw: -3.130244
robot_geom: gripper0_left_left_fingertip_collision
proxy_geom: scene_aabb_proxy_line_6_center_machine_module
judge_collision_detected:
robot_base_x: 12.650310
robot_base_y: 0.950195
robot_base_yaw: -3.130244
robot_geom: gripper0_left_right_fingertip_collision
proxy_geom: scene_aabb_proxy_line_6_center_machine_module
collision_detected:
  robot_geom=gripper0_left_left_inner_finger_collision, other_geom=scene_aabb_proxy_line_6_center_machine_module
  robot_geom=gripper0_left_left_fingertip_collision, other_geom=scene_aabb_proxy_line_6_center_machine_module
  robot_geom=gripper0_left_left_fingertip_collision, other_geom=scene_aabb_proxy_line_6_center_machine_module
  robot_geom=gripper0_left_left_fingertip_collision, other_geom=scene_aabb_proxy_line_6_center_machine_module
  robot_geom=gripper0_left_left_fingertip_collision, other_geom=scene_aabb_proxy_line_6_center_machine_module
  robot_geom=gripper0_left_left_fingerpad_collision, other_geom=scene_aabb_proxy_line_6_center_machine_module
  robot_geom=gripper0_left_left_fingerpad_collision, other_geom=scene_aabb_proxy_line_6_center_machine_module
  robot_geom=gripper0_left_left_fingerpad_collision, other_geom=scene_aabb_proxy_line_6_center_machine_module
  ... 10 more contact pairs
judge_collision_detected:
robot_base_x: 12.650303
robot_base_y: 0.927698
robot_base_yaw: -3.130121
robot_geom: gripper0_left_left_fingerpad_collision
proxy_geom: scene_aabb_proxy_line_6_center_machine_module
judge_collision_detected:
robot_base_x: 12.650303
robot_base_y: 0.927698
robot_base_yaw: -3.130121
robot_geom: gripper0_left_left_fingertip_collision
proxy_geom: scene_aabb_proxy_line_6_center_machine_module
judge_collision_detected:
robot_base_x: 12.650303
robot_base_y: 0.927698
robot_base_yaw: -3.130121
robot_geom: gripper0_left_right_fingertip_collision
proxy_geom: scene_aabb_proxy_line_6_center_machine_module
collision_detected:
  robot_geom=gripper0_left_left_inner_finger_collision, other_geom=scene_aabb_proxy_line_6_center_machine_module
  robot_geom=gripper0_left_left_fingertip_collision, other_geom=scene_aabb_proxy_line_6_center_machine_module
  robot_geom=gripper0_left_left_fingertip_collision, other_geom=scene_aabb_proxy_line_6_center_machine_module
  robot_geom=gripper0_left_left_fingertip_collision, other_geom=scene_aabb_proxy_line_6_center_machine_module
  robot_geom=gripper0_left_left_fingertip_collision, other_geom=scene_aabb_proxy_line_6_center_machine_module
  robot_geom=gripper0_left_left_fingerpad_collision, other_geom=scene_aabb_proxy_line_6_center_machine_module
  robot_geom=gripper0_left_left_fingerpad_collision, other_geom=scene_aabb_proxy_line_6_center_machine_module
  robot_geom=gripper0_left_left_fingerpad_collision, other_geom=scene_aabb_proxy_line_6_center_machine_module
  ... 10 more contact pairs
judge_collision_detected:
robot_base_x: 12.650289
robot_base_y: 0.905200
robot_base_yaw: -3.129997
robot_geom: gripper0_left_left_fingerpad_collision
proxy_geom: scene_aabb_proxy_line_6_center_machine_module
judge_collision_detected:
robot_base_x: 12.650289
robot_base_y: 0.905200
robot_base_yaw: -3.129997
robot_geom: gripper0_left_left_fingertip_collision
proxy_geom: scene_aabb_proxy_line_6_center_machine_module
judge_collision_detected:
robot_base_x: 12.650289
robot_base_y: 0.905200
robot_base_yaw: -3.129997
robot_geom: gripper0_left_right_fingertip_collision
proxy_geom: scene_aabb_proxy_line_6_center_machine_module
collision_detected:
  robot_geom=gripper0_left_left_inner_finger_collision, other_geom=scene_aabb_proxy_line_6_center_machine_module
  robot_geom=gripper0_left_left_fingertip_collision, other_geom=scene_aabb_proxy_line_6_center_machine_module
  robot_geom=gripper0_left_left_fingertip_collision, other_geom=scene_aabb_proxy_line_6_center_machine_module
  robot_geom=gripper0_left_left_fingertip_collision, other_geom=scene_aabb_proxy_line_6_center_machine_module
  robot_geom=gripper0_left_left_fingertip_collision, other_geom=scene_aabb_proxy_line_6_center_machine_module
  robot_geom=gripper0_left_left_fingerpad_collision, other_geom=scene_aabb_proxy_line_6_center_machine_module
  robot_geom=gripper0_left_left_fingerpad_collision, other_geom=scene_aabb_proxy_line_6_center_machine_module
  robot_geom=gripper0_left_left_fingerpad_collision, other_geom=scene_aabb_proxy_line_6_center_machine_module
  ... 10 more contact pairs
judge_collision_detected:
robot_base_x: 12.650266
robot_base_y: 0.882702
robot_base_yaw: -3.129873
robot_geom: gripper0_left_left_fingerpad_collision
proxy_geom: scene_aabb_proxy_line_6_center_machine_module
judge_collision_detected:
robot_base_x: 12.650266
robot_base_y: 0.882702
robot_base_yaw: -3.129873
robot_geom: gripper0_left_left_fingertip_collision
proxy_geom: scene_aabb_proxy_line_6_center_machine_module
judge_collision_detected:
robot_base_x: 12.650266
robot_base_y: 0.882702
robot_base_yaw: -3.129873
robot_geom: gripper0_left_right_fingertip_collision
proxy_geom: scene_aabb_proxy_line_6_center_machine_module
collision_detected:
  robot_geom=gripper0_left_left_inner_finger_collision, other_geom=scene_aabb_proxy_line_6_center_machine_module
  robot_geom=gripper0_left_left_fingertip_collision, other_geom=scene_aabb_proxy_line_6_center_machine_module
  robot_geom=gripper0_left_left_fingertip_collision, other_geom=scene_aabb_proxy_line_6_center_machine_module
  robot_geom=gripper0_left_left_fingertip_collision, other_geom=scene_aabb_proxy_line_6_center_machine_module
  robot_geom=gripper0_left_left_fingertip_collision, other_geom=scene_aabb_proxy_line_6_center_machine_module
  robot_geom=gripper0_left_left_fingerpad_collision, other_geom=scene_aabb_proxy_line_6_center_machine_module
  robot_geom=gripper0_left_left_fingerpad_collision, other_geom=scene_aabb_proxy_line_6_center_machine_module
  robot_geom=gripper0_left_left_fingerpad_collision, other_geom=scene_aabb_proxy_line_6_center_machine_module
  ... 10 more contact pairs
judge_collision_detected:
robot_base_x: 12.650232
robot_base_y: 0.860204
robot_base_yaw: -3.129749
robot_geom: gripper0_left_left_fingerpad_collision
proxy_geom: scene_aabb_proxy_line_6_center_machine_module
judge_collision_detected:
robot_base_x: 12.650232
robot_base_y: 0.860204
robot_base_yaw: -3.129749
robot_geom: gripper0_left_left_fingertip_collision
proxy_geom: scene_aabb_proxy_line_6_center_machine_module
judge_collision_detected:
robot_base_x: 12.650232
robot_base_y: 0.860204
robot_base_yaw: -3.129749
robot_geom: gripper0_left_right_fingertip_collision
proxy_geom: scene_aabb_proxy_line_6_center_machine_module
collision_detected:
  robot_geom=gripper0_left_left_inner_finger_collision, other_geom=scene_aabb_proxy_line_6_center_machine_module
  robot_geom=gripper0_left_left_fingertip_collision, other_geom=scene_aabb_proxy_line_6_center_machine_module
  robot_geom=gripper0_left_left_fingertip_collision, other_geom=scene_aabb_proxy_line_6_center_machine_module
  robot_geom=gripper0_left_left_fingertip_collision, other_geom=scene_aabb_proxy_line_6_center_machine_module
  robot_geom=gripper0_left_left_fingertip_collision, other_geom=scene_aabb_proxy_line_6_center_machine_module
  robot_geom=gripper0_left_left_fingerpad_collision, other_geom=scene_aabb_proxy_line_6_center_machine_module
  robot_geom=gripper0_left_left_fingerpad_collision, other_geom=scene_aabb_proxy_line_6_center_machine_module
  robot_geom=gripper0_left_left_fingerpad_collision, other_geom=scene_aabb_proxy_line_6_center_machine_module
  ... 10 more contact pairs
judge_collision_detected:
robot_base_x: 12.650184
robot_base_y: 0.837706
robot_base_yaw: -3.129623
robot_geom: gripper0_left_left_fingerpad_collision
proxy_geom: scene_aabb_proxy_line_6_center_machine_module
judge_collision_detected:
robot_base_x: 12.650184
robot_base_y: 0.837706
robot_base_yaw: -3.129623
robot_geom: gripper0_left_left_fingertip_collision
proxy_geom: scene_aabb_proxy_line_6_center_machine_module
judge_collision_detected:
robot_base_x: 12.650184
robot_base_y: 0.837706
robot_base_yaw: -3.129623
robot_geom: gripper0_left_right_fingertip_collision
proxy_geom: scene_aabb_proxy_line_6_center_machine_module
collision_detected:
  robot_geom=gripper0_left_left_inner_finger_collision, other_geom=scene_aabb_proxy_line_6_center_machine_module
  robot_geom=gripper0_left_left_fingertip_collision, other_geom=scene_aabb_proxy_line_6_center_machine_module
  robot_geom=gripper0_left_left_fingertip_collision, other_geom=scene_aabb_proxy_line_6_center_machine_module
  robot_geom=gripper0_left_left_fingertip_collision, other_geom=scene_aabb_proxy_line_6_center_machine_module
  robot_geom=gripper0_left_left_fingertip_collision, other_geom=scene_aabb_proxy_line_6_center_machine_module
  robot_geom=gripper0_left_left_fingerpad_collision, other_geom=scene_aabb_proxy_line_6_center_machine_module
  robot_geom=gripper0_left_left_fingerpad_collision, other_geom=scene_aabb_proxy_line_6_center_machine_module
  robot_geom=gripper0_left_left_fingerpad_collision, other_geom=scene_aabb_proxy_line_6_center_machine_module
  ... 10 more contact pairs
judge_collision_detected:
robot_base_x: 12.650113
robot_base_y: 0.815209
robot_base_yaw: -3.129497
robot_geom: gripper0_left_left_fingerpad_collision
proxy_geom: scene_aabb_proxy_line_6_center_machine_module
judge_collision_detected:
robot_base_x: 12.650113
robot_base_y: 0.815209
robot_base_yaw: -3.129497
robot_geom: gripper0_left_left_fingertip_collision
proxy_geom: scene_aabb_proxy_line_6_center_machine_module
judge_collision_detected:
robot_base_x: 12.650113
robot_base_y: 0.815209
robot_base_yaw: -3.129497
robot_geom: gripper0_left_right_fingertip_collision
proxy_geom: scene_aabb_proxy_line_6_center_machine_module
collision_detected:
  robot_geom=gripper0_left_left_inner_finger_collision, other_geom=scene_aabb_proxy_line_6_center_machine_module
  robot_geom=gripper0_left_left_fingertip_collision, other_geom=scene_aabb_proxy_line_6_center_machine_module
  robot_geom=gripper0_left_left_fingertip_collision, other_geom=scene_aabb_proxy_line_6_center_machine_module
  robot_geom=gripper0_left_left_fingertip_collision, other_geom=scene_aabb_proxy_line_6_center_machine_module
  robot_geom=gripper0_left_left_fingertip_collision, other_geom=scene_aabb_proxy_line_6_center_machine_module
  robot_geom=gripper0_left_left_fingerpad_collision, other_geom=scene_aabb_proxy_line_6_center_machine_module
  robot_geom=gripper0_left_left_fingerpad_collision, other_geom=scene_aabb_proxy_line_6_center_machine_module
  robot_geom=gripper0_left_left_fingerpad_collision, other_geom=scene_aabb_proxy_line_6_center_machine_module
  ... 10 more contact pairs
judge_collision_detected:
robot_base_x: 12.650146
robot_base_y: 0.792711
robot_base_yaw: -3.129374
robot_geom: gripper0_left_left_fingerpad_collision
proxy_geom: scene_aabb_proxy_line_6_center_machine_module
judge_collision_detected:
robot_base_x: 12.650146
robot_base_y: 0.792711
robot_base_yaw: -3.129374
robot_geom: gripper0_left_left_fingertip_collision
proxy_geom: scene_aabb_proxy_line_6_center_machine_module
judge_collision_detected:
robot_base_x: 12.650146
robot_base_y: 0.792711
robot_base_yaw: -3.129374
robot_geom: gripper0_left_right_fingertip_collision
proxy_geom: scene_aabb_proxy_line_6_center_machine_module
collision_detected:
  robot_geom=gripper0_left_left_inner_finger_collision, other_geom=scene_aabb_proxy_line_6_center_machine_module
  robot_geom=gripper0_left_left_fingertip_collision, other_geom=scene_aabb_proxy_line_6_center_machine_module
  robot_geom=gripper0_left_left_fingertip_collision, other_geom=scene_aabb_proxy_line_6_center_machine_module
  robot_geom=gripper0_left_left_fingertip_collision, other_geom=scene_aabb_proxy_line_6_center_machine_module
  robot_geom=gripper0_left_left_fingertip_collision, other_geom=scene_aabb_proxy_line_6_center_machine_module
  robot_geom=gripper0_left_left_fingerpad_collision, other_geom=scene_aabb_proxy_line_6_center_machine_module
  robot_geom=gripper0_left_left_fingerpad_collision, other_geom=scene_aabb_proxy_line_6_center_machine_module
  robot_geom=gripper0_left_left_fingerpad_collision, other_geom=scene_aabb_proxy_line_6_center_machine_module
  ... 10 more contact pairs
judge_collision_detected:
robot_base_x: 12.650177
robot_base_y: 0.770213
robot_base_yaw: -3.129251
robot_geom: gripper0_left_left_fingerpad_collision
proxy_geom: scene_aabb_proxy_line_6_center_machine_module
judge_collision_detected:
robot_base_x: 12.650177
robot_base_y: 0.770213
robot_base_yaw: -3.129251
robot_geom: gripper0_left_left_fingertip_collision
proxy_geom: scene_aabb_proxy_line_6_center_machine_module
judge_collision_detected:
robot_base_x: 12.650177
robot_base_y: 0.770213
robot_base_yaw: -3.129251
robot_geom: gripper0_left_right_fingertip_collision
proxy_geom: scene_aabb_proxy_line_6_center_machine_module
collision_detected:
  robot_geom=gripper0_left_left_inner_finger_collision, other_geom=scene_aabb_proxy_line_6_center_machine_module
  robot_geom=gripper0_left_left_fingertip_collision, other_geom=scene_aabb_proxy_line_6_center_machine_module
  robot_geom=gripper0_left_left_fingertip_collision, other_geom=scene_aabb_proxy_line_6_center_machine_module
  robot_geom=gripper0_left_left_fingertip_collision, other_geom=scene_aabb_proxy_line_6_center_machine_module
  robot_geom=gripper0_left_left_fingertip_collision, other_geom=scene_aabb_proxy_line_6_center_machine_module
  robot_geom=gripper0_left_left_fingerpad_collision, other_geom=scene_aabb_proxy_line_6_center_machine_module
  robot_geom=gripper0_left_left_fingerpad_collision, other_geom=scene_aabb_proxy_line_6_center_machine_module
  robot_geom=gripper0_left_left_fingerpad_collision, other_geom=scene_aabb_proxy_line_6_center_machine_module
  ... 10 more contact pairs
judge_collision_detected:
robot_base_x: 12.650205
robot_base_y: 0.747715
robot_base_yaw: -3.129129
robot_geom: gripper0_left_left_fingerpad_collision
proxy_geom: scene_aabb_proxy_line_6_center_machine_module
judge_collision_detected:
robot_base_x: 12.650205
robot_base_y: 0.747715
robot_base_yaw: -3.129129
robot_geom: gripper0_left_left_fingertip_collision
proxy_geom: scene_aabb_proxy_line_6_center_machine_module
judge_collision_detected:
robot_base_x: 12.650205
robot_base_y: 0.747715
robot_base_yaw: -3.129129
robot_geom: gripper0_left_right_fingertip_collision
proxy_geom: scene_aabb_proxy_line_6_center_machine_module
collision_detected:
  robot_geom=gripper0_left_left_inner_finger_collision, other_geom=scene_aabb_proxy_line_6_center_machine_module
  robot_geom=gripper0_left_left_fingertip_collision, other_geom=scene_aabb_proxy_line_6_center_machine_module
  robot_geom=gripper0_left_left_fingertip_collision, other_geom=scene_aabb_proxy_line_6_center_machine_module
  robot_geom=gripper0_left_left_fingertip_collision, other_geom=scene_aabb_proxy_line_6_center_machine_module
  robot_geom=gripper0_left_left_fingertip_collision, other_geom=scene_aabb_proxy_line_6_center_machine_module
  robot_geom=gripper0_left_left_fingerpad_collision, other_geom=scene_aabb_proxy_line_6_center_machine_module
  robot_geom=gripper0_left_left_fingerpad_collision, other_geom=scene_aabb_proxy_line_6_center_machine_module
  robot_geom=gripper0_left_left_fingerpad_collision, other_geom=scene_aabb_proxy_line_6_center_machine_module
  ... 10 more contact pairs
judge_collision_detected:
robot_base_x: 12.650231
robot_base_y: 0.725217
robot_base_yaw: -3.129007
robot_geom: gripper0_left_left_fingerpad_collision
proxy_geom: scene_aabb_proxy_line_6_center_machine_module
judge_collision_detected:
robot_base_x: 12.650231
robot_base_y: 0.725217
robot_base_yaw: -3.129007
robot_geom: gripper0_left_left_fingertip_collision
proxy_geom: scene_aabb_proxy_line_6_center_machine_module
judge_collision_detected:
robot_base_x: 12.650231
robot_base_y: 0.725217
robot_base_yaw: -3.129007
robot_geom: gripper0_left_right_fingertip_collision
proxy_geom: scene_aabb_proxy_line_6_center_machine_module
collision_detected:
  robot_geom=gripper0_left_left_inner_finger_collision, other_geom=scene_aabb_proxy_line_6_center_machine_module
  robot_geom=gripper0_left_left_fingertip_collision, other_geom=scene_aabb_proxy_line_6_center_machine_module
  robot_geom=gripper0_left_left_fingertip_collision, other_geom=scene_aabb_proxy_line_6_center_machine_module
  robot_geom=gripper0_left_left_fingertip_collision, other_geom=scene_aabb_proxy_line_6_center_machine_module
  robot_geom=gripper0_left_left_fingertip_collision, other_geom=scene_aabb_proxy_line_6_center_machine_module
  robot_geom=gripper0_left_left_fingerpad_collision, other_geom=scene_aabb_proxy_line_6_center_machine_module
  robot_geom=gripper0_left_left_fingerpad_collision, other_geom=scene_aabb_proxy_line_6_center_machine_module
  robot_geom=gripper0_left_left_fingerpad_collision, other_geom=scene_aabb_proxy_line_6_center_machine_module
  ... 10 more contact pairs
judge_collision_detected:
robot_base_x: 12.650254
robot_base_y: 0.702720
robot_base_yaw: -3.128884
robot_geom: gripper0_left_left_fingerpad_collision
proxy_geom: scene_aabb_proxy_line_6_center_machine_module
judge_collision_detected:
robot_base_x: 12.650254
robot_base_y: 0.702720
robot_base_yaw: -3.128884
robot_geom: gripper0_left_left_fingertip_collision
proxy_geom: scene_aabb_proxy_line_6_center_machine_module
judge_collision_detected:
robot_base_x: 12.650254
robot_base_y: 0.702720
robot_base_yaw: -3.128884
robot_geom: gripper0_left_right_fingertip_collision
proxy_geom: scene_aabb_proxy_line_6_center_machine_module
collision_detected:
  robot_geom=gripper0_left_left_inner_finger_collision, other_geom=scene_aabb_proxy_line_6_center_machine_module
  robot_geom=gripper0_left_left_fingertip_collision, other_geom=scene_aabb_proxy_line_6_center_machine_module
  robot_geom=gripper0_left_left_fingertip_collision, other_geom=scene_aabb_proxy_line_6_center_machine_module
  robot_geom=gripper0_left_left_fingertip_collision, other_geom=scene_aabb_proxy_line_6_center_machine_module
  robot_geom=gripper0_left_left_fingertip_collision, other_geom=scene_aabb_proxy_line_6_center_machine_module
  robot_geom=gripper0_left_left_fingerpad_collision, other_geom=scene_aabb_proxy_line_6_center_machine_module
  robot_geom=gripper0_left_left_fingerpad_collision, other_geom=scene_aabb_proxy_line_6_center_machine_module
  robot_geom=gripper0_left_left_fingerpad_collision, other_geom=scene_aabb_proxy_line_6_center_machine_module
  ... 10 more contact pairs
judge_collision_detected:
robot_base_x: 12.650274
robot_base_y: 0.680222
robot_base_yaw: -3.128764
robot_geom: gripper0_left_left_fingerpad_collision
proxy_geom: scene_aabb_proxy_line_6_center_machine_module
judge_collision_detected:
robot_base_x: 12.650274
robot_base_y: 0.680222
robot_base_yaw: -3.128764
robot_geom: gripper0_left_left_fingertip_collision
proxy_geom: scene_aabb_proxy_line_6_center_machine_module
judge_collision_detected:
robot_base_x: 12.650274
robot_base_y: 0.680222
robot_base_yaw: -3.128764
robot_geom: gripper0_left_right_fingertip_collision
proxy_geom: scene_aabb_proxy_line_6_center_machine_module
collision_detected:
  robot_geom=gripper0_left_left_inner_finger_collision, other_geom=scene_aabb_proxy_line_6_center_machine_module
  robot_geom=gripper0_left_left_fingertip_collision, other_geom=scene_aabb_proxy_line_6_center_machine_module
  robot_geom=gripper0_left_left_fingertip_collision, other_geom=scene_aabb_proxy_line_6_center_machine_module
  robot_geom=gripper0_left_left_fingertip_collision, other_geom=scene_aabb_proxy_line_6_center_machine_module
  robot_geom=gripper0_left_left_fingertip_collision, other_geom=scene_aabb_proxy_line_6_center_machine_module
  robot_geom=gripper0_left_left_fingerpad_collision, other_geom=scene_aabb_proxy_line_6_center_machine_module
  robot_geom=gripper0_left_left_fingerpad_collision, other_geom=scene_aabb_proxy_line_6_center_machine_module
  robot_geom=gripper0_left_left_fingerpad_collision, other_geom=scene_aabb_proxy_line_6_center_machine_module
  ... 10 more contact pairs
judge_collision_detected:
robot_base_x: 12.650290
robot_base_y: 0.657725
robot_base_yaw: -3.128645
robot_geom: gripper0_left_left_fingerpad_collision
proxy_geom: scene_aabb_proxy_line_6_center_machine_module
judge_collision_detected:
robot_base_x: 12.650290
robot_base_y: 0.657725
robot_base_yaw: -3.128645
robot_geom: gripper0_left_left_fingertip_collision
proxy_geom: scene_aabb_proxy_line_6_center_machine_module
judge_collision_detected:
robot_base_x: 12.650290
robot_base_y: 0.657725
robot_base_yaw: -3.128645
robot_geom: gripper0_left_right_fingertip_collision
proxy_geom: scene_aabb_proxy_line_6_center_machine_module
collision_detected:
  robot_geom=gripper0_left_left_inner_finger_collision, other_geom=scene_aabb_proxy_line_6_center_machine_module
  robot_geom=gripper0_left_left_fingertip_collision, other_geom=scene_aabb_proxy_line_6_center_machine_module
  robot_geom=gripper0_left_left_fingertip_collision, other_geom=scene_aabb_proxy_line_6_center_machine_module
  robot_geom=gripper0_left_left_fingertip_collision, other_geom=scene_aabb_proxy_line_6_center_machine_module
  robot_geom=gripper0_left_left_fingertip_collision, other_geom=scene_aabb_proxy_line_6_center_machine_module
  robot_geom=gripper0_left_left_fingerpad_collision, other_geom=scene_aabb_proxy_line_6_center_machine_module
  robot_geom=gripper0_left_left_fingerpad_collision, other_geom=scene_aabb_proxy_line_6_center_machine_module
  robot_geom=gripper0_left_left_fingerpad_collision, other_geom=scene_aabb_proxy_line_6_center_machine_module
  ... 10 more contact pairs
judge_collision_detected:
robot_base_x: 12.650304
robot_base_y: 0.635227
robot_base_yaw: -3.128527
robot_geom: gripper0_left_left_fingerpad_collision
proxy_geom: scene_aabb_proxy_line_6_center_machine_module
judge_collision_detected:
robot_base_x: 12.650304
robot_base_y: 0.635227
robot_base_yaw: -3.128527
robot_geom: gripper0_left_left_fingertip_collision
proxy_geom: scene_aabb_proxy_line_6_center_machine_module
judge_collision_detected:
robot_base_x: 12.650304
robot_base_y: 0.635227
robot_base_yaw: -3.128527
robot_geom: gripper0_left_right_fingertip_collision
proxy_geom: scene_aabb_proxy_line_6_center_machine_module
collision_detected:
  robot_geom=gripper0_left_left_inner_finger_collision, other_geom=scene_aabb_proxy_line_6_center_machine_module
  robot_geom=gripper0_left_left_fingertip_collision, other_geom=scene_aabb_proxy_line_6_center_machine_module
  robot_geom=gripper0_left_left_fingertip_collision, other_geom=scene_aabb_proxy_line_6_center_machine_module
  robot_geom=gripper0_left_left_fingertip_collision, other_geom=scene_aabb_proxy_line_6_center_machine_module
  robot_geom=gripper0_left_left_fingertip_collision, other_geom=scene_aabb_proxy_line_6_center_machine_module
  robot_geom=gripper0_left_left_fingerpad_collision, other_geom=scene_aabb_proxy_line_6_center_machine_module
  robot_geom=gripper0_left_left_fingerpad_collision, other_geom=scene_aabb_proxy_line_6_center_machine_module
  robot_geom=gripper0_left_left_fingerpad_collision, other_geom=scene_aabb_proxy_line_6_center_machine_module
  ... 10 more contact pairs
judge_collision_detected:
robot_base_x: 12.650313
robot_base_y: 0.612730
robot_base_yaw: -3.128408
robot_geom: gripper0_left_left_fingerpad_collision
proxy_geom: scene_aabb_proxy_line_6_center_machine_module
judge_collision_detected:
robot_base_x: 12.650313
robot_base_y: 0.612730
robot_base_yaw: -3.128408
robot_geom: gripper0_left_left_fingertip_collision
proxy_geom: scene_aabb_proxy_line_6_center_machine_module
judge_collision_detected:
robot_base_x: 12.650313
robot_base_y: 0.612730
robot_base_yaw: -3.128408
robot_geom: gripper0_left_right_fingertip_collision
proxy_geom: scene_aabb_proxy_line_6_center_machine_module
collision_detected:
  robot_geom=gripper0_left_left_inner_finger_collision, other_geom=scene_aabb_proxy_line_6_center_machine_module
  robot_geom=gripper0_left_left_fingertip_collision, other_geom=scene_aabb_proxy_line_6_center_machine_module
  robot_geom=gripper0_left_left_fingertip_collision, other_geom=scene_aabb_proxy_line_6_center_machine_module
  robot_geom=gripper0_left_left_fingertip_collision, other_geom=scene_aabb_proxy_line_6_center_machine_module
  robot_geom=gripper0_left_left_fingertip_collision, other_geom=scene_aabb_proxy_line_6_center_machine_module
  robot_geom=gripper0_left_left_fingerpad_collision, other_geom=scene_aabb_proxy_line_6_center_machine_module
  robot_geom=gripper0_left_left_fingerpad_collision, other_geom=scene_aabb_proxy_line_6_center_machine_module
  robot_geom=gripper0_left_left_fingerpad_collision, other_geom=scene_aabb_proxy_line_6_center_machine_module
  ... 10 more contact pairs
judge_collision_detected:
robot_base_x: 12.650319
robot_base_y: 0.590232
robot_base_yaw: -3.128289
robot_geom: gripper0_left_left_fingerpad_collision
proxy_geom: scene_aabb_proxy_line_6_center_machine_module
judge_collision_detected:
robot_base_x: 12.650319
robot_base_y: 0.590232
robot_base_yaw: -3.128289
robot_geom: gripper0_left_left_fingertip_collision
proxy_geom: scene_aabb_proxy_line_6_center_machine_module
judge_collision_detected:
robot_base_x: 12.650319
robot_base_y: 0.590232
robot_base_yaw: -3.128289
robot_geom: gripper0_left_right_fingertip_collision
proxy_geom: scene_aabb_proxy_line_6_center_machine_module
collision_detected:
  robot_geom=gripper0_left_left_inner_finger_collision, other_geom=scene_aabb_proxy_line_6_center_machine_module
  robot_geom=gripper0_left_left_fingertip_collision, other_geom=scene_aabb_proxy_line_6_center_machine_module
  robot_geom=gripper0_left_left_fingertip_collision, other_geom=scene_aabb_proxy_line_6_center_machine_module
  robot_geom=gripper0_left_left_fingertip_collision, other_geom=scene_aabb_proxy_line_6_center_machine_module
  robot_geom=gripper0_left_left_fingertip_collision, other_geom=scene_aabb_proxy_line_6_center_machine_module
  robot_geom=gripper0_left_left_fingerpad_collision, other_geom=scene_aabb_proxy_line_6_center_machine_module
  robot_geom=gripper0_left_left_fingerpad_collision, other_geom=scene_aabb_proxy_line_6_center_machine_module
  robot_geom=gripper0_left_left_fingerpad_collision, other_geom=scene_aabb_proxy_line_6_center_machine_module
  ... 10 more contact pairs
judge_collision_detected:
robot_base_x: 12.650320
robot_base_y: 0.567735
robot_base_yaw: -3.128170
robot_geom: gripper0_left_left_fingerpad_collision
proxy_geom: scene_aabb_proxy_line_6_center_machine_module
judge_collision_detected:
robot_base_x: 12.650320
robot_base_y: 0.567735
robot_base_yaw: -3.128170
robot_geom: gripper0_left_left_fingertip_collision
proxy_geom: scene_aabb_proxy_line_6_center_machine_module
judge_collision_detected:
robot_base_x: 12.650320
robot_base_y: 0.567735
robot_base_yaw: -3.128170
robot_geom: gripper0_left_right_fingertip_collision
proxy_geom: scene_aabb_proxy_line_6_center_machine_module
collision_detected:
  robot_geom=gripper0_left_left_inner_finger_collision, other_geom=scene_aabb_proxy_line_6_center_machine_module
  robot_geom=gripper0_left_left_fingertip_collision, other_geom=scene_aabb_proxy_line_6_center_machine_module
  robot_geom=gripper0_left_left_fingertip_collision, other_geom=scene_aabb_proxy_line_6_center_machine_module
  robot_geom=gripper0_left_left_fingertip_collision, other_geom=scene_aabb_proxy_line_6_center_machine_module
  robot_geom=gripper0_left_left_fingertip_collision, other_geom=scene_aabb_proxy_line_6_center_machine_module
  robot_geom=gripper0_left_left_fingerpad_collision, other_geom=scene_aabb_proxy_line_6_center_machine_module
  robot_geom=gripper0_left_left_fingerpad_collision, other_geom=scene_aabb_proxy_line_6_center_machine_module
  robot_geom=gripper0_left_left_fingerpad_collision, other_geom=scene_aabb_proxy_line_6_center_machine_module
  ... 10 more contact pairs
judge_collision_detected:
robot_base_x: 12.650315
robot_base_y: 0.545237
robot_base_yaw: -3.128051
robot_geom: gripper0_left_left_fingerpad_collision
proxy_geom: scene_aabb_proxy_line_6_center_machine_module
judge_collision_detected:
robot_base_x: 12.650315
robot_base_y: 0.545237
robot_base_yaw: -3.128051
robot_geom: gripper0_left_left_fingertip_collision
proxy_geom: scene_aabb_proxy_line_6_center_machine_module
judge_collision_detected:
robot_base_x: 12.650315
robot_base_y: 0.545237
robot_base_yaw: -3.128051
robot_geom: gripper0_left_right_fingertip_collision
proxy_geom: scene_aabb_proxy_line_6_center_machine_module
collision_detected:
  robot_geom=gripper0_left_left_inner_finger_collision, other_geom=scene_aabb_proxy_line_6_center_machine_module
  robot_geom=gripper0_left_left_fingertip_collision, other_geom=scene_aabb_proxy_line_6_center_machine_module
  robot_geom=gripper0_left_left_fingertip_collision, other_geom=scene_aabb_proxy_line_6_center_machine_module
  robot_geom=gripper0_left_left_fingertip_collision, other_geom=scene_aabb_proxy_line_6_center_machine_module
  robot_geom=gripper0_left_left_fingertip_collision, other_geom=scene_aabb_proxy_line_6_center_machine_module
  robot_geom=gripper0_left_left_fingerpad_collision, other_geom=scene_aabb_proxy_line_6_center_machine_module
  robot_geom=gripper0_left_left_fingerpad_collision, other_geom=scene_aabb_proxy_line_6_center_machine_module
  robot_geom=gripper0_left_left_fingerpad_collision, other_geom=scene_aabb_proxy_line_6_center_machine_module
  ... 10 more contact pairs
judge_collision_detected:
robot_base_x: 12.650305
robot_base_y: 0.522740
robot_base_yaw: -3.127932
robot_geom: gripper0_left_left_fingerpad_collision
proxy_geom: scene_aabb_proxy_line_6_center_machine_module
judge_collision_detected:
robot_base_x: 12.650305
robot_base_y: 0.522740
robot_base_yaw: -3.127932
robot_geom: gripper0_left_left_fingertip_collision
proxy_geom: scene_aabb_proxy_line_6_center_machine_module
judge_collision_detected:
robot_base_x: 12.650305
robot_base_y: 0.522740
robot_base_yaw: -3.127932
robot_geom: gripper0_left_right_fingertip_collision
proxy_geom: scene_aabb_proxy_line_6_center_machine_module
collision_detected:
  robot_geom=gripper0_left_left_inner_finger_collision, other_geom=scene_aabb_proxy_line_6_center_machine_module
  robot_geom=gripper0_left_left_fingertip_collision, other_geom=scene_aabb_proxy_line_6_center_machine_module
  robot_geom=gripper0_left_left_fingertip_collision, other_geom=scene_aabb_proxy_line_6_center_machine_module
  robot_geom=gripper0_left_left_fingertip_collision, other_geom=scene_aabb_proxy_line_6_center_machine_module
  robot_geom=gripper0_left_left_fingertip_collision, other_geom=scene_aabb_proxy_line_6_center_machine_module
  robot_geom=gripper0_left_left_fingerpad_collision, other_geom=scene_aabb_proxy_line_6_center_machine_module
  robot_geom=gripper0_left_left_fingerpad_collision, other_geom=scene_aabb_proxy_line_6_center_machine_module
  robot_geom=gripper0_left_left_fingerpad_collision, other_geom=scene_aabb_proxy_line_6_center_machine_module
  ... 10 more contact pairs
judge_collision_detected:
robot_base_x: 12.650288
robot_base_y: 0.500242
robot_base_yaw: -3.127812
robot_geom: gripper0_left_left_fingerpad_collision
proxy_geom: scene_aabb_proxy_line_6_center_machine_module
judge_collision_detected:
robot_base_x: 12.650288
robot_base_y: 0.500242
robot_base_yaw: -3.127812
robot_geom: gripper0_left_left_fingertip_collision
proxy_geom: scene_aabb_proxy_line_6_center_machine_module
judge_collision_detected:
robot_base_x: 12.650288
robot_base_y: 0.500242
robot_base_yaw: -3.127812
robot_geom: gripper0_left_right_fingertip_collision
proxy_geom: scene_aabb_proxy_line_6_center_machine_module
collision_detected:
  robot_geom=gripper0_left_left_inner_finger_collision, other_geom=scene_aabb_proxy_line_6_center_machine_module
  robot_geom=gripper0_left_left_fingertip_collision, other_geom=scene_aabb_proxy_line_6_center_machine_module
  robot_geom=gripper0_left_left_fingertip_collision, other_geom=scene_aabb_proxy_line_6_center_machine_module
  robot_geom=gripper0_left_left_fingertip_collision, other_geom=scene_aabb_proxy_line_6_center_machine_module
  robot_geom=gripper0_left_left_fingertip_collision, other_geom=scene_aabb_proxy_line_6_center_machine_module
  robot_geom=gripper0_left_left_fingerpad_collision, other_geom=scene_aabb_proxy_line_6_center_machine_module
  robot_geom=gripper0_left_left_fingerpad_collision, other_geom=scene_aabb_proxy_line_6_center_machine_module
  robot_geom=gripper0_left_left_fingerpad_collision, other_geom=scene_aabb_proxy_line_6_center_machine_module
  ... 10 more contact pairs
judge_collision_detected:
robot_base_x: 12.650262
robot_base_y: 0.477745
robot_base_yaw: -3.127692
robot_geom: gripper0_left_left_fingerpad_collision
proxy_geom: scene_aabb_proxy_line_6_center_machine_module
judge_collision_detected:
robot_base_x: 12.650262
robot_base_y: 0.477745
robot_base_yaw: -3.127692
robot_geom: gripper0_left_left_fingertip_collision
proxy_geom: scene_aabb_proxy_line_6_center_machine_module
judge_collision_detected:
robot_base_x: 12.650262
robot_base_y: 0.477745
robot_base_yaw: -3.127692
robot_geom: gripper0_left_right_fingertip_collision
proxy_geom: scene_aabb_proxy_line_6_center_machine_module
collision_detected:
  robot_geom=gripper0_left_left_inner_finger_collision, other_geom=scene_aabb_proxy_line_6_center_machine_module
  robot_geom=gripper0_left_left_fingertip_collision, other_geom=scene_aabb_proxy_line_6_center_machine_module
  robot_geom=gripper0_left_left_fingertip_collision, other_geom=scene_aabb_proxy_line_6_center_machine_module
  robot_geom=gripper0_left_left_fingertip_collision, other_geom=scene_aabb_proxy_line_6_center_machine_module
  robot_geom=gripper0_left_left_fingertip_collision, other_geom=scene_aabb_proxy_line_6_center_machine_module
  robot_geom=gripper0_left_left_fingerpad_collision, other_geom=scene_aabb_proxy_line_6_center_machine_module
  robot_geom=gripper0_left_left_fingerpad_collision, other_geom=scene_aabb_proxy_line_6_center_machine_module
  robot_geom=gripper0_left_left_fingerpad_collision, other_geom=scene_aabb_proxy_line_6_center_machine_module
  ... 10 more contact pairs
judge_collision_detected:
robot_base_x: 12.650224
robot_base_y: 0.455247
robot_base_yaw: -3.127571
robot_geom: gripper0_left_left_fingerpad_collision
proxy_geom: scene_aabb_proxy_line_6_center_machine_module
judge_collision_detected:
robot_base_x: 12.650224
robot_base_y: 0.455247
robot_base_yaw: -3.127571
robot_geom: gripper0_left_left_fingertip_collision
proxy_geom: scene_aabb_proxy_line_6_center_machine_module
judge_collision_detected:
robot_base_x: 12.650224
robot_base_y: 0.455247
robot_base_yaw: -3.127571
robot_geom: gripper0_left_right_fingertip_collision
proxy_geom: scene_aabb_proxy_line_6_center_machine_module
collision_detected:
  robot_geom=gripper0_left_left_inner_finger_collision, other_geom=scene_aabb_proxy_line_6_center_machine_module
  robot_geom=gripper0_left_left_fingertip_collision, other_geom=scene_aabb_proxy_line_6_center_machine_module
  robot_geom=gripper0_left_left_fingertip_collision, other_geom=scene_aabb_proxy_line_6_center_machine_module
  robot_geom=gripper0_left_left_fingertip_collision, other_geom=scene_aabb_proxy_line_6_center_machine_module
  robot_geom=gripper0_left_left_fingertip_collision, other_geom=scene_aabb_proxy_line_6_center_machine_module
  robot_geom=gripper0_left_left_fingerpad_collision, other_geom=scene_aabb_proxy_line_6_center_machine_module
  robot_geom=gripper0_left_left_fingerpad_collision, other_geom=scene_aabb_proxy_line_6_center_machine_module
  robot_geom=gripper0_left_left_fingerpad_collision, other_geom=scene_aabb_proxy_line_6_center_machine_module
  ... 10 more contact pairs
judge_collision_detected:
robot_base_x: 12.650171
robot_base_y: 0.432750
robot_base_yaw: -3.127450
robot_geom: gripper0_left_left_fingerpad_collision
proxy_geom: scene_aabb_proxy_line_6_center_machine_module
judge_collision_detected:
robot_base_x: 12.650171
robot_base_y: 0.432750
robot_base_yaw: -3.127450
robot_geom: gripper0_left_left_fingertip_collision
proxy_geom: scene_aabb_proxy_line_6_center_machine_module
judge_collision_detected:
robot_base_x: 12.650171
robot_base_y: 0.432750
robot_base_yaw: -3.127450
robot_geom: gripper0_left_right_fingertip_collision
proxy_geom: scene_aabb_proxy_line_6_center_machine_module
collision_detected:
  robot_geom=gripper0_left_left_inner_finger_collision, other_geom=scene_aabb_proxy_line_6_center_machine_module
  robot_geom=gripper0_left_left_fingertip_collision, other_geom=scene_aabb_proxy_line_6_center_machine_module
  robot_geom=gripper0_left_left_fingertip_collision, other_geom=scene_aabb_proxy_line_6_center_machine_module
  robot_geom=gripper0_left_left_fingertip_collision, other_geom=scene_aabb_proxy_line_6_center_machine_module
  robot_geom=gripper0_left_left_fingertip_collision, other_geom=scene_aabb_proxy_line_6_center_machine_module
  robot_geom=gripper0_left_left_fingerpad_collision, other_geom=scene_aabb_proxy_line_6_center_machine_module
  robot_geom=gripper0_left_left_fingerpad_collision, other_geom=scene_aabb_proxy_line_6_center_machine_module
  robot_geom=gripper0_left_left_fingerpad_collision, other_geom=scene_aabb_proxy_line_6_center_machine_module
  ... 10 more contact pairs
judge_collision_detected:
robot_base_x: 12.650092
robot_base_y: 0.410253
robot_base_yaw: -3.127328
robot_geom: gripper0_left_left_fingerpad_collision
proxy_geom: scene_aabb_proxy_line_6_center_machine_module
judge_collision_detected:
robot_base_x: 12.650092
robot_base_y: 0.410253
robot_base_yaw: -3.127328
robot_geom: gripper0_left_left_fingertip_collision
proxy_geom: scene_aabb_proxy_line_6_center_machine_module
judge_collision_detected:
robot_base_x: 12.650092
robot_base_y: 0.410253
robot_base_yaw: -3.127328
robot_geom: gripper0_left_right_fingertip_collision
proxy_geom: scene_aabb_proxy_line_6_center_machine_module
collision_detected:
  robot_geom=gripper0_left_left_inner_finger_collision, other_geom=scene_aabb_proxy_line_6_center_machine_module
  robot_geom=gripper0_left_left_fingertip_collision, other_geom=scene_aabb_proxy_line_6_center_machine_module
  robot_geom=gripper0_left_left_fingertip_collision, other_geom=scene_aabb_proxy_line_6_center_machine_module
  robot_geom=gripper0_left_left_fingertip_collision, other_geom=scene_aabb_proxy_line_6_center_machine_module
  robot_geom=gripper0_left_left_fingertip_collision, other_geom=scene_aabb_proxy_line_6_center_machine_module
  robot_geom=gripper0_left_left_fingerpad_collision, other_geom=scene_aabb_proxy_line_6_center_machine_module
  robot_geom=gripper0_left_left_fingerpad_collision, other_geom=scene_aabb_proxy_line_6_center_machine_module
  robot_geom=gripper0_left_left_fingerpad_collision, other_geom=scene_aabb_proxy_line_6_center_machine_module
  ... 10 more contact pairs
judge_collision_detected:
robot_base_x: 12.650125
robot_base_y: 0.387755
robot_base_yaw: -3.127210
robot_geom: gripper0_left_left_fingerpad_collision
proxy_geom: scene_aabb_proxy_line_6_center_machine_module
judge_collision_detected:
robot_base_x: 12.650125
robot_base_y: 0.387755
robot_base_yaw: -3.127210
robot_geom: gripper0_left_left_fingertip_collision
proxy_geom: scene_aabb_proxy_line_6_center_machine_module
judge_collision_detected:
robot_base_x: 12.650125
robot_base_y: 0.387755
robot_base_yaw: -3.127210
robot_geom: gripper0_left_right_fingertip_collision
proxy_geom: scene_aabb_proxy_line_6_center_machine_module
collision_detected:
  robot_geom=gripper0_left_left_inner_finger_collision, other_geom=scene_aabb_proxy_line_6_center_machine_module
  robot_geom=gripper0_left_left_fingertip_collision, other_geom=scene_aabb_proxy_line_6_center_machine_module
  robot_geom=gripper0_left_left_fingertip_collision, other_geom=scene_aabb_proxy_line_6_center_machine_module
  robot_geom=gripper0_left_left_fingertip_collision, other_geom=scene_aabb_proxy_line_6_center_machine_module
  robot_geom=gripper0_left_left_fingertip_collision, other_geom=scene_aabb_proxy_line_6_center_machine_module
  robot_geom=gripper0_left_left_fingerpad_collision, other_geom=scene_aabb_proxy_line_6_center_machine_module
  robot_geom=gripper0_left_left_fingerpad_collision, other_geom=scene_aabb_proxy_line_6_center_machine_module
  robot_geom=gripper0_left_left_fingerpad_collision, other_geom=scene_aabb_proxy_line_6_center_machine_module
  ... 10 more contact pairs
judge_collision_detected:
robot_base_x: 12.650155
robot_base_y: 0.365258
robot_base_yaw: -3.127091
robot_geom: gripper0_left_left_fingerpad_collision
proxy_geom: scene_aabb_proxy_line_6_center_machine_module
judge_collision_detected:
robot_base_x: 12.650155
robot_base_y: 0.365258
robot_base_yaw: -3.127091
robot_geom: gripper0_left_left_fingertip_collision
proxy_geom: scene_aabb_proxy_line_6_center_machine_module
judge_collision_detected:
robot_base_x: 12.650155
robot_base_y: 0.365258
robot_base_yaw: -3.127091
robot_geom: gripper0_left_right_fingertip_collision
proxy_geom: scene_aabb_proxy_line_6_center_machine_module
collision_detected:
  robot_geom=gripper0_left_left_inner_finger_collision, other_geom=scene_aabb_proxy_line_6_center_machine_module
  robot_geom=gripper0_left_left_fingertip_collision, other_geom=scene_aabb_proxy_line_6_center_machine_module
  robot_geom=gripper0_left_left_fingertip_collision, other_geom=scene_aabb_proxy_line_6_center_machine_module
  robot_geom=gripper0_left_left_fingertip_collision, other_geom=scene_aabb_proxy_line_6_center_machine_module
  robot_geom=gripper0_left_left_fingertip_collision, other_geom=scene_aabb_proxy_line_6_center_machine_module
  robot_geom=gripper0_left_left_fingerpad_collision, other_geom=scene_aabb_proxy_line_6_center_machine_module
  robot_geom=gripper0_left_left_fingerpad_collision, other_geom=scene_aabb_proxy_line_6_center_machine_module
  robot_geom=gripper0_left_left_fingerpad_collision, other_geom=scene_aabb_proxy_line_6_center_machine_module
  ... 10 more contact pairs
judge_collision_detected:
robot_base_x: 12.650182
robot_base_y: 0.342761
robot_base_yaw: -3.126973
robot_geom: gripper0_left_left_fingerpad_collision
proxy_geom: scene_aabb_proxy_line_6_center_machine_module
judge_collision_detected:
robot_base_x: 12.650182
robot_base_y: 0.342761
robot_base_yaw: -3.126973
robot_geom: gripper0_left_left_fingertip_collision
proxy_geom: scene_aabb_proxy_line_6_center_machine_module
judge_collision_detected:
robot_base_x: 12.650182
robot_base_y: 0.342761
robot_base_yaw: -3.126973
robot_geom: gripper0_left_right_fingertip_collision
proxy_geom: scene_aabb_proxy_line_6_center_machine_module
collision_detected:
  robot_geom=gripper0_left_left_inner_finger_collision, other_geom=scene_aabb_proxy_line_6_center_machine_module
  robot_geom=gripper0_left_left_fingertip_collision, other_geom=scene_aabb_proxy_line_6_center_machine_module
  robot_geom=gripper0_left_left_fingertip_collision, other_geom=scene_aabb_proxy_line_6_center_machine_module
  robot_geom=gripper0_left_left_fingertip_collision, other_geom=scene_aabb_proxy_line_6_center_machine_module
  robot_geom=gripper0_left_left_fingertip_collision, other_geom=scene_aabb_proxy_line_6_center_machine_module
  robot_geom=gripper0_left_left_fingerpad_collision, other_geom=scene_aabb_proxy_line_6_center_machine_module
  robot_geom=gripper0_left_left_fingerpad_collision, other_geom=scene_aabb_proxy_line_6_center_machine_module
  robot_geom=gripper0_left_left_fingerpad_collision, other_geom=scene_aabb_proxy_line_6_center_machine_module
  ... 10 more contact pairs
judge_collision_detected:
robot_base_x: 12.650207
robot_base_y: 0.320263
robot_base_yaw: -3.126855
robot_geom: gripper0_left_left_fingerpad_collision
proxy_geom: scene_aabb_proxy_line_6_center_machine_module
judge_collision_detected:
robot_base_x: 12.650207
robot_base_y: 0.320263
robot_base_yaw: -3.126855
robot_geom: gripper0_left_left_fingertip_collision
proxy_geom: scene_aabb_proxy_line_6_center_machine_module
judge_collision_detected:
robot_base_x: 12.650207
robot_base_y: 0.320263
robot_base_yaw: -3.126855
robot_geom: gripper0_left_right_fingertip_collision
proxy_geom: scene_aabb_proxy_line_6_center_machine_module
collision_detected:
  robot_geom=gripper0_left_left_inner_finger_collision, other_geom=scene_aabb_proxy_line_6_center_machine_module
  robot_geom=gripper0_left_left_fingertip_collision, other_geom=scene_aabb_proxy_line_6_center_machine_module
  robot_geom=gripper0_left_left_fingertip_collision, other_geom=scene_aabb_proxy_line_6_center_machine_module
  robot_geom=gripper0_left_left_fingertip_collision, other_geom=scene_aabb_proxy_line_6_center_machine_module
  robot_geom=gripper0_left_left_fingertip_collision, other_geom=scene_aabb_proxy_line_6_center_machine_module
  robot_geom=gripper0_left_left_fingerpad_collision, other_geom=scene_aabb_proxy_line_6_center_machine_module
  robot_geom=gripper0_left_left_fingerpad_collision, other_geom=scene_aabb_proxy_line_6_center_machine_module
  robot_geom=gripper0_left_left_fingerpad_collision, other_geom=scene_aabb_proxy_line_6_center_machine_module
  ... 10 more contact pairs
judge_collision_detected:
robot_base_x: 12.650228
robot_base_y: 0.297766
robot_base_yaw: -3.126737
robot_geom: gripper0_left_left_fingerpad_collision
proxy_geom: scene_aabb_proxy_line_6_center_machine_module
judge_collision_detected:
robot_base_x: 12.650228
robot_base_y: 0.297766
robot_base_yaw: -3.126737
robot_geom: gripper0_left_left_fingertip_collision
proxy_geom: scene_aabb_proxy_line_6_center_machine_module
judge_collision_detected:
robot_base_x: 12.650228
robot_base_y: 0.297766
robot_base_yaw: -3.126737
robot_geom: gripper0_left_right_fingertip_collision
proxy_geom: scene_aabb_proxy_line_6_center_machine_module
collision_detected:
  robot_geom=gripper0_left_left_inner_finger_collision, other_geom=scene_aabb_proxy_line_6_center_machine_module
  robot_geom=gripper0_left_left_fingertip_collision, other_geom=scene_aabb_proxy_line_6_center_machine_module
  robot_geom=gripper0_left_left_fingertip_collision, other_geom=scene_aabb_proxy_line_6_center_machine_module
  robot_geom=gripper0_left_left_fingertip_collision, other_geom=scene_aabb_proxy_line_6_center_machine_module
  robot_geom=gripper0_left_left_fingertip_collision, other_geom=scene_aabb_proxy_line_6_center_machine_module
  robot_geom=gripper0_left_left_fingerpad_collision, other_geom=scene_aabb_proxy_line_6_center_machine_module
  robot_geom=gripper0_left_left_fingerpad_collision, other_geom=scene_aabb_proxy_line_6_center_machine_module
  robot_geom=gripper0_left_left_fingerpad_collision, other_geom=scene_aabb_proxy_line_6_center_machine_module
  ... 10 more contact pairs
judge_collision_detected:
robot_base_x: 12.650246
robot_base_y: 0.275268
robot_base_yaw: -3.126619
robot_geom: gripper0_left_left_fingerpad_collision
proxy_geom: scene_aabb_proxy_line_6_center_machine_module
judge_collision_detected:
robot_base_x: 12.650246
robot_base_y: 0.275268
robot_base_yaw: -3.126619
robot_geom: gripper0_left_left_fingertip_collision
proxy_geom: scene_aabb_proxy_line_6_center_machine_module
judge_collision_detected:
robot_base_x: 12.650246
robot_base_y: 0.275268
robot_base_yaw: -3.126619
robot_geom: gripper0_left_right_fingertip_collision
proxy_geom: scene_aabb_proxy_line_6_center_machine_module
collision_detected:
  robot_geom=gripper0_left_left_inner_finger_collision, other_geom=scene_aabb_proxy_line_6_center_machine_module
  robot_geom=gripper0_left_left_fingertip_collision, other_geom=scene_aabb_proxy_line_6_center_machine_module
  robot_geom=gripper0_left_left_fingertip_collision, other_geom=scene_aabb_proxy_line_6_center_machine_module
  robot_geom=gripper0_left_left_fingertip_collision, other_geom=scene_aabb_proxy_line_6_center_machine_module
  robot_geom=gripper0_left_left_fingertip_collision, other_geom=scene_aabb_proxy_line_6_center_machine_module
  robot_geom=gripper0_left_left_fingerpad_collision, other_geom=scene_aabb_proxy_line_6_center_machine_module
  robot_geom=gripper0_left_left_fingerpad_collision, other_geom=scene_aabb_proxy_line_6_center_machine_module
  robot_geom=gripper0_left_left_fingerpad_collision, other_geom=scene_aabb_proxy_line_6_center_machine_module
  ... 10 more contact pairs
judge_collision_detected:
robot_base_x: 12.650260
robot_base_y: 0.252771
robot_base_yaw: -3.126501
robot_geom: gripper0_left_left_fingerpad_collision
proxy_geom: scene_aabb_proxy_line_6_center_machine_module
judge_collision_detected:
robot_base_x: 12.650260
robot_base_y: 0.252771
robot_base_yaw: -3.126501
robot_geom: gripper0_left_left_fingertip_collision
proxy_geom: scene_aabb_proxy_line_6_center_machine_module
judge_collision_detected:
robot_base_x: 12.650260
robot_base_y: 0.252771
robot_base_yaw: -3.126501
robot_geom: gripper0_left_right_fingertip_collision
proxy_geom: scene_aabb_proxy_line_6_center_machine_module
collision_detected:
  robot_geom=gripper0_left_left_inner_finger_collision, other_geom=scene_aabb_proxy_line_6_center_machine_module
  robot_geom=gripper0_left_left_fingertip_collision, other_geom=scene_aabb_proxy_line_6_center_machine_module
  robot_geom=gripper0_left_left_fingertip_collision, other_geom=scene_aabb_proxy_line_6_center_machine_module
  robot_geom=gripper0_left_left_fingertip_collision, other_geom=scene_aabb_proxy_line_6_center_machine_module
  robot_geom=gripper0_left_left_fingertip_collision, other_geom=scene_aabb_proxy_line_6_center_machine_module
  robot_geom=gripper0_left_left_fingerpad_collision, other_geom=scene_aabb_proxy_line_6_center_machine_module
  robot_geom=gripper0_left_left_fingerpad_collision, other_geom=scene_aabb_proxy_line_6_center_machine_module
  robot_geom=gripper0_left_left_fingerpad_collision, other_geom=scene_aabb_proxy_line_6_center_machine_module
  ... 10 more contact pairs
judge_collision_detected:
robot_base_x: 12.650270
robot_base_y: 0.230274
robot_base_yaw: -3.126382
robot_geom: gripper0_left_left_fingerpad_collision
proxy_geom: scene_aabb_proxy_line_6_center_machine_module
judge_collision_detected:
robot_base_x: 12.650270
robot_base_y: 0.230274
robot_base_yaw: -3.126382
robot_geom: gripper0_left_left_fingertip_collision
proxy_geom: scene_aabb_proxy_line_6_center_machine_module
judge_collision_detected:
robot_base_x: 12.650270
robot_base_y: 0.230274
robot_base_yaw: -3.126382
robot_geom: gripper0_left_right_fingertip_collision
proxy_geom: scene_aabb_proxy_line_6_center_machine_module
collision_detected:
  robot_geom=gripper0_left_left_inner_finger_collision, other_geom=scene_aabb_proxy_line_6_center_machine_module
  robot_geom=gripper0_left_left_fingertip_collision, other_geom=scene_aabb_proxy_line_6_center_machine_module
  robot_geom=gripper0_left_left_fingertip_collision, other_geom=scene_aabb_proxy_line_6_center_machine_module
  robot_geom=gripper0_left_left_fingertip_collision, other_geom=scene_aabb_proxy_line_6_center_machine_module
  robot_geom=gripper0_left_left_fingertip_collision, other_geom=scene_aabb_proxy_line_6_center_machine_module
  robot_geom=gripper0_left_left_fingerpad_collision, other_geom=scene_aabb_proxy_line_6_center_machine_module
  robot_geom=gripper0_left_left_fingerpad_collision, other_geom=scene_aabb_proxy_line_6_center_machine_module
  robot_geom=gripper0_left_left_fingerpad_collision, other_geom=scene_aabb_proxy_line_6_center_machine_module
  ... 10 more contact pairs
judge_collision_detected:
robot_base_x: 12.650274
robot_base_y: 0.207776
robot_base_yaw: -3.126264
robot_geom: gripper0_left_left_fingerpad_collision
proxy_geom: scene_aabb_proxy_line_6_center_machine_module
judge_collision_detected:
robot_base_x: 12.650274
robot_base_y: 0.207776
robot_base_yaw: -3.126264
robot_geom: gripper0_left_left_fingertip_collision
proxy_geom: scene_aabb_proxy_line_6_center_machine_module
judge_collision_detected:
robot_base_x: 12.650274
robot_base_y: 0.207776
robot_base_yaw: -3.126264
robot_geom: gripper0_left_right_fingertip_collision
proxy_geom: scene_aabb_proxy_line_6_center_machine_module
collision_detected:
  robot_geom=gripper0_left_left_inner_finger_collision, other_geom=scene_aabb_proxy_line_6_center_machine_module
  robot_geom=gripper0_left_left_fingertip_collision, other_geom=scene_aabb_proxy_line_6_center_machine_module
  robot_geom=gripper0_left_left_fingertip_collision, other_geom=scene_aabb_proxy_line_6_center_machine_module
  robot_geom=gripper0_left_left_fingertip_collision, other_geom=scene_aabb_proxy_line_6_center_machine_module
  robot_geom=gripper0_left_left_fingertip_collision, other_geom=scene_aabb_proxy_line_6_center_machine_module
  robot_geom=gripper0_left_left_fingerpad_collision, other_geom=scene_aabb_proxy_line_6_center_machine_module
  robot_geom=gripper0_left_left_fingerpad_collision, other_geom=scene_aabb_proxy_line_6_center_machine_module
  robot_geom=gripper0_left_left_fingerpad_collision, other_geom=scene_aabb_proxy_line_6_center_machine_module
  ... 10 more contact pairs
judge_collision_detected:
robot_base_x: 12.650274
robot_base_y: 0.185279
robot_base_yaw: -3.126145
robot_geom: gripper0_left_left_fingerpad_collision
proxy_geom: scene_aabb_proxy_line_6_center_machine_module
judge_collision_detected:
robot_base_x: 12.650274
robot_base_y: 0.185279
robot_base_yaw: -3.126145
robot_geom: gripper0_left_left_fingertip_collision
proxy_geom: scene_aabb_proxy_line_6_center_machine_module
judge_collision_detected:
robot_base_x: 12.650274
robot_base_y: 0.185279
robot_base_yaw: -3.126145
robot_geom: gripper0_left_right_fingertip_collision
proxy_geom: scene_aabb_proxy_line_6_center_machine_module
collision_detected:
  robot_geom=gripper0_left_left_inner_finger_collision, other_geom=scene_aabb_proxy_line_6_center_machine_module
  robot_geom=gripper0_left_left_fingertip_collision, other_geom=scene_aabb_proxy_line_6_center_machine_module
  robot_geom=gripper0_left_left_fingertip_collision, other_geom=scene_aabb_proxy_line_6_center_machine_module
  robot_geom=gripper0_left_left_fingertip_collision, other_geom=scene_aabb_proxy_line_6_center_machine_module
  robot_geom=gripper0_left_left_fingertip_collision, other_geom=scene_aabb_proxy_line_6_center_machine_module
  robot_geom=gripper0_left_left_fingerpad_collision, other_geom=scene_aabb_proxy_line_6_center_machine_module
  robot_geom=gripper0_left_left_fingerpad_collision, other_geom=scene_aabb_proxy_line_6_center_machine_module
  robot_geom=gripper0_left_left_fingerpad_collision, other_geom=scene_aabb_proxy_line_6_center_machine_module
  ... 10 more contact pairs
judge_collision_detected:
robot_base_x: 12.650267
robot_base_y: 0.162781
robot_base_yaw: -3.126026
robot_geom: gripper0_left_left_fingerpad_collision
proxy_geom: scene_aabb_proxy_line_6_center_machine_module
judge_collision_detected:
robot_base_x: 12.650267
robot_base_y: 0.162781
robot_base_yaw: -3.126026
robot_geom: gripper0_left_left_fingertip_collision
proxy_geom: scene_aabb_proxy_line_6_center_machine_module
judge_collision_detected:
robot_base_x: 12.650267
robot_base_y: 0.162781
robot_base_yaw: -3.126026
robot_geom: gripper0_left_right_fingertip_collision
proxy_geom: scene_aabb_proxy_line_6_center_machine_module
collision_detected:
  robot_geom=gripper0_left_left_inner_finger_collision, other_geom=scene_aabb_proxy_line_6_center_machine_module
  robot_geom=gripper0_left_left_fingertip_collision, other_geom=scene_aabb_proxy_line_6_center_machine_module
  robot_geom=gripper0_left_left_fingertip_collision, other_geom=scene_aabb_proxy_line_6_center_machine_module
  robot_geom=gripper0_left_left_fingertip_collision, other_geom=scene_aabb_proxy_line_6_center_machine_module
  robot_geom=gripper0_left_left_fingertip_collision, other_geom=scene_aabb_proxy_line_6_center_machine_module
  robot_geom=gripper0_left_left_fingerpad_collision, other_geom=scene_aabb_proxy_line_6_center_machine_module
  robot_geom=gripper0_left_left_fingerpad_collision, other_geom=scene_aabb_proxy_line_6_center_machine_module
  robot_geom=gripper0_left_left_fingerpad_collision, other_geom=scene_aabb_proxy_line_6_center_machine_module
  ... 10 more contact pairs
judge_collision_detected:
robot_base_x: 12.650252
robot_base_y: 0.140284
robot_base_yaw: -3.125906
robot_geom: gripper0_left_left_fingerpad_collision
proxy_geom: scene_aabb_proxy_line_6_center_machine_module
judge_collision_detected:
robot_base_x: 12.650252
robot_base_y: 0.140284
robot_base_yaw: -3.125906
robot_geom: gripper0_left_left_fingertip_collision
proxy_geom: scene_aabb_proxy_line_6_center_machine_module
judge_collision_detected:
robot_base_x: 12.650252
robot_base_y: 0.140284
robot_base_yaw: -3.125906
robot_geom: gripper0_left_right_fingertip_collision
proxy_geom: scene_aabb_proxy_line_6_center_machine_module
collision_detected:
  robot_geom=gripper0_left_left_inner_finger_collision, other_geom=scene_aabb_proxy_line_6_center_machine_module
  robot_geom=gripper0_left_left_fingertip_collision, other_geom=scene_aabb_proxy_line_6_center_machine_module
  robot_geom=gripper0_left_left_fingertip_collision, other_geom=scene_aabb_proxy_line_6_center_machine_module
  robot_geom=gripper0_left_left_fingertip_collision, other_geom=scene_aabb_proxy_line_6_center_machine_module
  robot_geom=gripper0_left_left_fingertip_collision, other_geom=scene_aabb_proxy_line_6_center_machine_module
  robot_geom=gripper0_left_left_fingerpad_collision, other_geom=scene_aabb_proxy_line_6_center_machine_module
  robot_geom=gripper0_left_left_fingerpad_collision, other_geom=scene_aabb_proxy_line_6_center_machine_module
  robot_geom=gripper0_left_left_fingerpad_collision, other_geom=scene_aabb_proxy_line_6_center_machine_module
  ... 10 more contact pairs
judge_collision_detected:
robot_base_x: 12.650227
robot_base_y: 0.117787
robot_base_yaw: -3.125787
robot_geom: gripper0_left_left_fingerpad_collision
proxy_geom: scene_aabb_proxy_line_6_center_machine_module
judge_collision_detected:
robot_base_x: 12.650227
robot_base_y: 0.117787
robot_base_yaw: -3.125787
robot_geom: gripper0_left_left_fingertip_collision
proxy_geom: scene_aabb_proxy_line_6_center_machine_module
judge_collision_detected:
robot_base_x: 12.650227
robot_base_y: 0.117787
robot_base_yaw: -3.125787
robot_geom: gripper0_left_right_fingertip_collision
proxy_geom: scene_aabb_proxy_line_6_center_machine_module
collision_detected:
  robot_geom=gripper0_left_left_inner_finger_collision, other_geom=scene_aabb_proxy_line_6_center_machine_module
  robot_geom=gripper0_left_left_fingertip_collision, other_geom=scene_aabb_proxy_line_6_center_machine_module
  robot_geom=gripper0_left_left_fingertip_collision, other_geom=scene_aabb_proxy_line_6_center_machine_module
  robot_geom=gripper0_left_left_fingertip_collision, other_geom=scene_aabb_proxy_line_6_center_machine_module
  robot_geom=gripper0_left_left_fingertip_collision, other_geom=scene_aabb_proxy_line_6_center_machine_module
  robot_geom=gripper0_left_left_fingerpad_collision, other_geom=scene_aabb_proxy_line_6_center_machine_module
  robot_geom=gripper0_left_left_fingerpad_collision, other_geom=scene_aabb_proxy_line_6_center_machine_module
  robot_geom=gripper0_left_left_fingerpad_collision, other_geom=scene_aabb_proxy_line_6_center_machine_module
  ... 10 more contact pairs
judge_collision_detected:
robot_base_x: 12.650190
robot_base_y: 0.095290
robot_base_yaw: -3.125667
robot_geom: gripper0_left_left_fingerpad_collision
proxy_geom: scene_aabb_proxy_line_6_center_machine_module
judge_collision_detected:
robot_base_x: 12.650190
robot_base_y: 0.095290
robot_base_yaw: -3.125667
robot_geom: gripper0_left_left_fingertip_collision
proxy_geom: scene_aabb_proxy_line_6_center_machine_module
judge_collision_detected:
robot_base_x: 12.650190
robot_base_y: 0.095290
robot_base_yaw: -3.125667
robot_geom: gripper0_left_right_fingertip_collision
proxy_geom: scene_aabb_proxy_line_6_center_machine_module
collision_detected:
  robot_geom=gripper0_left_left_inner_finger_collision, other_geom=scene_aabb_proxy_line_6_center_machine_module
  robot_geom=gripper0_left_left_fingertip_collision, other_geom=scene_aabb_proxy_line_6_center_machine_module
  robot_geom=gripper0_left_left_fingertip_collision, other_geom=scene_aabb_proxy_line_6_center_machine_module
  robot_geom=gripper0_left_left_fingertip_collision, other_geom=scene_aabb_proxy_line_6_center_machine_module
  robot_geom=gripper0_left_left_fingertip_collision, other_geom=scene_aabb_proxy_line_6_center_machine_module
  robot_geom=gripper0_left_left_fingerpad_collision, other_geom=scene_aabb_proxy_line_6_center_machine_module
  robot_geom=gripper0_left_left_fingerpad_collision, other_geom=scene_aabb_proxy_line_6_center_machine_module
  robot_geom=gripper0_left_left_fingerpad_collision, other_geom=scene_aabb_proxy_line_6_center_machine_module
  ... 10 more contact pairs
judge_collision_detected:
robot_base_x: 12.650134
robot_base_y: 0.072792
robot_base_yaw: -3.125546
robot_geom: gripper0_left_left_fingerpad_collision
proxy_geom: scene_aabb_proxy_line_6_center_machine_module
judge_collision_detected:
robot_base_x: 12.650134
robot_base_y: 0.072792
robot_base_yaw: -3.125546
robot_geom: gripper0_left_left_fingertip_collision
proxy_geom: scene_aabb_proxy_line_6_center_machine_module
judge_collision_detected:
robot_base_x: 12.650134
robot_base_y: 0.072792
robot_base_yaw: -3.125546
robot_geom: gripper0_left_right_fingertip_collision
proxy_geom: scene_aabb_proxy_line_6_center_machine_module
collision_detected:
  robot_geom=gripper0_left_left_inner_finger_collision, other_geom=scene_aabb_proxy_line_6_center_machine_module
  robot_geom=gripper0_left_left_fingertip_collision, other_geom=scene_aabb_proxy_line_6_center_machine_module
  robot_geom=gripper0_left_left_fingertip_collision, other_geom=scene_aabb_proxy_line_6_center_machine_module
  robot_geom=gripper0_left_left_fingertip_collision, other_geom=scene_aabb_proxy_line_6_center_machine_module
  robot_geom=gripper0_left_left_fingertip_collision, other_geom=scene_aabb_proxy_line_6_center_machine_module
  robot_geom=gripper0_left_left_fingerpad_collision, other_geom=scene_aabb_proxy_line_6_center_machine_module
  robot_geom=gripper0_left_left_fingerpad_collision, other_geom=scene_aabb_proxy_line_6_center_machine_module
  robot_geom=gripper0_left_left_fingerpad_collision, other_geom=scene_aabb_proxy_line_6_center_machine_module
  ... 10 more contact pairs
judge_collision_detected:
robot_base_x: 12.650165
robot_base_y: 0.050295
robot_base_yaw: -3.125429
robot_geom: gripper0_left_left_fingerpad_collision
proxy_geom: scene_aabb_proxy_line_6_center_machine_module
judge_collision_detected:
robot_base_x: 12.650165
robot_base_y: 0.050295
robot_base_yaw: -3.125429
robot_geom: gripper0_left_left_fingertip_collision
proxy_geom: scene_aabb_proxy_line_6_center_machine_module
judge_collision_detected:
robot_base_x: 12.650165
robot_base_y: 0.050295
robot_base_yaw: -3.125429
robot_geom: gripper0_left_right_fingertip_collision
proxy_geom: scene_aabb_proxy_line_6_center_machine_module
collision_detected:
  robot_geom=gripper0_left_left_inner_finger_collision, other_geom=scene_aabb_proxy_line_6_center_machine_module
  robot_geom=gripper0_left_left_fingertip_collision, other_geom=scene_aabb_proxy_line_6_center_machine_module
  robot_geom=gripper0_left_left_fingertip_collision, other_geom=scene_aabb_proxy_line_6_center_machine_module
  robot_geom=gripper0_left_left_fingertip_collision, other_geom=scene_aabb_proxy_line_6_center_machine_module
  robot_geom=gripper0_left_left_fingertip_collision, other_geom=scene_aabb_proxy_line_6_center_machine_module
  robot_geom=gripper0_left_left_fingerpad_collision, other_geom=scene_aabb_proxy_line_6_center_machine_module
  robot_geom=gripper0_left_left_fingerpad_collision, other_geom=scene_aabb_proxy_line_6_center_machine_module
  robot_geom=gripper0_left_left_fingerpad_collision, other_geom=scene_aabb_proxy_line_6_center_machine_module
  ... 10 more contact pairs
judge_collision_detected:
robot_base_x: 12.650194
robot_base_y: 0.027798
robot_base_yaw: -3.125311
robot_geom: gripper0_left_left_fingerpad_collision
proxy_geom: scene_aabb_proxy_line_6_center_machine_module
judge_collision_detected:
robot_base_x: 12.650194
robot_base_y: 0.027798
robot_base_yaw: -3.125311
robot_geom: gripper0_left_left_fingertip_collision
proxy_geom: scene_aabb_proxy_line_6_center_machine_module
judge_collision_detected:
robot_base_x: 12.650194
robot_base_y: 0.027798
robot_base_yaw: -3.125311
robot_geom: gripper0_left_right_fingertip_collision
proxy_geom: scene_aabb_proxy_line_6_center_machine_module
collision_detected:
  robot_geom=gripper0_left_left_inner_finger_collision, other_geom=scene_aabb_proxy_line_6_center_machine_module
  robot_geom=gripper0_left_left_fingertip_collision, other_geom=scene_aabb_proxy_line_6_center_machine_module
  robot_geom=gripper0_left_left_fingertip_collision, other_geom=scene_aabb_proxy_line_6_center_machine_module
  robot_geom=gripper0_left_left_fingertip_collision, other_geom=scene_aabb_proxy_line_6_center_machine_module
  robot_geom=gripper0_left_left_fingertip_collision, other_geom=scene_aabb_proxy_line_6_center_machine_module
  robot_geom=gripper0_left_left_fingerpad_collision, other_geom=scene_aabb_proxy_line_6_center_machine_module
  robot_geom=gripper0_left_left_fingerpad_collision, other_geom=scene_aabb_proxy_line_6_center_machine_module
  robot_geom=gripper0_left_left_fingerpad_collision, other_geom=scene_aabb_proxy_line_6_center_machine_module
  ... 10 more contact pairs
judge_collision_detected:
robot_base_x: 12.650221
robot_base_y: 0.005300
robot_base_yaw: -3.125194
robot_geom: gripper0_left_left_fingerpad_collision
proxy_geom: scene_aabb_proxy_line_6_center_machine_module
judge_collision_detected:
robot_base_x: 12.650221
robot_base_y: 0.005300
robot_base_yaw: -3.125194
robot_geom: gripper0_left_left_fingertip_collision
proxy_geom: scene_aabb_proxy_line_6_center_machine_module
judge_collision_detected:
robot_base_x: 12.650221
robot_base_y: 0.005300
robot_base_yaw: -3.125194
robot_geom: gripper0_left_right_fingertip_collision
proxy_geom: scene_aabb_proxy_line_6_center_machine_module
collision_detected:
  robot_geom=gripper0_left_left_inner_finger_collision, other_geom=scene_aabb_proxy_line_6_center_machine_module
  robot_geom=gripper0_left_left_fingertip_collision, other_geom=scene_aabb_proxy_line_6_center_machine_module
  robot_geom=gripper0_left_left_fingertip_collision, other_geom=scene_aabb_proxy_line_6_center_machine_module
  robot_geom=gripper0_left_left_fingertip_collision, other_geom=scene_aabb_proxy_line_6_center_machine_module
  robot_geom=gripper0_left_left_fingertip_collision, other_geom=scene_aabb_proxy_line_6_center_machine_module
  robot_geom=gripper0_left_left_fingerpad_collision, other_geom=scene_aabb_proxy_line_6_center_machine_module
  robot_geom=gripper0_left_left_fingerpad_collision, other_geom=scene_aabb_proxy_line_6_center_machine_module
  robot_geom=gripper0_left_left_fingerpad_collision, other_geom=scene_aabb_proxy_line_6_center_machine_module
  ... 10 more contact pairs
judge_collision_detected:
robot_base_x: 12.650245
robot_base_y: -0.017197
robot_base_yaw: -3.125076
robot_geom: gripper0_left_left_fingerpad_collision
proxy_geom: scene_aabb_proxy_line_6_center_machine_module
judge_collision_detected:
robot_base_x: 12.650245
robot_base_y: -0.017197
robot_base_yaw: -3.125076
robot_geom: gripper0_left_left_fingertip_collision
proxy_geom: scene_aabb_proxy_line_6_center_machine_module
judge_collision_detected:
robot_base_x: 12.650245
robot_base_y: -0.017197
robot_base_yaw: -3.125076
robot_geom: gripper0_left_right_fingertip_collision
proxy_geom: scene_aabb_proxy_line_6_center_machine_module
collision_detected:
  robot_geom=gripper0_left_left_inner_finger_collision, other_geom=scene_aabb_proxy_line_6_center_machine_module
  robot_geom=gripper0_left_left_fingertip_collision, other_geom=scene_aabb_proxy_line_6_center_machine_module
  robot_geom=gripper0_left_left_fingertip_collision, other_geom=scene_aabb_proxy_line_6_center_machine_module
  robot_geom=gripper0_left_left_fingertip_collision, other_geom=scene_aabb_proxy_line_6_center_machine_module
  robot_geom=gripper0_left_left_fingertip_collision, other_geom=scene_aabb_proxy_line_6_center_machine_module
  robot_geom=gripper0_left_left_fingerpad_collision, other_geom=scene_aabb_proxy_line_6_center_machine_module
  robot_geom=gripper0_left_left_fingerpad_collision, other_geom=scene_aabb_proxy_line_6_center_machine_module
  robot_geom=gripper0_left_left_fingerpad_collision, other_geom=scene_aabb_proxy_line_6_center_machine_module
  ... 10 more contact pairs
judge_collision_detected:
robot_base_x: 12.650267
robot_base_y: -0.039694
robot_base_yaw: -3.124959
robot_geom: gripper0_left_left_fingerpad_collision
proxy_geom: scene_aabb_proxy_line_6_center_machine_module
judge_collision_detected:
robot_base_x: 12.650267
robot_base_y: -0.039694
robot_base_yaw: -3.124959
robot_geom: gripper0_left_left_fingertip_collision
proxy_geom: scene_aabb_proxy_line_6_center_machine_module
judge_collision_detected:
robot_base_x: 12.650267
robot_base_y: -0.039694
robot_base_yaw: -3.124959
robot_geom: gripper0_left_right_fingertip_collision
proxy_geom: scene_aabb_proxy_line_6_center_machine_module
collision_detected:
  robot_geom=gripper0_left_left_inner_finger_collision, other_geom=scene_aabb_proxy_line_6_center_machine_module
  robot_geom=gripper0_left_left_fingertip_collision, other_geom=scene_aabb_proxy_line_6_center_machine_module
  robot_geom=gripper0_left_left_fingertip_collision, other_geom=scene_aabb_proxy_line_6_center_machine_module
  robot_geom=gripper0_left_left_fingertip_collision, other_geom=scene_aabb_proxy_line_6_center_machine_module
  robot_geom=gripper0_left_left_fingertip_collision, other_geom=scene_aabb_proxy_line_6_center_machine_module
  robot_geom=gripper0_left_left_fingerpad_collision, other_geom=scene_aabb_proxy_line_6_center_machine_module
  robot_geom=gripper0_left_left_fingerpad_collision, other_geom=scene_aabb_proxy_line_6_center_machine_module
  robot_geom=gripper0_left_left_fingerpad_collision, other_geom=scene_aabb_proxy_line_6_center_machine_module
  ... 10 more contact pairs
judge_collision_detected:
robot_base_x: 12.650286
robot_base_y: -0.062191
robot_base_yaw: -3.124842
robot_geom: gripper0_left_left_fingerpad_collision
proxy_geom: scene_aabb_proxy_line_6_center_machine_module
judge_collision_detected:
robot_base_x: 12.650286
robot_base_y: -0.062191
robot_base_yaw: -3.124842
robot_geom: gripper0_left_left_fingertip_collision
proxy_geom: scene_aabb_proxy_line_6_center_machine_module
judge_collision_detected:
robot_base_x: 12.650286
robot_base_y: -0.062191
robot_base_yaw: -3.124842
robot_geom: gripper0_left_right_fingertip_collision
proxy_geom: scene_aabb_proxy_line_6_center_machine_module
collision_detected:
  robot_geom=gripper0_left_left_inner_finger_collision, other_geom=scene_aabb_proxy_line_6_center_machine_module
  robot_geom=gripper0_left_left_fingertip_collision, other_geom=scene_aabb_proxy_line_6_center_machine_module
  robot_geom=gripper0_left_left_fingertip_collision, other_geom=scene_aabb_proxy_line_6_center_machine_module
  robot_geom=gripper0_left_left_fingertip_collision, other_geom=scene_aabb_proxy_line_6_center_machine_module
  robot_geom=gripper0_left_left_fingertip_collision, other_geom=scene_aabb_proxy_line_6_center_machine_module
  robot_geom=gripper0_left_left_fingerpad_collision, other_geom=scene_aabb_proxy_line_6_center_machine_module
  robot_geom=gripper0_left_left_fingerpad_collision, other_geom=scene_aabb_proxy_line_6_center_machine_module
  robot_geom=gripper0_left_left_fingerpad_collision, other_geom=scene_aabb_proxy_line_6_center_machine_module
  ... 10 more contact pairs
judge_collision_detected:
robot_base_x: 12.650302
robot_base_y: -0.084689
robot_base_yaw: -3.124724
robot_geom: gripper0_left_left_fingerpad_collision
proxy_geom: scene_aabb_proxy_line_6_center_machine_module
judge_collision_detected:
robot_base_x: 12.650302
robot_base_y: -0.084689
robot_base_yaw: -3.124724
robot_geom: gripper0_left_left_fingertip_collision
proxy_geom: scene_aabb_proxy_line_6_center_machine_module
judge_collision_detected:
robot_base_x: 12.650302
robot_base_y: -0.084689
robot_base_yaw: -3.124724
robot_geom: gripper0_left_right_fingertip_collision
proxy_geom: scene_aabb_proxy_line_6_center_machine_module
collision_detected:
  robot_geom=gripper0_left_left_inner_finger_collision, other_geom=scene_aabb_proxy_line_6_center_machine_module
  robot_geom=gripper0_left_left_fingertip_collision, other_geom=scene_aabb_proxy_line_6_center_machine_module
  robot_geom=gripper0_left_left_fingertip_collision, other_geom=scene_aabb_proxy_line_6_center_machine_module
  robot_geom=gripper0_left_left_fingertip_collision, other_geom=scene_aabb_proxy_line_6_center_machine_module
  robot_geom=gripper0_left_left_fingertip_collision, other_geom=scene_aabb_proxy_line_6_center_machine_module
  robot_geom=gripper0_left_left_fingerpad_collision, other_geom=scene_aabb_proxy_line_6_center_machine_module
  robot_geom=gripper0_left_left_fingerpad_collision, other_geom=scene_aabb_proxy_line_6_center_machine_module
  robot_geom=gripper0_left_left_fingerpad_collision, other_geom=scene_aabb_proxy_line_6_center_machine_module
  ... 10 more contact pairs
judge_collision_detected:
robot_base_x: 12.650315
robot_base_y: -0.107186
robot_base_yaw: -3.124607
robot_geom: gripper0_left_left_fingerpad_collision
proxy_geom: scene_aabb_proxy_line_6_center_machine_module
judge_collision_detected:
robot_base_x: 12.650315
robot_base_y: -0.107186
robot_base_yaw: -3.124607
robot_geom: gripper0_left_left_fingertip_collision
proxy_geom: scene_aabb_proxy_line_6_center_machine_module
judge_collision_detected:
robot_base_x: 12.650315
robot_base_y: -0.107186
robot_base_yaw: -3.124607
robot_geom: gripper0_left_right_fingertip_collision
proxy_geom: scene_aabb_proxy_line_6_center_machine_module
collision_detected:
  robot_geom=gripper0_left_left_inner_finger_collision, other_geom=scene_aabb_proxy_line_6_center_machine_module
  robot_geom=gripper0_left_left_fingertip_collision, other_geom=scene_aabb_proxy_line_6_center_machine_module
  robot_geom=gripper0_left_left_fingertip_collision, other_geom=scene_aabb_proxy_line_6_center_machine_module
  robot_geom=gripper0_left_left_fingertip_collision, other_geom=scene_aabb_proxy_line_6_center_machine_module
  robot_geom=gripper0_left_left_fingertip_collision, other_geom=scene_aabb_proxy_line_6_center_machine_module
  robot_geom=gripper0_left_left_fingerpad_collision, other_geom=scene_aabb_proxy_line_6_center_machine_module
  robot_geom=gripper0_left_left_fingerpad_collision, other_geom=scene_aabb_proxy_line_6_center_machine_module
  robot_geom=gripper0_left_left_fingerpad_collision, other_geom=scene_aabb_proxy_line_6_center_machine_module
  ... 10 more contact pairs
judge_collision_detected:
robot_base_x: 12.650324
robot_base_y: -0.129683
robot_base_yaw: -3.124489
robot_geom: gripper0_left_left_fingerpad_collision
proxy_geom: scene_aabb_proxy_line_6_center_machine_module
judge_collision_detected:
robot_base_x: 12.650324
robot_base_y: -0.129683
robot_base_yaw: -3.124489
robot_geom: gripper0_left_left_fingertip_collision
proxy_geom: scene_aabb_proxy_line_6_center_machine_module
judge_collision_detected:
robot_base_x: 12.650324
robot_base_y: -0.129683
robot_base_yaw: -3.124489
robot_geom: gripper0_left_right_fingertip_collision
proxy_geom: scene_aabb_proxy_line_6_center_machine_module
collision_detected:
  robot_geom=gripper0_left_left_inner_finger_collision, other_geom=scene_aabb_proxy_line_6_center_machine_module
  robot_geom=gripper0_left_left_fingertip_collision, other_geom=scene_aabb_proxy_line_6_center_machine_module
  robot_geom=gripper0_left_left_fingertip_collision, other_geom=scene_aabb_proxy_line_6_center_machine_module
  robot_geom=gripper0_left_left_fingertip_collision, other_geom=scene_aabb_proxy_line_6_center_machine_module
  robot_geom=gripper0_left_left_fingertip_collision, other_geom=scene_aabb_proxy_line_6_center_machine_module
  robot_geom=gripper0_left_left_fingerpad_collision, other_geom=scene_aabb_proxy_line_6_center_machine_module
  robot_geom=gripper0_left_left_fingerpad_collision, other_geom=scene_aabb_proxy_line_6_center_machine_module
  robot_geom=gripper0_left_left_fingerpad_collision, other_geom=scene_aabb_proxy_line_6_center_machine_module
  ... 10 more contact pairs
judge_collision_detected:
robot_base_x: 12.650329
robot_base_y: -0.152180
robot_base_yaw: -3.124371
robot_geom: gripper0_left_left_fingerpad_collision
proxy_geom: scene_aabb_proxy_line_6_center_machine_module
judge_collision_detected:
robot_base_x: 12.650329
robot_base_y: -0.152180
robot_base_yaw: -3.124371
robot_geom: gripper0_left_left_fingertip_collision
proxy_geom: scene_aabb_proxy_line_6_center_machine_module
judge_collision_detected:
robot_base_x: 12.650329
robot_base_y: -0.152180
robot_base_yaw: -3.124371
robot_geom: gripper0_left_right_fingertip_collision
proxy_geom: scene_aabb_proxy_line_6_center_machine_module
collision_detected:
  robot_geom=gripper0_left_left_inner_finger_collision, other_geom=scene_aabb_proxy_line_6_center_machine_module
  robot_geom=gripper0_left_left_fingertip_collision, other_geom=scene_aabb_proxy_line_6_center_machine_module
  robot_geom=gripper0_left_left_fingertip_collision, other_geom=scene_aabb_proxy_line_6_center_machine_module
  robot_geom=gripper0_left_left_fingertip_collision, other_geom=scene_aabb_proxy_line_6_center_machine_module
  robot_geom=gripper0_left_left_fingertip_collision, other_geom=scene_aabb_proxy_line_6_center_machine_module
  robot_geom=gripper0_left_left_fingerpad_collision, other_geom=scene_aabb_proxy_line_6_center_machine_module
  robot_geom=gripper0_left_left_fingerpad_collision, other_geom=scene_aabb_proxy_line_6_center_machine_module
  robot_geom=gripper0_left_left_fingerpad_collision, other_geom=scene_aabb_proxy_line_6_center_machine_module
  ... 10 more contact pairs
judge_collision_detected:
robot_base_x: 12.650330
robot_base_y: -0.174678
robot_base_yaw: -3.124253
robot_geom: gripper0_left_left_fingerpad_collision
proxy_geom: scene_aabb_proxy_line_6_center_machine_module
judge_collision_detected:
robot_base_x: 12.650330
robot_base_y: -0.174678
robot_base_yaw: -3.124253
robot_geom: gripper0_left_left_fingertip_collision
proxy_geom: scene_aabb_proxy_line_6_center_machine_module
judge_collision_detected:
robot_base_x: 12.650330
robot_base_y: -0.174678
robot_base_yaw: -3.124253
robot_geom: gripper0_left_right_fingertip_collision
proxy_geom: scene_aabb_proxy_line_6_center_machine_module
collision_detected:
  robot_geom=gripper0_left_left_inner_finger_collision, other_geom=scene_aabb_proxy_line_6_center_machine_module
  robot_geom=gripper0_left_left_fingertip_collision, other_geom=scene_aabb_proxy_line_6_center_machine_module
  robot_geom=gripper0_left_left_fingertip_collision, other_geom=scene_aabb_proxy_line_6_center_machine_module
  robot_geom=gripper0_left_left_fingertip_collision, other_geom=scene_aabb_proxy_line_6_center_machine_module
  robot_geom=gripper0_left_left_fingertip_collision, other_geom=scene_aabb_proxy_line_6_center_machine_module
  robot_geom=gripper0_left_left_fingerpad_collision, other_geom=scene_aabb_proxy_line_6_center_machine_module
  robot_geom=gripper0_left_left_fingerpad_collision, other_geom=scene_aabb_proxy_line_6_center_machine_module
  robot_geom=gripper0_left_left_fingerpad_collision, other_geom=scene_aabb_proxy_line_6_center_machine_module
  ... 10 more contact pairs
judge_collision_detected:
robot_base_x: 12.650325
robot_base_y: -0.197175
robot_base_yaw: -3.124135
robot_geom: gripper0_left_left_fingerpad_collision
proxy_geom: scene_aabb_proxy_line_6_center_machine_module
judge_collision_detected:
robot_base_x: 12.650325
robot_base_y: -0.197175
robot_base_yaw: -3.124135
robot_geom: gripper0_left_left_fingertip_collision
proxy_geom: scene_aabb_proxy_line_6_center_machine_module
judge_collision_detected:
robot_base_x: 12.650325
robot_base_y: -0.197175
robot_base_yaw: -3.124135
robot_geom: gripper0_left_right_fingertip_collision
proxy_geom: scene_aabb_proxy_line_6_center_machine_module
collision_detected:
  robot_geom=gripper0_left_left_inner_finger_collision, other_geom=scene_aabb_proxy_line_6_center_machine_module
  robot_geom=gripper0_left_left_fingertip_collision, other_geom=scene_aabb_proxy_line_6_center_machine_module
  robot_geom=gripper0_left_left_fingertip_collision, other_geom=scene_aabb_proxy_line_6_center_machine_module
  robot_geom=gripper0_left_left_fingertip_collision, other_geom=scene_aabb_proxy_line_6_center_machine_module
  robot_geom=gripper0_left_left_fingertip_collision, other_geom=scene_aabb_proxy_line_6_center_machine_module
  robot_geom=gripper0_left_left_fingerpad_collision, other_geom=scene_aabb_proxy_line_6_center_machine_module
  robot_geom=gripper0_left_left_fingerpad_collision, other_geom=scene_aabb_proxy_line_6_center_machine_module
  robot_geom=gripper0_left_left_fingerpad_collision, other_geom=scene_aabb_proxy_line_6_center_machine_module
  ... 10 more contact pairs
judge_collision_detected:
robot_base_x: 12.650316
robot_base_y: -0.219672
robot_base_yaw: -3.124017
robot_geom: gripper0_left_left_fingerpad_collision
proxy_geom: scene_aabb_proxy_line_6_center_machine_module
judge_collision_detected:
robot_base_x: 12.650316
robot_base_y: -0.219672
robot_base_yaw: -3.124017
robot_geom: gripper0_left_left_fingertip_collision
proxy_geom: scene_aabb_proxy_line_6_center_machine_module
judge_collision_detected:
robot_base_x: 12.650316
robot_base_y: -0.219672
robot_base_yaw: -3.124017
robot_geom: gripper0_left_right_fingertip_collision
proxy_geom: scene_aabb_proxy_line_6_center_machine_module
collision_detected:
  robot_geom=gripper0_left_left_inner_finger_collision, other_geom=scene_aabb_proxy_line_6_center_machine_module
  robot_geom=gripper0_left_left_fingertip_collision, other_geom=scene_aabb_proxy_line_6_center_machine_module
  robot_geom=gripper0_left_left_fingertip_collision, other_geom=scene_aabb_proxy_line_6_center_machine_module
  robot_geom=gripper0_left_left_fingertip_collision, other_geom=scene_aabb_proxy_line_6_center_machine_module
  robot_geom=gripper0_left_left_fingertip_collision, other_geom=scene_aabb_proxy_line_6_center_machine_module
  robot_geom=gripper0_left_left_fingerpad_collision, other_geom=scene_aabb_proxy_line_6_center_machine_module
  robot_geom=gripper0_left_left_fingerpad_collision, other_geom=scene_aabb_proxy_line_6_center_machine_module
  robot_geom=gripper0_left_left_fingerpad_collision, other_geom=scene_aabb_proxy_line_6_center_machine_module
  ... 10 more contact pairs
judge_collision_detected:
robot_base_x: 12.650299
robot_base_y: -0.242169
robot_base_yaw: -3.123899
robot_geom: gripper0_left_left_fingerpad_collision
proxy_geom: scene_aabb_proxy_line_6_center_machine_module
judge_collision_detected:
robot_base_x: 12.650299
robot_base_y: -0.242169
robot_base_yaw: -3.123899
robot_geom: gripper0_left_left_fingertip_collision
proxy_geom: scene_aabb_proxy_line_6_center_machine_module
judge_collision_detected:
robot_base_x: 12.650299
robot_base_y: -0.242169
robot_base_yaw: -3.123899
robot_geom: gripper0_left_right_fingertip_collision
proxy_geom: scene_aabb_proxy_line_6_center_machine_module
collision_detected:
  robot_geom=gripper0_left_left_inner_finger_collision, other_geom=scene_aabb_proxy_line_6_center_machine_module
  robot_geom=gripper0_left_left_fingertip_collision, other_geom=scene_aabb_proxy_line_6_center_machine_module
  robot_geom=gripper0_left_left_fingertip_collision, other_geom=scene_aabb_proxy_line_6_center_machine_module
  robot_geom=gripper0_left_left_fingertip_collision, other_geom=scene_aabb_proxy_line_6_center_machine_module
  robot_geom=gripper0_left_left_fingertip_collision, other_geom=scene_aabb_proxy_line_6_center_machine_module
  robot_geom=gripper0_left_left_fingerpad_collision, other_geom=scene_aabb_proxy_line_6_center_machine_module
  robot_geom=gripper0_left_left_fingerpad_collision, other_geom=scene_aabb_proxy_line_6_center_machine_module
  robot_geom=gripper0_left_left_fingerpad_collision, other_geom=scene_aabb_proxy_line_6_center_machine_module
  ... 10 more contact pairs
judge_collision_detected:
robot_base_x: 12.650275
robot_base_y: -0.264667
robot_base_yaw: -3.123780
robot_geom: gripper0_left_left_fingerpad_collision
proxy_geom: scene_aabb_proxy_line_6_center_machine_module
judge_collision_detected:
robot_base_x: 12.650275
robot_base_y: -0.264667
robot_base_yaw: -3.123780
robot_geom: gripper0_left_left_fingertip_collision
proxy_geom: scene_aabb_proxy_line_6_center_machine_module
judge_collision_detected:
robot_base_x: 12.650275
robot_base_y: -0.264667
robot_base_yaw: -3.123780
robot_geom: gripper0_left_right_fingertip_collision
proxy_geom: scene_aabb_proxy_line_6_center_machine_module
collision_detected:
  robot_geom=gripper0_left_left_inner_finger_collision, other_geom=scene_aabb_proxy_line_6_center_machine_module
  robot_geom=gripper0_left_left_fingertip_collision, other_geom=scene_aabb_proxy_line_6_center_machine_module
  robot_geom=gripper0_left_left_fingertip_collision, other_geom=scene_aabb_proxy_line_6_center_machine_module
  robot_geom=gripper0_left_left_fingertip_collision, other_geom=scene_aabb_proxy_line_6_center_machine_module
  robot_geom=gripper0_left_left_fingertip_collision, other_geom=scene_aabb_proxy_line_6_center_machine_module
  robot_geom=gripper0_left_left_fingerpad_collision, other_geom=scene_aabb_proxy_line_6_center_machine_module
  robot_geom=gripper0_left_left_fingerpad_collision, other_geom=scene_aabb_proxy_line_6_center_machine_module
  robot_geom=gripper0_left_left_fingerpad_collision, other_geom=scene_aabb_proxy_line_6_center_machine_module
  ... 10 more contact pairs
judge_collision_detected:
robot_base_x: 12.650240
robot_base_y: -0.287164
robot_base_yaw: -3.123662
robot_geom: gripper0_left_left_fingerpad_collision
proxy_geom: scene_aabb_proxy_line_6_center_machine_module
judge_collision_detected:
robot_base_x: 12.650240
robot_base_y: -0.287164
robot_base_yaw: -3.123662
robot_geom: gripper0_left_left_fingertip_collision
proxy_geom: scene_aabb_proxy_line_6_center_machine_module
judge_collision_detected:
robot_base_x: 12.650240
robot_base_y: -0.287164
robot_base_yaw: -3.123662
robot_geom: gripper0_left_right_fingertip_collision
proxy_geom: scene_aabb_proxy_line_6_center_machine_module
collision_detected:
  robot_geom=gripper0_left_left_inner_finger_collision, other_geom=scene_aabb_proxy_line_6_center_machine_module
  robot_geom=gripper0_left_left_fingertip_collision, other_geom=scene_aabb_proxy_line_6_center_machine_module
  robot_geom=gripper0_left_left_fingertip_collision, other_geom=scene_aabb_proxy_line_6_center_machine_module
  robot_geom=gripper0_left_left_fingertip_collision, other_geom=scene_aabb_proxy_line_6_center_machine_module
  robot_geom=gripper0_left_left_fingertip_collision, other_geom=scene_aabb_proxy_line_6_center_machine_module
  robot_geom=gripper0_left_left_fingerpad_collision, other_geom=scene_aabb_proxy_line_6_center_machine_module
  robot_geom=gripper0_left_left_fingerpad_collision, other_geom=scene_aabb_proxy_line_6_center_machine_module
  robot_geom=gripper0_left_left_fingerpad_collision, other_geom=scene_aabb_proxy_line_6_center_machine_module
  ... 10 more contact pairs
judge_collision_detected:
robot_base_x: 12.650192
robot_base_y: -0.309661
robot_base_yaw: -3.123543
robot_geom: gripper0_left_left_fingerpad_collision
proxy_geom: scene_aabb_proxy_line_6_center_machine_module
judge_collision_detected:
robot_base_x: 12.650192
robot_base_y: -0.309661
robot_base_yaw: -3.123543
robot_geom: gripper0_left_left_fingertip_collision
proxy_geom: scene_aabb_proxy_line_6_center_machine_module
judge_collision_detected:
robot_base_x: 12.650192
robot_base_y: -0.309661
robot_base_yaw: -3.123543
robot_geom: gripper0_left_right_fingertip_collision
proxy_geom: scene_aabb_proxy_line_6_center_machine_module
collision_detected:
  robot_geom=gripper0_left_left_inner_finger_collision, other_geom=scene_aabb_proxy_line_6_center_machine_module
  robot_geom=gripper0_left_left_fingertip_collision, other_geom=scene_aabb_proxy_line_6_center_machine_module
  robot_geom=gripper0_left_left_fingertip_collision, other_geom=scene_aabb_proxy_line_6_center_machine_module
  robot_geom=gripper0_left_left_fingertip_collision, other_geom=scene_aabb_proxy_line_6_center_machine_module
  robot_geom=gripper0_left_left_fingertip_collision, other_geom=scene_aabb_proxy_line_6_center_machine_module
  robot_geom=gripper0_left_left_fingerpad_collision, other_geom=scene_aabb_proxy_line_6_center_machine_module
  robot_geom=gripper0_left_left_fingerpad_collision, other_geom=scene_aabb_proxy_line_6_center_machine_module
  robot_geom=gripper0_left_left_fingerpad_collision, other_geom=scene_aabb_proxy_line_6_center_machine_module
  ... 10 more contact pairs
judge_collision_detected:
robot_base_x: 12.650113
robot_base_y: -0.332153
robot_base_yaw: -3.123497
robot_geom: gripper0_left_left_fingerpad_collision
proxy_geom: scene_aabb_proxy_line_6_center_machine_module
judge_collision_detected:
robot_base_x: 12.650113
robot_base_y: -0.332153
robot_base_yaw: -3.123497
robot_geom: gripper0_left_left_fingertip_collision
proxy_geom: scene_aabb_proxy_line_6_center_machine_module
judge_collision_detected:
robot_base_x: 12.650113
robot_base_y: -0.332153
robot_base_yaw: -3.123497
robot_geom: gripper0_left_right_fingertip_collision
proxy_geom: scene_aabb_proxy_line_6_center_machine_module
collision_detected:
  robot_geom=gripper0_left_left_inner_finger_collision, other_geom=scene_aabb_proxy_line_6_center_machine_module
  robot_geom=gripper0_left_left_fingertip_collision, other_geom=scene_aabb_proxy_line_6_center_machine_module
  robot_geom=gripper0_left_left_fingerpad_collision, other_geom=scene_aabb_proxy_line_6_center_machine_module
  robot_geom=gripper0_left_left_fingerpad_collision, other_geom=scene_aabb_proxy_line_6_center_machine_module
  robot_geom=gripper0_left_left_fingerpad_collision, other_geom=scene_aabb_proxy_line_6_center_machine_module
  robot_geom=gripper0_left_left_fingerpad_collision, other_geom=scene_aabb_proxy_line_6_center_machine_module
  robot_geom=gripper0_left_right_inner_finger_collision, other_geom=scene_aabb_proxy_line_6_center_machine_module
  robot_geom=gripper0_left_right_fingertip_collision, other_geom=scene_aabb_proxy_line_6_center_machine_module
  ... 7 more contact pairs
judge_collision_detected:
robot_base_x: 12.650132
robot_base_y: -0.354649
robot_base_yaw: -3.123451
robot_geom: gripper0_left_left_fingerpad_collision
proxy_geom: scene_aabb_proxy_line_6_center_machine_module
judge_collision_detected:
robot_base_x: 12.650132
robot_base_y: -0.354649
robot_base_yaw: -3.123451
robot_geom: gripper0_left_left_fingertip_collision
proxy_geom: scene_aabb_proxy_line_6_center_machine_module
judge_collision_detected:
robot_base_x: 12.650132
robot_base_y: -0.354649
robot_base_yaw: -3.123451
robot_geom: gripper0_left_right_fingertip_collision
proxy_geom: scene_aabb_proxy_line_6_center_machine_module
collision_detected:
  robot_geom=gripper0_left_left_inner_finger_collision, other_geom=scene_aabb_proxy_line_6_center_machine_module
  robot_geom=gripper0_left_left_fingertip_collision, other_geom=scene_aabb_proxy_line_6_center_machine_module
  robot_geom=gripper0_left_right_inner_finger_collision, other_geom=scene_aabb_proxy_line_6_center_machine_module
  robot_geom=gripper0_left_right_fingertip_collision, other_geom=scene_aabb_proxy_line_6_center_machine_module
  robot_geom=gripper0_left_right_fingertip_collision, other_geom=scene_aabb_proxy_line_6_center_machine_module
  robot_geom=gripper0_left_right_fingertip_collision, other_geom=scene_aabb_proxy_line_6_center_machine_module
  robot_geom=gripper0_left_right_fingertip_collision, other_geom=scene_aabb_proxy_line_6_center_machine_module
  robot_geom=gripper0_left_right_fingerpad_collision, other_geom=scene_aabb_proxy_line_6_center_machine_module
  ... 3 more contact pairs
judge_collision_detected:
robot_base_x: 12.650140
robot_base_y: -0.377143
robot_base_yaw: -3.123445
robot_geom: gripper0_left_left_fingerpad_collision
proxy_geom: scene_aabb_proxy_line_6_center_machine_module
judge_collision_detected:
robot_base_x: 12.650140
robot_base_y: -0.377143
robot_base_yaw: -3.123445
robot_geom: gripper0_left_left_fingertip_collision
proxy_geom: scene_aabb_proxy_line_6_center_machine_module
judge_collision_detected:
robot_base_x: 12.650140
robot_base_y: -0.377143
robot_base_yaw: -3.123445
robot_geom: gripper0_left_right_fingertip_collision
proxy_geom: scene_aabb_proxy_line_6_center_machine_module
collision_detected:
  robot_geom=gripper0_left_right_inner_finger_collision, other_geom=scene_aabb_proxy_line_6_center_machine_module
  robot_geom=gripper0_left_right_fingertip_collision, other_geom=scene_aabb_proxy_line_6_center_machine_module
  robot_geom=gripper0_left_right_fingertip_collision, other_geom=scene_aabb_proxy_line_6_center_machine_module
  robot_geom=gripper0_left_right_fingertip_collision, other_geom=scene_aabb_proxy_line_6_center_machine_module
  robot_geom=gripper0_left_right_fingertip_collision, other_geom=scene_aabb_proxy_line_6_center_machine_module
  robot_geom=gripper0_left_right_fingerpad_collision, other_geom=scene_aabb_proxy_line_6_center_machine_module
  robot_geom=gripper0_left_right_fingerpad_collision, other_geom=scene_aabb_proxy_line_6_center_machine_module
  robot_geom=gripper0_left_right_fingerpad_collision, other_geom=scene_aabb_proxy_line_6_center_machine_module
  ... 1 more contact pairs
judge_collision_detected:
robot_base_x: 12.650144
robot_base_y: -0.399635
robot_base_yaw: -3.123480
robot_geom: gripper0_left_right_fingertip_collision
proxy_geom: scene_aabb_proxy_line_6_center_machine_module
collision_detected:
  robot_geom=gripper0_left_right_inner_finger_collision, other_geom=scene_aabb_proxy_line_6_center_machine_module
  robot_geom=gripper0_left_right_fingertip_collision, other_geom=scene_aabb_proxy_line_6_center_machine_module
  robot_geom=gripper0_left_right_fingertip_collision, other_geom=scene_aabb_proxy_line_6_center_machine_module
  robot_geom=gripper0_left_right_fingertip_collision, other_geom=scene_aabb_proxy_line_6_center_machine_module
  robot_geom=gripper0_left_right_fingertip_collision, other_geom=scene_aabb_proxy_line_6_center_machine_module
  robot_geom=gripper0_left_right_fingerpad_collision, other_geom=scene_aabb_proxy_line_6_center_machine_module
  robot_geom=gripper0_left_right_fingerpad_collision, other_geom=scene_aabb_proxy_line_6_center_machine_module
  robot_geom=gripper0_left_right_fingerpad_collision, other_geom=scene_aabb_proxy_line_6_center_machine_module
  ... 1 more contact pairs
judge_collision_detected:
robot_base_x: 12.650146
robot_base_y: -0.422126
robot_base_yaw: -3.123528
robot_geom: gripper0_left_right_fingertip_collision
proxy_geom: scene_aabb_proxy_line_6_center_machine_module
collision_detected:
  robot_geom=gripper0_left_right_inner_finger_collision, other_geom=scene_aabb_proxy_line_6_center_machine_module
  robot_geom=gripper0_left_right_fingertip_collision, other_geom=scene_aabb_proxy_line_6_center_machine_module
  robot_geom=gripper0_left_right_fingertip_collision, other_geom=scene_aabb_proxy_line_6_center_machine_module
  robot_geom=gripper0_left_right_fingertip_collision, other_geom=scene_aabb_proxy_line_6_center_machine_module
  robot_geom=gripper0_left_right_fingertip_collision, other_geom=scene_aabb_proxy_line_6_center_machine_module
  robot_geom=gripper0_left_right_fingerpad_collision, other_geom=scene_aabb_proxy_line_6_center_machine_module
  robot_geom=gripper0_left_right_fingerpad_collision, other_geom=scene_aabb_proxy_line_6_center_machine_module
  robot_geom=gripper0_left_right_fingerpad_collision, other_geom=scene_aabb_proxy_line_6_center_machine_module
  ... 1 more contact pairs
judge_collision_detected:
robot_base_x: 12.650139
robot_base_y: -0.444619
robot_base_yaw: -3.123585
robot_geom: gripper0_left_right_fingertip_collision
proxy_geom: scene_aabb_proxy_line_6_center_machine_module
judge_collision_detected:
robot_base_x: 12.650139
robot_base_y: -0.444619
robot_base_yaw: -3.123585
robot_geom: gripper0_left_right_inner_finger_collision
proxy_geom: scene_aabb_proxy_line_6_center_machine_module
collision_detected:
  robot_geom=gripper0_left_right_inner_finger_collision, other_geom=scene_aabb_proxy_line_6_center_machine_module
collision_detected:
  robot_geom=gripper0_left_right_inner_finger_collision, other_geom=scene_aabb_proxy_line_6_center_machine_module
  robot_geom=gripper0_left_right_fingertip_collision, other_geom=scene_aabb_proxy_line_6_center_machine_module
  robot_geom=gripper0_left_right_fingertip_collision, other_geom=scene_aabb_proxy_line_6_center_machine_module
  robot_geom=gripper0_left_right_fingerpad_collision, other_geom=scene_aabb_proxy_line_6_center_machine_module
place_object_physics: no object held
place_down: failed target=output_4 held=None avail_out=['output_1_table', 'output_2_bin', 'output_3_conveyor', 'output_4_shelf']
Step 3 (place_down): all 1 attempts failed
Step 4 (place_down) failed: Physics place FAIL: output_4 held=None out_ports=['output_1_table', 'output_2_bin', 'output_3_conveyor', 'output_4_shelf']
Step 4 failed, fail_fast — stopping
