/mnt/workspace/JCIIOT2026/JCIIOT/robosuite/robosuite/__init__.py:49: SyntaxWarning: invalid escape sequence '\ '
  /[_]\  [~]\/    |//  |
[robosuite WARNING] No private macro file found! (macros.py:57)
[robosuite WARNING] It is recommended to use a private macro file (macros.py:58)
[robosuite WARNING] To setup, run: python /mnt/workspace/JCIIOT2026/JCIIOT/robosuite/robosuite/scripts/setup_macros.py (macros.py:59)
[robosuite WARNING] Could not import robosuite_models. Some robots may not be available. If you want to use these robots, please install robosuite_models from source (https://github.com/ARISE-Initiative/robosuite_models) or through pip install. (__init__.py:31)
[robosuite WARNING] Could not load the mink-based whole-body IK. Make sure you install related import properly (e.g. pip install mink==0.0.5), otherwise you will not be able to use the default IK controller setting for GR1 robot. (__init__.py:41)
[robosuite INFO] Loading controller configuration from: /mnt/workspace/JCIIOT2026/JCIIOT/robosuite/robosuite/controllers/config/robots/default_tiago.json (composite_controller_factory.py:121)
[robosuite INFO] Loading controller configuration from: /mnt/workspace/JCIIOT2026/JCIIOT/robosuite/robosuite/controllers/config/robots/default_tiago.json (composite_controller_factory.py:121)
[robosuite INFO] Loading controller configuration from: /mnt/workspace/JCIIOT2026/JCIIOT/robosuite/robosuite/controllers/config/robots/default_tiago.json (composite_controller_factory.py:121)
[robosuite INFO] Loading controller configuration from: /mnt/workspace/JCIIOT2026/JCIIOT/robosuite/robosuite/controllers/config/robots/default_tiago.json (composite_controller_factory.py:121)

============= Initialized Observation Utils with Obs Spec =============

using obs modality: low_dim with keys: ['robot0_right_gripper_qpos', 'robot0_left_eef_pos', 'robot0_left_eef_quat', 'robot0_left_gripper_qpos', 'robot0_right_eef_quat', 'robot0_right_eef_pos']
using obs modality: rgb with keys: []
using obs modality: depth with keys: []
using obs modality: scan with keys: []
Loaded robomimic checkpoint: /mnt/workspace/JCIIOT2026/JCIIOT/robosuite/robosuite/model_epoch_150.pth
Evaluation device: cuda:0
[BACKEND v4] grasp_object_physics called
[robosuite INFO] Loading controller configuration from: /mnt/workspace/JCIIOT2026/JCIIOT/robosuite/robosuite/controllers/config/robots/default_tiago.json (composite_controller_factory.py:121)
Evaluation factory scene: FactorySorting9_3FO3ERT2C5FP
[STANCE_FIX] obj=(-14.674,4.955) base=(-13.824,4.955) OK
[BC_INPUT] robot_base_pos=(-13.824088,4.955162,0.000000)
[BC_INPUT] robot_base_ori=[0.000000,0.000000,3.141593] (yaw=1.0000*pi)
[BC_INPUT] actual_base_pose=(-13.824088,4.955162) yaw=3.141593
[BC_INPUT] object_name=white_tote_b01_left_center
[BC_INPUT] torso_lift=0.3500
[BC_INPUT] arm_right_1=0.7426
[BC_INPUT] arm_right_3=2.1378
[BC_INPUT] arm_right_4=2.1057
[BC_INPUT] gripper_r=0.0120
[BC_INPUT] scene=FactorySorting9_3FO3ERT2C5FP
[BC_INPUT] object dark_tote_b01_lower: pos=(-4.4877,4.4961,1.2890)
[BC_INPUT] object dark_tote_b01_upper: pos=(-4.4877,5.1895,1.2890)
[BC_INPUT] object blue_container_h01_back_left: pos=(-9.9453,4.4392,1.2140)
[BC_INPUT] object blue_container_h01_back_center: pos=(-9.9453,4.9181,1.2140)
[BC_INPUT] object blue_container_h01_back_right: pos=(-9.9453,5.4052,1.2140)
[BC_INPUT] object white_tote_b01_left_front: pos=(-14.6741,4.4149,1.2890)
[BC_INPUT] object white_tote_b01_left_center: pos=(-14.6741,4.9547,1.2890)
[BC_INPUT] object white_tote_b01_left_back: pos=(-14.6741,5.5210,1.2890)
[BC_INPUT] object white_tote_b01_right_left: pos=(-6.2060,8.4731,1.2890)
[BC_INPUT] object white_tote_b01_right_right: pos=(-5.5060,8.4731,1.2890)
Target object: white_tote_b01_left_center
Robot base xy at reset: (-13.824088, 4.955162)
Tracking sites: {'right': 'white_tote_b01_left_center_right_grasp_site', 'left': 'white_tote_b01_left_center_left_grasp_site'}
Below-site grasp targets: {'right': array([ 0.165, -0.215,  0.165]), 'left': array([-0.165, -0.215,  0.165])}
wrapped_env_grasp_start_pose: x=-13.824088, y=4.955162, yaw=3.141593
Executing scripted grasp policy (deterministic OSC waypoint servo)
[SCRIPTED] site_positions (world): {'right': 'white_tote_b01_left_center_right_grasp_site', 'left': 'white_tote_b01_left_center_left_grasp_site'}
[SCRIPTED] right site world pos: [-14.509088   4.739705   1.489   ], below_target: [-14.509088   4.739705   1.454   ]
[SCRIPTED] left site world pos: [-14.839088   4.739705   1.489   ], below_target: [-14.839088   4.739705   1.454   ]
[SCRIPTED] eef starts: right=[-14.1921181    5.22390755   1.1359892 ], left=[-14.20842064   4.77025094   1.1086439 ]
[SCRIPTED] xwall-grasp: obj=(-14.674,4.955) targets: right=[-14.374088   5.074705   1.454   ], left=[-14.374088   4.834705   1.454   ]
[SCRIPTED] contact rejection disabled (approach phases)
[SCRIPTED] Phase 1: safe vertical lift (60 steps, safe_z=1.739)
[SCRIPTED] Phase 2: XY approach (120 steps)
[SCRIPTED] Phase 3: vertical descent (80 steps)
[SCRIPTED] Phase 4: settle gripper end centers (max 150 steps)
gripper end center arrival distances before grasp: {'right': 0.023529356540722964, 'left': 0.025894464129754217}
[SCRIPTED] Phase 5: grasp close (40 steps)
After scripted grasp close object collision geoms: ['white_tote_b01_left_center_tote_b01_col_bottom', 'white_tote_b01_left_center_tote_b01_col_front', 'white_tote_b01_left_center_tote_b01_col_back', 'white_tote_b01_left_center_tote_b01_col_left', 'white_tote_b01_left_center_tote_b01_col_right']
After scripted grasp close gripper end targets: {'right': [-14.3741, 5.0747, 1.454], 'left': [-14.3741, 4.8347, 1.454]}
After scripted grasp close gripper end positions: {'right': [-14.3645, 5.0717, 1.47], 'left': [-14.3638, 4.8358, 1.4725]}
After scripted grasp close gripper end deltas current-minus-target: {'right': [0.0096, -0.003, 0.016], 'left': [0.0103, 0.0011, 0.0185]}
After scripted grasp close gripper end distances: {'right': 0.018931461441734704, 'left': 0.021185265803076326}
After scripted grasp close fingerpad contact status: {'right': {'left_fingerpad': True, 'right_fingerpad': True}, 'left': {'left_fingerpad': True, 'right_fingerpad': True}}
After scripted grasp close fingerpad contact pairs: {'right': {'left_fingerpad': [('gripper0_right_left_fingerpad_collision', 'white_tote_b01_left_center_tote_b01_col_right')], 'right_fingerpad': [('gripper0_right_right_fingerpad_collision', 'white_tote_b01_left_center_tote_b01_col_right')]}, 'left': {'left_fingerpad': [('gripper0_left_left_fingerpad_collision', 'white_tote_b01_left_center_tote_b01_col_right')], 'right_fingerpad': [('gripper0_left_right_fingerpad_collision', 'white_tote_b01_left_center_tote_b01_col_right')]}}
After scripted grasp close grasp status: {'right': True, 'left': True}
[SCRIPTED] Phase 6: post-success hold (10 steps)
Holding final grasp action for 12 steps
After same-env wrapped policy execution object collision geoms: ['white_tote_b01_left_center_tote_b01_col_bottom', 'white_tote_b01_left_center_tote_b01_col_front', 'white_tote_b01_left_center_tote_b01_col_back', 'white_tote_b01_left_center_tote_b01_col_left', 'white_tote_b01_left_center_tote_b01_col_right']
After same-env wrapped policy execution gripper end targets: {'right': [-14.3741, 5.0747, 1.454], 'left': [-14.3741, 4.8347, 1.454]}
After same-env wrapped policy execution gripper end positions: {'right': [-14.3594, 5.0715, 1.4703], 'left': [-14.3588, 4.8359, 1.4728]}
After same-env wrapped policy execution gripper end deltas current-minus-target: {'right': [0.0147, -0.0032, 0.0163], 'left': [0.0153, 0.0012, 0.0188]}
After same-env wrapped policy execution gripper end distances: {'right': 0.022189137432797375, 'left': 0.024319405748545908}
After same-env wrapped policy execution fingerpad contact status: {'right': {'left_fingerpad': True, 'right_fingerpad': True}, 'left': {'left_fingerpad': True, 'right_fingerpad': True}}
After same-env wrapped policy execution fingerpad contact pairs: {'right': {'left_fingerpad': [('gripper0_right_left_fingerpad_collision', 'white_tote_b01_left_center_tote_b01_col_right')], 'right_fingerpad': [('gripper0_right_right_fingerpad_collision', 'white_tote_b01_left_center_tote_b01_col_right')]}, 'left': {'left_fingerpad': [('gripper0_left_left_fingerpad_collision', 'white_tote_b01_left_center_tote_b01_col_right')], 'right_fingerpad': [('gripper0_left_right_fingerpad_collision', 'white_tote_b01_left_center_tote_b01_col_right')]}}
After same-env wrapped policy execution grasp status: {'right': True, 'left': True}
Scripted grasp total_steps=310
Same-env wrapped grasp success: True
lift_initial_grasp_status: {'right': True, 'left': True}
lift_start: object=white_tote_b01_left_center, start_object_z=1.501825, target_object_z=1.651825, lift_height=0.150000
lift_result: success=True, final_object_z=1.611386, lifted=0.109561, target_lift=0.150000, final_grasp_status={'right': True, 'left': True}
[BACKEND] grasp and lift succeeded, proceeding with transport
transport_attachment_enabled: object=white_tote_b01_left_center, joint=white_tote_b01_left_center_joint0, relative_xy=[0.8487, -0.0014], world_z=1.413475, held_gripper_joints=12
[L5] teleported to dest (10.532, -7.267)
[L5] calling place_skill for white_tote_b01_left_center at output_6
judge_collision_detected:
robot_base_x: 10.527275
robot_base_y: -7.267336
robot_base_yaw: 3.140332
robot_geom: robot0_back_left_caster_2
proxy_geom: scene_aabb_proxy_line_6_belt
judge_collision_detected:
robot_base_x: 10.527275
robot_base_y: -7.267336
robot_base_yaw: 3.140332
robot_geom: robot0_back_left_caster_2
proxy_geom: scene_aabb_proxy_line_6_output_side_protrusion
judge_collision_detected:
robot_base_x: 10.527275
robot_base_y: -7.267336
robot_base_yaw: 3.140332
robot_geom: robot0_back_right_caster_2
proxy_geom: scene_aabb_proxy_line_6_belt
judge_collision_detected:
robot_base_x: 10.527275
robot_base_y: -7.267336
robot_base_yaw: 3.140332
robot_geom: robot0_back_right_caster_2
proxy_geom: scene_aabb_proxy_line_6_output_side_protrusion
judge_collision_detected:
robot_base_x: 10.527275
robot_base_y: -7.267336
robot_base_yaw: 3.140332
robot_geom: robot0_base_collision
proxy_geom: scene_aabb_proxy_line_6_belt
judge_collision_detected:
robot_base_x: 10.527275
robot_base_y: -7.267336
robot_base_yaw: 3.140332
robot_geom: robot0_base_collision
proxy_geom: scene_aabb_proxy_line_6_output_side_protrusion
judge_collision_detected:
robot_base_x: 10.527275
robot_base_y: -7.267336
robot_base_yaw: 3.140332
robot_geom: robot0_base_collision
proxy_geom: scene_aabb_proxy_output_6
judge_collision_detected:
robot_base_x: 10.527275
robot_base_y: -7.267336
robot_base_yaw: 3.140332
robot_geom: robot0_base_collision
proxy_geom: scene_aabb_proxy_production_line_6
judge_collision_detected:
robot_base_x: 10.527275
robot_base_y: -7.267336
robot_base_yaw: 3.140332
robot_geom: robot0_front_left_caster_2
proxy_geom: scene_aabb_proxy_line_6_output_side_protrusion
judge_collision_detected:
robot_base_x: 10.527275
robot_base_y: -7.267336
robot_base_yaw: 3.140332
robot_geom: robot0_front_right_caster_2
proxy_geom: scene_aabb_proxy_line_6_output_side_protrusion
judge_collision_detected:
robot_base_x: 10.527275
robot_base_y: -7.267336
robot_base_yaw: 3.140332
robot_geom: robot0_torso_fixed_collision_box_1
proxy_geom: scene_aabb_proxy_line_6_belt
judge_collision_detected:
robot_base_x: 10.527275
robot_base_y: -7.267336
robot_base_yaw: 3.140332
robot_geom: robot0_torso_fixed_collision_box_1
proxy_geom: scene_aabb_proxy_line_6_output_side_protrusion
judge_collision_detected:
robot_base_x: 10.527275
robot_base_y: -7.267336
robot_base_yaw: 3.140332
robot_geom: robot0_torso_fixed_collision_box_1
proxy_geom: scene_aabb_proxy_output_6
judge_collision_detected:
robot_base_x: 10.527275
robot_base_y: -7.267336
robot_base_yaw: 3.140332
robot_geom: robot0_torso_fixed_collision_box_1
proxy_geom: scene_aabb_proxy_production_line_6
judge_collision_detected:
robot_base_x: 10.527275
robot_base_y: -7.267336
robot_base_yaw: 3.140332
robot_geom: robot0_torso_fixed_column_collision
proxy_geom: scene_aabb_proxy_line_6_belt
judge_collision_detected:
robot_base_x: 10.527275
robot_base_y: -7.267336
robot_base_yaw: 3.140332
robot_geom: robot0_torso_fixed_column_collision
proxy_geom: scene_aabb_proxy_line_6_output_side_protrusion
judge_collision_detected:
robot_base_x: 10.527275
robot_base_y: -7.267336
robot_base_yaw: 3.140332
robot_geom: robot0_wheel_left_collision
proxy_geom: scene_aabb_proxy_line_6_output_side_protrusion
judge_collision_detected:
robot_base_x: 10.527275
robot_base_y: -7.267336
robot_base_yaw: 3.140332
robot_geom: robot0_wheel_right_collision
proxy_geom: scene_aabb_proxy_line_6_belt
judge_collision_detected:
robot_base_x: 10.527275
robot_base_y: -7.267336
robot_base_yaw: 3.140332
robot_geom: robot0_wheel_right_collision
proxy_geom: scene_aabb_proxy_line_6_output_side_protrusion
judge_collision_detected:
robot_base_x: 10.527275
robot_base_y: -7.267336
robot_base_yaw: 3.140332
robot_geom: robot0_wheel_right_collision
proxy_geom: scene_aabb_proxy_production_line_6
judge_collision_detected:
robot_base_x: 10.524120
robot_base_y: -7.267556
robot_base_yaw: 3.139431
robot_geom: robot0_back_left_caster_2
proxy_geom: scene_aabb_proxy_line_6_belt
judge_collision_detected:
robot_base_x: 10.524120
robot_base_y: -7.267556
robot_base_yaw: 3.139431
robot_geom: robot0_back_left_caster_2
proxy_geom: scene_aabb_proxy_line_6_output_side_protrusion
judge_collision_detected:
robot_base_x: 10.524120
robot_base_y: -7.267556
robot_base_yaw: 3.139431
robot_geom: robot0_back_right_caster_2
proxy_geom: scene_aabb_proxy_line_6_belt
judge_collision_detected:
robot_base_x: 10.524120
robot_base_y: -7.267556
robot_base_yaw: 3.139431
robot_geom: robot0_back_right_caster_2
proxy_geom: scene_aabb_proxy_line_6_output_side_protrusion
judge_collision_detected:
robot_base_x: 10.524120
robot_base_y: -7.267556
robot_base_yaw: 3.139431
robot_geom: robot0_base_collision
proxy_geom: scene_aabb_proxy_line_6_belt
judge_collision_detected:
robot_base_x: 10.524120
robot_base_y: -7.267556
robot_base_yaw: 3.139431
robot_geom: robot0_base_collision
proxy_geom: scene_aabb_proxy_line_6_output_side_protrusion
judge_collision_detected:
robot_base_x: 10.524120
robot_base_y: -7.267556
robot_base_yaw: 3.139431
robot_geom: robot0_base_collision
proxy_geom: scene_aabb_proxy_output_6
judge_collision_detected:
robot_base_x: 10.524120
robot_base_y: -7.267556
robot_base_yaw: 3.139431
robot_geom: robot0_base_collision
proxy_geom: scene_aabb_proxy_production_line_6
judge_collision_detected:
robot_base_x: 10.524120
robot_base_y: -7.267556
robot_base_yaw: 3.139431
robot_geom: robot0_front_left_caster_2
proxy_geom: scene_aabb_proxy_line_6_output_side_protrusion
judge_collision_detected:
robot_base_x: 10.524120
robot_base_y: -7.267556
robot_base_yaw: 3.139431
robot_geom: robot0_front_right_caster_2
proxy_geom: scene_aabb_proxy_line_6_output_side_protrusion
judge_collision_detected:
robot_base_x: 10.524120
robot_base_y: -7.267556
robot_base_yaw: 3.139431
robot_geom: robot0_torso_fixed_collision_box_1
proxy_geom: scene_aabb_proxy_line_6_belt
judge_collision_detected:
robot_base_x: 10.524120
robot_base_y: -7.267556
robot_base_yaw: 3.139431
robot_geom: robot0_torso_fixed_collision_box_1
proxy_geom: scene_aabb_proxy_line_6_output_side_protrusion
judge_collision_detected:
robot_base_x: 10.524120
robot_base_y: -7.267556
robot_base_yaw: 3.139431
robot_geom: robot0_torso_fixed_collision_box_1
proxy_geom: scene_aabb_proxy_output_6
judge_collision_detected:
robot_base_x: 10.524120
robot_base_y: -7.267556
robot_base_yaw: 3.139431
robot_geom: robot0_torso_fixed_collision_box_1
proxy_geom: scene_aabb_proxy_production_line_6
judge_collision_detected:
robot_base_x: 10.524120
robot_base_y: -7.267556
robot_base_yaw: 3.139431
robot_geom: robot0_torso_fixed_column_collision
proxy_geom: scene_aabb_proxy_line_6_belt
judge_collision_detected:
robot_base_x: 10.524120
robot_base_y: -7.267556
robot_base_yaw: 3.139431
robot_geom: robot0_torso_fixed_column_collision
proxy_geom: scene_aabb_proxy_line_6_output_side_protrusion
judge_collision_detected:
robot_base_x: 10.524120
robot_base_y: -7.267556
robot_base_yaw: 3.139431
robot_geom: robot0_wheel_left_collision
proxy_geom: scene_aabb_proxy_line_6_output_side_protrusion
judge_collision_detected:
robot_base_x: 10.524120
robot_base_y: -7.267556
robot_base_yaw: 3.139431
robot_geom: robot0_wheel_right_collision
proxy_geom: scene_aabb_proxy_line_6_output_side_protrusion
judge_collision_detected:
robot_base_x: 10.524120
robot_base_y: -7.267556
robot_base_yaw: 3.139431
robot_geom: robot0_wheel_right_collision
proxy_geom: scene_aabb_proxy_production_line_6
judge_collision_detected:
robot_base_x: 10.522068
robot_base_y: -7.267684
robot_base_yaw: 3.138723
robot_geom: robot0_back_left_caster_2
proxy_geom: scene_aabb_proxy_line_6_belt
judge_collision_detected:
robot_base_x: 10.522068
robot_base_y: -7.267684
robot_base_yaw: 3.138723
robot_geom: robot0_back_left_caster_2
proxy_geom: scene_aabb_proxy_line_6_output_side_protrusion
judge_collision_detected:
robot_base_x: 10.522068
robot_base_y: -7.267684
robot_base_yaw: 3.138723
robot_geom: robot0_back_right_caster_2
proxy_geom: scene_aabb_proxy_line_6_belt
judge_collision_detected:
robot_base_x: 10.522068
robot_base_y: -7.267684
robot_base_yaw: 3.138723
robot_geom: robot0_back_right_caster_2
proxy_geom: scene_aabb_proxy_line_6_output_side_protrusion
judge_collision_detected:
robot_base_x: 10.522068
robot_base_y: -7.267684
robot_base_yaw: 3.138723
robot_geom: robot0_base_collision
proxy_geom: scene_aabb_proxy_line_6_belt
judge_collision_detected:
robot_base_x: 10.522068
robot_base_y: -7.267684
robot_base_yaw: 3.138723
robot_geom: robot0_base_collision
proxy_geom: scene_aabb_proxy_line_6_output_side_protrusion
judge_collision_detected:
robot_base_x: 10.522068
robot_base_y: -7.267684
robot_base_yaw: 3.138723
robot_geom: robot0_base_collision
proxy_geom: scene_aabb_proxy_output_6
judge_collision_detected:
robot_base_x: 10.522068
robot_base_y: -7.267684
robot_base_yaw: 3.138723
robot_geom: robot0_base_collision
proxy_geom: scene_aabb_proxy_production_line_6
judge_collision_detected:
robot_base_x: 10.522068
robot_base_y: -7.267684
robot_base_yaw: 3.138723
robot_geom: robot0_front_left_caster_2
proxy_geom: scene_aabb_proxy_line_6_output_side_protrusion
judge_collision_detected:
robot_base_x: 10.522068
robot_base_y: -7.267684
robot_base_yaw: 3.138723
robot_geom: robot0_front_right_caster_2
proxy_geom: scene_aabb_proxy_line_6_output_side_protrusion
judge_collision_detected:
robot_base_x: 10.522068
robot_base_y: -7.267684
robot_base_yaw: 3.138723
robot_geom: robot0_torso_fixed_collision_box_1
proxy_geom: scene_aabb_proxy_line_6_belt
judge_collision_detected:
robot_base_x: 10.522068
robot_base_y: -7.267684
robot_base_yaw: 3.138723
robot_geom: robot0_torso_fixed_collision_box_1
proxy_geom: scene_aabb_proxy_line_6_output_side_protrusion
judge_collision_detected:
robot_base_x: 10.522068
robot_base_y: -7.267684
robot_base_yaw: 3.138723
robot_geom: robot0_torso_fixed_collision_box_1
proxy_geom: scene_aabb_proxy_output_6
judge_collision_detected:
robot_base_x: 10.522068
robot_base_y: -7.267684
robot_base_yaw: 3.138723
robot_geom: robot0_torso_fixed_collision_box_1
proxy_geom: scene_aabb_proxy_production_line_6
judge_collision_detected:
robot_base_x: 10.522068
robot_base_y: -7.267684
robot_base_yaw: 3.138723
robot_geom: robot0_torso_fixed_column_collision
proxy_geom: scene_aabb_proxy_line_6_belt
judge_collision_detected:
robot_base_x: 10.522068
robot_base_y: -7.267684
robot_base_yaw: 3.138723
robot_geom: robot0_torso_fixed_column_collision
proxy_geom: scene_aabb_proxy_line_6_output_side_protrusion
judge_collision_detected:
robot_base_x: 10.522068
robot_base_y: -7.267684
robot_base_yaw: 3.138723
robot_geom: robot0_wheel_left_collision
proxy_geom: scene_aabb_proxy_line_6_output_side_protrusion
judge_collision_detected:
robot_base_x: 10.522068
robot_base_y: -7.267684
robot_base_yaw: 3.138723
robot_geom: robot0_wheel_right_collision
proxy_geom: scene_aabb_proxy_line_6_output_side_protrusion
judge_collision_detected:
robot_base_x: 10.522068
robot_base_y: -7.267684
robot_base_yaw: 3.138723
robot_geom: robot0_wheel_right_collision
proxy_geom: scene_aabb_proxy_production_line_6
judge_collision_detected:
robot_base_x: 10.520894
robot_base_y: -7.267828
robot_base_yaw: 3.138002
robot_geom: robot0_back_left_caster_2
proxy_geom: scene_aabb_proxy_line_6_belt
judge_collision_detected:
robot_base_x: 10.520894
robot_base_y: -7.267828
robot_base_yaw: 3.138002
robot_geom: robot0_back_left_caster_2
proxy_geom: scene_aabb_proxy_line_6_output_side_protrusion
judge_collision_detected:
robot_base_x: 10.520894
robot_base_y: -7.267828
robot_base_yaw: 3.138002
robot_geom: robot0_back_right_caster_2
proxy_geom: scene_aabb_proxy_line_6_belt
judge_collision_detected:
robot_base_x: 10.520894
robot_base_y: -7.267828
robot_base_yaw: 3.138002
robot_geom: robot0_back_right_caster_2
proxy_geom: scene_aabb_proxy_line_6_output_side_protrusion
judge_collision_detected:
robot_base_x: 10.520894
robot_base_y: -7.267828
robot_base_yaw: 3.138002
robot_geom: robot0_base_collision
proxy_geom: scene_aabb_proxy_line_6_belt
judge_collision_detected:
robot_base_x: 10.520894
robot_base_y: -7.267828
robot_base_yaw: 3.138002
robot_geom: robot0_base_collision
proxy_geom: scene_aabb_proxy_line_6_output_side_protrusion
judge_collision_detected:
robot_base_x: 10.520894
robot_base_y: -7.267828
robot_base_yaw: 3.138002
robot_geom: robot0_base_collision
proxy_geom: scene_aabb_proxy_output_6
judge_collision_detected:
robot_base_x: 10.520894
robot_base_y: -7.267828
robot_base_yaw: 3.138002
robot_geom: robot0_base_collision
proxy_geom: scene_aabb_proxy_production_line_6
judge_collision_detected:
robot_base_x: 10.520894
robot_base_y: -7.267828
robot_base_yaw: 3.138002
robot_geom: robot0_front_left_caster_2
proxy_geom: scene_aabb_proxy_line_6_output_side_protrusion
judge_collision_detected:
robot_base_x: 10.520894
robot_base_y: -7.267828
robot_base_yaw: 3.138002
robot_geom: robot0_front_right_caster_2
proxy_geom: scene_aabb_proxy_line_6_output_side_protrusion
judge_collision_detected:
robot_base_x: 10.520894
robot_base_y: -7.267828
robot_base_yaw: 3.138002
robot_geom: robot0_torso_fixed_collision_box_1
proxy_geom: scene_aabb_proxy_line_6_belt
judge_collision_detected:
robot_base_x: 10.520894
robot_base_y: -7.267828
robot_base_yaw: 3.138002
robot_geom: robot0_torso_fixed_collision_box_1
proxy_geom: scene_aabb_proxy_line_6_output_side_protrusion
judge_collision_detected:
robot_base_x: 10.520894
robot_base_y: -7.267828
robot_base_yaw: 3.138002
robot_geom: robot0_torso_fixed_collision_box_1
proxy_geom: scene_aabb_proxy_output_6
judge_collision_detected:
robot_base_x: 10.520894
robot_base_y: -7.267828
robot_base_yaw: 3.138002
robot_geom: robot0_torso_fixed_collision_box_1
proxy_geom: scene_aabb_proxy_production_line_6
judge_collision_detected:
robot_base_x: 10.520894
robot_base_y: -7.267828
robot_base_yaw: 3.138002
robot_geom: robot0_torso_fixed_column_collision
proxy_geom: scene_aabb_proxy_line_6_belt
judge_collision_detected:
robot_base_x: 10.520894
robot_base_y: -7.267828
robot_base_yaw: 3.138002
robot_geom: robot0_torso_fixed_column_collision
proxy_geom: scene_aabb_proxy_line_6_output_side_protrusion
judge_collision_detected:
robot_base_x: 10.520894
robot_base_y: -7.267828
robot_base_yaw: 3.138002
robot_geom: robot0_wheel_left_collision
proxy_geom: scene_aabb_proxy_line_6_output_side_protrusion
judge_collision_detected:
robot_base_x: 10.520894
robot_base_y: -7.267828
robot_base_yaw: 3.138002
robot_geom: robot0_wheel_right_collision
proxy_geom: scene_aabb_proxy_line_6_output_side_protrusion
judge_collision_detected:
robot_base_x: 10.520894
robot_base_y: -7.267828
robot_base_yaw: 3.138002
robot_geom: robot0_wheel_right_collision
proxy_geom: scene_aabb_proxy_production_line_6
judge_collision_detected:
robot_base_x: 10.520073
robot_base_y: -7.267846
robot_base_yaw: 3.137365
robot_geom: robot0_back_left_caster_2
proxy_geom: scene_aabb_proxy_line_6_belt
judge_collision_detected:
robot_base_x: 10.520073
robot_base_y: -7.267846
robot_base_yaw: 3.137365
robot_geom: robot0_back_left_caster_2
proxy_geom: scene_aabb_proxy_line_6_output_side_protrusion
judge_collision_detected:
robot_base_x: 10.520073
robot_base_y: -7.267846
robot_base_yaw: 3.137365
robot_geom: robot0_back_right_caster_2
proxy_geom: scene_aabb_proxy_line_6_belt
judge_collision_detected:
robot_base_x: 10.520073
robot_base_y: -7.267846
robot_base_yaw: 3.137365
robot_geom: robot0_back_right_caster_2
proxy_geom: scene_aabb_proxy_line_6_output_side_protrusion
judge_collision_detected:
robot_base_x: 10.520073
robot_base_y: -7.267846
robot_base_yaw: 3.137365
robot_geom: robot0_base_collision
proxy_geom: scene_aabb_proxy_line_6_belt
judge_collision_detected:
robot_base_x: 10.520073
robot_base_y: -7.267846
robot_base_yaw: 3.137365
robot_geom: robot0_base_collision
proxy_geom: scene_aabb_proxy_line_6_output_side_protrusion
judge_collision_detected:
robot_base_x: 10.520073
robot_base_y: -7.267846
robot_base_yaw: 3.137365
robot_geom: robot0_base_collision
proxy_geom: scene_aabb_proxy_output_6
judge_collision_detected:
robot_base_x: 10.520073
robot_base_y: -7.267846
robot_base_yaw: 3.137365
robot_geom: robot0_base_collision
proxy_geom: scene_aabb_proxy_production_line_6
judge_collision_detected:
robot_base_x: 10.520073
robot_base_y: -7.267846
robot_base_yaw: 3.137365
robot_geom: robot0_front_left_caster_2
proxy_geom: scene_aabb_proxy_line_6_output_side_protrusion
judge_collision_detected:
robot_base_x: 10.520073
robot_base_y: -7.267846
robot_base_yaw: 3.137365
robot_geom: robot0_front_right_caster_2
proxy_geom: scene_aabb_proxy_line_6_output_side_protrusion
judge_collision_detected:
robot_base_x: 10.520073
robot_base_y: -7.267846
robot_base_yaw: 3.137365
robot_geom: robot0_torso_fixed_collision_box_1
proxy_geom: scene_aabb_proxy_line_6_belt
judge_collision_detected:
robot_base_x: 10.520073
robot_base_y: -7.267846
robot_base_yaw: 3.137365
robot_geom: robot0_torso_fixed_collision_box_1
proxy_geom: scene_aabb_proxy_line_6_output_side_protrusion
judge_collision_detected:
robot_base_x: 10.520073
robot_base_y: -7.267846
robot_base_yaw: 3.137365
robot_geom: robot0_torso_fixed_collision_box_1
proxy_geom: scene_aabb_proxy_output_6
judge_collision_detected:
robot_base_x: 10.520073
robot_base_y: -7.267846
robot_base_yaw: 3.137365
robot_geom: robot0_torso_fixed_collision_box_1
proxy_geom: scene_aabb_proxy_production_line_6
judge_collision_detected:
robot_base_x: 10.520073
robot_base_y: -7.267846
robot_base_yaw: 3.137365
robot_geom: robot0_torso_fixed_column_collision
proxy_geom: scene_aabb_proxy_line_6_belt
judge_collision_detected:
robot_base_x: 10.520073
robot_base_y: -7.267846
robot_base_yaw: 3.137365
robot_geom: robot0_torso_fixed_column_collision
proxy_geom: scene_aabb_proxy_line_6_output_side_protrusion
judge_collision_detected:
robot_base_x: 10.520073
robot_base_y: -7.267846
robot_base_yaw: 3.137365
robot_geom: robot0_wheel_left_collision
proxy_geom: scene_aabb_proxy_line_6_output_side_protrusion
judge_collision_detected:
robot_base_x: 10.520073
robot_base_y: -7.267846
robot_base_yaw: 3.137365
robot_geom: robot0_wheel_right_collision
proxy_geom: scene_aabb_proxy_line_6_output_side_protrusion
judge_collision_detected:
robot_base_x: 10.520073
robot_base_y: -7.267846
robot_base_yaw: 3.137365
robot_geom: robot0_wheel_right_collision
proxy_geom: scene_aabb_proxy_production_line_6
judge_collision_detected:
robot_base_x: 10.519617
robot_base_y: -7.267884
robot_base_yaw: 3.136754
robot_geom: robot0_back_left_caster_2
proxy_geom: scene_aabb_proxy_line_6_belt
judge_collision_detected:
robot_base_x: 10.519617
robot_base_y: -7.267884
robot_base_yaw: 3.136754
robot_geom: robot0_back_left_caster_2
proxy_geom: scene_aabb_proxy_line_6_output_side_protrusion
judge_collision_detected:
robot_base_x: 10.519617
robot_base_y: -7.267884
robot_base_yaw: 3.136754
robot_geom: robot0_back_right_caster_2
proxy_geom: scene_aabb_proxy_line_6_belt
judge_collision_detected:
robot_base_x: 10.519617
robot_base_y: -7.267884
robot_base_yaw: 3.136754
robot_geom: robot0_back_right_caster_2
proxy_geom: scene_aabb_proxy_line_6_output_side_protrusion
judge_collision_detected:
robot_base_x: 10.519617
robot_base_y: -7.267884
robot_base_yaw: 3.136754
robot_geom: robot0_base_collision
proxy_geom: scene_aabb_proxy_line_6_belt
judge_collision_detected:
robot_base_x: 10.519617
robot_base_y: -7.267884
robot_base_yaw: 3.136754
robot_geom: robot0_base_collision
proxy_geom: scene_aabb_proxy_line_6_output_side_protrusion
judge_collision_detected:
robot_base_x: 10.519617
robot_base_y: -7.267884
robot_base_yaw: 3.136754
robot_geom: robot0_base_collision
proxy_geom: scene_aabb_proxy_output_6
judge_collision_detected:
robot_base_x: 10.519617
robot_base_y: -7.267884
robot_base_yaw: 3.136754
robot_geom: robot0_base_collision
proxy_geom: scene_aabb_proxy_production_line_6
judge_collision_detected:
robot_base_x: 10.519617
robot_base_y: -7.267884
robot_base_yaw: 3.136754
robot_geom: robot0_front_left_caster_2
proxy_geom: scene_aabb_proxy_line_6_output_side_protrusion
judge_collision_detected:
robot_base_x: 10.519617
robot_base_y: -7.267884
robot_base_yaw: 3.136754
robot_geom: robot0_front_right_caster_2
proxy_geom: scene_aabb_proxy_line_6_output_side_protrusion
judge_collision_detected:
robot_base_x: 10.519617
robot_base_y: -7.267884
robot_base_yaw: 3.136754
robot_geom: robot0_torso_fixed_collision_box_1
proxy_geom: scene_aabb_proxy_line_6_belt
judge_collision_detected:
robot_base_x: 10.519617
robot_base_y: -7.267884
robot_base_yaw: 3.136754
robot_geom: robot0_torso_fixed_collision_box_1
proxy_geom: scene_aabb_proxy_line_6_output_side_protrusion
judge_collision_detected:
robot_base_x: 10.519617
robot_base_y: -7.267884
robot_base_yaw: 3.136754
robot_geom: robot0_torso_fixed_collision_box_1
proxy_geom: scene_aabb_proxy_output_6
judge_collision_detected:
robot_base_x: 10.519617
robot_base_y: -7.267884
robot_base_yaw: 3.136754
robot_geom: robot0_torso_fixed_collision_box_1
proxy_geom: scene_aabb_proxy_production_line_6
judge_collision_detected:
robot_base_x: 10.519617
robot_base_y: -7.267884
robot_base_yaw: 3.136754
robot_geom: robot0_torso_fixed_column_collision
proxy_geom: scene_aabb_proxy_line_6_belt
judge_collision_detected:
robot_base_x: 10.519617
robot_base_y: -7.267884
robot_base_yaw: 3.136754
robot_geom: robot0_torso_fixed_column_collision
proxy_geom: scene_aabb_proxy_line_6_output_side_protrusion
judge_collision_detected:
robot_base_x: 10.519617
robot_base_y: -7.267884
robot_base_yaw: 3.136754
robot_geom: robot0_wheel_left_collision
proxy_geom: scene_aabb_proxy_line_6_output_side_protrusion
judge_collision_detected:
robot_base_x: 10.519617
robot_base_y: -7.267884
robot_base_yaw: 3.136754
robot_geom: robot0_wheel_right_collision
proxy_geom: scene_aabb_proxy_line_6_output_side_protrusion
judge_collision_detected:
robot_base_x: 10.519617
robot_base_y: -7.267884
robot_base_yaw: 3.136754
robot_geom: robot0_wheel_right_collision
proxy_geom: scene_aabb_proxy_production_line_6
judge_collision_detected:
robot_base_x: 10.519370
robot_base_y: -7.267907
robot_base_yaw: 3.136147
robot_geom: robot0_back_left_caster_2
proxy_geom: scene_aabb_proxy_line_6_belt
judge_collision_detected:
robot_base_x: 10.519370
robot_base_y: -7.267907
robot_base_yaw: 3.136147
robot_geom: robot0_back_left_caster_2
proxy_geom: scene_aabb_proxy_line_6_output_side_protrusion
judge_collision_detected:
robot_base_x: 10.519370
robot_base_y: -7.267907
robot_base_yaw: 3.136147
robot_geom: robot0_back_right_caster_2
proxy_geom: scene_aabb_proxy_line_6_belt
judge_collision_detected:
robot_base_x: 10.519370
robot_base_y: -7.267907
robot_base_yaw: 3.136147
robot_geom: robot0_back_right_caster_2
proxy_geom: scene_aabb_proxy_line_6_output_side_protrusion
judge_collision_detected:
robot_base_x: 10.519370
robot_base_y: -7.267907
robot_base_yaw: 3.136147
robot_geom: robot0_base_collision
proxy_geom: scene_aabb_proxy_line_6_belt
judge_collision_detected:
robot_base_x: 10.519370
robot_base_y: -7.267907
robot_base_yaw: 3.136147
robot_geom: robot0_base_collision
proxy_geom: scene_aabb_proxy_line_6_output_side_protrusion
judge_collision_detected:
robot_base_x: 10.519370
robot_base_y: -7.267907
robot_base_yaw: 3.136147
robot_geom: robot0_base_collision
proxy_geom: scene_aabb_proxy_output_6
judge_collision_detected:
robot_base_x: 10.519370
robot_base_y: -7.267907
robot_base_yaw: 3.136147
robot_geom: robot0_base_collision
proxy_geom: scene_aabb_proxy_production_line_6
judge_collision_detected:
robot_base_x: 10.519370
robot_base_y: -7.267907
robot_base_yaw: 3.136147
robot_geom: robot0_front_left_caster_2
proxy_geom: scene_aabb_proxy_line_6_output_side_protrusion
judge_collision_detected:
robot_base_x: 10.519370
robot_base_y: -7.267907
robot_base_yaw: 3.136147
robot_geom: robot0_front_right_caster_2
proxy_geom: scene_aabb_proxy_line_6_output_side_protrusion
judge_collision_detected:
robot_base_x: 10.519370
robot_base_y: -7.267907
robot_base_yaw: 3.136147
robot_geom: robot0_torso_fixed_collision_box_1
proxy_geom: scene_aabb_proxy_line_6_belt
judge_collision_detected:
robot_base_x: 10.519370
robot_base_y: -7.267907
robot_base_yaw: 3.136147
robot_geom: robot0_torso_fixed_collision_box_1
proxy_geom: scene_aabb_proxy_line_6_output_side_protrusion
judge_collision_detected:
robot_base_x: 10.519370
robot_base_y: -7.267907
robot_base_yaw: 3.136147
robot_geom: robot0_torso_fixed_collision_box_1
proxy_geom: scene_aabb_proxy_output_6
judge_collision_detected:
robot_base_x: 10.519370
robot_base_y: -7.267907
robot_base_yaw: 3.136147
robot_geom: robot0_torso_fixed_collision_box_1
proxy_geom: scene_aabb_proxy_production_line_6
judge_collision_detected:
robot_base_x: 10.519370
robot_base_y: -7.267907
robot_base_yaw: 3.136147
robot_geom: robot0_torso_fixed_column_collision
proxy_geom: scene_aabb_proxy_line_6_belt
judge_collision_detected:
robot_base_x: 10.519370
robot_base_y: -7.267907
robot_base_yaw: 3.136147
robot_geom: robot0_torso_fixed_column_collision
proxy_geom: scene_aabb_proxy_line_6_output_side_protrusion
judge_collision_detected:
robot_base_x: 10.519370
robot_base_y: -7.267907
robot_base_yaw: 3.136147
robot_geom: robot0_wheel_left_collision
proxy_geom: scene_aabb_proxy_line_6_output_side_protrusion
judge_collision_detected:
robot_base_x: 10.519370
robot_base_y: -7.267907
robot_base_yaw: 3.136147
robot_geom: robot0_wheel_right_collision
proxy_geom: scene_aabb_proxy_line_6_output_side_protrusion
judge_collision_detected:
robot_base_x: 10.519370
robot_base_y: -7.267907
robot_base_yaw: 3.136147
robot_geom: robot0_wheel_right_collision
proxy_geom: scene_aabb_proxy_production_line_6
judge_collision_detected:
robot_base_x: 10.519303
robot_base_y: -7.267914
robot_base_yaw: 3.135534
robot_geom: robot0_back_left_caster_2
proxy_geom: scene_aabb_proxy_line_6_belt
judge_collision_detected:
robot_base_x: 10.519303
robot_base_y: -7.267914
robot_base_yaw: 3.135534
robot_geom: robot0_back_left_caster_2
proxy_geom: scene_aabb_proxy_line_6_output_side_protrusion
judge_collision_detected:
robot_base_x: 10.519303
robot_base_y: -7.267914
robot_base_yaw: 3.135534
robot_geom: robot0_back_right_caster_2
proxy_geom: scene_aabb_proxy_line_6_belt
judge_collision_detected:
robot_base_x: 10.519303
robot_base_y: -7.267914
robot_base_yaw: 3.135534
robot_geom: robot0_back_right_caster_2
proxy_geom: scene_aabb_proxy_line_6_output_side_protrusion
judge_collision_detected:
robot_base_x: 10.519303
robot_base_y: -7.267914
robot_base_yaw: 3.135534
robot_geom: robot0_base_collision
proxy_geom: scene_aabb_proxy_line_6_belt
judge_collision_detected:
robot_base_x: 10.519303
robot_base_y: -7.267914
robot_base_yaw: 3.135534
robot_geom: robot0_base_collision
proxy_geom: scene_aabb_proxy_line_6_output_side_protrusion
judge_collision_detected:
robot_base_x: 10.519303
robot_base_y: -7.267914
robot_base_yaw: 3.135534
robot_geom: robot0_base_collision
proxy_geom: scene_aabb_proxy_output_6
judge_collision_detected:
robot_base_x: 10.519303
robot_base_y: -7.267914
robot_base_yaw: 3.135534
robot_geom: robot0_base_collision
proxy_geom: scene_aabb_proxy_production_line_6
judge_collision_detected:
robot_base_x: 10.519303
robot_base_y: -7.267914
robot_base_yaw: 3.135534
robot_geom: robot0_front_left_caster_2
proxy_geom: scene_aabb_proxy_line_6_output_side_protrusion
judge_collision_detected:
robot_base_x: 10.519303
robot_base_y: -7.267914
robot_base_yaw: 3.135534
robot_geom: robot0_front_right_caster_2
proxy_geom: scene_aabb_proxy_line_6_output_side_protrusion
judge_collision_detected:
robot_base_x: 10.519303
robot_base_y: -7.267914
robot_base_yaw: 3.135534
robot_geom: robot0_torso_fixed_collision_box_1
proxy_geom: scene_aabb_proxy_line_6_belt
judge_collision_detected:
robot_base_x: 10.519303
robot_base_y: -7.267914
robot_base_yaw: 3.135534
robot_geom: robot0_torso_fixed_collision_box_1
proxy_geom: scene_aabb_proxy_line_6_output_side_protrusion
judge_collision_detected:
robot_base_x: 10.519303
robot_base_y: -7.267914
robot_base_yaw: 3.135534
robot_geom: robot0_torso_fixed_collision_box_1
proxy_geom: scene_aabb_proxy_output_6
judge_collision_detected:
robot_base_x: 10.519303
robot_base_y: -7.267914
robot_base_yaw: 3.135534
robot_geom: robot0_torso_fixed_collision_box_1
proxy_geom: scene_aabb_proxy_production_line_6
judge_collision_detected:
robot_base_x: 10.519303
robot_base_y: -7.267914
robot_base_yaw: 3.135534
robot_geom: robot0_torso_fixed_column_collision
proxy_geom: scene_aabb_proxy_line_6_belt
judge_collision_detected:
robot_base_x: 10.519303
robot_base_y: -7.267914
robot_base_yaw: 3.135534
robot_geom: robot0_torso_fixed_column_collision
proxy_geom: scene_aabb_proxy_line_6_output_side_protrusion
judge_collision_detected:
robot_base_x: 10.519303
robot_base_y: -7.267914
robot_base_yaw: 3.135534
robot_geom: robot0_wheel_left_collision
proxy_geom: scene_aabb_proxy_line_6_output_side_protrusion
judge_collision_detected:
robot_base_x: 10.519303
robot_base_y: -7.267914
robot_base_yaw: 3.135534
robot_geom: robot0_wheel_right_collision
proxy_geom: scene_aabb_proxy_line_6_output_side_protrusion
judge_collision_detected:
robot_base_x: 10.519303
robot_base_y: -7.267914
robot_base_yaw: 3.135534
robot_geom: robot0_wheel_right_collision
proxy_geom: scene_aabb_proxy_production_line_6
judge_collision_detected:
robot_base_x: 10.519840
robot_base_y: -7.267892
robot_base_yaw: 3.134845
robot_geom: robot0_back_left_caster_2
proxy_geom: scene_aabb_proxy_line_6_belt
judge_collision_detected:
robot_base_x: 10.519840
robot_base_y: -7.267892
robot_base_yaw: 3.134845
robot_geom: robot0_back_left_caster_2
proxy_geom: scene_aabb_proxy_line_6_output_side_protrusion
judge_collision_detected:
robot_base_x: 10.519840
robot_base_y: -7.267892
robot_base_yaw: 3.134845
robot_geom: robot0_back_right_caster_2
proxy_geom: scene_aabb_proxy_line_6_belt
judge_collision_detected:
robot_base_x: 10.519840
robot_base_y: -7.267892
robot_base_yaw: 3.134845
robot_geom: robot0_back_right_caster_2
proxy_geom: scene_aabb_proxy_line_6_output_side_protrusion
judge_collision_detected:
robot_base_x: 10.519840
robot_base_y: -7.267892
robot_base_yaw: 3.134845
robot_geom: robot0_base_collision
proxy_geom: scene_aabb_proxy_line_6_belt
judge_collision_detected:
robot_base_x: 10.519840
robot_base_y: -7.267892
robot_base_yaw: 3.134845
robot_geom: robot0_base_collision
proxy_geom: scene_aabb_proxy_line_6_output_side_protrusion
judge_collision_detected:
robot_base_x: 10.519840
robot_base_y: -7.267892
robot_base_yaw: 3.134845
robot_geom: robot0_base_collision
proxy_geom: scene_aabb_proxy_output_6
judge_collision_detected:
robot_base_x: 10.519840
robot_base_y: -7.267892
robot_base_yaw: 3.134845
robot_geom: robot0_base_collision
proxy_geom: scene_aabb_proxy_production_line_6
judge_collision_detected:
robot_base_x: 10.519840
robot_base_y: -7.267892
robot_base_yaw: 3.134845
robot_geom: robot0_front_left_caster_2
proxy_geom: scene_aabb_proxy_line_6_output_side_protrusion
judge_collision_detected:
robot_base_x: 10.519840
robot_base_y: -7.267892
robot_base_yaw: 3.134845
robot_geom: robot0_front_right_caster_2
proxy_geom: scene_aabb_proxy_line_6_output_side_protrusion
judge_collision_detected:
robot_base_x: 10.519840
robot_base_y: -7.267892
robot_base_yaw: 3.134845
robot_geom: robot0_torso_fixed_collision_box_1
proxy_geom: scene_aabb_proxy_line_6_belt
judge_collision_detected:
robot_base_x: 10.519840
robot_base_y: -7.267892
robot_base_yaw: 3.134845
robot_geom: robot0_torso_fixed_collision_box_1
proxy_geom: scene_aabb_proxy_line_6_output_side_protrusion
judge_collision_detected:
robot_base_x: 10.519840
robot_base_y: -7.267892
robot_base_yaw: 3.134845
robot_geom: robot0_torso_fixed_collision_box_1
proxy_geom: scene_aabb_proxy_output_6
judge_collision_detected:
robot_base_x: 10.519840
robot_base_y: -7.267892
robot_base_yaw: 3.134845
robot_geom: robot0_torso_fixed_collision_box_1
proxy_geom: scene_aabb_proxy_production_line_6
judge_collision_detected:
robot_base_x: 10.519840
robot_base_y: -7.267892
robot_base_yaw: 3.134845
robot_geom: robot0_torso_fixed_column_collision
proxy_geom: scene_aabb_proxy_line_6_belt
judge_collision_detected:
robot_base_x: 10.519840
robot_base_y: -7.267892
robot_base_yaw: 3.134845
robot_geom: robot0_torso_fixed_column_collision
proxy_geom: scene_aabb_proxy_line_6_output_side_protrusion
judge_collision_detected:
robot_base_x: 10.519840
robot_base_y: -7.267892
robot_base_yaw: 3.134845
robot_geom: robot0_wheel_left_collision
proxy_geom: scene_aabb_proxy_line_6_output_side_protrusion
judge_collision_detected:
robot_base_x: 10.519840
robot_base_y: -7.267892
robot_base_yaw: 3.134845
robot_geom: robot0_wheel_right_collision
proxy_geom: scene_aabb_proxy_line_6_output_side_protrusion
judge_collision_detected:
robot_base_x: 10.519840
robot_base_y: -7.267892
robot_base_yaw: 3.134845
robot_geom: robot0_wheel_right_collision
proxy_geom: scene_aabb_proxy_production_line_6
judge_collision_detected:
robot_base_x: 10.521929
robot_base_y: -7.267873
robot_base_yaw: 3.134717
robot_geom: robot0_back_left_caster_2
proxy_geom: scene_aabb_proxy_line_6_belt
judge_collision_detected:
robot_base_x: 10.521929
robot_base_y: -7.267873
robot_base_yaw: 3.134717
robot_geom: robot0_back_left_caster_2
proxy_geom: scene_aabb_proxy_line_6_output_side_protrusion
judge_collision_detected:
robot_base_x: 10.521929
robot_base_y: -7.267873
robot_base_yaw: 3.134717
robot_geom: robot0_back_right_caster_2
proxy_geom: scene_aabb_proxy_line_6_belt
judge_collision_detected:
robot_base_x: 10.521929
robot_base_y: -7.267873
robot_base_yaw: 3.134717
robot_geom: robot0_back_right_caster_2
proxy_geom: scene_aabb_proxy_line_6_output_side_protrusion
judge_collision_detected:
robot_base_x: 10.521929
robot_base_y: -7.267873
robot_base_yaw: 3.134717
robot_geom: robot0_base_collision
proxy_geom: scene_aabb_proxy_line_6_belt
judge_collision_detected:
robot_base_x: 10.521929
robot_base_y: -7.267873
robot_base_yaw: 3.134717
robot_geom: robot0_base_collision
proxy_geom: scene_aabb_proxy_line_6_output_side_protrusion
judge_collision_detected:
robot_base_x: 10.521929
robot_base_y: -7.267873
robot_base_yaw: 3.134717
robot_geom: robot0_base_collision
proxy_geom: scene_aabb_proxy_output_6
judge_collision_detected:
robot_base_x: 10.521929
robot_base_y: -7.267873
robot_base_yaw: 3.134717
robot_geom: robot0_base_collision
proxy_geom: scene_aabb_proxy_production_line_6
judge_collision_detected:
robot_base_x: 10.521929
robot_base_y: -7.267873
robot_base_yaw: 3.134717
robot_geom: robot0_front_left_caster_2
proxy_geom: scene_aabb_proxy_line_6_output_side_protrusion
judge_collision_detected:
robot_base_x: 10.521929
robot_base_y: -7.267873
robot_base_yaw: 3.134717
robot_geom: robot0_front_right_caster_2
proxy_geom: scene_aabb_proxy_line_6_output_side_protrusion
judge_collision_detected:
robot_base_x: 10.521929
robot_base_y: -7.267873
robot_base_yaw: 3.134717
robot_geom: robot0_torso_fixed_collision_box_1
proxy_geom: scene_aabb_proxy_line_6_belt
judge_collision_detected:
robot_base_x: 10.521929
robot_base_y: -7.267873
robot_base_yaw: 3.134717
robot_geom: robot0_torso_fixed_collision_box_1
proxy_geom: scene_aabb_proxy_line_6_output_side_protrusion
judge_collision_detected:
robot_base_x: 10.521929
robot_base_y: -7.267873
robot_base_yaw: 3.134717
robot_geom: robot0_torso_fixed_collision_box_1
proxy_geom: scene_aabb_proxy_output_6
judge_collision_detected:
robot_base_x: 10.521929
robot_base_y: -7.267873
robot_base_yaw: 3.134717
robot_geom: robot0_torso_fixed_collision_box_1
proxy_geom: scene_aabb_proxy_production_line_6
judge_collision_detected:
robot_base_x: 10.521929
robot_base_y: -7.267873
robot_base_yaw: 3.134717
robot_geom: robot0_torso_fixed_column_collision
proxy_geom: scene_aabb_proxy_line_6_belt
judge_collision_detected:
robot_base_x: 10.521929
robot_base_y: -7.267873
robot_base_yaw: 3.134717
robot_geom: robot0_torso_fixed_column_collision
proxy_geom: scene_aabb_proxy_line_6_output_side_protrusion
judge_collision_detected:
robot_base_x: 10.521929
robot_base_y: -7.267873
robot_base_yaw: 3.134717
robot_geom: robot0_wheel_left_collision
proxy_geom: scene_aabb_proxy_line_6_output_side_protrusion
judge_collision_detected:
robot_base_x: 10.521929
robot_base_y: -7.267873
robot_base_yaw: 3.134717
robot_geom: robot0_wheel_right_collision
proxy_geom: scene_aabb_proxy_line_6_output_side_protrusion
judge_collision_detected:
robot_base_x: 10.521929
robot_base_y: -7.267873
robot_base_yaw: 3.134717
robot_geom: robot0_wheel_right_collision
proxy_geom: scene_aabb_proxy_production_line_6
turn_to_output_result: success=True, turn_steps=0, target_yaw=3.141593, final_yaw=3.134714, final_error=0.006879, xy_drift=0.006148
judge_collision_detected:
robot_base_x: 10.522977
robot_base_y: -7.267769
robot_base_yaw: 3.134552
robot_geom: robot0_back_left_caster_2
proxy_geom: scene_aabb_proxy_line_6_belt
judge_collision_detected:
robot_base_x: 10.522977
robot_base_y: -7.267769
robot_base_yaw: 3.134552
robot_geom: robot0_back_left_caster_2
proxy_geom: scene_aabb_proxy_line_6_output_side_protrusion
judge_collision_detected:
robot_base_x: 10.522977
robot_base_y: -7.267769
robot_base_yaw: 3.134552
robot_geom: robot0_back_right_caster_2
proxy_geom: scene_aabb_proxy_line_6_belt
judge_collision_detected:
robot_base_x: 10.522977
robot_base_y: -7.267769
robot_base_yaw: 3.134552
robot_geom: robot0_back_right_caster_2
proxy_geom: scene_aabb_proxy_line_6_output_side_protrusion
judge_collision_detected:
robot_base_x: 10.522977
robot_base_y: -7.267769
robot_base_yaw: 3.134552
robot_geom: robot0_base_collision
proxy_geom: scene_aabb_proxy_line_6_belt
judge_collision_detected:
robot_base_x: 10.522977
robot_base_y: -7.267769
robot_base_yaw: 3.134552
robot_geom: robot0_base_collision
proxy_geom: scene_aabb_proxy_line_6_output_side_protrusion
judge_collision_detected:
robot_base_x: 10.522977
robot_base_y: -7.267769
robot_base_yaw: 3.134552
robot_geom: robot0_base_collision
proxy_geom: scene_aabb_proxy_output_6
judge_collision_detected:
robot_base_x: 10.522977
robot_base_y: -7.267769
robot_base_yaw: 3.134552
robot_geom: robot0_base_collision
proxy_geom: scene_aabb_proxy_production_line_6
judge_collision_detected:
robot_base_x: 10.522977
robot_base_y: -7.267769
robot_base_yaw: 3.134552
robot_geom: robot0_front_left_caster_2
proxy_geom: scene_aabb_proxy_line_6_output_side_protrusion
judge_collision_detected:
robot_base_x: 10.522977
robot_base_y: -7.267769
robot_base_yaw: 3.134552
robot_geom: robot0_front_right_caster_2
proxy_geom: scene_aabb_proxy_line_6_output_side_protrusion
judge_collision_detected:
robot_base_x: 10.522977
robot_base_y: -7.267769
robot_base_yaw: 3.134552
robot_geom: robot0_torso_fixed_collision_box_1
proxy_geom: scene_aabb_proxy_line_6_belt
judge_collision_detected:
robot_base_x: 10.522977
robot_base_y: -7.267769
robot_base_yaw: 3.134552
robot_geom: robot0_torso_fixed_collision_box_1
proxy_geom: scene_aabb_proxy_line_6_output_side_protrusion
judge_collision_detected:
robot_base_x: 10.522977
robot_base_y: -7.267769
robot_base_yaw: 3.134552
robot_geom: robot0_torso_fixed_collision_box_1
proxy_geom: scene_aabb_proxy_output_6
judge_collision_detected:
robot_base_x: 10.522977
robot_base_y: -7.267769
robot_base_yaw: 3.134552
robot_geom: robot0_torso_fixed_collision_box_1
proxy_geom: scene_aabb_proxy_production_line_6
judge_collision_detected:
robot_base_x: 10.522977
robot_base_y: -7.267769
robot_base_yaw: 3.134552
robot_geom: robot0_torso_fixed_column_collision
proxy_geom: scene_aabb_proxy_line_6_belt
judge_collision_detected:
robot_base_x: 10.522977
robot_base_y: -7.267769
robot_base_yaw: 3.134552
robot_geom: robot0_torso_fixed_column_collision
proxy_geom: scene_aabb_proxy_line_6_output_side_protrusion
judge_collision_detected:
robot_base_x: 10.522977
robot_base_y: -7.267769
robot_base_yaw: 3.134552
robot_geom: robot0_wheel_left_collision
proxy_geom: scene_aabb_proxy_line_6_output_side_protrusion
judge_collision_detected:
robot_base_x: 10.522977
robot_base_y: -7.267769
robot_base_yaw: 3.134552
robot_geom: robot0_wheel_right_collision
proxy_geom: scene_aabb_proxy_line_6_output_side_protrusion
judge_collision_detected:
robot_base_x: 10.522977
robot_base_y: -7.267769
robot_base_yaw: 3.134552
robot_geom: robot0_wheel_right_collision
proxy_geom: scene_aabb_proxy_production_line_6
judge_collision_detected:
robot_base_x: 10.519577
robot_base_y: -7.268062
robot_base_yaw: 3.134466
robot_geom: robot0_back_left_caster_2
proxy_geom: scene_aabb_proxy_line_6_belt
judge_collision_detected:
robot_base_x: 10.519577
robot_base_y: -7.268062
robot_base_yaw: 3.134466
robot_geom: robot0_back_left_caster_2
proxy_geom: scene_aabb_proxy_line_6_output_side_protrusion
judge_collision_detected:
robot_base_x: 10.519577
robot_base_y: -7.268062
robot_base_yaw: 3.134466
robot_geom: robot0_back_right_caster_2
proxy_geom: scene_aabb_proxy_line_6_belt
judge_collision_detected:
robot_base_x: 10.519577
robot_base_y: -7.268062
robot_base_yaw: 3.134466
robot_geom: robot0_back_right_caster_2
proxy_geom: scene_aabb_proxy_line_6_output_side_protrusion
judge_collision_detected:
robot_base_x: 10.519577
robot_base_y: -7.268062
robot_base_yaw: 3.134466
robot_geom: robot0_base_collision
proxy_geom: scene_aabb_proxy_line_6_belt
judge_collision_detected:
robot_base_x: 10.519577
robot_base_y: -7.268062
robot_base_yaw: 3.134466
robot_geom: robot0_base_collision
proxy_geom: scene_aabb_proxy_line_6_output_side_protrusion
judge_collision_detected:
robot_base_x: 10.519577
robot_base_y: -7.268062
robot_base_yaw: 3.134466
robot_geom: robot0_base_collision
proxy_geom: scene_aabb_proxy_output_6
judge_collision_detected:
robot_base_x: 10.519577
robot_base_y: -7.268062
robot_base_yaw: 3.134466
robot_geom: robot0_base_collision
proxy_geom: scene_aabb_proxy_production_line_6
judge_collision_detected:
robot_base_x: 10.519577
robot_base_y: -7.268062
robot_base_yaw: 3.134466
robot_geom: robot0_front_left_caster_2
proxy_geom: scene_aabb_proxy_line_6_output_side_protrusion
judge_collision_detected:
robot_base_x: 10.519577
robot_base_y: -7.268062
robot_base_yaw: 3.134466
robot_geom: robot0_front_right_caster_2
proxy_geom: scene_aabb_proxy_line_6_output_side_protrusion
judge_collision_detected:
robot_base_x: 10.519577
robot_base_y: -7.268062
robot_base_yaw: 3.134466
robot_geom: robot0_torso_fixed_collision_box_1
proxy_geom: scene_aabb_proxy_line_6_belt
judge_collision_detected:
robot_base_x: 10.519577
robot_base_y: -7.268062
robot_base_yaw: 3.134466
robot_geom: robot0_torso_fixed_collision_box_1
proxy_geom: scene_aabb_proxy_line_6_output_side_protrusion
judge_collision_detected:
robot_base_x: 10.519577
robot_base_y: -7.268062
robot_base_yaw: 3.134466
robot_geom: robot0_torso_fixed_collision_box_1
proxy_geom: scene_aabb_proxy_output_6
judge_collision_detected:
robot_base_x: 10.519577
robot_base_y: -7.268062
robot_base_yaw: 3.134466
robot_geom: robot0_torso_fixed_collision_box_1
proxy_geom: scene_aabb_proxy_production_line_6
judge_collision_detected:
robot_base_x: 10.519577
robot_base_y: -7.268062
robot_base_yaw: 3.134466
robot_geom: robot0_torso_fixed_column_collision
proxy_geom: scene_aabb_proxy_line_6_belt
judge_collision_detected:
robot_base_x: 10.519577
robot_base_y: -7.268062
robot_base_yaw: 3.134466
robot_geom: robot0_torso_fixed_column_collision
proxy_geom: scene_aabb_proxy_line_6_output_side_protrusion
judge_collision_detected:
robot_base_x: 10.519577
robot_base_y: -7.268062
robot_base_yaw: 3.134466
robot_geom: robot0_wheel_left_collision
proxy_geom: scene_aabb_proxy_line_6_output_side_protrusion
judge_collision_detected:
robot_base_x: 10.519577
robot_base_y: -7.268062
robot_base_yaw: 3.134466
robot_geom: robot0_wheel_right_collision
proxy_geom: scene_aabb_proxy_line_6_output_side_protrusion
judge_collision_detected:
robot_base_x: 10.519577
robot_base_y: -7.268062
robot_base_yaw: 3.134466
robot_geom: robot0_wheel_right_collision
proxy_geom: scene_aabb_proxy_production_line_6
judge_collision_detected:
robot_base_x: 10.516432
robot_base_y: -7.268347
robot_base_yaw: 3.134406
robot_geom: robot0_back_left_caster_2
proxy_geom: scene_aabb_proxy_line_6_belt
judge_collision_detected:
robot_base_x: 10.516432
robot_base_y: -7.268347
robot_base_yaw: 3.134406
robot_geom: robot0_back_left_caster_2
proxy_geom: scene_aabb_proxy_line_6_output_side_protrusion
judge_collision_detected:
robot_base_x: 10.516432
robot_base_y: -7.268347
robot_base_yaw: 3.134406
robot_geom: robot0_back_right_caster_2
proxy_geom: scene_aabb_proxy_line_6_belt
judge_collision_detected:
robot_base_x: 10.516432
robot_base_y: -7.268347
robot_base_yaw: 3.134406
robot_geom: robot0_back_right_caster_2
proxy_geom: scene_aabb_proxy_line_6_output_side_protrusion
judge_collision_detected:
robot_base_x: 10.516432
robot_base_y: -7.268347
robot_base_yaw: 3.134406
robot_geom: robot0_base_collision
proxy_geom: scene_aabb_proxy_line_6_belt
judge_collision_detected:
robot_base_x: 10.516432
robot_base_y: -7.268347
robot_base_yaw: 3.134406
robot_geom: robot0_base_collision
proxy_geom: scene_aabb_proxy_line_6_output_side_protrusion
judge_collision_detected:
robot_base_x: 10.516432
robot_base_y: -7.268347
robot_base_yaw: 3.134406
robot_geom: robot0_base_collision
proxy_geom: scene_aabb_proxy_output_6
judge_collision_detected:
robot_base_x: 10.516432
robot_base_y: -7.268347
robot_base_yaw: 3.134406
robot_geom: robot0_base_collision
proxy_geom: scene_aabb_proxy_production_line_6
judge_collision_detected:
robot_base_x: 10.516432
robot_base_y: -7.268347
robot_base_yaw: 3.134406
robot_geom: robot0_front_left_caster_2
proxy_geom: scene_aabb_proxy_line_6_output_side_protrusion
judge_collision_detected:
robot_base_x: 10.516432
robot_base_y: -7.268347
robot_base_yaw: 3.134406
robot_geom: robot0_front_right_caster_2
proxy_geom: scene_aabb_proxy_line_6_output_side_protrusion
judge_collision_detected:
robot_base_x: 10.516432
robot_base_y: -7.268347
robot_base_yaw: 3.134406
robot_geom: robot0_torso_fixed_collision_box_1
proxy_geom: scene_aabb_proxy_line_6_belt
judge_collision_detected:
robot_base_x: 10.516432
robot_base_y: -7.268347
robot_base_yaw: 3.134406
robot_geom: robot0_torso_fixed_collision_box_1
proxy_geom: scene_aabb_proxy_line_6_output_side_protrusion
judge_collision_detected:
robot_base_x: 10.516432
robot_base_y: -7.268347
robot_base_yaw: 3.134406
robot_geom: robot0_torso_fixed_collision_box_1
proxy_geom: scene_aabb_proxy_output_6
judge_collision_detected:
robot_base_x: 10.516432
robot_base_y: -7.268347
robot_base_yaw: 3.134406
robot_geom: robot0_torso_fixed_collision_box_1
proxy_geom: scene_aabb_proxy_production_line_6
judge_collision_detected:
robot_base_x: 10.516432
robot_base_y: -7.268347
robot_base_yaw: 3.134406
robot_geom: robot0_torso_fixed_column_collision
proxy_geom: scene_aabb_proxy_line_6_belt
judge_collision_detected:
robot_base_x: 10.516432
robot_base_y: -7.268347
robot_base_yaw: 3.134406
robot_geom: robot0_torso_fixed_column_collision
proxy_geom: scene_aabb_proxy_line_6_output_side_protrusion
judge_collision_detected:
robot_base_x: 10.516432
robot_base_y: -7.268347
robot_base_yaw: 3.134406
robot_geom: robot0_wheel_left_collision
proxy_geom: scene_aabb_proxy_line_6_output_side_protrusion
judge_collision_detected:
robot_base_x: 10.516432
robot_base_y: -7.268347
robot_base_yaw: 3.134406
robot_geom: robot0_wheel_right_collision
proxy_geom: scene_aabb_proxy_line_6_output_side_protrusion
judge_collision_detected:
robot_base_x: 10.516432
robot_base_y: -7.268347
robot_base_yaw: 3.134406
robot_geom: robot0_wheel_right_collision
proxy_geom: scene_aabb_proxy_production_line_6
judge_collision_detected:
robot_base_x: 10.513457
robot_base_y: -7.268628
robot_base_yaw: 3.134364
robot_geom: robot0_back_left_caster_2
proxy_geom: scene_aabb_proxy_line_6_belt
judge_collision_detected:
robot_base_x: 10.513457
robot_base_y: -7.268628
robot_base_yaw: 3.134364
robot_geom: robot0_back_left_caster_2
proxy_geom: scene_aabb_proxy_line_6_output_side_protrusion
judge_collision_detected:
robot_base_x: 10.513457
robot_base_y: -7.268628
robot_base_yaw: 3.134364
robot_geom: robot0_back_right_caster_2
proxy_geom: scene_aabb_proxy_line_6_belt
judge_collision_detected:
robot_base_x: 10.513457
robot_base_y: -7.268628
robot_base_yaw: 3.134364
robot_geom: robot0_back_right_caster_2
proxy_geom: scene_aabb_proxy_line_6_output_side_protrusion
judge_collision_detected:
robot_base_x: 10.513457
robot_base_y: -7.268628
robot_base_yaw: 3.134364
robot_geom: robot0_base_collision
proxy_geom: scene_aabb_proxy_line_6_belt
judge_collision_detected:
robot_base_x: 10.513457
robot_base_y: -7.268628
robot_base_yaw: 3.134364
robot_geom: robot0_base_collision
proxy_geom: scene_aabb_proxy_line_6_output_side_protrusion
judge_collision_detected:
robot_base_x: 10.513457
robot_base_y: -7.268628
robot_base_yaw: 3.134364
robot_geom: robot0_base_collision
proxy_geom: scene_aabb_proxy_output_6
judge_collision_detected:
robot_base_x: 10.513457
robot_base_y: -7.268628
robot_base_yaw: 3.134364
robot_geom: robot0_base_collision
proxy_geom: scene_aabb_proxy_production_line_6
judge_collision_detected:
robot_base_x: 10.513457
robot_base_y: -7.268628
robot_base_yaw: 3.134364
robot_geom: robot0_front_left_caster_2
proxy_geom: scene_aabb_proxy_line_6_output_side_protrusion
judge_collision_detected:
robot_base_x: 10.513457
robot_base_y: -7.268628
robot_base_yaw: 3.134364
robot_geom: robot0_front_right_caster_2
proxy_geom: scene_aabb_proxy_line_6_output_side_protrusion
judge_collision_detected:
robot_base_x: 10.513457
robot_base_y: -7.268628
robot_base_yaw: 3.134364
robot_geom: robot0_torso_fixed_collision_box_1
proxy_geom: scene_aabb_proxy_line_6_belt
judge_collision_detected:
robot_base_x: 10.513457
robot_base_y: -7.268628
robot_base_yaw: 3.134364
robot_geom: robot0_torso_fixed_collision_box_1
proxy_geom: scene_aabb_proxy_line_6_output_side_protrusion
judge_collision_detected:
robot_base_x: 10.513457
robot_base_y: -7.268628
robot_base_yaw: 3.134364
robot_geom: robot0_torso_fixed_collision_box_1
proxy_geom: scene_aabb_proxy_output_6
judge_collision_detected:
robot_base_x: 10.513457
robot_base_y: -7.268628
robot_base_yaw: 3.134364
robot_geom: robot0_torso_fixed_collision_box_1
proxy_geom: scene_aabb_proxy_production_line_6
judge_collision_detected:
robot_base_x: 10.513457
robot_base_y: -7.268628
robot_base_yaw: 3.134364
robot_geom: robot0_torso_fixed_column_collision
proxy_geom: scene_aabb_proxy_line_6_belt
judge_collision_detected:
robot_base_x: 10.513457
robot_base_y: -7.268628
robot_base_yaw: 3.134364
robot_geom: robot0_torso_fixed_column_collision
proxy_geom: scene_aabb_proxy_line_6_output_side_protrusion
judge_collision_detected:
robot_base_x: 10.513457
robot_base_y: -7.268628
robot_base_yaw: 3.134364
robot_geom: robot0_wheel_left_collision
proxy_geom: scene_aabb_proxy_line_6_output_side_protrusion
judge_collision_detected:
robot_base_x: 10.513457
robot_base_y: -7.268628
robot_base_yaw: 3.134364
robot_geom: robot0_wheel_right_collision
proxy_geom: scene_aabb_proxy_line_6_output_side_protrusion
judge_collision_detected:
robot_base_x: 10.513457
robot_base_y: -7.268628
robot_base_yaw: 3.134364
robot_geom: robot0_wheel_right_collision
proxy_geom: scene_aabb_proxy_production_line_6
judge_collision_detected:
robot_base_x: 10.510633
robot_base_y: -7.268906
robot_base_yaw: 3.134319
robot_geom: robot0_back_left_caster_2
proxy_geom: scene_aabb_proxy_line_6_belt
judge_collision_detected:
robot_base_x: 10.510633
robot_base_y: -7.268906
robot_base_yaw: 3.134319
robot_geom: robot0_back_left_caster_2
proxy_geom: scene_aabb_proxy_line_6_output_side_protrusion
judge_collision_detected:
robot_base_x: 10.510633
robot_base_y: -7.268906
robot_base_yaw: 3.134319
robot_geom: robot0_back_right_caster_2
proxy_geom: scene_aabb_proxy_line_6_belt
judge_collision_detected:
robot_base_x: 10.510633
robot_base_y: -7.268906
robot_base_yaw: 3.134319
robot_geom: robot0_back_right_caster_2
proxy_geom: scene_aabb_proxy_line_6_output_side_protrusion
judge_collision_detected:
robot_base_x: 10.510633
robot_base_y: -7.268906
robot_base_yaw: 3.134319
robot_geom: robot0_base_collision
proxy_geom: scene_aabb_proxy_line_6_belt
judge_collision_detected:
robot_base_x: 10.510633
robot_base_y: -7.268906
robot_base_yaw: 3.134319
robot_geom: robot0_base_collision
proxy_geom: scene_aabb_proxy_line_6_output_side_protrusion
judge_collision_detected:
robot_base_x: 10.510633
robot_base_y: -7.268906
robot_base_yaw: 3.134319
robot_geom: robot0_base_collision
proxy_geom: scene_aabb_proxy_output_6
judge_collision_detected:
robot_base_x: 10.510633
robot_base_y: -7.268906
robot_base_yaw: 3.134319
robot_geom: robot0_base_collision
proxy_geom: scene_aabb_proxy_production_line_6
judge_collision_detected:
robot_base_x: 10.510633
robot_base_y: -7.268906
robot_base_yaw: 3.134319
robot_geom: robot0_front_left_caster_2
proxy_geom: scene_aabb_proxy_line_6_output_side_protrusion
judge_collision_detected:
robot_base_x: 10.510633
robot_base_y: -7.268906
robot_base_yaw: 3.134319
robot_geom: robot0_front_right_caster_2
proxy_geom: scene_aabb_proxy_line_6_output_side_protrusion
judge_collision_detected:
robot_base_x: 10.510633
robot_base_y: -7.268906
robot_base_yaw: 3.134319
robot_geom: robot0_torso_fixed_collision_box_1
proxy_geom: scene_aabb_proxy_line_6_belt
judge_collision_detected:
robot_base_x: 10.510633
robot_base_y: -7.268906
robot_base_yaw: 3.134319
robot_geom: robot0_torso_fixed_collision_box_1
proxy_geom: scene_aabb_proxy_line_6_output_side_protrusion
judge_collision_detected:
robot_base_x: 10.510633
robot_base_y: -7.268906
robot_base_yaw: 3.134319
robot_geom: robot0_torso_fixed_collision_box_1
proxy_geom: scene_aabb_proxy_output_6
judge_collision_detected:
robot_base_x: 10.510633
robot_base_y: -7.268906
robot_base_yaw: 3.134319
robot_geom: robot0_torso_fixed_collision_box_1
proxy_geom: scene_aabb_proxy_production_line_6
judge_collision_detected:
robot_base_x: 10.510633
robot_base_y: -7.268906
robot_base_yaw: 3.134319
robot_geom: robot0_torso_fixed_column_collision
proxy_geom: scene_aabb_proxy_line_6_belt
judge_collision_detected:
robot_base_x: 10.510633
robot_base_y: -7.268906
robot_base_yaw: 3.134319
robot_geom: robot0_torso_fixed_column_collision
proxy_geom: scene_aabb_proxy_line_6_output_side_protrusion
judge_collision_detected:
robot_base_x: 10.510633
robot_base_y: -7.268906
robot_base_yaw: 3.134319
robot_geom: robot0_wheel_left_collision
proxy_geom: scene_aabb_proxy_line_6_output_side_protrusion
judge_collision_detected:
robot_base_x: 10.510633
robot_base_y: -7.268906
robot_base_yaw: 3.134319
robot_geom: robot0_wheel_right_collision
proxy_geom: scene_aabb_proxy_line_6_output_side_protrusion
judge_collision_detected:
robot_base_x: 10.510633
robot_base_y: -7.268906
robot_base_yaw: 3.134319
robot_geom: robot0_wheel_right_collision
proxy_geom: scene_aabb_proxy_production_line_6
judge_collision_detected:
robot_base_x: 10.507946
robot_base_y: -7.269187
robot_base_yaw: 3.134301
robot_geom: robot0_back_left_caster_2
proxy_geom: scene_aabb_proxy_line_6_belt
judge_collision_detected:
robot_base_x: 10.507946
robot_base_y: -7.269187
robot_base_yaw: 3.134301
robot_geom: robot0_back_left_caster_2
proxy_geom: scene_aabb_proxy_line_6_output_side_protrusion
judge_collision_detected:
robot_base_x: 10.507946
robot_base_y: -7.269187
robot_base_yaw: 3.134301
robot_geom: robot0_back_right_caster_2
proxy_geom: scene_aabb_proxy_line_6_belt
judge_collision_detected:
robot_base_x: 10.507946
robot_base_y: -7.269187
robot_base_yaw: 3.134301
robot_geom: robot0_back_right_caster_2
proxy_geom: scene_aabb_proxy_line_6_output_side_protrusion
judge_collision_detected:
robot_base_x: 10.507946
robot_base_y: -7.269187
robot_base_yaw: 3.134301
robot_geom: robot0_base_collision
proxy_geom: scene_aabb_proxy_line_6_belt
judge_collision_detected:
robot_base_x: 10.507946
robot_base_y: -7.269187
robot_base_yaw: 3.134301
robot_geom: robot0_base_collision
proxy_geom: scene_aabb_proxy_line_6_output_side_protrusion
judge_collision_detected:
robot_base_x: 10.507946
robot_base_y: -7.269187
robot_base_yaw: 3.134301
robot_geom: robot0_base_collision
proxy_geom: scene_aabb_proxy_output_6
judge_collision_detected:
robot_base_x: 10.507946
robot_base_y: -7.269187
robot_base_yaw: 3.134301
robot_geom: robot0_base_collision
proxy_geom: scene_aabb_proxy_production_line_6
judge_collision_detected:
robot_base_x: 10.507946
robot_base_y: -7.269187
robot_base_yaw: 3.134301
robot_geom: robot0_front_left_caster_2
proxy_geom: scene_aabb_proxy_line_6_output_side_protrusion
judge_collision_detected:
robot_base_x: 10.507946
robot_base_y: -7.269187
robot_base_yaw: 3.134301
robot_geom: robot0_front_right_caster_2
proxy_geom: scene_aabb_proxy_line_6_output_side_protrusion
judge_collision_detected:
robot_base_x: 10.507946
robot_base_y: -7.269187
robot_base_yaw: 3.134301
robot_geom: robot0_torso_fixed_collision_box_1
proxy_geom: scene_aabb_proxy_line_6_belt
judge_collision_detected:
robot_base_x: 10.507946
robot_base_y: -7.269187
robot_base_yaw: 3.134301
robot_geom: robot0_torso_fixed_collision_box_1
proxy_geom: scene_aabb_proxy_line_6_output_side_protrusion
judge_collision_detected:
robot_base_x: 10.507946
robot_base_y: -7.269187
robot_base_yaw: 3.134301
robot_geom: robot0_torso_fixed_collision_box_1
proxy_geom: scene_aabb_proxy_output_6
judge_collision_detected:
robot_base_x: 10.507946
robot_base_y: -7.269187
robot_base_yaw: 3.134301
robot_geom: robot0_torso_fixed_collision_box_1
proxy_geom: scene_aabb_proxy_production_line_6
judge_collision_detected:
robot_base_x: 10.507946
robot_base_y: -7.269187
robot_base_yaw: 3.134301
robot_geom: robot0_torso_fixed_column_collision
proxy_geom: scene_aabb_proxy_line_6_belt
judge_collision_detected:
robot_base_x: 10.507946
robot_base_y: -7.269187
robot_base_yaw: 3.134301
robot_geom: robot0_torso_fixed_column_collision
proxy_geom: scene_aabb_proxy_line_6_output_side_protrusion
judge_collision_detected:
robot_base_x: 10.507946
robot_base_y: -7.269187
robot_base_yaw: 3.134301
robot_geom: robot0_wheel_left_collision
proxy_geom: scene_aabb_proxy_line_6_output_side_protrusion
judge_collision_detected:
robot_base_x: 10.507946
robot_base_y: -7.269187
robot_base_yaw: 3.134301
robot_geom: robot0_wheel_right_collision
proxy_geom: scene_aabb_proxy_line_6_output_side_protrusion
judge_collision_detected:
robot_base_x: 10.507946
robot_base_y: -7.269187
robot_base_yaw: 3.134301
robot_geom: robot0_wheel_right_collision
proxy_geom: scene_aabb_proxy_production_line_6
judge_collision_detected:
robot_base_x: 10.505389
robot_base_y: -7.269483
robot_base_yaw: 3.134340
robot_geom: robot0_back_left_caster_2
proxy_geom: scene_aabb_proxy_line_6_belt
judge_collision_detected:
robot_base_x: 10.505389
robot_base_y: -7.269483
robot_base_yaw: 3.134340
robot_geom: robot0_back_left_caster_2
proxy_geom: scene_aabb_proxy_line_6_output_side_protrusion
judge_collision_detected:
robot_base_x: 10.505389
robot_base_y: -7.269483
robot_base_yaw: 3.134340
robot_geom: robot0_back_right_caster_2
proxy_geom: scene_aabb_proxy_line_6_belt
judge_collision_detected:
robot_base_x: 10.505389
robot_base_y: -7.269483
robot_base_yaw: 3.134340
robot_geom: robot0_back_right_caster_2
proxy_geom: scene_aabb_proxy_line_6_output_side_protrusion
judge_collision_detected:
robot_base_x: 10.505389
robot_base_y: -7.269483
robot_base_yaw: 3.134340
robot_geom: robot0_base_collision
proxy_geom: scene_aabb_proxy_line_6_belt
judge_collision_detected:
robot_base_x: 10.505389
robot_base_y: -7.269483
robot_base_yaw: 3.134340
robot_geom: robot0_base_collision
proxy_geom: scene_aabb_proxy_line_6_output_side_protrusion
judge_collision_detected:
robot_base_x: 10.505389
robot_base_y: -7.269483
robot_base_yaw: 3.134340
robot_geom: robot0_base_collision
proxy_geom: scene_aabb_proxy_output_6
judge_collision_detected:
robot_base_x: 10.505389
robot_base_y: -7.269483
robot_base_yaw: 3.134340
robot_geom: robot0_base_collision
proxy_geom: scene_aabb_proxy_production_line_6
judge_collision_detected:
robot_base_x: 10.505389
robot_base_y: -7.269483
robot_base_yaw: 3.134340
robot_geom: robot0_front_left_caster_2
proxy_geom: scene_aabb_proxy_line_6_output_side_protrusion
judge_collision_detected:
robot_base_x: 10.505389
robot_base_y: -7.269483
robot_base_yaw: 3.134340
robot_geom: robot0_front_right_caster_2
proxy_geom: scene_aabb_proxy_line_6_output_side_protrusion
judge_collision_detected:
robot_base_x: 10.505389
robot_base_y: -7.269483
robot_base_yaw: 3.134340
robot_geom: robot0_torso_fixed_collision_box_1
proxy_geom: scene_aabb_proxy_line_6_belt
judge_collision_detected:
robot_base_x: 10.505389
robot_base_y: -7.269483
robot_base_yaw: 3.134340
robot_geom: robot0_torso_fixed_collision_box_1
proxy_geom: scene_aabb_proxy_line_6_output_side_protrusion
judge_collision_detected:
robot_base_x: 10.505389
robot_base_y: -7.269483
robot_base_yaw: 3.134340
robot_geom: robot0_torso_fixed_collision_box_1
proxy_geom: scene_aabb_proxy_output_6
judge_collision_detected:
robot_base_x: 10.505389
robot_base_y: -7.269483
robot_base_yaw: 3.134340
robot_geom: robot0_torso_fixed_collision_box_1
proxy_geom: scene_aabb_proxy_production_line_6
judge_collision_detected:
robot_base_x: 10.505389
robot_base_y: -7.269483
robot_base_yaw: 3.134340
robot_geom: robot0_torso_fixed_column_collision
proxy_geom: scene_aabb_proxy_line_6_belt
judge_collision_detected:
robot_base_x: 10.505389
robot_base_y: -7.269483
robot_base_yaw: 3.134340
robot_geom: robot0_torso_fixed_column_collision
proxy_geom: scene_aabb_proxy_line_6_output_side_protrusion
judge_collision_detected:
robot_base_x: 10.505389
robot_base_y: -7.269483
robot_base_yaw: 3.134340
robot_geom: robot0_wheel_left_collision
proxy_geom: scene_aabb_proxy_line_6_output_side_protrusion
judge_collision_detected:
robot_base_x: 10.505389
robot_base_y: -7.269483
robot_base_yaw: 3.134340
robot_geom: robot0_wheel_right_collision
proxy_geom: scene_aabb_proxy_line_6_output_side_protrusion
judge_collision_detected:
robot_base_x: 10.505389
robot_base_y: -7.269483
robot_base_yaw: 3.134340
robot_geom: robot0_wheel_right_collision
proxy_geom: scene_aabb_proxy_production_line_6
judge_collision_detected:
robot_base_x: 10.502941
robot_base_y: -7.269781
robot_base_yaw: 3.134399
robot_geom: robot0_back_left_caster_2
proxy_geom: scene_aabb_proxy_line_6_belt
judge_collision_detected:
robot_base_x: 10.502941
robot_base_y: -7.269781
robot_base_yaw: 3.134399
robot_geom: robot0_back_left_caster_2
proxy_geom: scene_aabb_proxy_line_6_output_side_protrusion
judge_collision_detected:
robot_base_x: 10.502941
robot_base_y: -7.269781
robot_base_yaw: 3.134399
robot_geom: robot0_back_right_caster_2
proxy_geom: scene_aabb_proxy_line_6_belt
judge_collision_detected:
robot_base_x: 10.502941
robot_base_y: -7.269781
robot_base_yaw: 3.134399
robot_geom: robot0_back_right_caster_2
proxy_geom: scene_aabb_proxy_line_6_output_side_protrusion
judge_collision_detected:
robot_base_x: 10.502941
robot_base_y: -7.269781
robot_base_yaw: 3.134399
robot_geom: robot0_base_collision
proxy_geom: scene_aabb_proxy_line_6_belt
judge_collision_detected:
robot_base_x: 10.502941
robot_base_y: -7.269781
robot_base_yaw: 3.134399
robot_geom: robot0_base_collision
proxy_geom: scene_aabb_proxy_line_6_output_side_protrusion
judge_collision_detected:
robot_base_x: 10.502941
robot_base_y: -7.269781
robot_base_yaw: 3.134399
robot_geom: robot0_base_collision
proxy_geom: scene_aabb_proxy_output_6
judge_collision_detected:
robot_base_x: 10.502941
robot_base_y: -7.269781
robot_base_yaw: 3.134399
robot_geom: robot0_base_collision
proxy_geom: scene_aabb_proxy_production_line_6
judge_collision_detected:
robot_base_x: 10.502941
robot_base_y: -7.269781
robot_base_yaw: 3.134399
robot_geom: robot0_torso_fixed_collision_box_1
proxy_geom: scene_aabb_proxy_line_6_belt
judge_collision_detected:
robot_base_x: 10.502941
robot_base_y: -7.269781
robot_base_yaw: 3.134399
robot_geom: robot0_torso_fixed_collision_box_1
proxy_geom: scene_aabb_proxy_line_6_output_side_protrusion
judge_collision_detected:
robot_base_x: 10.502941
robot_base_y: -7.269781
robot_base_yaw: 3.134399
robot_geom: robot0_torso_fixed_collision_box_1
proxy_geom: scene_aabb_proxy_output_6
judge_collision_detected:
robot_base_x: 10.502941
robot_base_y: -7.269781
robot_base_yaw: 3.134399
robot_geom: robot0_torso_fixed_collision_box_1
proxy_geom: scene_aabb_proxy_production_line_6
judge_collision_detected:
robot_base_x: 10.502941
robot_base_y: -7.269781
robot_base_yaw: 3.134399
robot_geom: robot0_torso_fixed_column_collision
proxy_geom: scene_aabb_proxy_line_6_belt
judge_collision_detected:
robot_base_x: 10.502941
robot_base_y: -7.269781
robot_base_yaw: 3.134399
robot_geom: robot0_torso_fixed_column_collision
proxy_geom: scene_aabb_proxy_line_6_output_side_protrusion
judge_collision_detected:
robot_base_x: 10.502941
robot_base_y: -7.269781
robot_base_yaw: 3.134399
robot_geom: robot0_wheel_left_collision
proxy_geom: scene_aabb_proxy_line_6_output_side_protrusion
judge_collision_detected:
robot_base_x: 10.502941
robot_base_y: -7.269781
robot_base_yaw: 3.134399
robot_geom: robot0_wheel_right_collision
proxy_geom: scene_aabb_proxy_line_6_output_side_protrusion
judge_collision_detected:
robot_base_x: 10.502941
robot_base_y: -7.269781
robot_base_yaw: 3.134399
robot_geom: robot0_wheel_right_collision
proxy_geom: scene_aabb_proxy_production_line_6
judge_collision_detected:
robot_base_x: 10.500589
robot_base_y: -7.270077
robot_base_yaw: 3.134460
robot_geom: robot0_back_left_caster_2
proxy_geom: scene_aabb_proxy_line_6_belt
judge_collision_detected:
robot_base_x: 10.500589
robot_base_y: -7.270077
robot_base_yaw: 3.134460
robot_geom: robot0_back_left_caster_2
proxy_geom: scene_aabb_proxy_line_6_output_side_protrusion
judge_collision_detected:
robot_base_x: 10.500589
robot_base_y: -7.270077
robot_base_yaw: 3.134460
robot_geom: robot0_back_right_caster_2
proxy_geom: scene_aabb_proxy_line_6_belt
judge_collision_detected:
robot_base_x: 10.500589
robot_base_y: -7.270077
robot_base_yaw: 3.134460
robot_geom: robot0_back_right_caster_2
proxy_geom: scene_aabb_proxy_line_6_output_side_protrusion
judge_collision_detected:
robot_base_x: 10.500589
robot_base_y: -7.270077
robot_base_yaw: 3.134460
robot_geom: robot0_base_collision
proxy_geom: scene_aabb_proxy_line_6_belt
judge_collision_detected:
robot_base_x: 10.500589
robot_base_y: -7.270077
robot_base_yaw: 3.134460
robot_geom: robot0_base_collision
proxy_geom: scene_aabb_proxy_line_6_output_side_protrusion
judge_collision_detected:
robot_base_x: 10.500589
robot_base_y: -7.270077
robot_base_yaw: 3.134460
robot_geom: robot0_base_collision
proxy_geom: scene_aabb_proxy_output_6
judge_collision_detected:
robot_base_x: 10.500589
robot_base_y: -7.270077
robot_base_yaw: 3.134460
robot_geom: robot0_base_collision
proxy_geom: scene_aabb_proxy_production_line_6
judge_collision_detected:
robot_base_x: 10.500589
robot_base_y: -7.270077
robot_base_yaw: 3.134460
robot_geom: robot0_torso_fixed_collision_box_1
proxy_geom: scene_aabb_proxy_line_6_belt
judge_collision_detected:
robot_base_x: 10.500589
robot_base_y: -7.270077
robot_base_yaw: 3.134460
robot_geom: robot0_torso_fixed_collision_box_1
proxy_geom: scene_aabb_proxy_line_6_output_side_protrusion
judge_collision_detected:
robot_base_x: 10.500589
robot_base_y: -7.270077
robot_base_yaw: 3.134460
robot_geom: robot0_torso_fixed_collision_box_1
proxy_geom: scene_aabb_proxy_output_6
judge_collision_detected:
robot_base_x: 10.500589
robot_base_y: -7.270077
robot_base_yaw: 3.134460
robot_geom: robot0_torso_fixed_collision_box_1
proxy_geom: scene_aabb_proxy_production_line_6
judge_collision_detected:
robot_base_x: 10.500589
robot_base_y: -7.270077
robot_base_yaw: 3.134460
robot_geom: robot0_torso_fixed_column_collision
proxy_geom: scene_aabb_proxy_line_6_belt
judge_collision_detected:
robot_base_x: 10.500589
robot_base_y: -7.270077
robot_base_yaw: 3.134460
robot_geom: robot0_torso_fixed_column_collision
proxy_geom: scene_aabb_proxy_line_6_output_side_protrusion
judge_collision_detected:
robot_base_x: 10.500589
robot_base_y: -7.270077
robot_base_yaw: 3.134460
robot_geom: robot0_wheel_left_collision
proxy_geom: scene_aabb_proxy_line_6_output_side_protrusion
judge_collision_detected:
robot_base_x: 10.500589
robot_base_y: -7.270077
robot_base_yaw: 3.134460
robot_geom: robot0_wheel_right_collision
proxy_geom: scene_aabb_proxy_line_6_output_side_protrusion
judge_collision_detected:
robot_base_x: 10.500589
robot_base_y: -7.270077
robot_base_yaw: 3.134460
robot_geom: robot0_wheel_right_collision
proxy_geom: scene_aabb_proxy_production_line_6
judge_collision_detected:
robot_base_x: 10.498344
robot_base_y: -7.270365
robot_base_yaw: 3.134485
robot_geom: robot0_back_left_caster_2
proxy_geom: scene_aabb_proxy_line_6_belt
judge_collision_detected:
robot_base_x: 10.498344
robot_base_y: -7.270365
robot_base_yaw: 3.134485
robot_geom: robot0_back_left_caster_2
proxy_geom: scene_aabb_proxy_line_6_output_side_protrusion
judge_collision_detected:
robot_base_x: 10.498344
robot_base_y: -7.270365
robot_base_yaw: 3.134485
robot_geom: robot0_back_right_caster_2
proxy_geom: scene_aabb_proxy_line_6_belt
judge_collision_detected:
robot_base_x: 10.498344
robot_base_y: -7.270365
robot_base_yaw: 3.134485
robot_geom: robot0_back_right_caster_2
proxy_geom: scene_aabb_proxy_line_6_output_side_protrusion
judge_collision_detected:
robot_base_x: 10.498344
robot_base_y: -7.270365
robot_base_yaw: 3.134485
robot_geom: robot0_base_collision
proxy_geom: scene_aabb_proxy_line_6_belt
judge_collision_detected:
robot_base_x: 10.498344
robot_base_y: -7.270365
robot_base_yaw: 3.134485
robot_geom: robot0_base_collision
proxy_geom: scene_aabb_proxy_line_6_output_side_protrusion
judge_collision_detected:
robot_base_x: 10.498344
robot_base_y: -7.270365
robot_base_yaw: 3.134485
robot_geom: robot0_base_collision
proxy_geom: scene_aabb_proxy_output_6
judge_collision_detected:
robot_base_x: 10.498344
robot_base_y: -7.270365
robot_base_yaw: 3.134485
robot_geom: robot0_base_collision
proxy_geom: scene_aabb_proxy_production_line_6
judge_collision_detected:
robot_base_x: 10.498344
robot_base_y: -7.270365
robot_base_yaw: 3.134485
robot_geom: robot0_torso_fixed_collision_box_1
proxy_geom: scene_aabb_proxy_line_6_belt
judge_collision_detected:
robot_base_x: 10.498344
robot_base_y: -7.270365
robot_base_yaw: 3.134485
robot_geom: robot0_torso_fixed_collision_box_1
proxy_geom: scene_aabb_proxy_line_6_output_side_protrusion
judge_collision_detected:
robot_base_x: 10.498344
robot_base_y: -7.270365
robot_base_yaw: 3.134485
robot_geom: robot0_torso_fixed_collision_box_1
proxy_geom: scene_aabb_proxy_output_6
judge_collision_detected:
robot_base_x: 10.498344
robot_base_y: -7.270365
robot_base_yaw: 3.134485
robot_geom: robot0_torso_fixed_collision_box_1
proxy_geom: scene_aabb_proxy_production_line_6
judge_collision_detected:
robot_base_x: 10.498344
robot_base_y: -7.270365
robot_base_yaw: 3.134485
robot_geom: robot0_torso_fixed_column_collision
proxy_geom: scene_aabb_proxy_line_6_belt
judge_collision_detected:
robot_base_x: 10.498344
robot_base_y: -7.270365
robot_base_yaw: 3.134485
robot_geom: robot0_torso_fixed_column_collision
proxy_geom: scene_aabb_proxy_line_6_output_side_protrusion
judge_collision_detected:
robot_base_x: 10.498344
robot_base_y: -7.270365
robot_base_yaw: 3.134485
robot_geom: robot0_wheel_left_collision
proxy_geom: scene_aabb_proxy_line_6_output_side_protrusion
judge_collision_detected:
robot_base_x: 10.498344
robot_base_y: -7.270365
robot_base_yaw: 3.134485
robot_geom: robot0_wheel_right_collision
proxy_geom: scene_aabb_proxy_line_6_output_side_protrusion
judge_collision_detected:
robot_base_x: 10.498344
robot_base_y: -7.270365
robot_base_yaw: 3.134485
robot_geom: robot0_wheel_right_collision
proxy_geom: scene_aabb_proxy_production_line_6
judge_collision_detected:
robot_base_x: 10.496228
robot_base_y: -7.270641
robot_base_yaw: 3.134446
robot_geom: robot0_back_left_caster_2
proxy_geom: scene_aabb_proxy_line_6_belt
judge_collision_detected:
robot_base_x: 10.496228
robot_base_y: -7.270641
robot_base_yaw: 3.134446
robot_geom: robot0_back_left_caster_2
proxy_geom: scene_aabb_proxy_line_6_output_side_protrusion
judge_collision_detected:
robot_base_x: 10.496228
robot_base_y: -7.270641
robot_base_yaw: 3.134446
robot_geom: robot0_back_right_caster_2
proxy_geom: scene_aabb_proxy_line_6_belt
judge_collision_detected:
robot_base_x: 10.496228
robot_base_y: -7.270641
robot_base_yaw: 3.134446
robot_geom: robot0_back_right_caster_2
proxy_geom: scene_aabb_proxy_line_6_output_side_protrusion
judge_collision_detected:
robot_base_x: 10.496228
robot_base_y: -7.270641
robot_base_yaw: 3.134446
robot_geom: robot0_base_collision
proxy_geom: scene_aabb_proxy_line_6_belt
judge_collision_detected:
robot_base_x: 10.496228
robot_base_y: -7.270641
robot_base_yaw: 3.134446
robot_geom: robot0_base_collision
proxy_geom: scene_aabb_proxy_line_6_output_side_protrusion
judge_collision_detected:
robot_base_x: 10.496228
robot_base_y: -7.270641
robot_base_yaw: 3.134446
robot_geom: robot0_base_collision
proxy_geom: scene_aabb_proxy_output_6
judge_collision_detected:
robot_base_x: 10.496228
robot_base_y: -7.270641
robot_base_yaw: 3.134446
robot_geom: robot0_base_collision
proxy_geom: scene_aabb_proxy_production_line_6
judge_collision_detected:
robot_base_x: 10.496228
robot_base_y: -7.270641
robot_base_yaw: 3.134446
robot_geom: robot0_torso_fixed_collision_box_1
proxy_geom: scene_aabb_proxy_line_6_belt
judge_collision_detected:
robot_base_x: 10.496228
robot_base_y: -7.270641
robot_base_yaw: 3.134446
robot_geom: robot0_torso_fixed_collision_box_1
proxy_geom: scene_aabb_proxy_line_6_output_side_protrusion
judge_collision_detected:
robot_base_x: 10.496228
robot_base_y: -7.270641
robot_base_yaw: 3.134446
robot_geom: robot0_torso_fixed_collision_box_1
proxy_geom: scene_aabb_proxy_output_6
judge_collision_detected:
robot_base_x: 10.496228
robot_base_y: -7.270641
robot_base_yaw: 3.134446
robot_geom: robot0_torso_fixed_collision_box_1
proxy_geom: scene_aabb_proxy_production_line_6
judge_collision_detected:
robot_base_x: 10.496228
robot_base_y: -7.270641
robot_base_yaw: 3.134446
robot_geom: robot0_torso_fixed_column_collision
proxy_geom: scene_aabb_proxy_line_6_belt
judge_collision_detected:
robot_base_x: 10.496228
robot_base_y: -7.270641
robot_base_yaw: 3.134446
robot_geom: robot0_torso_fixed_column_collision
proxy_geom: scene_aabb_proxy_line_6_output_side_protrusion
judge_collision_detected:
robot_base_x: 10.496228
robot_base_y: -7.270641
robot_base_yaw: 3.134446
robot_geom: robot0_wheel_left_collision
proxy_geom: scene_aabb_proxy_line_6_output_side_protrusion
judge_collision_detected:
robot_base_x: 10.496228
robot_base_y: -7.270641
robot_base_yaw: 3.134446
robot_geom: robot0_wheel_right_collision
proxy_geom: scene_aabb_proxy_line_6_output_side_protrusion
judge_collision_detected:
robot_base_x: 10.496228
robot_base_y: -7.270641
robot_base_yaw: 3.134446
robot_geom: robot0_wheel_right_collision
proxy_geom: scene_aabb_proxy_production_line_6
judge_collision_detected:
robot_base_x: 10.494193
robot_base_y: -7.270914
robot_base_yaw: 3.134395
robot_geom: robot0_back_left_caster_2
proxy_geom: scene_aabb_proxy_line_6_belt
judge_collision_detected:
robot_base_x: 10.494193
robot_base_y: -7.270914
robot_base_yaw: 3.134395
robot_geom: robot0_back_left_caster_2
proxy_geom: scene_aabb_proxy_line_6_output_side_protrusion
judge_collision_detected:
robot_base_x: 10.494193
robot_base_y: -7.270914
robot_base_yaw: 3.134395
robot_geom: robot0_back_right_caster_2
proxy_geom: scene_aabb_proxy_line_6_belt
judge_collision_detected:
robot_base_x: 10.494193
robot_base_y: -7.270914
robot_base_yaw: 3.134395
robot_geom: robot0_back_right_caster_2
proxy_geom: scene_aabb_proxy_line_6_output_side_protrusion
judge_collision_detected:
robot_base_x: 10.494193
robot_base_y: -7.270914
robot_base_yaw: 3.134395
robot_geom: robot0_base_collision
proxy_geom: scene_aabb_proxy_line_6_belt
judge_collision_detected:
robot_base_x: 10.494193
robot_base_y: -7.270914
robot_base_yaw: 3.134395
robot_geom: robot0_base_collision
proxy_geom: scene_aabb_proxy_line_6_output_side_protrusion
judge_collision_detected:
robot_base_x: 10.494193
robot_base_y: -7.270914
robot_base_yaw: 3.134395
robot_geom: robot0_base_collision
proxy_geom: scene_aabb_proxy_output_6
judge_collision_detected:
robot_base_x: 10.494193
robot_base_y: -7.270914
robot_base_yaw: 3.134395
robot_geom: robot0_base_collision
proxy_geom: scene_aabb_proxy_production_line_6
judge_collision_detected:
robot_base_x: 10.494193
robot_base_y: -7.270914
robot_base_yaw: 3.134395
robot_geom: robot0_torso_fixed_collision_box_1
proxy_geom: scene_aabb_proxy_line_6_belt
judge_collision_detected:
robot_base_x: 10.494193
robot_base_y: -7.270914
robot_base_yaw: 3.134395
robot_geom: robot0_torso_fixed_collision_box_1
proxy_geom: scene_aabb_proxy_line_6_output_side_protrusion
judge_collision_detected:
robot_base_x: 10.494193
robot_base_y: -7.270914
robot_base_yaw: 3.134395
robot_geom: robot0_torso_fixed_collision_box_1
proxy_geom: scene_aabb_proxy_output_6
judge_collision_detected:
robot_base_x: 10.494193
robot_base_y: -7.270914
robot_base_yaw: 3.134395
robot_geom: robot0_torso_fixed_collision_box_1
proxy_geom: scene_aabb_proxy_production_line_6
judge_collision_detected:
robot_base_x: 10.494193
robot_base_y: -7.270914
robot_base_yaw: 3.134395
robot_geom: robot0_torso_fixed_column_collision
proxy_geom: scene_aabb_proxy_line_6_belt
judge_collision_detected:
robot_base_x: 10.494193
robot_base_y: -7.270914
robot_base_yaw: 3.134395
robot_geom: robot0_torso_fixed_column_collision
proxy_geom: scene_aabb_proxy_line_6_output_side_protrusion
judge_collision_detected:
robot_base_x: 10.494193
robot_base_y: -7.270914
robot_base_yaw: 3.134395
robot_geom: robot0_wheel_left_collision
proxy_geom: scene_aabb_proxy_line_6_output_side_protrusion
judge_collision_detected:
robot_base_x: 10.494193
robot_base_y: -7.270914
robot_base_yaw: 3.134395
robot_geom: robot0_wheel_right_collision
proxy_geom: scene_aabb_proxy_line_6_output_side_protrusion
judge_collision_detected:
robot_base_x: 10.494193
robot_base_y: -7.270914
robot_base_yaw: 3.134395
robot_geom: robot0_wheel_right_collision
proxy_geom: scene_aabb_proxy_production_line_6
judge_collision_detected:
robot_base_x: 10.492235
robot_base_y: -7.271183
robot_base_yaw: 3.134353
robot_geom: robot0_back_left_caster_2
proxy_geom: scene_aabb_proxy_line_6_belt
judge_collision_detected:
robot_base_x: 10.492235
robot_base_y: -7.271183
robot_base_yaw: 3.134353
robot_geom: robot0_back_left_caster_2
proxy_geom: scene_aabb_proxy_line_6_output_side_protrusion
judge_collision_detected:
robot_base_x: 10.492235
robot_base_y: -7.271183
robot_base_yaw: 3.134353
robot_geom: robot0_back_right_caster_2
proxy_geom: scene_aabb_proxy_line_6_belt
judge_collision_detected:
robot_base_x: 10.492235
robot_base_y: -7.271183
robot_base_yaw: 3.134353
robot_geom: robot0_back_right_caster_2
proxy_geom: scene_aabb_proxy_line_6_output_side_protrusion
judge_collision_detected:
robot_base_x: 10.492235
robot_base_y: -7.271183
robot_base_yaw: 3.134353
robot_geom: robot0_base_collision
proxy_geom: scene_aabb_proxy_line_6_belt
judge_collision_detected:
robot_base_x: 10.492235
robot_base_y: -7.271183
robot_base_yaw: 3.134353
robot_geom: robot0_base_collision
proxy_geom: scene_aabb_proxy_line_6_output_side_protrusion
judge_collision_detected:
robot_base_x: 10.492235
robot_base_y: -7.271183
robot_base_yaw: 3.134353
robot_geom: robot0_base_collision
proxy_geom: scene_aabb_proxy_output_6
judge_collision_detected:
robot_base_x: 10.492235
robot_base_y: -7.271183
robot_base_yaw: 3.134353
robot_geom: robot0_base_collision
proxy_geom: scene_aabb_proxy_production_line_6
judge_collision_detected:
robot_base_x: 10.492235
robot_base_y: -7.271183
robot_base_yaw: 3.134353
robot_geom: robot0_torso_fixed_collision_box_1
proxy_geom: scene_aabb_proxy_line_6_belt
judge_collision_detected:
robot_base_x: 10.492235
robot_base_y: -7.271183
robot_base_yaw: 3.134353
robot_geom: robot0_torso_fixed_collision_box_1
proxy_geom: scene_aabb_proxy_line_6_output_side_protrusion
judge_collision_detected:
robot_base_x: 10.492235
robot_base_y: -7.271183
robot_base_yaw: 3.134353
robot_geom: robot0_torso_fixed_collision_box_1
proxy_geom: scene_aabb_proxy_output_6
judge_collision_detected:
robot_base_x: 10.492235
robot_base_y: -7.271183
robot_base_yaw: 3.134353
robot_geom: robot0_torso_fixed_collision_box_1
proxy_geom: scene_aabb_proxy_production_line_6
judge_collision_detected:
robot_base_x: 10.492235
robot_base_y: -7.271183
robot_base_yaw: 3.134353
robot_geom: robot0_torso_fixed_column_collision
proxy_geom: scene_aabb_proxy_line_6_belt
judge_collision_detected:
robot_base_x: 10.492235
robot_base_y: -7.271183
robot_base_yaw: 3.134353
robot_geom: robot0_torso_fixed_column_collision
proxy_geom: scene_aabb_proxy_line_6_output_side_protrusion
judge_collision_detected:
robot_base_x: 10.492235
robot_base_y: -7.271183
robot_base_yaw: 3.134353
robot_geom: robot0_wheel_left_collision
proxy_geom: scene_aabb_proxy_line_6_output_side_protrusion
judge_collision_detected:
robot_base_x: 10.492235
robot_base_y: -7.271183
robot_base_yaw: 3.134353
robot_geom: robot0_wheel_right_collision
proxy_geom: scene_aabb_proxy_line_6_output_side_protrusion
judge_collision_detected:
robot_base_x: 10.492235
robot_base_y: -7.271183
robot_base_yaw: 3.134353
robot_geom: robot0_wheel_right_collision
proxy_geom: scene_aabb_proxy_production_line_6
judge_collision_detected:
robot_base_x: 10.490271
robot_base_y: -7.271454
robot_base_yaw: 3.134321
robot_geom: robot0_back_left_caster_2
proxy_geom: scene_aabb_proxy_line_6_belt
judge_collision_detected:
robot_base_x: 10.490271
robot_base_y: -7.271454
robot_base_yaw: 3.134321
robot_geom: robot0_back_left_caster_2
proxy_geom: scene_aabb_proxy_line_6_output_side_protrusion
judge_collision_detected:
robot_base_x: 10.490271
robot_base_y: -7.271454
robot_base_yaw: 3.134321
robot_geom: robot0_back_right_caster_2
proxy_geom: scene_aabb_proxy_line_6_belt
judge_collision_detected:
robot_base_x: 10.490271
robot_base_y: -7.271454
robot_base_yaw: 3.134321
robot_geom: robot0_back_right_caster_2
proxy_geom: scene_aabb_proxy_line_6_output_side_protrusion
judge_collision_detected:
robot_base_x: 10.490271
robot_base_y: -7.271454
robot_base_yaw: 3.134321
robot_geom: robot0_base_collision
proxy_geom: scene_aabb_proxy_line_6_belt
judge_collision_detected:
robot_base_x: 10.490271
robot_base_y: -7.271454
robot_base_yaw: 3.134321
robot_geom: robot0_base_collision
proxy_geom: scene_aabb_proxy_line_6_output_side_protrusion
judge_collision_detected:
robot_base_x: 10.490271
robot_base_y: -7.271454
robot_base_yaw: 3.134321
robot_geom: robot0_base_collision
proxy_geom: scene_aabb_proxy_output_6
judge_collision_detected:
robot_base_x: 10.490271
robot_base_y: -7.271454
robot_base_yaw: 3.134321
robot_geom: robot0_base_collision
proxy_geom: scene_aabb_proxy_production_line_6
judge_collision_detected:
robot_base_x: 10.490271
robot_base_y: -7.271454
robot_base_yaw: 3.134321
robot_geom: robot0_torso_fixed_collision_box_1
proxy_geom: scene_aabb_proxy_line_6_belt
judge_collision_detected:
robot_base_x: 10.490271
robot_base_y: -7.271454
robot_base_yaw: 3.134321
robot_geom: robot0_torso_fixed_collision_box_1
proxy_geom: scene_aabb_proxy_line_6_output_side_protrusion
judge_collision_detected:
robot_base_x: 10.490271
robot_base_y: -7.271454
robot_base_yaw: 3.134321
robot_geom: robot0_torso_fixed_collision_box_1
proxy_geom: scene_aabb_proxy_output_6
judge_collision_detected:
robot_base_x: 10.490271
robot_base_y: -7.271454
robot_base_yaw: 3.134321
robot_geom: robot0_torso_fixed_collision_box_1
proxy_geom: scene_aabb_proxy_production_line_6
judge_collision_detected:
robot_base_x: 10.490271
robot_base_y: -7.271454
robot_base_yaw: 3.134321
robot_geom: robot0_torso_fixed_column_collision
proxy_geom: scene_aabb_proxy_line_6_belt
judge_collision_detected:
robot_base_x: 10.490271
robot_base_y: -7.271454
robot_base_yaw: 3.134321
robot_geom: robot0_torso_fixed_column_collision
proxy_geom: scene_aabb_proxy_line_6_output_side_protrusion
judge_collision_detected:
robot_base_x: 10.490271
robot_base_y: -7.271454
robot_base_yaw: 3.134321
robot_geom: robot0_wheel_left_collision
proxy_geom: scene_aabb_proxy_line_6_output_side_protrusion
judge_collision_detected:
robot_base_x: 10.490271
robot_base_y: -7.271454
robot_base_yaw: 3.134321
robot_geom: robot0_wheel_right_collision
proxy_geom: scene_aabb_proxy_line_6_output_side_protrusion
judge_collision_detected:
robot_base_x: 10.490271
robot_base_y: -7.271454
robot_base_yaw: 3.134321
robot_geom: robot0_wheel_right_collision
proxy_geom: scene_aabb_proxy_production_line_6
judge_collision_detected:
robot_base_x: 10.488170
robot_base_y: -7.271722
robot_base_yaw: 3.134282
robot_geom: robot0_back_left_caster_2
proxy_geom: scene_aabb_proxy_line_6_belt
judge_collision_detected:
robot_base_x: 10.488170
robot_base_y: -7.271722
robot_base_yaw: 3.134282
robot_geom: robot0_back_left_caster_2
proxy_geom: scene_aabb_proxy_line_6_output_side_protrusion
judge_collision_detected:
robot_base_x: 10.488170
robot_base_y: -7.271722
robot_base_yaw: 3.134282
robot_geom: robot0_back_right_caster_2
proxy_geom: scene_aabb_proxy_line_6_belt
judge_collision_detected:
robot_base_x: 10.488170
robot_base_y: -7.271722
robot_base_yaw: 3.134282
robot_geom: robot0_back_right_caster_2
proxy_geom: scene_aabb_proxy_line_6_output_side_protrusion
judge_collision_detected:
robot_base_x: 10.488170
robot_base_y: -7.271722
robot_base_yaw: 3.134282
robot_geom: robot0_base_collision
proxy_geom: scene_aabb_proxy_line_6_belt
judge_collision_detected:
robot_base_x: 10.488170
robot_base_y: -7.271722
robot_base_yaw: 3.134282
robot_geom: robot0_base_collision
proxy_geom: scene_aabb_proxy_line_6_output_side_protrusion
judge_collision_detected:
robot_base_x: 10.488170
robot_base_y: -7.271722
robot_base_yaw: 3.134282
robot_geom: robot0_base_collision
proxy_geom: scene_aabb_proxy_output_6
judge_collision_detected:
robot_base_x: 10.488170
robot_base_y: -7.271722
robot_base_yaw: 3.134282
robot_geom: robot0_base_collision
proxy_geom: scene_aabb_proxy_production_line_6
judge_collision_detected:
robot_base_x: 10.488170
robot_base_y: -7.271722
robot_base_yaw: 3.134282
robot_geom: robot0_torso_fixed_collision_box_1
proxy_geom: scene_aabb_proxy_line_6_belt
judge_collision_detected:
robot_base_x: 10.488170
robot_base_y: -7.271722
robot_base_yaw: 3.134282
robot_geom: robot0_torso_fixed_collision_box_1
proxy_geom: scene_aabb_proxy_line_6_output_side_protrusion
judge_collision_detected:
robot_base_x: 10.488170
robot_base_y: -7.271722
robot_base_yaw: 3.134282
robot_geom: robot0_torso_fixed_collision_box_1
proxy_geom: scene_aabb_proxy_output_6
judge_collision_detected:
robot_base_x: 10.488170
robot_base_y: -7.271722
robot_base_yaw: 3.134282
robot_geom: robot0_torso_fixed_collision_box_1
proxy_geom: scene_aabb_proxy_production_line_6
judge_collision_detected:
robot_base_x: 10.488170
robot_base_y: -7.271722
robot_base_yaw: 3.134282
robot_geom: robot0_torso_fixed_column_collision
proxy_geom: scene_aabb_proxy_line_6_belt
judge_collision_detected:
robot_base_x: 10.488170
robot_base_y: -7.271722
robot_base_yaw: 3.134282
robot_geom: robot0_torso_fixed_column_collision
proxy_geom: scene_aabb_proxy_line_6_output_side_protrusion
judge_collision_detected:
robot_base_x: 10.488170
robot_base_y: -7.271722
robot_base_yaw: 3.134282
robot_geom: robot0_wheel_left_collision
proxy_geom: scene_aabb_proxy_line_6_output_side_protrusion
judge_collision_detected:
robot_base_x: 10.488170
robot_base_y: -7.271722
robot_base_yaw: 3.134282
robot_geom: robot0_wheel_right_collision
proxy_geom: scene_aabb_proxy_line_6_output_side_protrusion
judge_collision_detected:
robot_base_x: 10.488170
robot_base_y: -7.271722
robot_base_yaw: 3.134282
robot_geom: robot0_wheel_right_collision
proxy_geom: scene_aabb_proxy_production_line_6
judge_collision_detected:
robot_base_x: 10.486083
robot_base_y: -7.271986
robot_base_yaw: 3.134223
robot_geom: robot0_back_left_caster_2
proxy_geom: scene_aabb_proxy_line_6_belt
judge_collision_detected:
robot_base_x: 10.486083
robot_base_y: -7.271986
robot_base_yaw: 3.134223
robot_geom: robot0_back_left_caster_2
proxy_geom: scene_aabb_proxy_line_6_output_side_protrusion
judge_collision_detected:
robot_base_x: 10.486083
robot_base_y: -7.271986
robot_base_yaw: 3.134223
robot_geom: robot0_back_right_caster_2
proxy_geom: scene_aabb_proxy_line_6_belt
judge_collision_detected:
robot_base_x: 10.486083
robot_base_y: -7.271986
robot_base_yaw: 3.134223
robot_geom: robot0_back_right_caster_2
proxy_geom: scene_aabb_proxy_line_6_output_side_protrusion
judge_collision_detected:
robot_base_x: 10.486083
robot_base_y: -7.271986
robot_base_yaw: 3.134223
robot_geom: robot0_base_collision
proxy_geom: scene_aabb_proxy_line_6_belt
judge_collision_detected:
robot_base_x: 10.486083
robot_base_y: -7.271986
robot_base_yaw: 3.134223
robot_geom: robot0_base_collision
proxy_geom: scene_aabb_proxy_line_6_output_side_protrusion
judge_collision_detected:
robot_base_x: 10.486083
robot_base_y: -7.271986
robot_base_yaw: 3.134223
robot_geom: robot0_base_collision
proxy_geom: scene_aabb_proxy_output_6
judge_collision_detected:
robot_base_x: 10.486083
robot_base_y: -7.271986
robot_base_yaw: 3.134223
robot_geom: robot0_base_collision
proxy_geom: scene_aabb_proxy_production_line_6
judge_collision_detected:
robot_base_x: 10.486083
robot_base_y: -7.271986
robot_base_yaw: 3.134223
robot_geom: robot0_torso_fixed_collision_box_1
proxy_geom: scene_aabb_proxy_line_6_belt
judge_collision_detected:
robot_base_x: 10.486083
robot_base_y: -7.271986
robot_base_yaw: 3.134223
robot_geom: robot0_torso_fixed_collision_box_1
proxy_geom: scene_aabb_proxy_line_6_output_side_protrusion
judge_collision_detected:
robot_base_x: 10.486083
robot_base_y: -7.271986
robot_base_yaw: 3.134223
robot_geom: robot0_torso_fixed_collision_box_1
proxy_geom: scene_aabb_proxy_output_6
judge_collision_detected:
robot_base_x: 10.486083
robot_base_y: -7.271986
robot_base_yaw: 3.134223
robot_geom: robot0_torso_fixed_collision_box_1
proxy_geom: scene_aabb_proxy_production_line_6
judge_collision_detected:
robot_base_x: 10.486083
robot_base_y: -7.271986
robot_base_yaw: 3.134223
robot_geom: robot0_torso_fixed_column_collision
proxy_geom: scene_aabb_proxy_line_6_belt
judge_collision_detected:
robot_base_x: 10.486083
robot_base_y: -7.271986
robot_base_yaw: 3.134223
robot_geom: robot0_torso_fixed_column_collision
proxy_geom: scene_aabb_proxy_line_6_output_side_protrusion
judge_collision_detected:
robot_base_x: 10.486083
robot_base_y: -7.271986
robot_base_yaw: 3.134223
robot_geom: robot0_wheel_left_collision
proxy_geom: scene_aabb_proxy_line_6_output_side_protrusion
judge_collision_detected:
robot_base_x: 10.486083
robot_base_y: -7.271986
robot_base_yaw: 3.134223
robot_geom: robot0_wheel_right_collision
proxy_geom: scene_aabb_proxy_line_6_output_side_protrusion
judge_collision_detected:
robot_base_x: 10.486083
robot_base_y: -7.271986
robot_base_yaw: 3.134223
robot_geom: robot0_wheel_right_collision
proxy_geom: scene_aabb_proxy_production_line_6
judge_collision_detected:
robot_base_x: 10.484085
robot_base_y: -7.272246
robot_base_yaw: 3.134167
robot_geom: robot0_back_left_caster_2
proxy_geom: scene_aabb_proxy_line_6_belt
judge_collision_detected:
robot_base_x: 10.484085
robot_base_y: -7.272246
robot_base_yaw: 3.134167
robot_geom: robot0_back_left_caster_2
proxy_geom: scene_aabb_proxy_line_6_output_side_protrusion
judge_collision_detected:
robot_base_x: 10.484085
robot_base_y: -7.272246
robot_base_yaw: 3.134167
robot_geom: robot0_back_right_caster_2
proxy_geom: scene_aabb_proxy_line_6_belt
judge_collision_detected:
robot_base_x: 10.484085
robot_base_y: -7.272246
robot_base_yaw: 3.134167
robot_geom: robot0_back_right_caster_2
proxy_geom: scene_aabb_proxy_line_6_output_side_protrusion
judge_collision_detected:
robot_base_x: 10.484085
robot_base_y: -7.272246
robot_base_yaw: 3.134167
robot_geom: robot0_base_collision
proxy_geom: scene_aabb_proxy_line_6_belt
judge_collision_detected:
robot_base_x: 10.484085
robot_base_y: -7.272246
robot_base_yaw: 3.134167
robot_geom: robot0_base_collision
proxy_geom: scene_aabb_proxy_line_6_output_side_protrusion
judge_collision_detected:
robot_base_x: 10.484085
robot_base_y: -7.272246
robot_base_yaw: 3.134167
robot_geom: robot0_base_collision
proxy_geom: scene_aabb_proxy_output_6
judge_collision_detected:
robot_base_x: 10.484085
robot_base_y: -7.272246
robot_base_yaw: 3.134167
robot_geom: robot0_base_collision
proxy_geom: scene_aabb_proxy_production_line_6
judge_collision_detected:
robot_base_x: 10.484085
robot_base_y: -7.272246
robot_base_yaw: 3.134167
robot_geom: robot0_torso_fixed_collision_box_1
proxy_geom: scene_aabb_proxy_line_6_belt
judge_collision_detected:
robot_base_x: 10.484085
robot_base_y: -7.272246
robot_base_yaw: 3.134167
robot_geom: robot0_torso_fixed_collision_box_1
proxy_geom: scene_aabb_proxy_line_6_output_side_protrusion
judge_collision_detected:
robot_base_x: 10.484085
robot_base_y: -7.272246
robot_base_yaw: 3.134167
robot_geom: robot0_torso_fixed_collision_box_1
proxy_geom: scene_aabb_proxy_output_6
judge_collision_detected:
robot_base_x: 10.484085
robot_base_y: -7.272246
robot_base_yaw: 3.134167
robot_geom: robot0_torso_fixed_collision_box_1
proxy_geom: scene_aabb_proxy_production_line_6
judge_collision_detected:
robot_base_x: 10.484085
robot_base_y: -7.272246
robot_base_yaw: 3.134167
robot_geom: robot0_torso_fixed_column_collision
proxy_geom: scene_aabb_proxy_line_6_belt
judge_collision_detected:
robot_base_x: 10.484085
robot_base_y: -7.272246
robot_base_yaw: 3.134167
robot_geom: robot0_torso_fixed_column_collision
proxy_geom: scene_aabb_proxy_line_6_output_side_protrusion
judge_collision_detected:
robot_base_x: 10.484085
robot_base_y: -7.272246
robot_base_yaw: 3.134167
robot_geom: robot0_wheel_left_collision
proxy_geom: scene_aabb_proxy_line_6_output_side_protrusion
judge_collision_detected:
robot_base_x: 10.484085
robot_base_y: -7.272246
robot_base_yaw: 3.134167
robot_geom: robot0_wheel_right_collision
proxy_geom: scene_aabb_proxy_line_6_output_side_protrusion
judge_collision_detected:
robot_base_x: 10.484085
robot_base_y: -7.272246
robot_base_yaw: 3.134167
robot_geom: robot0_wheel_right_collision
proxy_geom: scene_aabb_proxy_production_line_6
judge_collision_detected:
robot_base_x: 10.482165
robot_base_y: -7.272503
robot_base_yaw: 3.134107
robot_geom: robot0_back_left_caster_2
proxy_geom: scene_aabb_proxy_line_6_belt
judge_collision_detected:
robot_base_x: 10.482165
robot_base_y: -7.272503
robot_base_yaw: 3.134107
robot_geom: robot0_back_left_caster_2
proxy_geom: scene_aabb_proxy_line_6_output_side_protrusion
judge_collision_detected:
robot_base_x: 10.482165
robot_base_y: -7.272503
robot_base_yaw: 3.134107
robot_geom: robot0_back_right_caster_2
proxy_geom: scene_aabb_proxy_line_6_belt
judge_collision_detected:
robot_base_x: 10.482165
robot_base_y: -7.272503
robot_base_yaw: 3.134107
robot_geom: robot0_back_right_caster_2
proxy_geom: scene_aabb_proxy_line_6_output_side_protrusion
judge_collision_detected:
robot_base_x: 10.482165
robot_base_y: -7.272503
robot_base_yaw: 3.134107
robot_geom: robot0_base_collision
proxy_geom: scene_aabb_proxy_line_6_belt
judge_collision_detected:
robot_base_x: 10.482165
robot_base_y: -7.272503
robot_base_yaw: 3.134107
robot_geom: robot0_base_collision
proxy_geom: scene_aabb_proxy_line_6_output_side_protrusion
judge_collision_detected:
robot_base_x: 10.482165
robot_base_y: -7.272503
robot_base_yaw: 3.134107
robot_geom: robot0_base_collision
proxy_geom: scene_aabb_proxy_output_6
judge_collision_detected:
robot_base_x: 10.482165
robot_base_y: -7.272503
robot_base_yaw: 3.134107
robot_geom: robot0_base_collision
proxy_geom: scene_aabb_proxy_production_line_6
judge_collision_detected:
robot_base_x: 10.482165
robot_base_y: -7.272503
robot_base_yaw: 3.134107
robot_geom: robot0_torso_fixed_collision_box_1
proxy_geom: scene_aabb_proxy_line_6_belt
judge_collision_detected:
robot_base_x: 10.482165
robot_base_y: -7.272503
robot_base_yaw: 3.134107
robot_geom: robot0_torso_fixed_collision_box_1
proxy_geom: scene_aabb_proxy_line_6_output_side_protrusion
judge_collision_detected:
robot_base_x: 10.482165
robot_base_y: -7.272503
robot_base_yaw: 3.134107
robot_geom: robot0_torso_fixed_collision_box_1
proxy_geom: scene_aabb_proxy_output_6
judge_collision_detected:
robot_base_x: 10.482165
robot_base_y: -7.272503
robot_base_yaw: 3.134107
robot_geom: robot0_torso_fixed_collision_box_1
proxy_geom: scene_aabb_proxy_production_line_6
judge_collision_detected:
robot_base_x: 10.482165
robot_base_y: -7.272503
robot_base_yaw: 3.134107
robot_geom: robot0_torso_fixed_column_collision
proxy_geom: scene_aabb_proxy_line_6_belt
judge_collision_detected:
robot_base_x: 10.482165
robot_base_y: -7.272503
robot_base_yaw: 3.134107
robot_geom: robot0_torso_fixed_column_collision
proxy_geom: scene_aabb_proxy_line_6_output_side_protrusion
judge_collision_detected:
robot_base_x: 10.482165
robot_base_y: -7.272503
robot_base_yaw: 3.134107
robot_geom: robot0_wheel_left_collision
proxy_geom: scene_aabb_proxy_line_6_output_side_protrusion
judge_collision_detected:
robot_base_x: 10.482165
robot_base_y: -7.272503
robot_base_yaw: 3.134107
robot_geom: robot0_wheel_right_collision
proxy_geom: scene_aabb_proxy_line_6_output_side_protrusion
judge_collision_detected:
robot_base_x: 10.482165
robot_base_y: -7.272503
robot_base_yaw: 3.134107
robot_geom: robot0_wheel_right_collision
proxy_geom: scene_aabb_proxy_production_line_6
judge_collision_detected:
robot_base_x: 10.480325
robot_base_y: -7.272757
robot_base_yaw: 3.134057
robot_geom: robot0_back_left_caster_2
proxy_geom: scene_aabb_proxy_line_6_belt
judge_collision_detected:
robot_base_x: 10.480325
robot_base_y: -7.272757
robot_base_yaw: 3.134057
robot_geom: robot0_back_left_caster_2
proxy_geom: scene_aabb_proxy_line_6_output_side_protrusion
judge_collision_detected:
robot_base_x: 10.480325
robot_base_y: -7.272757
robot_base_yaw: 3.134057
robot_geom: robot0_back_right_caster_2
proxy_geom: scene_aabb_proxy_line_6_belt
judge_collision_detected:
robot_base_x: 10.480325
robot_base_y: -7.272757
robot_base_yaw: 3.134057
robot_geom: robot0_back_right_caster_2
proxy_geom: scene_aabb_proxy_line_6_output_side_protrusion
judge_collision_detected:
robot_base_x: 10.480325
robot_base_y: -7.272757
robot_base_yaw: 3.134057
robot_geom: robot0_base_collision
proxy_geom: scene_aabb_proxy_line_6_belt
judge_collision_detected:
robot_base_x: 10.480325
robot_base_y: -7.272757
robot_base_yaw: 3.134057
robot_geom: robot0_base_collision
proxy_geom: scene_aabb_proxy_line_6_output_side_protrusion
judge_collision_detected:
robot_base_x: 10.480325
robot_base_y: -7.272757
robot_base_yaw: 3.134057
robot_geom: robot0_base_collision
proxy_geom: scene_aabb_proxy_output_6
judge_collision_detected:
robot_base_x: 10.480325
robot_base_y: -7.272757
robot_base_yaw: 3.134057
robot_geom: robot0_base_collision
proxy_geom: scene_aabb_proxy_production_line_6
judge_collision_detected:
robot_base_x: 10.480325
robot_base_y: -7.272757
robot_base_yaw: 3.134057
robot_geom: robot0_torso_fixed_collision_box_1
proxy_geom: scene_aabb_proxy_line_6_belt
judge_collision_detected:
robot_base_x: 10.480325
robot_base_y: -7.272757
robot_base_yaw: 3.134057
robot_geom: robot0_torso_fixed_collision_box_1
proxy_geom: scene_aabb_proxy_line_6_output_side_protrusion
judge_collision_detected:
robot_base_x: 10.480325
robot_base_y: -7.272757
robot_base_yaw: 3.134057
robot_geom: robot0_torso_fixed_collision_box_1
proxy_geom: scene_aabb_proxy_output_6
judge_collision_detected:
robot_base_x: 10.480325
robot_base_y: -7.272757
robot_base_yaw: 3.134057
robot_geom: robot0_torso_fixed_collision_box_1
proxy_geom: scene_aabb_proxy_production_line_6
judge_collision_detected:
robot_base_x: 10.480325
robot_base_y: -7.272757
robot_base_yaw: 3.134057
robot_geom: robot0_torso_fixed_column_collision
proxy_geom: scene_aabb_proxy_line_6_belt
judge_collision_detected:
robot_base_x: 10.480325
robot_base_y: -7.272757
robot_base_yaw: 3.134057
robot_geom: robot0_torso_fixed_column_collision
proxy_geom: scene_aabb_proxy_line_6_output_side_protrusion
judge_collision_detected:
robot_base_x: 10.480325
robot_base_y: -7.272757
robot_base_yaw: 3.134057
robot_geom: robot0_wheel_left_collision
proxy_geom: scene_aabb_proxy_line_6_output_side_protrusion
judge_collision_detected:
robot_base_x: 10.480325
robot_base_y: -7.272757
robot_base_yaw: 3.134057
robot_geom: robot0_wheel_right_collision
proxy_geom: scene_aabb_proxy_line_6_output_side_protrusion
judge_collision_detected:
robot_base_x: 10.480325
robot_base_y: -7.272757
robot_base_yaw: 3.134057
robot_geom: robot0_wheel_right_collision
proxy_geom: scene_aabb_proxy_production_line_6
judge_collision_detected:
robot_base_x: 10.478560
robot_base_y: -7.273008
robot_base_yaw: 3.134014
robot_geom: robot0_back_left_caster_2
proxy_geom: scene_aabb_proxy_line_6_belt
judge_collision_detected:
robot_base_x: 10.478560
robot_base_y: -7.273008
robot_base_yaw: 3.134014
robot_geom: robot0_back_left_caster_2
proxy_geom: scene_aabb_proxy_line_6_output_side_protrusion
judge_collision_detected:
robot_base_x: 10.478560
robot_base_y: -7.273008
robot_base_yaw: 3.134014
robot_geom: robot0_back_right_caster_2
proxy_geom: scene_aabb_proxy_line_6_belt
judge_collision_detected:
robot_base_x: 10.478560
robot_base_y: -7.273008
robot_base_yaw: 3.134014
robot_geom: robot0_back_right_caster_2
proxy_geom: scene_aabb_proxy_line_6_output_side_protrusion
judge_collision_detected:
robot_base_x: 10.478560
robot_base_y: -7.273008
robot_base_yaw: 3.134014
robot_geom: robot0_base_collision
proxy_geom: scene_aabb_proxy_line_6_belt
judge_collision_detected:
robot_base_x: 10.478560
robot_base_y: -7.273008
robot_base_yaw: 3.134014
robot_geom: robot0_base_collision
proxy_geom: scene_aabb_proxy_line_6_output_side_protrusion
judge_collision_detected:
robot_base_x: 10.478560
robot_base_y: -7.273008
robot_base_yaw: 3.134014
robot_geom: robot0_base_collision
proxy_geom: scene_aabb_proxy_output_6
judge_collision_detected:
robot_base_x: 10.478560
robot_base_y: -7.273008
robot_base_yaw: 3.134014
robot_geom: robot0_base_collision
proxy_geom: scene_aabb_proxy_production_line_6
judge_collision_detected:
robot_base_x: 10.478560
robot_base_y: -7.273008
robot_base_yaw: 3.134014
robot_geom: robot0_torso_fixed_collision_box_1
proxy_geom: scene_aabb_proxy_line_6_belt
judge_collision_detected:
robot_base_x: 10.478560
robot_base_y: -7.273008
robot_base_yaw: 3.134014
robot_geom: robot0_torso_fixed_collision_box_1
proxy_geom: scene_aabb_proxy_line_6_output_side_protrusion
judge_collision_detected:
robot_base_x: 10.478560
robot_base_y: -7.273008
robot_base_yaw: 3.134014
robot_geom: robot0_torso_fixed_collision_box_1
proxy_geom: scene_aabb_proxy_output_6
judge_collision_detected:
robot_base_x: 10.478560
robot_base_y: -7.273008
robot_base_yaw: 3.134014
robot_geom: robot0_torso_fixed_collision_box_1
proxy_geom: scene_aabb_proxy_production_line_6
judge_collision_detected:
robot_base_x: 10.478560
robot_base_y: -7.273008
robot_base_yaw: 3.134014
robot_geom: robot0_torso_fixed_column_collision
proxy_geom: scene_aabb_proxy_line_6_belt
judge_collision_detected:
robot_base_x: 10.478560
robot_base_y: -7.273008
robot_base_yaw: 3.134014
robot_geom: robot0_torso_fixed_column_collision
proxy_geom: scene_aabb_proxy_line_6_output_side_protrusion
judge_collision_detected:
robot_base_x: 10.478560
robot_base_y: -7.273008
robot_base_yaw: 3.134014
robot_geom: robot0_wheel_left_collision
proxy_geom: scene_aabb_proxy_line_6_output_side_protrusion
judge_collision_detected:
robot_base_x: 10.478560
robot_base_y: -7.273008
robot_base_yaw: 3.134014
robot_geom: robot0_wheel_right_collision
proxy_geom: scene_aabb_proxy_line_6_output_side_protrusion
judge_collision_detected:
robot_base_x: 10.478560
robot_base_y: -7.273008
robot_base_yaw: 3.134014
robot_geom: robot0_wheel_right_collision
proxy_geom: scene_aabb_proxy_production_line_6
judge_collision_detected:
robot_base_x: 10.476851
robot_base_y: -7.273256
robot_base_yaw: 3.133959
robot_geom: robot0_back_left_caster_2
proxy_geom: scene_aabb_proxy_line_6_belt
judge_collision_detected:
robot_base_x: 10.476851
robot_base_y: -7.273256
robot_base_yaw: 3.133959
robot_geom: robot0_back_left_caster_2
proxy_geom: scene_aabb_proxy_line_6_output_side_protrusion
judge_collision_detected:
robot_base_x: 10.476851
robot_base_y: -7.273256
robot_base_yaw: 3.133959
robot_geom: robot0_back_right_caster_2
proxy_geom: scene_aabb_proxy_line_6_belt
judge_collision_detected:
robot_base_x: 10.476851
robot_base_y: -7.273256
robot_base_yaw: 3.133959
robot_geom: robot0_back_right_caster_2
proxy_geom: scene_aabb_proxy_line_6_output_side_protrusion
judge_collision_detected:
robot_base_x: 10.476851
robot_base_y: -7.273256
robot_base_yaw: 3.133959
robot_geom: robot0_base_collision
proxy_geom: scene_aabb_proxy_line_6_belt
judge_collision_detected:
robot_base_x: 10.476851
robot_base_y: -7.273256
robot_base_yaw: 3.133959
robot_geom: robot0_base_collision
proxy_geom: scene_aabb_proxy_line_6_output_side_protrusion
judge_collision_detected:
robot_base_x: 10.476851
robot_base_y: -7.273256
robot_base_yaw: 3.133959
robot_geom: robot0_base_collision
proxy_geom: scene_aabb_proxy_output_6
judge_collision_detected:
robot_base_x: 10.476851
robot_base_y: -7.273256
robot_base_yaw: 3.133959
robot_geom: robot0_base_collision
proxy_geom: scene_aabb_proxy_production_line_6
judge_collision_detected:
robot_base_x: 10.476851
robot_base_y: -7.273256
robot_base_yaw: 3.133959
robot_geom: robot0_torso_fixed_collision_box_1
proxy_geom: scene_aabb_proxy_line_6_belt
judge_collision_detected:
robot_base_x: 10.476851
robot_base_y: -7.273256
robot_base_yaw: 3.133959
robot_geom: robot0_torso_fixed_collision_box_1
proxy_geom: scene_aabb_proxy_line_6_output_side_protrusion
judge_collision_detected:
robot_base_x: 10.476851
robot_base_y: -7.273256
robot_base_yaw: 3.133959
robot_geom: robot0_torso_fixed_collision_box_1
proxy_geom: scene_aabb_proxy_output_6
judge_collision_detected:
robot_base_x: 10.476851
robot_base_y: -7.273256
robot_base_yaw: 3.133959
robot_geom: robot0_torso_fixed_collision_box_1
proxy_geom: scene_aabb_proxy_production_line_6
judge_collision_detected:
robot_base_x: 10.476851
robot_base_y: -7.273256
robot_base_yaw: 3.133959
robot_geom: robot0_torso_fixed_column_collision
proxy_geom: scene_aabb_proxy_line_6_belt
judge_collision_detected:
robot_base_x: 10.476851
robot_base_y: -7.273256
robot_base_yaw: 3.133959
robot_geom: robot0_torso_fixed_column_collision
proxy_geom: scene_aabb_proxy_line_6_output_side_protrusion
judge_collision_detected:
robot_base_x: 10.476851
robot_base_y: -7.273256
robot_base_yaw: 3.133959
robot_geom: robot0_wheel_left_collision
proxy_geom: scene_aabb_proxy_line_6_output_side_protrusion
judge_collision_detected:
robot_base_x: 10.476851
robot_base_y: -7.273256
robot_base_yaw: 3.133959
robot_geom: robot0_wheel_right_collision
proxy_geom: scene_aabb_proxy_line_6_output_side_protrusion
judge_collision_detected:
robot_base_x: 10.476851
robot_base_y: -7.273256
robot_base_yaw: 3.133959
robot_geom: robot0_wheel_right_collision
proxy_geom: scene_aabb_proxy_production_line_6
judge_collision_detected:
robot_base_x: 10.474975
robot_base_y: -7.273463
robot_base_yaw: 3.133245
robot_geom: robot0_back_left_caster_2
proxy_geom: scene_aabb_proxy_line_6_belt
judge_collision_detected:
robot_base_x: 10.474975
robot_base_y: -7.273463
robot_base_yaw: 3.133245
robot_geom: robot0_back_left_caster_2
proxy_geom: scene_aabb_proxy_line_6_output_side_protrusion
judge_collision_detected:
robot_base_x: 10.474975
robot_base_y: -7.273463
robot_base_yaw: 3.133245
robot_geom: robot0_back_right_caster_2
proxy_geom: scene_aabb_proxy_line_6_belt
judge_collision_detected:
robot_base_x: 10.474975
robot_base_y: -7.273463
robot_base_yaw: 3.133245
robot_geom: robot0_back_right_caster_2
proxy_geom: scene_aabb_proxy_line_6_output_side_protrusion
judge_collision_detected:
robot_base_x: 10.474975
robot_base_y: -7.273463
robot_base_yaw: 3.133245
robot_geom: robot0_base_collision
proxy_geom: scene_aabb_proxy_line_6_belt
judge_collision_detected:
robot_base_x: 10.474975
robot_base_y: -7.273463
robot_base_yaw: 3.133245
robot_geom: robot0_base_collision
proxy_geom: scene_aabb_proxy_line_6_output_side_protrusion
judge_collision_detected:
robot_base_x: 10.474975
robot_base_y: -7.273463
robot_base_yaw: 3.133245
robot_geom: robot0_base_collision
proxy_geom: scene_aabb_proxy_output_6
judge_collision_detected:
robot_base_x: 10.474975
robot_base_y: -7.273463
robot_base_yaw: 3.133245
robot_geom: robot0_base_collision
proxy_geom: scene_aabb_proxy_production_line_6
judge_collision_detected:
robot_base_x: 10.474975
robot_base_y: -7.273463
robot_base_yaw: 3.133245
robot_geom: robot0_torso_fixed_collision_box_1
proxy_geom: scene_aabb_proxy_line_6_belt
judge_collision_detected:
robot_base_x: 10.474975
robot_base_y: -7.273463
robot_base_yaw: 3.133245
robot_geom: robot0_torso_fixed_collision_box_1
proxy_geom: scene_aabb_proxy_line_6_output_side_protrusion
judge_collision_detected:
robot_base_x: 10.474975
robot_base_y: -7.273463
robot_base_yaw: 3.133245
robot_geom: robot0_torso_fixed_collision_box_1
proxy_geom: scene_aabb_proxy_output_6
judge_collision_detected:
robot_base_x: 10.474975
robot_base_y: -7.273463
robot_base_yaw: 3.133245
robot_geom: robot0_torso_fixed_collision_box_1
proxy_geom: scene_aabb_proxy_production_line_6
judge_collision_detected:
robot_base_x: 10.474975
robot_base_y: -7.273463
robot_base_yaw: 3.133245
robot_geom: robot0_torso_fixed_column_collision
proxy_geom: scene_aabb_proxy_line_6_belt
judge_collision_detected:
robot_base_x: 10.474975
robot_base_y: -7.273463
robot_base_yaw: 3.133245
robot_geom: robot0_torso_fixed_column_collision
proxy_geom: scene_aabb_proxy_line_6_output_side_protrusion
judge_collision_detected:
robot_base_x: 10.474975
robot_base_y: -7.273463
robot_base_yaw: 3.133245
robot_geom: robot0_wheel_left_collision
proxy_geom: scene_aabb_proxy_line_6_output_side_protrusion
judge_collision_detected:
robot_base_x: 10.474975
robot_base_y: -7.273463
robot_base_yaw: 3.133245
robot_geom: robot0_wheel_right_collision
proxy_geom: scene_aabb_proxy_line_6_output_side_protrusion
judge_collision_detected:
robot_base_x: 10.474975
robot_base_y: -7.273463
robot_base_yaw: 3.133245
robot_geom: robot0_wheel_right_collision
proxy_geom: scene_aabb_proxy_production_line_6
judge_collision_detected:
robot_base_x: 10.472263
robot_base_y: -7.273510
robot_base_yaw: 3.130005
robot_geom: robot0_back_left_caster_2
proxy_geom: scene_aabb_proxy_line_6_belt
judge_collision_detected:
robot_base_x: 10.472263
robot_base_y: -7.273510
robot_base_yaw: 3.130005
robot_geom: robot0_back_left_caster_2
proxy_geom: scene_aabb_proxy_line_6_output_side_protrusion
judge_collision_detected:
robot_base_x: 10.472263
robot_base_y: -7.273510
robot_base_yaw: 3.130005
robot_geom: robot0_back_right_caster_2
proxy_geom: scene_aabb_proxy_line_6_belt
judge_collision_detected:
robot_base_x: 10.472263
robot_base_y: -7.273510
robot_base_yaw: 3.130005
robot_geom: robot0_back_right_caster_2
proxy_geom: scene_aabb_proxy_line_6_output_side_protrusion
judge_collision_detected:
robot_base_x: 10.472263
robot_base_y: -7.273510
robot_base_yaw: 3.130005
robot_geom: robot0_base_collision
proxy_geom: scene_aabb_proxy_line_6_belt
judge_collision_detected:
robot_base_x: 10.472263
robot_base_y: -7.273510
robot_base_yaw: 3.130005
robot_geom: robot0_base_collision
proxy_geom: scene_aabb_proxy_line_6_output_side_protrusion
judge_collision_detected:
robot_base_x: 10.472263
robot_base_y: -7.273510
robot_base_yaw: 3.130005
robot_geom: robot0_base_collision
proxy_geom: scene_aabb_proxy_output_6
judge_collision_detected:
robot_base_x: 10.472263
robot_base_y: -7.273510
robot_base_yaw: 3.130005
robot_geom: robot0_base_collision
proxy_geom: scene_aabb_proxy_production_line_6
judge_collision_detected:
robot_base_x: 10.472263
robot_base_y: -7.273510
robot_base_yaw: 3.130005
robot_geom: robot0_torso_fixed_collision_box_1
proxy_geom: scene_aabb_proxy_line_6_belt
judge_collision_detected:
robot_base_x: 10.472263
robot_base_y: -7.273510
robot_base_yaw: 3.130005
robot_geom: robot0_torso_fixed_collision_box_1
proxy_geom: scene_aabb_proxy_line_6_output_side_protrusion
judge_collision_detected:
robot_base_x: 10.472263
robot_base_y: -7.273510
robot_base_yaw: 3.130005
robot_geom: robot0_torso_fixed_collision_box_1
proxy_geom: scene_aabb_proxy_output_6
judge_collision_detected:
robot_base_x: 10.472263
robot_base_y: -7.273510
robot_base_yaw: 3.130005
robot_geom: robot0_torso_fixed_collision_box_1
proxy_geom: scene_aabb_proxy_production_line_6
judge_collision_detected:
robot_base_x: 10.472263
robot_base_y: -7.273510
robot_base_yaw: 3.130005
robot_geom: robot0_torso_fixed_column_collision
proxy_geom: scene_aabb_proxy_line_6_belt
judge_collision_detected:
robot_base_x: 10.472263
robot_base_y: -7.273510
robot_base_yaw: 3.130005
robot_geom: robot0_torso_fixed_column_collision
proxy_geom: scene_aabb_proxy_line_6_output_side_protrusion
judge_collision_detected:
robot_base_x: 10.472263
robot_base_y: -7.273510
robot_base_yaw: 3.130005
robot_geom: robot0_wheel_left_collision
proxy_geom: scene_aabb_proxy_line_6_output_side_protrusion
judge_collision_detected:
robot_base_x: 10.472263
robot_base_y: -7.273510
robot_base_yaw: 3.130005
robot_geom: robot0_wheel_right_collision
proxy_geom: scene_aabb_proxy_line_6_output_side_protrusion
judge_collision_detected:
robot_base_x: 10.472263
robot_base_y: -7.273510
robot_base_yaw: 3.130005
robot_geom: robot0_wheel_right_collision
proxy_geom: scene_aabb_proxy_production_line_6
judge_collision_detected:
robot_base_x: 10.468153
robot_base_y: -7.273819
robot_base_yaw: 3.130358
robot_geom: robot0_back_left_caster_2
proxy_geom: scene_aabb_proxy_line_6_belt
judge_collision_detected:
robot_base_x: 10.468153
robot_base_y: -7.273819
robot_base_yaw: 3.130358
robot_geom: robot0_back_left_caster_2
proxy_geom: scene_aabb_proxy_line_6_output_side_protrusion
judge_collision_detected:
robot_base_x: 10.468153
robot_base_y: -7.273819
robot_base_yaw: 3.130358
robot_geom: robot0_back_right_caster_2
proxy_geom: scene_aabb_proxy_line_6_belt
judge_collision_detected:
robot_base_x: 10.468153
robot_base_y: -7.273819
robot_base_yaw: 3.130358
robot_geom: robot0_back_right_caster_2
proxy_geom: scene_aabb_proxy_line_6_output_side_protrusion
judge_collision_detected:
robot_base_x: 10.468153
robot_base_y: -7.273819
robot_base_yaw: 3.130358
robot_geom: robot0_base_collision
proxy_geom: scene_aabb_proxy_line_6_belt
judge_collision_detected:
robot_base_x: 10.468153
robot_base_y: -7.273819
robot_base_yaw: 3.130358
robot_geom: robot0_base_collision
proxy_geom: scene_aabb_proxy_line_6_output_side_protrusion
judge_collision_detected:
robot_base_x: 10.468153
robot_base_y: -7.273819
robot_base_yaw: 3.130358
robot_geom: robot0_base_collision
proxy_geom: scene_aabb_proxy_output_6
judge_collision_detected:
robot_base_x: 10.468153
robot_base_y: -7.273819
robot_base_yaw: 3.130358
robot_geom: robot0_base_collision
proxy_geom: scene_aabb_proxy_production_line_6
judge_collision_detected:
robot_base_x: 10.468153
robot_base_y: -7.273819
robot_base_yaw: 3.130358
robot_geom: robot0_torso_fixed_collision_box_1
proxy_geom: scene_aabb_proxy_line_6_belt
judge_collision_detected:
robot_base_x: 10.468153
robot_base_y: -7.273819
robot_base_yaw: 3.130358
robot_geom: robot0_torso_fixed_collision_box_1
proxy_geom: scene_aabb_proxy_line_6_output_side_protrusion
judge_collision_detected:
robot_base_x: 10.468153
robot_base_y: -7.273819
robot_base_yaw: 3.130358
robot_geom: robot0_torso_fixed_collision_box_1
proxy_geom: scene_aabb_proxy_output_6
judge_collision_detected:
robot_base_x: 10.468153
robot_base_y: -7.273819
robot_base_yaw: 3.130358
robot_geom: robot0_torso_fixed_collision_box_1
proxy_geom: scene_aabb_proxy_production_line_6
judge_collision_detected:
robot_base_x: 10.468153
robot_base_y: -7.273819
robot_base_yaw: 3.130358
robot_geom: robot0_torso_fixed_column_collision
proxy_geom: scene_aabb_proxy_line_6_belt
judge_collision_detected:
robot_base_x: 10.468153
robot_base_y: -7.273819
robot_base_yaw: 3.130358
robot_geom: robot0_torso_fixed_column_collision
proxy_geom: scene_aabb_proxy_line_6_output_side_protrusion
judge_collision_detected:
robot_base_x: 10.468153
robot_base_y: -7.273819
robot_base_yaw: 3.130358
robot_geom: robot0_wheel_left_collision
proxy_geom: scene_aabb_proxy_line_6_output_side_protrusion
judge_collision_detected:
robot_base_x: 10.468153
robot_base_y: -7.273819
robot_base_yaw: 3.130358
robot_geom: robot0_wheel_right_collision
proxy_geom: scene_aabb_proxy_line_6_output_side_protrusion
judge_collision_detected:
robot_base_x: 10.468153
robot_base_y: -7.273819
robot_base_yaw: 3.130358
robot_geom: robot0_wheel_right_collision
proxy_geom: scene_aabb_proxy_production_line_6
judge_collision_detected:
robot_base_x: 10.463104
robot_base_y: -7.274324
robot_base_yaw: 3.133246
robot_geom: robot0_back_left_caster_2
proxy_geom: scene_aabb_proxy_line_6_belt
judge_collision_detected:
robot_base_x: 10.463104
robot_base_y: -7.274324
robot_base_yaw: 3.133246
robot_geom: robot0_back_left_caster_2
proxy_geom: scene_aabb_proxy_line_6_output_side_protrusion
judge_collision_detected:
robot_base_x: 10.463104
robot_base_y: -7.274324
robot_base_yaw: 3.133246
robot_geom: robot0_back_right_caster_2
proxy_geom: scene_aabb_proxy_line_6_belt
judge_collision_detected:
robot_base_x: 10.463104
robot_base_y: -7.274324
robot_base_yaw: 3.133246
robot_geom: robot0_back_right_caster_2
proxy_geom: scene_aabb_proxy_line_6_output_side_protrusion
judge_collision_detected:
robot_base_x: 10.463104
robot_base_y: -7.274324
robot_base_yaw: 3.133246
robot_geom: robot0_base_collision
proxy_geom: scene_aabb_proxy_line_6_belt
judge_collision_detected:
robot_base_x: 10.463104
robot_base_y: -7.274324
robot_base_yaw: 3.133246
robot_geom: robot0_base_collision
proxy_geom: scene_aabb_proxy_line_6_output_side_protrusion
judge_collision_detected:
robot_base_x: 10.463104
robot_base_y: -7.274324
robot_base_yaw: 3.133246
robot_geom: robot0_base_collision
proxy_geom: scene_aabb_proxy_output_6
judge_collision_detected:
robot_base_x: 10.463104
robot_base_y: -7.274324
robot_base_yaw: 3.133246
robot_geom: robot0_base_collision
proxy_geom: scene_aabb_proxy_production_line_6
judge_collision_detected:
robot_base_x: 10.463104
robot_base_y: -7.274324
robot_base_yaw: 3.133246
robot_geom: robot0_front_left_caster_2
proxy_geom: scene_aabb_proxy_output_6
judge_collision_detected:
robot_base_x: 10.463104
robot_base_y: -7.274324
robot_base_yaw: 3.133246
robot_geom: robot0_front_right_caster_2
proxy_geom: scene_aabb_proxy_output_6
judge_collision_detected:
robot_base_x: 10.463104
robot_base_y: -7.274324
robot_base_yaw: 3.133246
robot_geom: robot0_torso_fixed_collision_box_1
proxy_geom: scene_aabb_proxy_line_6_belt
judge_collision_detected:
robot_base_x: 10.463104
robot_base_y: -7.274324
robot_base_yaw: 3.133246
robot_geom: robot0_torso_fixed_collision_box_1
proxy_geom: scene_aabb_proxy_line_6_output_side_protrusion
judge_collision_detected:
robot_base_x: 10.463104
robot_base_y: -7.274324
robot_base_yaw: 3.133246
robot_geom: robot0_torso_fixed_collision_box_1
proxy_geom: scene_aabb_proxy_output_6
judge_collision_detected:
robot_base_x: 10.463104
robot_base_y: -7.274324
robot_base_yaw: 3.133246
robot_geom: robot0_torso_fixed_collision_box_1
proxy_geom: scene_aabb_proxy_production_line_6
judge_collision_detected:
robot_base_x: 10.463104
robot_base_y: -7.274324
robot_base_yaw: 3.133246
robot_geom: robot0_torso_fixed_column_collision
proxy_geom: scene_aabb_proxy_line_6_output_side_protrusion
judge_collision_detected:
robot_base_x: 10.463104
robot_base_y: -7.274324
robot_base_yaw: 3.133246
robot_geom: robot0_wheel_left_collision
proxy_geom: scene_aabb_proxy_line_6_output_side_protrusion
judge_collision_detected:
robot_base_x: 10.463104
robot_base_y: -7.274324
robot_base_yaw: 3.133246
robot_geom: robot0_wheel_right_collision
proxy_geom: scene_aabb_proxy_line_6_output_side_protrusion
judge_collision_detected:
robot_base_x: 10.463104
robot_base_y: -7.274324
robot_base_yaw: 3.133246
robot_geom: robot0_wheel_right_collision
proxy_geom: scene_aabb_proxy_production_line_6
judge_collision_detected:
robot_base_x: 10.456116
robot_base_y: -7.274712
robot_base_yaw: 3.135233
robot_geom: robot0_back_left_caster_2
proxy_geom: scene_aabb_proxy_line_6_belt
judge_collision_detected:
robot_base_x: 10.456116
robot_base_y: -7.274712
robot_base_yaw: 3.135233
robot_geom: robot0_back_left_caster_2
proxy_geom: scene_aabb_proxy_line_6_output_side_protrusion
judge_collision_detected:
robot_base_x: 10.456116
robot_base_y: -7.274712
robot_base_yaw: 3.135233
robot_geom: robot0_back_right_caster_2
proxy_geom: scene_aabb_proxy_line_6_belt
judge_collision_detected:
robot_base_x: 10.456116
robot_base_y: -7.274712
robot_base_yaw: 3.135233
robot_geom: robot0_back_right_caster_2
proxy_geom: scene_aabb_proxy_line_6_output_side_protrusion
judge_collision_detected:
robot_base_x: 10.456116
robot_base_y: -7.274712
robot_base_yaw: 3.135233
robot_geom: robot0_base_collision
proxy_geom: scene_aabb_proxy_line_6_belt
judge_collision_detected:
robot_base_x: 10.456116
robot_base_y: -7.274712
robot_base_yaw: 3.135233
robot_geom: robot0_base_collision
proxy_geom: scene_aabb_proxy_line_6_output_side_protrusion
judge_collision_detected:
robot_base_x: 10.456116
robot_base_y: -7.274712
robot_base_yaw: 3.135233
robot_geom: robot0_base_collision
proxy_geom: scene_aabb_proxy_output_6
judge_collision_detected:
robot_base_x: 10.456116
robot_base_y: -7.274712
robot_base_yaw: 3.135233
robot_geom: robot0_base_collision
proxy_geom: scene_aabb_proxy_production_line_6
judge_collision_detected:
robot_base_x: 10.456116
robot_base_y: -7.274712
robot_base_yaw: 3.135233
robot_geom: robot0_front_left_caster_2
proxy_geom: scene_aabb_proxy_output_6
judge_collision_detected:
robot_base_x: 10.456116
robot_base_y: -7.274712
robot_base_yaw: 3.135233
robot_geom: robot0_front_right_caster_2
proxy_geom: scene_aabb_proxy_output_6
judge_collision_detected:
robot_base_x: 10.456116
robot_base_y: -7.274712
robot_base_yaw: 3.135233
robot_geom: robot0_torso_fixed_collision_box_1
proxy_geom: scene_aabb_proxy_line_6_belt
judge_collision_detected:
robot_base_x: 10.456116
robot_base_y: -7.274712
robot_base_yaw: 3.135233
robot_geom: robot0_torso_fixed_collision_box_1
proxy_geom: scene_aabb_proxy_line_6_output_side_protrusion
judge_collision_detected:
robot_base_x: 10.456116
robot_base_y: -7.274712
robot_base_yaw: 3.135233
robot_geom: robot0_torso_fixed_collision_box_1
proxy_geom: scene_aabb_proxy_output_6
judge_collision_detected:
robot_base_x: 10.456116
robot_base_y: -7.274712
robot_base_yaw: 3.135233
robot_geom: robot0_torso_fixed_collision_box_1
proxy_geom: scene_aabb_proxy_production_line_6
judge_collision_detected:
robot_base_x: 10.456116
robot_base_y: -7.274712
robot_base_yaw: 3.135233
robot_geom: robot0_torso_fixed_column_collision
proxy_geom: scene_aabb_proxy_line_6_output_side_protrusion
judge_collision_detected:
robot_base_x: 10.456116
robot_base_y: -7.274712
robot_base_yaw: 3.135233
robot_geom: robot0_wheel_left_collision
proxy_geom: scene_aabb_proxy_line_6_output_side_protrusion
judge_collision_detected:
robot_base_x: 10.456116
robot_base_y: -7.274712
robot_base_yaw: 3.135233
robot_geom: robot0_wheel_right_collision
proxy_geom: scene_aabb_proxy_line_6_output_side_protrusion
judge_collision_detected:
robot_base_x: 10.456116
robot_base_y: -7.274712
robot_base_yaw: 3.135233
robot_geom: robot0_wheel_right_collision
proxy_geom: scene_aabb_proxy_production_line_6
judge_collision_detected:
robot_base_x: 10.448142
robot_base_y: -7.275118
robot_base_yaw: 3.137514
robot_geom: robot0_back_left_caster_2
proxy_geom: scene_aabb_proxy_line_6_belt
judge_collision_detected:
robot_base_x: 10.448142
robot_base_y: -7.275118
robot_base_yaw: 3.137514
robot_geom: robot0_back_left_caster_2
proxy_geom: scene_aabb_proxy_line_6_output_side_protrusion
judge_collision_detected:
robot_base_x: 10.448142
robot_base_y: -7.275118
robot_base_yaw: 3.137514
robot_geom: robot0_back_right_caster_2
proxy_geom: scene_aabb_proxy_line_6_belt
judge_collision_detected:
robot_base_x: 10.448142
robot_base_y: -7.275118
robot_base_yaw: 3.137514
robot_geom: robot0_back_right_caster_2
proxy_geom: scene_aabb_proxy_line_6_output_side_protrusion
judge_collision_detected:
robot_base_x: 10.448142
robot_base_y: -7.275118
robot_base_yaw: 3.137514
robot_geom: robot0_base_collision
proxy_geom: scene_aabb_proxy_line_6_belt
judge_collision_detected:
robot_base_x: 10.448142
robot_base_y: -7.275118
robot_base_yaw: 3.137514
robot_geom: robot0_base_collision
proxy_geom: scene_aabb_proxy_line_6_output_side_protrusion
judge_collision_detected:
robot_base_x: 10.448142
robot_base_y: -7.275118
robot_base_yaw: 3.137514
robot_geom: robot0_base_collision
proxy_geom: scene_aabb_proxy_output_6
judge_collision_detected:
robot_base_x: 10.448142
robot_base_y: -7.275118
robot_base_yaw: 3.137514
robot_geom: robot0_base_collision
proxy_geom: scene_aabb_proxy_production_line_6
judge_collision_detected:
robot_base_x: 10.448142
robot_base_y: -7.275118
robot_base_yaw: 3.137514
robot_geom: robot0_front_left_caster_2
proxy_geom: scene_aabb_proxy_output_6
judge_collision_detected:
robot_base_x: 10.448142
robot_base_y: -7.275118
robot_base_yaw: 3.137514
robot_geom: robot0_front_right_caster_2
proxy_geom: scene_aabb_proxy_output_6
judge_collision_detected:
robot_base_x: 10.448142
robot_base_y: -7.275118
robot_base_yaw: 3.137514
robot_geom: robot0_torso_fixed_collision_box_1
proxy_geom: scene_aabb_proxy_line_6_belt
judge_collision_detected:
robot_base_x: 10.448142
robot_base_y: -7.275118
robot_base_yaw: 3.137514
robot_geom: robot0_torso_fixed_collision_box_1
proxy_geom: scene_aabb_proxy_line_6_output_side_protrusion
judge_collision_detected:
robot_base_x: 10.448142
robot_base_y: -7.275118
robot_base_yaw: 3.137514
robot_geom: robot0_torso_fixed_collision_box_1
proxy_geom: scene_aabb_proxy_output_6
judge_collision_detected:
robot_base_x: 10.448142
robot_base_y: -7.275118
robot_base_yaw: 3.137514
robot_geom: robot0_torso_fixed_collision_box_1
proxy_geom: scene_aabb_proxy_production_line_6
judge_collision_detected:
robot_base_x: 10.448142
robot_base_y: -7.275118
robot_base_yaw: 3.137514
robot_geom: robot0_torso_fixed_column_collision
proxy_geom: scene_aabb_proxy_line_6_output_side_protrusion
judge_collision_detected:
robot_base_x: 10.448142
robot_base_y: -7.275118
robot_base_yaw: 3.137514
robot_geom: robot0_wheel_left_collision
proxy_geom: scene_aabb_proxy_line_6_output_side_protrusion
judge_collision_detected:
robot_base_x: 10.448142
robot_base_y: -7.275118
robot_base_yaw: 3.137514
robot_geom: robot0_wheel_right_collision
proxy_geom: scene_aabb_proxy_line_6_output_side_protrusion
judge_collision_detected:
robot_base_x: 10.448142
robot_base_y: -7.275118
robot_base_yaw: 3.137514
robot_geom: robot0_wheel_right_collision
proxy_geom: scene_aabb_proxy_production_line_6
judge_collision_detected:
robot_base_x: 10.441207
robot_base_y: -7.275558
robot_base_yaw: 3.139473
robot_geom: robot0_back_left_caster_2
proxy_geom: scene_aabb_proxy_line_6_belt
judge_collision_detected:
robot_base_x: 10.441207
robot_base_y: -7.275558
robot_base_yaw: 3.139473
robot_geom: robot0_back_left_caster_2
proxy_geom: scene_aabb_proxy_line_6_output_side_protrusion
judge_collision_detected:
robot_base_x: 10.441207
robot_base_y: -7.275558
robot_base_yaw: 3.139473
robot_geom: robot0_back_right_caster_2
proxy_geom: scene_aabb_proxy_line_6_belt
judge_collision_detected:
robot_base_x: 10.441207
robot_base_y: -7.275558
robot_base_yaw: 3.139473
robot_geom: robot0_back_right_caster_2
proxy_geom: scene_aabb_proxy_line_6_output_side_protrusion
judge_collision_detected:
robot_base_x: 10.441207
robot_base_y: -7.275558
robot_base_yaw: 3.139473
robot_geom: robot0_base_collision
proxy_geom: scene_aabb_proxy_line_6_belt
judge_collision_detected:
robot_base_x: 10.441207
robot_base_y: -7.275558
robot_base_yaw: 3.139473
robot_geom: robot0_base_collision
proxy_geom: scene_aabb_proxy_line_6_output_side_protrusion
judge_collision_detected:
robot_base_x: 10.441207
robot_base_y: -7.275558
robot_base_yaw: 3.139473
robot_geom: robot0_base_collision
proxy_geom: scene_aabb_proxy_output_6
judge_collision_detected:
robot_base_x: 10.441207
robot_base_y: -7.275558
robot_base_yaw: 3.139473
robot_geom: robot0_base_collision
proxy_geom: scene_aabb_proxy_production_line_6
judge_collision_detected:
robot_base_x: 10.441207
robot_base_y: -7.275558
robot_base_yaw: 3.139473
robot_geom: robot0_front_left_caster_2
proxy_geom: scene_aabb_proxy_output_6
judge_collision_detected:
robot_base_x: 10.441207
robot_base_y: -7.275558
robot_base_yaw: 3.139473
robot_geom: robot0_front_right_caster_2
proxy_geom: scene_aabb_proxy_output_6
judge_collision_detected:
robot_base_x: 10.441207
robot_base_y: -7.275558
robot_base_yaw: 3.139473
robot_geom: robot0_torso_fixed_collision_box_1
proxy_geom: scene_aabb_proxy_line_6_belt
judge_collision_detected:
robot_base_x: 10.441207
robot_base_y: -7.275558
robot_base_yaw: 3.139473
robot_geom: robot0_torso_fixed_collision_box_1
proxy_geom: scene_aabb_proxy_line_6_output_side_protrusion
judge_collision_detected:
robot_base_x: 10.441207
robot_base_y: -7.275558
robot_base_yaw: 3.139473
robot_geom: robot0_torso_fixed_collision_box_1
proxy_geom: scene_aabb_proxy_output_6
judge_collision_detected:
robot_base_x: 10.441207
robot_base_y: -7.275558
robot_base_yaw: 3.139473
robot_geom: robot0_torso_fixed_collision_box_1
proxy_geom: scene_aabb_proxy_production_line_6
judge_collision_detected:
robot_base_x: 10.441207
robot_base_y: -7.275558
robot_base_yaw: 3.139473
robot_geom: robot0_torso_fixed_column_collision
proxy_geom: scene_aabb_proxy_line_6_output_side_protrusion
judge_collision_detected:
robot_base_x: 10.441207
robot_base_y: -7.275558
robot_base_yaw: 3.139473
robot_geom: robot0_wheel_left_collision
proxy_geom: scene_aabb_proxy_line_6_output_side_protrusion
judge_collision_detected:
robot_base_x: 10.441207
robot_base_y: -7.275558
robot_base_yaw: 3.139473
robot_geom: robot0_wheel_right_collision
proxy_geom: scene_aabb_proxy_line_6_output_side_protrusion
judge_collision_detected:
robot_base_x: 10.441207
robot_base_y: -7.275558
robot_base_yaw: 3.139473
robot_geom: robot0_wheel_right_collision
proxy_geom: scene_aabb_proxy_production_line_6
judge_collision_detected:
robot_base_x: 10.435467
robot_base_y: -7.275963
robot_base_yaw: 3.140321
robot_geom: robot0_back_left_caster_2
proxy_geom: scene_aabb_proxy_line_6_belt
judge_collision_detected:
robot_base_x: 10.435467
robot_base_y: -7.275963
robot_base_yaw: 3.140321
robot_geom: robot0_back_left_caster_2
proxy_geom: scene_aabb_proxy_line_6_output_side_protrusion
judge_collision_detected:
robot_base_x: 10.435467
robot_base_y: -7.275963
robot_base_yaw: 3.140321
robot_geom: robot0_back_right_caster_2
proxy_geom: scene_aabb_proxy_line_6_belt
judge_collision_detected:
robot_base_x: 10.435467
robot_base_y: -7.275963
robot_base_yaw: 3.140321
robot_geom: robot0_back_right_caster_2
proxy_geom: scene_aabb_proxy_line_6_output_side_protrusion
judge_collision_detected:
robot_base_x: 10.435467
robot_base_y: -7.275963
robot_base_yaw: 3.140321
robot_geom: robot0_base_collision
proxy_geom: scene_aabb_proxy_line_6_belt
judge_collision_detected:
robot_base_x: 10.435467
robot_base_y: -7.275963
robot_base_yaw: 3.140321
robot_geom: robot0_base_collision
proxy_geom: scene_aabb_proxy_line_6_output_side_protrusion
judge_collision_detected:
robot_base_x: 10.435467
robot_base_y: -7.275963
robot_base_yaw: 3.140321
robot_geom: robot0_base_collision
proxy_geom: scene_aabb_proxy_output_6
judge_collision_detected:
robot_base_x: 10.435467
robot_base_y: -7.275963
robot_base_yaw: 3.140321
robot_geom: robot0_base_collision
proxy_geom: scene_aabb_proxy_production_line_6
judge_collision_detected:
robot_base_x: 10.435467
robot_base_y: -7.275963
robot_base_yaw: 3.140321
robot_geom: robot0_front_left_caster_2
proxy_geom: scene_aabb_proxy_output_6
judge_collision_detected:
robot_base_x: 10.435467
robot_base_y: -7.275963
robot_base_yaw: 3.140321
robot_geom: robot0_front_right_caster_2
proxy_geom: scene_aabb_proxy_output_6
judge_collision_detected:
robot_base_x: 10.435467
robot_base_y: -7.275963
robot_base_yaw: 3.140321
robot_geom: robot0_torso_fixed_collision_box_1
proxy_geom: scene_aabb_proxy_line_6_belt
judge_collision_detected:
robot_base_x: 10.435467
robot_base_y: -7.275963
robot_base_yaw: 3.140321
robot_geom: robot0_torso_fixed_collision_box_1
proxy_geom: scene_aabb_proxy_line_6_output_side_protrusion
judge_collision_detected:
robot_base_x: 10.435467
robot_base_y: -7.275963
robot_base_yaw: 3.140321
robot_geom: robot0_torso_fixed_collision_box_1
proxy_geom: scene_aabb_proxy_output_6
judge_collision_detected:
robot_base_x: 10.435467
robot_base_y: -7.275963
robot_base_yaw: 3.140321
robot_geom: robot0_torso_fixed_collision_box_1
proxy_geom: scene_aabb_proxy_production_line_6
judge_collision_detected:
robot_base_x: 10.435467
robot_base_y: -7.275963
robot_base_yaw: 3.140321
robot_geom: robot0_torso_fixed_column_collision
proxy_geom: scene_aabb_proxy_line_6_output_side_protrusion
judge_collision_detected:
robot_base_x: 10.435467
robot_base_y: -7.275963
robot_base_yaw: 3.140321
robot_geom: robot0_wheel_left_collision
proxy_geom: scene_aabb_proxy_line_6_output_side_protrusion
judge_collision_detected:
robot_base_x: 10.435467
robot_base_y: -7.275963
robot_base_yaw: 3.140321
robot_geom: robot0_wheel_right_collision
proxy_geom: scene_aabb_proxy_line_6_output_side_protrusion
judge_collision_detected:
robot_base_x: 10.435467
robot_base_y: -7.275963
robot_base_yaw: 3.140321
robot_geom: robot0_wheel_right_collision
proxy_geom: scene_aabb_proxy_production_line_6
judge_collision_detected:
robot_base_x: 10.430977
robot_base_y: -7.276298
robot_base_yaw: 3.140579
robot_geom: robot0_back_left_caster_2
proxy_geom: scene_aabb_proxy_line_6_belt
judge_collision_detected:
robot_base_x: 10.430977
robot_base_y: -7.276298
robot_base_yaw: 3.140579
robot_geom: robot0_back_left_caster_2
proxy_geom: scene_aabb_proxy_line_6_output_side_protrusion
judge_collision_detected:
robot_base_x: 10.430977
robot_base_y: -7.276298
robot_base_yaw: 3.140579
robot_geom: robot0_back_right_caster_2
proxy_geom: scene_aabb_proxy_line_6_belt
judge_collision_detected:
robot_base_x: 10.430977
robot_base_y: -7.276298
robot_base_yaw: 3.140579
robot_geom: robot0_back_right_caster_2
proxy_geom: scene_aabb_proxy_line_6_output_side_protrusion
judge_collision_detected:
robot_base_x: 10.430977
robot_base_y: -7.276298
robot_base_yaw: 3.140579
robot_geom: robot0_base_collision
proxy_geom: scene_aabb_proxy_line_6_belt
judge_collision_detected:
robot_base_x: 10.430977
robot_base_y: -7.276298
robot_base_yaw: 3.140579
robot_geom: robot0_base_collision
proxy_geom: scene_aabb_proxy_line_6_output_side_protrusion
judge_collision_detected:
robot_base_x: 10.430977
robot_base_y: -7.276298
robot_base_yaw: 3.140579
robot_geom: robot0_base_collision
proxy_geom: scene_aabb_proxy_output_6
judge_collision_detected:
robot_base_x: 10.430977
robot_base_y: -7.276298
robot_base_yaw: 3.140579
robot_geom: robot0_base_collision
proxy_geom: scene_aabb_proxy_production_line_6
judge_collision_detected:
robot_base_x: 10.430977
robot_base_y: -7.276298
robot_base_yaw: 3.140579
robot_geom: robot0_front_left_caster_2
proxy_geom: scene_aabb_proxy_output_6
judge_collision_detected:
robot_base_x: 10.430977
robot_base_y: -7.276298
robot_base_yaw: 3.140579
robot_geom: robot0_front_right_caster_2
proxy_geom: scene_aabb_proxy_output_6
judge_collision_detected:
robot_base_x: 10.430977
robot_base_y: -7.276298
robot_base_yaw: 3.140579
robot_geom: robot0_torso_fixed_collision_box_1
proxy_geom: scene_aabb_proxy_line_6_belt
judge_collision_detected:
robot_base_x: 10.430977
robot_base_y: -7.276298
robot_base_yaw: 3.140579
robot_geom: robot0_torso_fixed_collision_box_1
proxy_geom: scene_aabb_proxy_line_6_output_side_protrusion
judge_collision_detected:
robot_base_x: 10.430977
robot_base_y: -7.276298
robot_base_yaw: 3.140579
robot_geom: robot0_torso_fixed_collision_box_1
proxy_geom: scene_aabb_proxy_output_6
judge_collision_detected:
robot_base_x: 10.430977
robot_base_y: -7.276298
robot_base_yaw: 3.140579
robot_geom: robot0_torso_fixed_collision_box_1
proxy_geom: scene_aabb_proxy_production_line_6
judge_collision_detected:
robot_base_x: 10.430977
robot_base_y: -7.276298
robot_base_yaw: 3.140579
robot_geom: robot0_torso_fixed_column_collision
proxy_geom: scene_aabb_proxy_line_6_output_side_protrusion
judge_collision_detected:
robot_base_x: 10.430977
robot_base_y: -7.276298
robot_base_yaw: 3.140579
robot_geom: robot0_wheel_left_collision
proxy_geom: scene_aabb_proxy_line_6_output_side_protrusion
judge_collision_detected:
robot_base_x: 10.430977
robot_base_y: -7.276298
robot_base_yaw: 3.140579
robot_geom: robot0_wheel_right_collision
proxy_geom: scene_aabb_proxy_line_6_output_side_protrusion
judge_collision_detected:
robot_base_x: 10.430977
robot_base_y: -7.276298
robot_base_yaw: 3.140579
robot_geom: robot0_wheel_right_collision
proxy_geom: scene_aabb_proxy_production_line_6
judge_collision_detected:
robot_base_x: 10.426127
robot_base_y: -7.276620
robot_base_yaw: 3.140948
robot_geom: robot0_back_left_caster_2
proxy_geom: scene_aabb_proxy_line_6_belt
judge_collision_detected:
robot_base_x: 10.426127
robot_base_y: -7.276620
robot_base_yaw: 3.140948
robot_geom: robot0_back_left_caster_2
proxy_geom: scene_aabb_proxy_line_6_output_side_protrusion
judge_collision_detected:
robot_base_x: 10.426127
robot_base_y: -7.276620
robot_base_yaw: 3.140948
robot_geom: robot0_back_right_caster_2
proxy_geom: scene_aabb_proxy_line_6_belt
judge_collision_detected:
robot_base_x: 10.426127
robot_base_y: -7.276620
robot_base_yaw: 3.140948
robot_geom: robot0_back_right_caster_2
proxy_geom: scene_aabb_proxy_line_6_output_side_protrusion
judge_collision_detected:
robot_base_x: 10.426127
robot_base_y: -7.276620
robot_base_yaw: 3.140948
robot_geom: robot0_base_collision
proxy_geom: scene_aabb_proxy_line_6_belt
judge_collision_detected:
robot_base_x: 10.426127
robot_base_y: -7.276620
robot_base_yaw: 3.140948
robot_geom: robot0_base_collision
proxy_geom: scene_aabb_proxy_line_6_output_side_protrusion
judge_collision_detected:
robot_base_x: 10.426127
robot_base_y: -7.276620
robot_base_yaw: 3.140948
robot_geom: robot0_base_collision
proxy_geom: scene_aabb_proxy_output_6
judge_collision_detected:
robot_base_x: 10.426127
robot_base_y: -7.276620
robot_base_yaw: 3.140948
robot_geom: robot0_base_collision
proxy_geom: scene_aabb_proxy_production_line_6
judge_collision_detected:
robot_base_x: 10.426127
robot_base_y: -7.276620
robot_base_yaw: 3.140948
robot_geom: robot0_front_left_caster_2
proxy_geom: scene_aabb_proxy_output_6
judge_collision_detected:
robot_base_x: 10.426127
robot_base_y: -7.276620
robot_base_yaw: 3.140948
robot_geom: robot0_front_right_caster_2
proxy_geom: scene_aabb_proxy_output_6
judge_collision_detected:
robot_base_x: 10.426127
robot_base_y: -7.276620
robot_base_yaw: 3.140948
robot_geom: robot0_torso_fixed_collision_box_1
proxy_geom: scene_aabb_proxy_line_6_belt
judge_collision_detected:
robot_base_x: 10.426127
robot_base_y: -7.276620
robot_base_yaw: 3.140948
robot_geom: robot0_torso_fixed_collision_box_1
proxy_geom: scene_aabb_proxy_line_6_output_side_protrusion
judge_collision_detected:
robot_base_x: 10.426127
robot_base_y: -7.276620
robot_base_yaw: 3.140948
robot_geom: robot0_torso_fixed_collision_box_1
proxy_geom: scene_aabb_proxy_output_6
judge_collision_detected:
robot_base_x: 10.426127
robot_base_y: -7.276620
robot_base_yaw: 3.140948
robot_geom: robot0_torso_fixed_collision_box_1
proxy_geom: scene_aabb_proxy_production_line_6
judge_collision_detected:
robot_base_x: 10.426127
robot_base_y: -7.276620
robot_base_yaw: 3.140948
robot_geom: robot0_torso_fixed_column_collision
proxy_geom: scene_aabb_proxy_line_6_output_side_protrusion
judge_collision_detected:
robot_base_x: 10.426127
robot_base_y: -7.276620
robot_base_yaw: 3.140948
robot_geom: robot0_wheel_left_collision
proxy_geom: scene_aabb_proxy_line_6_output_side_protrusion
judge_collision_detected:
robot_base_x: 10.426127
robot_base_y: -7.276620
robot_base_yaw: 3.140948
robot_geom: robot0_wheel_right_collision
proxy_geom: scene_aabb_proxy_line_6_output_side_protrusion
judge_collision_detected:
robot_base_x: 10.426127
robot_base_y: -7.276620
robot_base_yaw: 3.140948
robot_geom: robot0_wheel_right_collision
proxy_geom: scene_aabb_proxy_production_line_6
judge_collision_detected:
robot_base_x: 10.414928
robot_base_y: -7.277092
robot_base_yaw: 3.138844
robot_geom: robot0_back_left_caster_2
proxy_geom: scene_aabb_proxy_line_6_belt
judge_collision_detected:
robot_base_x: 10.414928
robot_base_y: -7.277092
robot_base_yaw: 3.138844
robot_geom: robot0_back_left_caster_2
proxy_geom: scene_aabb_proxy_line_6_output_side_protrusion
judge_collision_detected:
robot_base_x: 10.414928
robot_base_y: -7.277092
robot_base_yaw: 3.138844
robot_geom: robot0_back_right_caster_2
proxy_geom: scene_aabb_proxy_line_6_belt
judge_collision_detected:
robot_base_x: 10.414928
robot_base_y: -7.277092
robot_base_yaw: 3.138844
robot_geom: robot0_back_right_caster_2
proxy_geom: scene_aabb_proxy_line_6_output_side_protrusion
judge_collision_detected:
robot_base_x: 10.414928
robot_base_y: -7.277092
robot_base_yaw: 3.138844
robot_geom: robot0_base_collision
proxy_geom: scene_aabb_proxy_line_6_belt
judge_collision_detected:
robot_base_x: 10.414928
robot_base_y: -7.277092
robot_base_yaw: 3.138844
robot_geom: robot0_base_collision
proxy_geom: scene_aabb_proxy_line_6_output_side_protrusion
judge_collision_detected:
robot_base_x: 10.414928
robot_base_y: -7.277092
robot_base_yaw: 3.138844
robot_geom: robot0_base_collision
proxy_geom: scene_aabb_proxy_output_6
judge_collision_detected:
robot_base_x: 10.414928
robot_base_y: -7.277092
robot_base_yaw: 3.138844
robot_geom: robot0_base_collision
proxy_geom: scene_aabb_proxy_production_line_6
judge_collision_detected:
robot_base_x: 10.414928
robot_base_y: -7.277092
robot_base_yaw: 3.138844
robot_geom: robot0_front_left_caster_2
proxy_geom: scene_aabb_proxy_output_6
judge_collision_detected:
robot_base_x: 10.414928
robot_base_y: -7.277092
robot_base_yaw: 3.138844
robot_geom: robot0_front_right_caster_2
proxy_geom: scene_aabb_proxy_output_6
judge_collision_detected:
robot_base_x: 10.414928
robot_base_y: -7.277092
robot_base_yaw: 3.138844
robot_geom: robot0_torso_fixed_collision_box_1
proxy_geom: scene_aabb_proxy_line_6_belt
judge_collision_detected:
robot_base_x: 10.414928
robot_base_y: -7.277092
robot_base_yaw: 3.138844
robot_geom: robot0_torso_fixed_collision_box_1
proxy_geom: scene_aabb_proxy_line_6_output_side_protrusion
judge_collision_detected:
robot_base_x: 10.414928
robot_base_y: -7.277092
robot_base_yaw: 3.138844
robot_geom: robot0_torso_fixed_collision_box_1
proxy_geom: scene_aabb_proxy_output_6
judge_collision_detected:
robot_base_x: 10.414928
robot_base_y: -7.277092
robot_base_yaw: 3.138844
robot_geom: robot0_torso_fixed_collision_box_1
proxy_geom: scene_aabb_proxy_production_line_6
judge_collision_detected:
robot_base_x: 10.414928
robot_base_y: -7.277092
robot_base_yaw: 3.138844
robot_geom: robot0_torso_fixed_column_collision
proxy_geom: scene_aabb_proxy_line_6_output_side_protrusion
judge_collision_detected:
robot_base_x: 10.414928
robot_base_y: -7.277092
robot_base_yaw: 3.138844
robot_geom: robot0_wheel_left_collision
proxy_geom: scene_aabb_proxy_line_6_output_side_protrusion
judge_collision_detected:
robot_base_x: 10.414928
robot_base_y: -7.277092
robot_base_yaw: 3.138844
robot_geom: robot0_wheel_right_collision
proxy_geom: scene_aabb_proxy_line_6_output_side_protrusion
judge_collision_detected:
robot_base_x: 10.414928
robot_base_y: -7.277092
robot_base_yaw: 3.138844
robot_geom: robot0_wheel_right_collision
proxy_geom: scene_aabb_proxy_production_line_6
judge_collision_detected:
robot_base_x: 10.406797
robot_base_y: -7.277546
robot_base_yaw: 3.138164
robot_geom: robot0_back_left_caster_2
proxy_geom: scene_aabb_proxy_line_6_output_side_protrusion
judge_collision_detected:
robot_base_x: 10.406797
robot_base_y: -7.277546
robot_base_yaw: 3.138164
robot_geom: robot0_back_right_caster_2
proxy_geom: scene_aabb_proxy_line_6_output_side_protrusion
judge_collision_detected:
robot_base_x: 10.406797
robot_base_y: -7.277546
robot_base_yaw: 3.138164
robot_geom: robot0_base_collision
proxy_geom: scene_aabb_proxy_line_6_belt
judge_collision_detected:
robot_base_x: 10.406797
robot_base_y: -7.277546
robot_base_yaw: 3.138164
robot_geom: robot0_base_collision
proxy_geom: scene_aabb_proxy_line_6_output_side_protrusion
judge_collision_detected:
robot_base_x: 10.406797
robot_base_y: -7.277546
robot_base_yaw: 3.138164
robot_geom: robot0_base_collision
proxy_geom: scene_aabb_proxy_output_6
judge_collision_detected:
robot_base_x: 10.406797
robot_base_y: -7.277546
robot_base_yaw: 3.138164
robot_geom: robot0_base_collision
proxy_geom: scene_aabb_proxy_production_line_6
judge_collision_detected:
robot_base_x: 10.406797
robot_base_y: -7.277546
robot_base_yaw: 3.138164
robot_geom: robot0_front_left_caster_2
proxy_geom: scene_aabb_proxy_output_6
judge_collision_detected:
robot_base_x: 10.406797
robot_base_y: -7.277546
robot_base_yaw: 3.138164
robot_geom: robot0_front_right_caster_2
proxy_geom: scene_aabb_proxy_output_6
judge_collision_detected:
robot_base_x: 10.406797
robot_base_y: -7.277546
robot_base_yaw: 3.138164
robot_geom: robot0_torso_fixed_collision_box_1
proxy_geom: scene_aabb_proxy_line_6_belt
judge_collision_detected:
robot_base_x: 10.406797
robot_base_y: -7.277546
robot_base_yaw: 3.138164
robot_geom: robot0_torso_fixed_collision_box_1
proxy_geom: scene_aabb_proxy_line_6_output_side_protrusion
judge_collision_detected:
robot_base_x: 10.406797
robot_base_y: -7.277546
robot_base_yaw: 3.138164
robot_geom: robot0_torso_fixed_collision_box_1
proxy_geom: scene_aabb_proxy_output_6
judge_collision_detected:
robot_base_x: 10.406797
robot_base_y: -7.277546
robot_base_yaw: 3.138164
robot_geom: robot0_torso_fixed_collision_box_1
proxy_geom: scene_aabb_proxy_production_line_6
judge_collision_detected:
robot_base_x: 10.406797
robot_base_y: -7.277546
robot_base_yaw: 3.138164
robot_geom: robot0_torso_fixed_column_collision
proxy_geom: scene_aabb_proxy_line_6_output_side_protrusion
judge_collision_detected:
robot_base_x: 10.406797
robot_base_y: -7.277546
robot_base_yaw: 3.138164
robot_geom: robot0_wheel_left_collision
proxy_geom: scene_aabb_proxy_line_6_output_side_protrusion
judge_collision_detected:
robot_base_x: 10.406797
robot_base_y: -7.277546
robot_base_yaw: 3.138164
robot_geom: robot0_wheel_right_collision
proxy_geom: scene_aabb_proxy_line_6_output_side_protrusion
judge_collision_detected:
robot_base_x: 10.406797
robot_base_y: -7.277546
robot_base_yaw: 3.138164
robot_geom: robot0_wheel_right_collision
proxy_geom: scene_aabb_proxy_production_line_6
judge_collision_detected:
robot_base_x: 10.399931
robot_base_y: -7.278009
robot_base_yaw: 3.137619
robot_geom: robot0_back_left_caster_2
proxy_geom: scene_aabb_proxy_line_6_output_side_protrusion
judge_collision_detected:
robot_base_x: 10.399931
robot_base_y: -7.278009
robot_base_yaw: 3.137619
robot_geom: robot0_back_right_caster_2
proxy_geom: scene_aabb_proxy_line_6_output_side_protrusion
judge_collision_detected:
robot_base_x: 10.399931
robot_base_y: -7.278009
robot_base_yaw: 3.137619
robot_geom: robot0_base_collision
proxy_geom: scene_aabb_proxy_line_6_belt
judge_collision_detected:
robot_base_x: 10.399931
robot_base_y: -7.278009
robot_base_yaw: 3.137619
robot_geom: robot0_base_collision
proxy_geom: scene_aabb_proxy_line_6_output_side_protrusion
judge_collision_detected:
robot_base_x: 10.399931
robot_base_y: -7.278009
robot_base_yaw: 3.137619
robot_geom: robot0_base_collision
proxy_geom: scene_aabb_proxy_output_6
judge_collision_detected:
robot_base_x: 10.399931
robot_base_y: -7.278009
robot_base_yaw: 3.137619
robot_geom: robot0_base_collision
proxy_geom: scene_aabb_proxy_production_line_6
judge_collision_detected:
robot_base_x: 10.399931
robot_base_y: -7.278009
robot_base_yaw: 3.137619
robot_geom: robot0_front_left_caster_2
proxy_geom: scene_aabb_proxy_output_6
judge_collision_detected:
robot_base_x: 10.399931
robot_base_y: -7.278009
robot_base_yaw: 3.137619
robot_geom: robot0_front_right_caster_2
proxy_geom: scene_aabb_proxy_output_6
judge_collision_detected:
robot_base_x: 10.399931
robot_base_y: -7.278009
robot_base_yaw: 3.137619
robot_geom: robot0_torso_fixed_collision_box_1
proxy_geom: scene_aabb_proxy_line_6_belt
judge_collision_detected:
robot_base_x: 10.399931
robot_base_y: -7.278009
robot_base_yaw: 3.137619
robot_geom: robot0_torso_fixed_collision_box_1
proxy_geom: scene_aabb_proxy_line_6_output_side_protrusion
judge_collision_detected:
robot_base_x: 10.399931
robot_base_y: -7.278009
robot_base_yaw: 3.137619
robot_geom: robot0_torso_fixed_collision_box_1
proxy_geom: scene_aabb_proxy_output_6
judge_collision_detected:
robot_base_x: 10.399931
robot_base_y: -7.278009
robot_base_yaw: 3.137619
robot_geom: robot0_torso_fixed_collision_box_1
proxy_geom: scene_aabb_proxy_production_line_6
judge_collision_detected:
robot_base_x: 10.399931
robot_base_y: -7.278009
robot_base_yaw: 3.137619
robot_geom: robot0_torso_fixed_column_collision
proxy_geom: scene_aabb_proxy_line_6_output_side_protrusion
judge_collision_detected:
robot_base_x: 10.399931
robot_base_y: -7.278009
robot_base_yaw: 3.137619
robot_geom: robot0_wheel_left_collision
proxy_geom: scene_aabb_proxy_line_6_output_side_protrusion
judge_collision_detected:
robot_base_x: 10.399931
robot_base_y: -7.278009
robot_base_yaw: 3.137619
robot_geom: robot0_wheel_right_collision
proxy_geom: scene_aabb_proxy_line_6_output_side_protrusion
judge_collision_detected:
robot_base_x: 10.399931
robot_base_y: -7.278009
robot_base_yaw: 3.137619
robot_geom: robot0_wheel_right_collision
proxy_geom: scene_aabb_proxy_production_line_6
judge_collision_detected:
robot_base_x: 10.393818
robot_base_y: -7.278449
robot_base_yaw: 3.137167
robot_geom: robot0_back_left_caster_2
proxy_geom: scene_aabb_proxy_line_6_output_side_protrusion
judge_collision_detected:
robot_base_x: 10.393818
robot_base_y: -7.278449
robot_base_yaw: 3.137167
robot_geom: robot0_back_right_caster_2
proxy_geom: scene_aabb_proxy_line_6_output_side_protrusion
judge_collision_detected:
robot_base_x: 10.393818
robot_base_y: -7.278449
robot_base_yaw: 3.137167
robot_geom: robot0_base_collision
proxy_geom: scene_aabb_proxy_line_6_belt
judge_collision_detected:
robot_base_x: 10.393818
robot_base_y: -7.278449
robot_base_yaw: 3.137167
robot_geom: robot0_base_collision
proxy_geom: scene_aabb_proxy_line_6_output_side_protrusion
judge_collision_detected:
robot_base_x: 10.393818
robot_base_y: -7.278449
robot_base_yaw: 3.137167
robot_geom: robot0_base_collision
proxy_geom: scene_aabb_proxy_output_6
judge_collision_detected:
robot_base_x: 10.393818
robot_base_y: -7.278449
robot_base_yaw: 3.137167
robot_geom: robot0_base_collision
proxy_geom: scene_aabb_proxy_production_line_6
judge_collision_detected:
robot_base_x: 10.393818
robot_base_y: -7.278449
robot_base_yaw: 3.137167
robot_geom: robot0_front_left_caster_2
proxy_geom: scene_aabb_proxy_output_6
judge_collision_detected:
robot_base_x: 10.393818
robot_base_y: -7.278449
robot_base_yaw: 3.137167
robot_geom: robot0_front_right_caster_2
proxy_geom: scene_aabb_proxy_output_6
judge_collision_detected:
robot_base_x: 10.393818
robot_base_y: -7.278449
robot_base_yaw: 3.137167
robot_geom: robot0_torso_fixed_collision_box_1
proxy_geom: scene_aabb_proxy_line_6_output_side_protrusion
judge_collision_detected:
robot_base_x: 10.393818
robot_base_y: -7.278449
robot_base_yaw: 3.137167
robot_geom: robot0_torso_fixed_collision_box_1
proxy_geom: scene_aabb_proxy_output_6
judge_collision_detected:
robot_base_x: 10.393818
robot_base_y: -7.278449
robot_base_yaw: 3.137167
robot_geom: robot0_torso_fixed_collision_box_1
proxy_geom: scene_aabb_proxy_production_line_6
judge_collision_detected:
robot_base_x: 10.393818
robot_base_y: -7.278449
robot_base_yaw: 3.137167
robot_geom: robot0_torso_fixed_column_collision
proxy_geom: scene_aabb_proxy_line_6_output_side_protrusion
judge_collision_detected:
robot_base_x: 10.393818
robot_base_y: -7.278449
robot_base_yaw: 3.137167
robot_geom: robot0_wheel_left_collision
proxy_geom: scene_aabb_proxy_line_6_output_side_protrusion
judge_collision_detected:
robot_base_x: 10.393818
robot_base_y: -7.278449
robot_base_yaw: 3.137167
robot_geom: robot0_wheel_right_collision
proxy_geom: scene_aabb_proxy_line_6_output_side_protrusion
judge_collision_detected:
robot_base_x: 10.393818
robot_base_y: -7.278449
robot_base_yaw: 3.137167
robot_geom: robot0_wheel_right_collision
proxy_geom: scene_aabb_proxy_production_line_6
judge_collision_detected:
robot_base_x: 10.388227
robot_base_y: -7.278858
robot_base_yaw: 3.136772
robot_geom: robot0_back_left_caster_2
proxy_geom: scene_aabb_proxy_line_6_output_side_protrusion
judge_collision_detected:
robot_base_x: 10.388227
robot_base_y: -7.278858
robot_base_yaw: 3.136772
robot_geom: robot0_back_right_caster_2
proxy_geom: scene_aabb_proxy_line_6_output_side_protrusion
judge_collision_detected:
robot_base_x: 10.388227
robot_base_y: -7.278858
robot_base_yaw: 3.136772
robot_geom: robot0_base_collision
proxy_geom: scene_aabb_proxy_line_6_belt
judge_collision_detected:
robot_base_x: 10.388227
robot_base_y: -7.278858
robot_base_yaw: 3.136772
robot_geom: robot0_base_collision
proxy_geom: scene_aabb_proxy_line_6_output_side_protrusion
judge_collision_detected:
robot_base_x: 10.388227
robot_base_y: -7.278858
robot_base_yaw: 3.136772
robot_geom: robot0_base_collision
proxy_geom: scene_aabb_proxy_output_6
judge_collision_detected:
robot_base_x: 10.388227
robot_base_y: -7.278858
robot_base_yaw: 3.136772
robot_geom: robot0_base_collision
proxy_geom: scene_aabb_proxy_production_line_6
judge_collision_detected:
robot_base_x: 10.388227
robot_base_y: -7.278858
robot_base_yaw: 3.136772
robot_geom: robot0_front_left_caster_2
proxy_geom: scene_aabb_proxy_output_6
judge_collision_detected:
robot_base_x: 10.388227
robot_base_y: -7.278858
robot_base_yaw: 3.136772
robot_geom: robot0_front_right_caster_2
proxy_geom: scene_aabb_proxy_output_6
judge_collision_detected:
robot_base_x: 10.388227
robot_base_y: -7.278858
robot_base_yaw: 3.136772
robot_geom: robot0_torso_fixed_collision_box_1
proxy_geom: scene_aabb_proxy_line_6_output_side_protrusion
judge_collision_detected:
robot_base_x: 10.388227
robot_base_y: -7.278858
robot_base_yaw: 3.136772
robot_geom: robot0_torso_fixed_collision_box_1
proxy_geom: scene_aabb_proxy_output_6
judge_collision_detected:
robot_base_x: 10.388227
robot_base_y: -7.278858
robot_base_yaw: 3.136772
robot_geom: robot0_torso_fixed_collision_box_1
proxy_geom: scene_aabb_proxy_production_line_6
judge_collision_detected:
robot_base_x: 10.388227
robot_base_y: -7.278858
robot_base_yaw: 3.136772
robot_geom: robot0_torso_fixed_column_collision
proxy_geom: scene_aabb_proxy_line_6_output_side_protrusion
judge_collision_detected:
robot_base_x: 10.388227
robot_base_y: -7.278858
robot_base_yaw: 3.136772
robot_geom: robot0_wheel_left_collision
proxy_geom: scene_aabb_proxy_line_6_output_side_protrusion
judge_collision_detected:
robot_base_x: 10.388227
robot_base_y: -7.278858
robot_base_yaw: 3.136772
robot_geom: robot0_wheel_right_collision
proxy_geom: scene_aabb_proxy_line_6_output_side_protrusion
judge_collision_detected:
robot_base_x: 10.388227
robot_base_y: -7.278858
robot_base_yaw: 3.136772
robot_geom: robot0_wheel_right_collision
proxy_geom: scene_aabb_proxy_production_line_6
judge_collision_detected:
robot_base_x: 10.383277
robot_base_y: -7.279224
robot_base_yaw: 3.136693
robot_geom: robot0_back_left_caster_2
proxy_geom: scene_aabb_proxy_line_6_output_side_protrusion
judge_collision_detected:
robot_base_x: 10.383277
robot_base_y: -7.279224
robot_base_yaw: 3.136693
robot_geom: robot0_back_right_caster_2
proxy_geom: scene_aabb_proxy_line_6_output_side_protrusion
judge_collision_detected:
robot_base_x: 10.383277
robot_base_y: -7.279224
robot_base_yaw: 3.136693
robot_geom: robot0_base_collision
proxy_geom: scene_aabb_proxy_line_6_belt
judge_collision_detected:
robot_base_x: 10.383277
robot_base_y: -7.279224
robot_base_yaw: 3.136693
robot_geom: robot0_base_collision
proxy_geom: scene_aabb_proxy_line_6_output_side_protrusion
judge_collision_detected:
robot_base_x: 10.383277
robot_base_y: -7.279224
robot_base_yaw: 3.136693
robot_geom: robot0_base_collision
proxy_geom: scene_aabb_proxy_output_6
judge_collision_detected:
robot_base_x: 10.383277
robot_base_y: -7.279224
robot_base_yaw: 3.136693
robot_geom: robot0_base_collision
proxy_geom: scene_aabb_proxy_production_line_6
judge_collision_detected:
robot_base_x: 10.383277
robot_base_y: -7.279224
robot_base_yaw: 3.136693
robot_geom: robot0_front_left_caster_2
proxy_geom: scene_aabb_proxy_output_6
judge_collision_detected:
robot_base_x: 10.383277
robot_base_y: -7.279224
robot_base_yaw: 3.136693
robot_geom: robot0_front_right_caster_2
proxy_geom: scene_aabb_proxy_output_6
judge_collision_detected:
robot_base_x: 10.383277
robot_base_y: -7.279224
robot_base_yaw: 3.136693
robot_geom: robot0_torso_fixed_collision_box_1
proxy_geom: scene_aabb_proxy_line_6_output_side_protrusion
judge_collision_detected:
robot_base_x: 10.383277
robot_base_y: -7.279224
robot_base_yaw: 3.136693
robot_geom: robot0_torso_fixed_collision_box_1
proxy_geom: scene_aabb_proxy_output_6
judge_collision_detected:
robot_base_x: 10.383277
robot_base_y: -7.279224
robot_base_yaw: 3.136693
robot_geom: robot0_torso_fixed_collision_box_1
proxy_geom: scene_aabb_proxy_production_line_6
judge_collision_detected:
robot_base_x: 10.383277
robot_base_y: -7.279224
robot_base_yaw: 3.136693
robot_geom: robot0_torso_fixed_column_collision
proxy_geom: scene_aabb_proxy_line_6_output_side_protrusion
judge_collision_detected:
robot_base_x: 10.383277
robot_base_y: -7.279224
robot_base_yaw: 3.136693
robot_geom: robot0_wheel_left_collision
proxy_geom: scene_aabb_proxy_line_6_output_side_protrusion
judge_collision_detected:
robot_base_x: 10.383277
robot_base_y: -7.279224
robot_base_yaw: 3.136693
robot_geom: robot0_wheel_left_collision
proxy_geom: scene_aabb_proxy_output_6
judge_collision_detected:
robot_base_x: 10.383277
robot_base_y: -7.279224
robot_base_yaw: 3.136693
robot_geom: robot0_wheel_right_collision
proxy_geom: scene_aabb_proxy_line_6_output_side_protrusion
judge_collision_detected:
robot_base_x: 10.383277
robot_base_y: -7.279224
robot_base_yaw: 3.136693
robot_geom: robot0_wheel_right_collision
proxy_geom: scene_aabb_proxy_output_6
judge_collision_detected:
robot_base_x: 10.383277
robot_base_y: -7.279224
robot_base_yaw: 3.136693
robot_geom: robot0_wheel_right_collision
proxy_geom: scene_aabb_proxy_production_line_6
judge_collision_detected:
robot_base_x: 10.380203
robot_base_y: -7.279530
robot_base_yaw: 3.136439
robot_geom: robot0_back_left_caster_2
proxy_geom: scene_aabb_proxy_line_6_output_side_protrusion
judge_collision_detected:
robot_base_x: 10.380203
robot_base_y: -7.279530
robot_base_yaw: 3.136439
robot_geom: robot0_back_right_caster_2
proxy_geom: scene_aabb_proxy_line_6_output_side_protrusion
judge_collision_detected:
robot_base_x: 10.380203
robot_base_y: -7.279530
robot_base_yaw: 3.136439
robot_geom: robot0_base_collision
proxy_geom: scene_aabb_proxy_line_6_belt
judge_collision_detected:
robot_base_x: 10.380203
robot_base_y: -7.279530
robot_base_yaw: 3.136439
robot_geom: robot0_base_collision
proxy_geom: scene_aabb_proxy_line_6_output_side_protrusion
judge_collision_detected:
robot_base_x: 10.380203
robot_base_y: -7.279530
robot_base_yaw: 3.136439
robot_geom: robot0_base_collision
proxy_geom: scene_aabb_proxy_output_6
judge_collision_detected:
robot_base_x: 10.380203
robot_base_y: -7.279530
robot_base_yaw: 3.136439
robot_geom: robot0_base_collision
proxy_geom: scene_aabb_proxy_production_line_6
judge_collision_detected:
robot_base_x: 10.380203
robot_base_y: -7.279530
robot_base_yaw: 3.136439
robot_geom: robot0_front_left_caster_2
proxy_geom: scene_aabb_proxy_output_6
judge_collision_detected:
robot_base_x: 10.380203
robot_base_y: -7.279530
robot_base_yaw: 3.136439
robot_geom: robot0_front_right_caster_2
proxy_geom: scene_aabb_proxy_output_6
judge_collision_detected:
robot_base_x: 10.380203
robot_base_y: -7.279530
robot_base_yaw: 3.136439
robot_geom: robot0_torso_fixed_collision_box_1
proxy_geom: scene_aabb_proxy_line_6_output_side_protrusion
judge_collision_detected:
robot_base_x: 10.380203
robot_base_y: -7.279530
robot_base_yaw: 3.136439
robot_geom: robot0_torso_fixed_collision_box_1
proxy_geom: scene_aabb_proxy_output_6
judge_collision_detected:
robot_base_x: 10.380203
robot_base_y: -7.279530
robot_base_yaw: 3.136439
robot_geom: robot0_torso_fixed_collision_box_1
proxy_geom: scene_aabb_proxy_production_line_6
judge_collision_detected:
robot_base_x: 10.380203
robot_base_y: -7.279530
robot_base_yaw: 3.136439
robot_geom: robot0_torso_fixed_column_collision
proxy_geom: scene_aabb_proxy_line_6_output_side_protrusion
judge_collision_detected:
robot_base_x: 10.380203
robot_base_y: -7.279530
robot_base_yaw: 3.136439
robot_geom: robot0_wheel_left_collision
proxy_geom: scene_aabb_proxy_line_6_output_side_protrusion
judge_collision_detected:
robot_base_x: 10.380203
robot_base_y: -7.279530
robot_base_yaw: 3.136439
robot_geom: robot0_wheel_left_collision
proxy_geom: scene_aabb_proxy_output_6
judge_collision_detected:
robot_base_x: 10.380203
robot_base_y: -7.279530
robot_base_yaw: 3.136439
robot_geom: robot0_wheel_right_collision
proxy_geom: scene_aabb_proxy_line_6_output_side_protrusion
judge_collision_detected:
robot_base_x: 10.380203
robot_base_y: -7.279530
robot_base_yaw: 3.136439
robot_geom: robot0_wheel_right_collision
proxy_geom: scene_aabb_proxy_output_6
judge_collision_detected:
robot_base_x: 10.380203
robot_base_y: -7.279530
robot_base_yaw: 3.136439
robot_geom: robot0_wheel_right_collision
proxy_geom: scene_aabb_proxy_production_line_6
judge_collision_detected:
robot_base_x: 10.377968
robot_base_y: -7.279814
robot_base_yaw: 3.135557
robot_geom: robot0_back_left_caster_2
proxy_geom: scene_aabb_proxy_line_6_output_side_protrusion
judge_collision_detected:
robot_base_x: 10.377968
robot_base_y: -7.279814
robot_base_yaw: 3.135557
robot_geom: robot0_back_right_caster_2
proxy_geom: scene_aabb_proxy_line_6_output_side_protrusion
judge_collision_detected:
robot_base_x: 10.377968
robot_base_y: -7.279814
robot_base_yaw: 3.135557
robot_geom: robot0_base_collision
proxy_geom: scene_aabb_proxy_line_6_belt
judge_collision_detected:
robot_base_x: 10.377968
robot_base_y: -7.279814
robot_base_yaw: 3.135557
robot_geom: robot0_base_collision
proxy_geom: scene_aabb_proxy_line_6_output_side_protrusion
judge_collision_detected:
robot_base_x: 10.377968
robot_base_y: -7.279814
robot_base_yaw: 3.135557
robot_geom: robot0_base_collision
proxy_geom: scene_aabb_proxy_output_6
judge_collision_detected:
robot_base_x: 10.377968
robot_base_y: -7.279814
robot_base_yaw: 3.135557
robot_geom: robot0_base_collision
proxy_geom: scene_aabb_proxy_production_line_6
judge_collision_detected:
robot_base_x: 10.377968
robot_base_y: -7.279814
robot_base_yaw: 3.135557
robot_geom: robot0_front_left_caster_2
proxy_geom: scene_aabb_proxy_output_6
judge_collision_detected:
robot_base_x: 10.377968
robot_base_y: -7.279814
robot_base_yaw: 3.135557
robot_geom: robot0_front_right_caster_2
proxy_geom: scene_aabb_proxy_output_6
judge_collision_detected:
robot_base_x: 10.377968
robot_base_y: -7.279814
robot_base_yaw: 3.135557
robot_geom: robot0_torso_fixed_collision_box_1
proxy_geom: scene_aabb_proxy_line_6_output_side_protrusion
judge_collision_detected:
robot_base_x: 10.377968
robot_base_y: -7.279814
robot_base_yaw: 3.135557
robot_geom: robot0_torso_fixed_collision_box_1
proxy_geom: scene_aabb_proxy_output_6
judge_collision_detected:
robot_base_x: 10.377968
robot_base_y: -7.279814
robot_base_yaw: 3.135557
robot_geom: robot0_torso_fixed_collision_box_1
proxy_geom: scene_aabb_proxy_production_line_6
judge_collision_detected:
robot_base_x: 10.377968
robot_base_y: -7.279814
robot_base_yaw: 3.135557
robot_geom: robot0_torso_fixed_column_collision
proxy_geom: scene_aabb_proxy_line_6_output_side_protrusion
judge_collision_detected:
robot_base_x: 10.377968
robot_base_y: -7.279814
robot_base_yaw: 3.135557
robot_geom: robot0_wheel_left_collision
proxy_geom: scene_aabb_proxy_line_6_output_side_protrusion
judge_collision_detected:
robot_base_x: 10.377968
robot_base_y: -7.279814
robot_base_yaw: 3.135557
robot_geom: robot0_wheel_left_collision
proxy_geom: scene_aabb_proxy_output_6
judge_collision_detected:
robot_base_x: 10.377968
robot_base_y: -7.279814
robot_base_yaw: 3.135557
robot_geom: robot0_wheel_right_collision
proxy_geom: scene_aabb_proxy_line_6_output_side_protrusion
judge_collision_detected:
robot_base_x: 10.377968
robot_base_y: -7.279814
robot_base_yaw: 3.135557
robot_geom: robot0_wheel_right_collision
proxy_geom: scene_aabb_proxy_output_6
judge_collision_detected:
robot_base_x: 10.377968
robot_base_y: -7.279814
robot_base_yaw: 3.135557
robot_geom: robot0_wheel_right_collision
proxy_geom: scene_aabb_proxy_production_line_6
judge_collision_detected:
robot_base_x: 10.375939
robot_base_y: -7.280100
robot_base_yaw: 3.134669
robot_geom: robot0_back_left_caster_2
proxy_geom: scene_aabb_proxy_line_6_output_side_protrusion
judge_collision_detected:
robot_base_x: 10.375939
robot_base_y: -7.280100
robot_base_yaw: 3.134669
robot_geom: robot0_back_right_caster_2
proxy_geom: scene_aabb_proxy_line_6_output_side_protrusion
judge_collision_detected:
robot_base_x: 10.375939
robot_base_y: -7.280100
robot_base_yaw: 3.134669
robot_geom: robot0_base_collision
proxy_geom: scene_aabb_proxy_line_6_output_side_protrusion
judge_collision_detected:
robot_base_x: 10.375939
robot_base_y: -7.280100
robot_base_yaw: 3.134669
robot_geom: robot0_base_collision
proxy_geom: scene_aabb_proxy_output_6
judge_collision_detected:
robot_base_x: 10.375939
robot_base_y: -7.280100
robot_base_yaw: 3.134669
robot_geom: robot0_base_collision
proxy_geom: scene_aabb_proxy_production_line_6
judge_collision_detected:
robot_base_x: 10.375939
robot_base_y: -7.280100
robot_base_yaw: 3.134669
robot_geom: robot0_front_left_caster_2
proxy_geom: scene_aabb_proxy_output_6
judge_collision_detected:
robot_base_x: 10.375939
robot_base_y: -7.280100
robot_base_yaw: 3.134669
robot_geom: robot0_front_right_caster_2
proxy_geom: scene_aabb_proxy_output_6
judge_collision_detected:
robot_base_x: 10.375939
robot_base_y: -7.280100
robot_base_yaw: 3.134669
robot_geom: robot0_torso_fixed_collision_box_1
proxy_geom: scene_aabb_proxy_line_6_output_side_protrusion
judge_collision_detected:
robot_base_x: 10.375939
robot_base_y: -7.280100
robot_base_yaw: 3.134669
robot_geom: robot0_torso_fixed_collision_box_1
proxy_geom: scene_aabb_proxy_output_6
judge_collision_detected:
robot_base_x: 10.375939
robot_base_y: -7.280100
robot_base_yaw: 3.134669
robot_geom: robot0_torso_fixed_collision_box_1
proxy_geom: scene_aabb_proxy_production_line_6
judge_collision_detected:
robot_base_x: 10.375939
robot_base_y: -7.280100
robot_base_yaw: 3.134669
robot_geom: robot0_torso_fixed_column_collision
proxy_geom: scene_aabb_proxy_line_6_output_side_protrusion
judge_collision_detected:
robot_base_x: 10.375939
robot_base_y: -7.280100
robot_base_yaw: 3.134669
robot_geom: robot0_wheel_left_collision
proxy_geom: scene_aabb_proxy_line_6_output_side_protrusion
judge_collision_detected:
robot_base_x: 10.375939
robot_base_y: -7.280100
robot_base_yaw: 3.134669
robot_geom: robot0_wheel_left_collision
proxy_geom: scene_aabb_proxy_output_6
judge_collision_detected:
robot_base_x: 10.375939
robot_base_y: -7.280100
robot_base_yaw: 3.134669
robot_geom: robot0_wheel_right_collision
proxy_geom: scene_aabb_proxy_line_6_output_side_protrusion
judge_collision_detected:
robot_base_x: 10.375939
robot_base_y: -7.280100
robot_base_yaw: 3.134669
robot_geom: robot0_wheel_right_collision
proxy_geom: scene_aabb_proxy_output_6
judge_collision_detected:
robot_base_x: 10.375939
robot_base_y: -7.280100
robot_base_yaw: 3.134669
robot_geom: robot0_wheel_right_collision
proxy_geom: scene_aabb_proxy_production_line_6
judge_collision_detected:
robot_base_x: 10.373996
robot_base_y: -7.280378
robot_base_yaw: 3.133832
robot_geom: robot0_back_left_caster_2
proxy_geom: scene_aabb_proxy_line_6_output_side_protrusion
judge_collision_detected:
robot_base_x: 10.373996
robot_base_y: -7.280378
robot_base_yaw: 3.133832
robot_geom: robot0_back_right_caster_2
proxy_geom: scene_aabb_proxy_line_6_output_side_protrusion
judge_collision_detected:
robot_base_x: 10.373996
robot_base_y: -7.280378
robot_base_yaw: 3.133832
robot_geom: robot0_base_collision
proxy_geom: scene_aabb_proxy_line_6_output_side_protrusion
judge_collision_detected:
robot_base_x: 10.373996
robot_base_y: -7.280378
robot_base_yaw: 3.133832
robot_geom: robot0_base_collision
proxy_geom: scene_aabb_proxy_output_6
judge_collision_detected:
robot_base_x: 10.373996
robot_base_y: -7.280378
robot_base_yaw: 3.133832
robot_geom: robot0_base_collision
proxy_geom: scene_aabb_proxy_production_line_6
judge_collision_detected:
robot_base_x: 10.373996
robot_base_y: -7.280378
robot_base_yaw: 3.133832
robot_geom: robot0_front_left_caster_2
proxy_geom: scene_aabb_proxy_output_6
judge_collision_detected:
robot_base_x: 10.373996
robot_base_y: -7.280378
robot_base_yaw: 3.133832
robot_geom: robot0_front_right_caster_2
proxy_geom: scene_aabb_proxy_output_6
judge_collision_detected:
robot_base_x: 10.373996
robot_base_y: -7.280378
robot_base_yaw: 3.133832
robot_geom: robot0_torso_fixed_collision_box_1
proxy_geom: scene_aabb_proxy_line_6_output_side_protrusion
judge_collision_detected:
robot_base_x: 10.373996
robot_base_y: -7.280378
robot_base_yaw: 3.133832
robot_geom: robot0_torso_fixed_collision_box_1
proxy_geom: scene_aabb_proxy_output_6
judge_collision_detected:
robot_base_x: 10.373996
robot_base_y: -7.280378
robot_base_yaw: 3.133832
robot_geom: robot0_torso_fixed_collision_box_1
proxy_geom: scene_aabb_proxy_production_line_6
judge_collision_detected:
robot_base_x: 10.373996
robot_base_y: -7.280378
robot_base_yaw: 3.133832
robot_geom: robot0_torso_fixed_column_collision
proxy_geom: scene_aabb_proxy_line_6_output_side_protrusion
judge_collision_detected:
robot_base_x: 10.373996
robot_base_y: -7.280378
robot_base_yaw: 3.133832
robot_geom: robot0_wheel_left_collision
proxy_geom: scene_aabb_proxy_line_6_output_side_protrusion
judge_collision_detected:
robot_base_x: 10.373996
robot_base_y: -7.280378
robot_base_yaw: 3.133832
robot_geom: robot0_wheel_left_collision
proxy_geom: scene_aabb_proxy_output_6
judge_collision_detected:
robot_base_x: 10.373996
robot_base_y: -7.280378
robot_base_yaw: 3.133832
robot_geom: robot0_wheel_right_collision
proxy_geom: scene_aabb_proxy_line_6_output_side_protrusion
judge_collision_detected:
robot_base_x: 10.373996
robot_base_y: -7.280378
robot_base_yaw: 3.133832
robot_geom: robot0_wheel_right_collision
proxy_geom: scene_aabb_proxy_output_6
judge_collision_detected:
robot_base_x: 10.373996
robot_base_y: -7.280378
robot_base_yaw: 3.133832
robot_geom: robot0_wheel_right_collision
proxy_geom: scene_aabb_proxy_production_line_6
judge_collision_detected:
robot_base_x: 10.372074
robot_base_y: -7.280652
robot_base_yaw: 3.133042
robot_geom: robot0_back_left_caster_2
proxy_geom: scene_aabb_proxy_line_6_output_side_protrusion
judge_collision_detected:
robot_base_x: 10.372074
robot_base_y: -7.280652
robot_base_yaw: 3.133042
robot_geom: robot0_back_right_caster_2
proxy_geom: scene_aabb_proxy_line_6_output_side_protrusion
judge_collision_detected:
robot_base_x: 10.372074
robot_base_y: -7.280652
robot_base_yaw: 3.133042
robot_geom: robot0_base_collision
proxy_geom: scene_aabb_proxy_line_6_output_side_protrusion
judge_collision_detected:
robot_base_x: 10.372074
robot_base_y: -7.280652
robot_base_yaw: 3.133042
robot_geom: robot0_base_collision
proxy_geom: scene_aabb_proxy_output_6
judge_collision_detected:
robot_base_x: 10.372074
robot_base_y: -7.280652
robot_base_yaw: 3.133042
robot_geom: robot0_base_collision
proxy_geom: scene_aabb_proxy_production_line_6
judge_collision_detected:
robot_base_x: 10.372074
robot_base_y: -7.280652
robot_base_yaw: 3.133042
robot_geom: robot0_front_left_caster_2
proxy_geom: scene_aabb_proxy_output_6
judge_collision_detected:
robot_base_x: 10.372074
robot_base_y: -7.280652
robot_base_yaw: 3.133042
robot_geom: robot0_front_right_caster_2
proxy_geom: scene_aabb_proxy_output_6
judge_collision_detected:
robot_base_x: 10.372074
robot_base_y: -7.280652
robot_base_yaw: 3.133042
robot_geom: robot0_torso_fixed_collision_box_1
proxy_geom: scene_aabb_proxy_line_6_output_side_protrusion
judge_collision_detected:
robot_base_x: 10.372074
robot_base_y: -7.280652
robot_base_yaw: 3.133042
robot_geom: robot0_torso_fixed_collision_box_1
proxy_geom: scene_aabb_proxy_output_6
judge_collision_detected:
robot_base_x: 10.372074
robot_base_y: -7.280652
robot_base_yaw: 3.133042
robot_geom: robot0_torso_fixed_collision_box_1
proxy_geom: scene_aabb_proxy_production_line_6
judge_collision_detected:
robot_base_x: 10.372074
robot_base_y: -7.280652
robot_base_yaw: 3.133042
robot_geom: robot0_torso_fixed_column_collision
proxy_geom: scene_aabb_proxy_line_6_output_side_protrusion
judge_collision_detected:
robot_base_x: 10.372074
robot_base_y: -7.280652
robot_base_yaw: 3.133042
robot_geom: robot0_wheel_left_collision
proxy_geom: scene_aabb_proxy_line_6_output_side_protrusion
judge_collision_detected:
robot_base_x: 10.372074
robot_base_y: -7.280652
robot_base_yaw: 3.133042
robot_geom: robot0_wheel_left_collision
proxy_geom: scene_aabb_proxy_output_6
judge_collision_detected:
robot_base_x: 10.372074
robot_base_y: -7.280652
robot_base_yaw: 3.133042
robot_geom: robot0_wheel_right_collision
proxy_geom: scene_aabb_proxy_line_6_output_side_protrusion
judge_collision_detected:
robot_base_x: 10.372074
robot_base_y: -7.280652
robot_base_yaw: 3.133042
robot_geom: robot0_wheel_right_collision
proxy_geom: scene_aabb_proxy_output_6
judge_collision_detected:
robot_base_x: 10.372074
robot_base_y: -7.280652
robot_base_yaw: 3.133042
robot_geom: robot0_wheel_right_collision
proxy_geom: scene_aabb_proxy_production_line_6
judge_collision_detected:
robot_base_x: 10.369839
robot_base_y: -7.280938
robot_base_yaw: 3.132276
robot_geom: robot0_back_left_caster_2
proxy_geom: scene_aabb_proxy_line_6_output_side_protrusion
judge_collision_detected:
robot_base_x: 10.369839
robot_base_y: -7.280938
robot_base_yaw: 3.132276
robot_geom: robot0_back_right_caster_2
proxy_geom: scene_aabb_proxy_line_6_output_side_protrusion
judge_collision_detected:
robot_base_x: 10.369839
robot_base_y: -7.280938
robot_base_yaw: 3.132276
robot_geom: robot0_base_collision
proxy_geom: scene_aabb_proxy_line_6_output_side_protrusion
judge_collision_detected:
robot_base_x: 10.369839
robot_base_y: -7.280938
robot_base_yaw: 3.132276
robot_geom: robot0_base_collision
proxy_geom: scene_aabb_proxy_output_6
judge_collision_detected:
robot_base_x: 10.369839
robot_base_y: -7.280938
robot_base_yaw: 3.132276
robot_geom: robot0_base_collision
proxy_geom: scene_aabb_proxy_production_line_6
judge_collision_detected:
robot_base_x: 10.369839
robot_base_y: -7.280938
robot_base_yaw: 3.132276
robot_geom: robot0_front_left_caster_2
proxy_geom: scene_aabb_proxy_output_6
judge_collision_detected:
robot_base_x: 10.369839
robot_base_y: -7.280938
robot_base_yaw: 3.132276
robot_geom: robot0_front_right_caster_2
proxy_geom: scene_aabb_proxy_output_6
judge_collision_detected:
robot_base_x: 10.369839
robot_base_y: -7.280938
robot_base_yaw: 3.132276
robot_geom: robot0_torso_fixed_collision_box_1
proxy_geom: scene_aabb_proxy_line_6_output_side_protrusion
judge_collision_detected:
robot_base_x: 10.369839
robot_base_y: -7.280938
robot_base_yaw: 3.132276
robot_geom: robot0_torso_fixed_collision_box_1
proxy_geom: scene_aabb_proxy_output_6
judge_collision_detected:
robot_base_x: 10.369839
robot_base_y: -7.280938
robot_base_yaw: 3.132276
robot_geom: robot0_torso_fixed_collision_box_1
proxy_geom: scene_aabb_proxy_production_line_6
judge_collision_detected:
robot_base_x: 10.369839
robot_base_y: -7.280938
robot_base_yaw: 3.132276
robot_geom: robot0_torso_fixed_column_collision
proxy_geom: scene_aabb_proxy_line_6_output_side_protrusion
judge_collision_detected:
robot_base_x: 10.369839
robot_base_y: -7.280938
robot_base_yaw: 3.132276
robot_geom: robot0_wheel_left_collision
proxy_geom: scene_aabb_proxy_line_6_output_side_protrusion
judge_collision_detected:
robot_base_x: 10.369839
robot_base_y: -7.280938
robot_base_yaw: 3.132276
robot_geom: robot0_wheel_left_collision
proxy_geom: scene_aabb_proxy_output_6
judge_collision_detected:
robot_base_x: 10.369839
robot_base_y: -7.280938
robot_base_yaw: 3.132276
robot_geom: robot0_wheel_right_collision
proxy_geom: scene_aabb_proxy_line_6_output_side_protrusion
judge_collision_detected:
robot_base_x: 10.369839
robot_base_y: -7.280938
robot_base_yaw: 3.132276
robot_geom: robot0_wheel_right_collision
proxy_geom: scene_aabb_proxy_output_6
judge_collision_detected:
robot_base_x: 10.369839
robot_base_y: -7.280938
robot_base_yaw: 3.132276
robot_geom: robot0_wheel_right_collision
proxy_geom: scene_aabb_proxy_production_line_6
judge_collision_detected:
robot_base_x: 10.367383
robot_base_y: -7.281212
robot_base_yaw: 3.130778
robot_geom: robot0_back_left_caster_2
proxy_geom: scene_aabb_proxy_line_6_output_side_protrusion
judge_collision_detected:
robot_base_x: 10.367383
robot_base_y: -7.281212
robot_base_yaw: 3.130778
robot_geom: robot0_back_right_caster_2
proxy_geom: scene_aabb_proxy_line_6_output_side_protrusion
judge_collision_detected:
robot_base_x: 10.367383
robot_base_y: -7.281212
robot_base_yaw: 3.130778
robot_geom: robot0_base_collision
proxy_geom: scene_aabb_proxy_line_6_output_side_protrusion
judge_collision_detected:
robot_base_x: 10.367383
robot_base_y: -7.281212
robot_base_yaw: 3.130778
robot_geom: robot0_base_collision
proxy_geom: scene_aabb_proxy_output_6
judge_collision_detected:
robot_base_x: 10.367383
robot_base_y: -7.281212
robot_base_yaw: 3.130778
robot_geom: robot0_base_collision
proxy_geom: scene_aabb_proxy_production_line_6
judge_collision_detected:
robot_base_x: 10.367383
robot_base_y: -7.281212
robot_base_yaw: 3.130778
robot_geom: robot0_front_left_caster_2
proxy_geom: scene_aabb_proxy_output_6
judge_collision_detected:
robot_base_x: 10.367383
robot_base_y: -7.281212
robot_base_yaw: 3.130778
robot_geom: robot0_front_right_caster_2
proxy_geom: scene_aabb_proxy_output_6
judge_collision_detected:
robot_base_x: 10.367383
robot_base_y: -7.281212
robot_base_yaw: 3.130778
robot_geom: robot0_torso_fixed_collision_box_1
proxy_geom: scene_aabb_proxy_line_6_output_side_protrusion
judge_collision_detected:
robot_base_x: 10.367383
robot_base_y: -7.281212
robot_base_yaw: 3.130778
robot_geom: robot0_torso_fixed_collision_box_1
proxy_geom: scene_aabb_proxy_output_6
judge_collision_detected:
robot_base_x: 10.367383
robot_base_y: -7.281212
robot_base_yaw: 3.130778
robot_geom: robot0_torso_fixed_collision_box_1
proxy_geom: scene_aabb_proxy_production_line_6
judge_collision_detected:
robot_base_x: 10.367383
robot_base_y: -7.281212
robot_base_yaw: 3.130778
robot_geom: robot0_torso_fixed_column_collision
proxy_geom: scene_aabb_proxy_line_6_output_side_protrusion
judge_collision_detected:
robot_base_x: 10.367383
robot_base_y: -7.281212
robot_base_yaw: 3.130778
robot_geom: robot0_wheel_left_collision
proxy_geom: scene_aabb_proxy_line_6_output_side_protrusion
judge_collision_detected:
robot_base_x: 10.367383
robot_base_y: -7.281212
robot_base_yaw: 3.130778
robot_geom: robot0_wheel_left_collision
proxy_geom: scene_aabb_proxy_output_6
judge_collision_detected:
robot_base_x: 10.367383
robot_base_y: -7.281212
robot_base_yaw: 3.130778
robot_geom: robot0_wheel_right_collision
proxy_geom: scene_aabb_proxy_line_6_output_side_protrusion
judge_collision_detected:
robot_base_x: 10.367383
robot_base_y: -7.281212
robot_base_yaw: 3.130778
robot_geom: robot0_wheel_right_collision
proxy_geom: scene_aabb_proxy_output_6
judge_collision_detected:
robot_base_x: 10.367383
robot_base_y: -7.281212
robot_base_yaw: 3.130778
robot_geom: robot0_wheel_right_collision
proxy_geom: scene_aabb_proxy_production_line_6
judge_collision_detected:
robot_base_x: 10.365187
robot_base_y: -7.281428
robot_base_yaw: 3.129337
robot_geom: robot0_back_left_caster_2
proxy_geom: scene_aabb_proxy_line_6_output_side_protrusion
judge_collision_detected:
robot_base_x: 10.365187
robot_base_y: -7.281428
robot_base_yaw: 3.129337
robot_geom: robot0_back_right_caster_2
proxy_geom: scene_aabb_proxy_line_6_output_side_protrusion
judge_collision_detected:
robot_base_x: 10.365187
robot_base_y: -7.281428
robot_base_yaw: 3.129337
robot_geom: robot0_base_collision
proxy_geom: scene_aabb_proxy_line_6_output_side_protrusion
judge_collision_detected:
robot_base_x: 10.365187
robot_base_y: -7.281428
robot_base_yaw: 3.129337
robot_geom: robot0_base_collision
proxy_geom: scene_aabb_proxy_output_6
judge_collision_detected:
robot_base_x: 10.365187
robot_base_y: -7.281428
robot_base_yaw: 3.129337
robot_geom: robot0_base_collision
proxy_geom: scene_aabb_proxy_production_line_6
judge_collision_detected:
robot_base_x: 10.365187
robot_base_y: -7.281428
robot_base_yaw: 3.129337
robot_geom: robot0_front_left_caster_2
proxy_geom: scene_aabb_proxy_output_6
judge_collision_detected:
robot_base_x: 10.365187
robot_base_y: -7.281428
robot_base_yaw: 3.129337
robot_geom: robot0_front_right_caster_2
proxy_geom: scene_aabb_proxy_output_6
judge_collision_detected:
robot_base_x: 10.365187
robot_base_y: -7.281428
robot_base_yaw: 3.129337
robot_geom: robot0_torso_fixed_collision_box_1
proxy_geom: scene_aabb_proxy_line_6_output_side_protrusion
judge_collision_detected:
robot_base_x: 10.365187
robot_base_y: -7.281428
robot_base_yaw: 3.129337
robot_geom: robot0_torso_fixed_collision_box_1
proxy_geom: scene_aabb_proxy_output_6
judge_collision_detected:
robot_base_x: 10.365187
robot_base_y: -7.281428
robot_base_yaw: 3.129337
robot_geom: robot0_torso_fixed_collision_box_1
proxy_geom: scene_aabb_proxy_production_line_6
judge_collision_detected:
robot_base_x: 10.365187
robot_base_y: -7.281428
robot_base_yaw: 3.129337
robot_geom: robot0_torso_fixed_column_collision
proxy_geom: scene_aabb_proxy_line_6_output_side_protrusion
judge_collision_detected:
robot_base_x: 10.365187
robot_base_y: -7.281428
robot_base_yaw: 3.129337
robot_geom: robot0_wheel_left_collision
proxy_geom: scene_aabb_proxy_line_6_output_side_protrusion
judge_collision_detected:
robot_base_x: 10.365187
robot_base_y: -7.281428
robot_base_yaw: 3.129337
robot_geom: robot0_wheel_left_collision
proxy_geom: scene_aabb_proxy_output_6
judge_collision_detected:
robot_base_x: 10.365187
robot_base_y: -7.281428
robot_base_yaw: 3.129337
robot_geom: robot0_wheel_right_collision
proxy_geom: scene_aabb_proxy_line_6_output_side_protrusion
judge_collision_detected:
robot_base_x: 10.365187
robot_base_y: -7.281428
robot_base_yaw: 3.129337
robot_geom: robot0_wheel_right_collision
proxy_geom: scene_aabb_proxy_output_6
judge_collision_detected:
robot_base_x: 10.365187
robot_base_y: -7.281428
robot_base_yaw: 3.129337
robot_geom: robot0_wheel_right_collision
proxy_geom: scene_aabb_proxy_production_line_6
judge_collision_detected:
robot_base_x: 10.362794
robot_base_y: -7.281647
robot_base_yaw: 3.129229
robot_geom: robot0_back_left_caster_2
proxy_geom: scene_aabb_proxy_line_6_output_side_protrusion
judge_collision_detected:
robot_base_x: 10.362794
robot_base_y: -7.281647
robot_base_yaw: 3.129229
robot_geom: robot0_back_right_caster_2
proxy_geom: scene_aabb_proxy_line_6_output_side_protrusion
judge_collision_detected:
robot_base_x: 10.362794
robot_base_y: -7.281647
robot_base_yaw: 3.129229
robot_geom: robot0_base_collision
proxy_geom: scene_aabb_proxy_line_6_output_side_protrusion
judge_collision_detected:
robot_base_x: 10.362794
robot_base_y: -7.281647
robot_base_yaw: 3.129229
robot_geom: robot0_base_collision
proxy_geom: scene_aabb_proxy_output_6
judge_collision_detected:
robot_base_x: 10.362794
robot_base_y: -7.281647
robot_base_yaw: 3.129229
robot_geom: robot0_base_collision
proxy_geom: scene_aabb_proxy_production_line_6
judge_collision_detected:
robot_base_x: 10.362794
robot_base_y: -7.281647
robot_base_yaw: 3.129229
robot_geom: robot0_front_left_caster_2
proxy_geom: scene_aabb_proxy_output_6
judge_collision_detected:
robot_base_x: 10.362794
robot_base_y: -7.281647
robot_base_yaw: 3.129229
robot_geom: robot0_front_right_caster_2
proxy_geom: scene_aabb_proxy_output_6
judge_collision_detected:
robot_base_x: 10.362794
robot_base_y: -7.281647
robot_base_yaw: 3.129229
robot_geom: robot0_torso_fixed_collision_box_1
proxy_geom: scene_aabb_proxy_line_6_output_side_protrusion
judge_collision_detected:
robot_base_x: 10.362794
robot_base_y: -7.281647
robot_base_yaw: 3.129229
robot_geom: robot0_torso_fixed_collision_box_1
proxy_geom: scene_aabb_proxy_output_6
judge_collision_detected:
robot_base_x: 10.362794
robot_base_y: -7.281647
robot_base_yaw: 3.129229
robot_geom: robot0_torso_fixed_collision_box_1
proxy_geom: scene_aabb_proxy_production_line_6
judge_collision_detected:
robot_base_x: 10.362794
robot_base_y: -7.281647
robot_base_yaw: 3.129229
robot_geom: robot0_torso_fixed_column_collision
proxy_geom: scene_aabb_proxy_line_6_output_side_protrusion
judge_collision_detected:
robot_base_x: 10.362794
robot_base_y: -7.281647
robot_base_yaw: 3.129229
robot_geom: robot0_wheel_left_collision
proxy_geom: scene_aabb_proxy_line_6_output_side_protrusion
judge_collision_detected:
robot_base_x: 10.362794
robot_base_y: -7.281647
robot_base_yaw: 3.129229
robot_geom: robot0_wheel_left_collision
proxy_geom: scene_aabb_proxy_output_6
judge_collision_detected:
robot_base_x: 10.362794
robot_base_y: -7.281647
robot_base_yaw: 3.129229
robot_geom: robot0_wheel_right_collision
proxy_geom: scene_aabb_proxy_line_6_output_side_protrusion
judge_collision_detected:
robot_base_x: 10.362794
robot_base_y: -7.281647
robot_base_yaw: 3.129229
robot_geom: robot0_wheel_right_collision
proxy_geom: scene_aabb_proxy_output_6
judge_collision_detected:
robot_base_x: 10.362794
robot_base_y: -7.281647
robot_base_yaw: 3.129229
robot_geom: robot0_wheel_right_collision
proxy_geom: scene_aabb_proxy_production_line_6
judge_collision_detected:
robot_base_x: 10.360448
robot_base_y: -7.281865
robot_base_yaw: 3.129360
robot_geom: robot0_back_left_caster_2
proxy_geom: scene_aabb_proxy_line_6_output_side_protrusion
judge_collision_detected:
robot_base_x: 10.360448
robot_base_y: -7.281865
robot_base_yaw: 3.129360
robot_geom: robot0_back_right_caster_2
proxy_geom: scene_aabb_proxy_line_6_output_side_protrusion
judge_collision_detected:
robot_base_x: 10.360448
robot_base_y: -7.281865
robot_base_yaw: 3.129360
robot_geom: robot0_base_collision
proxy_geom: scene_aabb_proxy_line_6_output_side_protrusion
judge_collision_detected:
robot_base_x: 10.360448
robot_base_y: -7.281865
robot_base_yaw: 3.129360
robot_geom: robot0_base_collision
proxy_geom: scene_aabb_proxy_output_6
judge_collision_detected:
robot_base_x: 10.360448
robot_base_y: -7.281865
robot_base_yaw: 3.129360
robot_geom: robot0_base_collision
proxy_geom: scene_aabb_proxy_production_line_6
judge_collision_detected:
robot_base_x: 10.360448
robot_base_y: -7.281865
robot_base_yaw: 3.129360
robot_geom: robot0_front_left_caster_2
proxy_geom: scene_aabb_proxy_output_6
judge_collision_detected:
robot_base_x: 10.360448
robot_base_y: -7.281865
robot_base_yaw: 3.129360
robot_geom: robot0_front_right_caster_2
proxy_geom: scene_aabb_proxy_output_6
judge_collision_detected:
robot_base_x: 10.360448
robot_base_y: -7.281865
robot_base_yaw: 3.129360
robot_geom: robot0_torso_fixed_collision_box_1
proxy_geom: scene_aabb_proxy_line_6_output_side_protrusion
judge_collision_detected:
robot_base_x: 10.360448
robot_base_y: -7.281865
robot_base_yaw: 3.129360
robot_geom: robot0_torso_fixed_collision_box_1
proxy_geom: scene_aabb_proxy_output_6
judge_collision_detected:
robot_base_x: 10.360448
robot_base_y: -7.281865
robot_base_yaw: 3.129360
robot_geom: robot0_torso_fixed_collision_box_1
proxy_geom: scene_aabb_proxy_production_line_6
judge_collision_detected:
robot_base_x: 10.360448
robot_base_y: -7.281865
robot_base_yaw: 3.129360
robot_geom: robot0_torso_fixed_column_collision
proxy_geom: scene_aabb_proxy_line_6_output_side_protrusion
judge_collision_detected:
robot_base_x: 10.360448
robot_base_y: -7.281865
robot_base_yaw: 3.129360
robot_geom: robot0_wheel_left_collision
proxy_geom: scene_aabb_proxy_line_6_output_side_protrusion
judge_collision_detected:
robot_base_x: 10.360448
robot_base_y: -7.281865
robot_base_yaw: 3.129360
robot_geom: robot0_wheel_left_collision
proxy_geom: scene_aabb_proxy_output_6
judge_collision_detected:
robot_base_x: 10.360448
robot_base_y: -7.281865
robot_base_yaw: 3.129360
robot_geom: robot0_wheel_right_collision
proxy_geom: scene_aabb_proxy_line_6_output_side_protrusion
judge_collision_detected:
robot_base_x: 10.360448
robot_base_y: -7.281865
robot_base_yaw: 3.129360
robot_geom: robot0_wheel_right_collision
proxy_geom: scene_aabb_proxy_output_6
judge_collision_detected:
robot_base_x: 10.360448
robot_base_y: -7.281865
robot_base_yaw: 3.129360
robot_geom: robot0_wheel_right_collision
proxy_geom: scene_aabb_proxy_production_line_6
judge_collision_detected:
robot_base_x: 10.358207
robot_base_y: -7.282079
robot_base_yaw: 3.129511
robot_geom: robot0_back_left_caster_2
proxy_geom: scene_aabb_proxy_line_6_output_side_protrusion
judge_collision_detected:
robot_base_x: 10.358207
robot_base_y: -7.282079
robot_base_yaw: 3.129511
robot_geom: robot0_back_right_caster_2
proxy_geom: scene_aabb_proxy_line_6_output_side_protrusion
judge_collision_detected:
robot_base_x: 10.358207
robot_base_y: -7.282079
robot_base_yaw: 3.129511
robot_geom: robot0_base_collision
proxy_geom: scene_aabb_proxy_line_6_output_side_protrusion
judge_collision_detected:
robot_base_x: 10.358207
robot_base_y: -7.282079
robot_base_yaw: 3.129511
robot_geom: robot0_base_collision
proxy_geom: scene_aabb_proxy_output_6
judge_collision_detected:
robot_base_x: 10.358207
robot_base_y: -7.282079
robot_base_yaw: 3.129511
robot_geom: robot0_base_collision
proxy_geom: scene_aabb_proxy_production_line_6
judge_collision_detected:
robot_base_x: 10.358207
robot_base_y: -7.282079
robot_base_yaw: 3.129511
robot_geom: robot0_front_left_caster_2
proxy_geom: scene_aabb_proxy_output_6
judge_collision_detected:
robot_base_x: 10.358207
robot_base_y: -7.282079
robot_base_yaw: 3.129511
robot_geom: robot0_front_right_caster_2
proxy_geom: scene_aabb_proxy_output_6
judge_collision_detected:
robot_base_x: 10.358207
robot_base_y: -7.282079
robot_base_yaw: 3.129511
robot_geom: robot0_torso_fixed_collision_box_1
proxy_geom: scene_aabb_proxy_line_6_output_side_protrusion
judge_collision_detected:
robot_base_x: 10.358207
robot_base_y: -7.282079
robot_base_yaw: 3.129511
robot_geom: robot0_torso_fixed_collision_box_1
proxy_geom: scene_aabb_proxy_output_6
judge_collision_detected:
robot_base_x: 10.358207
robot_base_y: -7.282079
robot_base_yaw: 3.129511
robot_geom: robot0_torso_fixed_collision_box_1
proxy_geom: scene_aabb_proxy_production_line_6
judge_collision_detected:
robot_base_x: 10.358207
robot_base_y: -7.282079
robot_base_yaw: 3.129511
robot_geom: robot0_torso_fixed_column_collision
proxy_geom: scene_aabb_proxy_line_6_output_side_protrusion
judge_collision_detected:
robot_base_x: 10.358207
robot_base_y: -7.282079
robot_base_yaw: 3.129511
robot_geom: robot0_wheel_left_collision
proxy_geom: scene_aabb_proxy_line_6_output_side_protrusion
judge_collision_detected:
robot_base_x: 10.358207
robot_base_y: -7.282079
robot_base_yaw: 3.129511
robot_geom: robot0_wheel_left_collision
proxy_geom: scene_aabb_proxy_output_6
judge_collision_detected:
robot_base_x: 10.358207
robot_base_y: -7.282079
robot_base_yaw: 3.129511
robot_geom: robot0_wheel_right_collision
proxy_geom: scene_aabb_proxy_line_6_output_side_protrusion
judge_collision_detected:
robot_base_x: 10.358207
robot_base_y: -7.282079
robot_base_yaw: 3.129511
robot_geom: robot0_wheel_right_collision
proxy_geom: scene_aabb_proxy_output_6
judge_collision_detected:
robot_base_x: 10.358207
robot_base_y: -7.282079
robot_base_yaw: 3.129511
robot_geom: robot0_wheel_right_collision
proxy_geom: scene_aabb_proxy_production_line_6
judge_collision_detected:
robot_base_x: 10.356064
robot_base_y: -7.282289
robot_base_yaw: 3.129677
robot_geom: robot0_back_left_caster_2
proxy_geom: scene_aabb_proxy_line_6_output_side_protrusion
judge_collision_detected:
robot_base_x: 10.356064
robot_base_y: -7.282289
robot_base_yaw: 3.129677
robot_geom: robot0_back_right_caster_2
proxy_geom: scene_aabb_proxy_line_6_output_side_protrusion
judge_collision_detected:
robot_base_x: 10.356064
robot_base_y: -7.282289
robot_base_yaw: 3.129677
robot_geom: robot0_base_collision
proxy_geom: scene_aabb_proxy_line_6_output_side_protrusion
judge_collision_detected:
robot_base_x: 10.356064
robot_base_y: -7.282289
robot_base_yaw: 3.129677
robot_geom: robot0_base_collision
proxy_geom: scene_aabb_proxy_output_6
judge_collision_detected:
robot_base_x: 10.356064
robot_base_y: -7.282289
robot_base_yaw: 3.129677
robot_geom: robot0_base_collision
proxy_geom: scene_aabb_proxy_production_line_6
judge_collision_detected:
robot_base_x: 10.356064
robot_base_y: -7.282289
robot_base_yaw: 3.129677
robot_geom: robot0_front_left_caster_2
proxy_geom: scene_aabb_proxy_output_6
judge_collision_detected:
robot_base_x: 10.356064
robot_base_y: -7.282289
robot_base_yaw: 3.129677
robot_geom: robot0_front_right_caster_2
proxy_geom: scene_aabb_proxy_output_6
judge_collision_detected:
robot_base_x: 10.356064
robot_base_y: -7.282289
robot_base_yaw: 3.129677
robot_geom: robot0_torso_fixed_collision_box_1
proxy_geom: scene_aabb_proxy_line_6_output_side_protrusion
judge_collision_detected:
robot_base_x: 10.356064
robot_base_y: -7.282289
robot_base_yaw: 3.129677
robot_geom: robot0_torso_fixed_collision_box_1
proxy_geom: scene_aabb_proxy_output_6
judge_collision_detected:
robot_base_x: 10.356064
robot_base_y: -7.282289
robot_base_yaw: 3.129677
robot_geom: robot0_torso_fixed_collision_box_1
proxy_geom: scene_aabb_proxy_production_line_6
judge_collision_detected:
robot_base_x: 10.356064
robot_base_y: -7.282289
robot_base_yaw: 3.129677
robot_geom: robot0_torso_fixed_column_collision
proxy_geom: scene_aabb_proxy_line_6_output_side_protrusion
judge_collision_detected:
robot_base_x: 10.356064
robot_base_y: -7.282289
robot_base_yaw: 3.129677
robot_geom: robot0_wheel_left_collision
proxy_geom: scene_aabb_proxy_line_6_output_side_protrusion
judge_collision_detected:
robot_base_x: 10.356064
robot_base_y: -7.282289
robot_base_yaw: 3.129677
robot_geom: robot0_wheel_left_collision
proxy_geom: scene_aabb_proxy_output_6
judge_collision_detected:
robot_base_x: 10.356064
robot_base_y: -7.282289
robot_base_yaw: 3.129677
robot_geom: robot0_wheel_right_collision
proxy_geom: scene_aabb_proxy_line_6_output_side_protrusion
judge_collision_detected:
robot_base_x: 10.356064
robot_base_y: -7.282289
robot_base_yaw: 3.129677
robot_geom: robot0_wheel_right_collision
proxy_geom: scene_aabb_proxy_output_6
judge_collision_detected:
robot_base_x: 10.356064
robot_base_y: -7.282289
robot_base_yaw: 3.129677
robot_geom: robot0_wheel_right_collision
proxy_geom: scene_aabb_proxy_production_line_6
judge_collision_detected:
robot_base_x: 10.354019
robot_base_y: -7.282496
robot_base_yaw: 3.129865
robot_geom: robot0_back_left_caster_2
proxy_geom: scene_aabb_proxy_line_6_output_side_protrusion
judge_collision_detected:
robot_base_x: 10.354019
robot_base_y: -7.282496
robot_base_yaw: 3.129865
robot_geom: robot0_back_right_caster_2
proxy_geom: scene_aabb_proxy_line_6_output_side_protrusion
judge_collision_detected:
robot_base_x: 10.354019
robot_base_y: -7.282496
robot_base_yaw: 3.129865
robot_geom: robot0_base_collision
proxy_geom: scene_aabb_proxy_line_6_output_side_protrusion
judge_collision_detected:
robot_base_x: 10.354019
robot_base_y: -7.282496
robot_base_yaw: 3.129865
robot_geom: robot0_base_collision
proxy_geom: scene_aabb_proxy_output_6
judge_collision_detected:
robot_base_x: 10.354019
robot_base_y: -7.282496
robot_base_yaw: 3.129865
robot_geom: robot0_base_collision
proxy_geom: scene_aabb_proxy_production_line_6
judge_collision_detected:
robot_base_x: 10.354019
robot_base_y: -7.282496
robot_base_yaw: 3.129865
robot_geom: robot0_front_left_caster_2
proxy_geom: scene_aabb_proxy_output_6
judge_collision_detected:
robot_base_x: 10.354019
robot_base_y: -7.282496
robot_base_yaw: 3.129865
robot_geom: robot0_front_right_caster_2
proxy_geom: scene_aabb_proxy_output_6
judge_collision_detected:
robot_base_x: 10.354019
robot_base_y: -7.282496
robot_base_yaw: 3.129865
robot_geom: robot0_torso_fixed_collision_box_1
proxy_geom: scene_aabb_proxy_line_6_output_side_protrusion
judge_collision_detected:
robot_base_x: 10.354019
robot_base_y: -7.282496
robot_base_yaw: 3.129865
robot_geom: robot0_torso_fixed_collision_box_1
proxy_geom: scene_aabb_proxy_output_6
judge_collision_detected:
robot_base_x: 10.354019
robot_base_y: -7.282496
robot_base_yaw: 3.129865
robot_geom: robot0_torso_fixed_collision_box_1
proxy_geom: scene_aabb_proxy_production_line_6
judge_collision_detected:
robot_base_x: 10.354019
robot_base_y: -7.282496
robot_base_yaw: 3.129865
robot_geom: robot0_torso_fixed_column_collision
proxy_geom: scene_aabb_proxy_line_6_output_side_protrusion
judge_collision_detected:
robot_base_x: 10.354019
robot_base_y: -7.282496
robot_base_yaw: 3.129865
robot_geom: robot0_wheel_left_collision
proxy_geom: scene_aabb_proxy_line_6_output_side_protrusion
judge_collision_detected:
robot_base_x: 10.354019
robot_base_y: -7.282496
robot_base_yaw: 3.129865
robot_geom: robot0_wheel_left_collision
proxy_geom: scene_aabb_proxy_output_6
judge_collision_detected:
robot_base_x: 10.354019
robot_base_y: -7.282496
robot_base_yaw: 3.129865
robot_geom: robot0_wheel_right_collision
proxy_geom: scene_aabb_proxy_line_6_output_side_protrusion
judge_collision_detected:
robot_base_x: 10.354019
robot_base_y: -7.282496
robot_base_yaw: 3.129865
robot_geom: robot0_wheel_right_collision
proxy_geom: scene_aabb_proxy_output_6
judge_collision_detected:
robot_base_x: 10.354019
robot_base_y: -7.282496
robot_base_yaw: 3.129865
robot_geom: robot0_wheel_right_collision
proxy_geom: scene_aabb_proxy_production_line_6
judge_collision_detected:
robot_base_x: 10.352063
robot_base_y: -7.282700
robot_base_yaw: 3.130060
robot_geom: robot0_back_left_caster_2
proxy_geom: scene_aabb_proxy_line_6_output_side_protrusion
judge_collision_detected:
robot_base_x: 10.352063
robot_base_y: -7.282700
robot_base_yaw: 3.130060
robot_geom: robot0_back_right_caster_2
proxy_geom: scene_aabb_proxy_line_6_output_side_protrusion
judge_collision_detected:
robot_base_x: 10.352063
robot_base_y: -7.282700
robot_base_yaw: 3.130060
robot_geom: robot0_base_collision
proxy_geom: scene_aabb_proxy_line_6_output_side_protrusion
judge_collision_detected:
robot_base_x: 10.352063
robot_base_y: -7.282700
robot_base_yaw: 3.130060
robot_geom: robot0_base_collision
proxy_geom: scene_aabb_proxy_output_6
judge_collision_detected:
robot_base_x: 10.352063
robot_base_y: -7.282700
robot_base_yaw: 3.130060
robot_geom: robot0_base_collision
proxy_geom: scene_aabb_proxy_production_line_6
judge_collision_detected:
robot_base_x: 10.352063
robot_base_y: -7.282700
robot_base_yaw: 3.130060
robot_geom: robot0_front_left_caster_2
proxy_geom: scene_aabb_proxy_output_6
judge_collision_detected:
robot_base_x: 10.352063
robot_base_y: -7.282700
robot_base_yaw: 3.130060
robot_geom: robot0_front_right_caster_2
proxy_geom: scene_aabb_proxy_output_6
judge_collision_detected:
robot_base_x: 10.352063
robot_base_y: -7.282700
robot_base_yaw: 3.130060
robot_geom: robot0_torso_fixed_collision_box_1
proxy_geom: scene_aabb_proxy_line_6_output_side_protrusion
judge_collision_detected:
robot_base_x: 10.352063
robot_base_y: -7.282700
robot_base_yaw: 3.130060
robot_geom: robot0_torso_fixed_collision_box_1
proxy_geom: scene_aabb_proxy_output_6
judge_collision_detected:
robot_base_x: 10.352063
robot_base_y: -7.282700
robot_base_yaw: 3.130060
robot_geom: robot0_torso_fixed_collision_box_1
proxy_geom: scene_aabb_proxy_production_line_6
judge_collision_detected:
robot_base_x: 10.352063
robot_base_y: -7.282700
robot_base_yaw: 3.130060
robot_geom: robot0_torso_fixed_column_collision
proxy_geom: scene_aabb_proxy_line_6_output_side_protrusion
judge_collision_detected:
robot_base_x: 10.352063
robot_base_y: -7.282700
robot_base_yaw: 3.130060
robot_geom: robot0_wheel_left_collision
proxy_geom: scene_aabb_proxy_line_6_output_side_protrusion
judge_collision_detected:
robot_base_x: 10.352063
robot_base_y: -7.282700
robot_base_yaw: 3.130060
robot_geom: robot0_wheel_left_collision
proxy_geom: scene_aabb_proxy_output_6
judge_collision_detected:
robot_base_x: 10.352063
robot_base_y: -7.282700
robot_base_yaw: 3.130060
robot_geom: robot0_wheel_right_collision
proxy_geom: scene_aabb_proxy_line_6_output_side_protrusion
judge_collision_detected:
robot_base_x: 10.352063
robot_base_y: -7.282700
robot_base_yaw: 3.130060
robot_geom: robot0_wheel_right_collision
proxy_geom: scene_aabb_proxy_output_6
judge_collision_detected:
robot_base_x: 10.352063
robot_base_y: -7.282700
robot_base_yaw: 3.130060
robot_geom: robot0_wheel_right_collision
proxy_geom: scene_aabb_proxy_production_line_6
judge_collision_detected:
robot_base_x: 10.350181
robot_base_y: -7.282900
robot_base_yaw: 3.130284
robot_geom: robot0_back_left_caster_2
proxy_geom: scene_aabb_proxy_line_6_output_side_protrusion
judge_collision_detected:
robot_base_x: 10.350181
robot_base_y: -7.282900
robot_base_yaw: 3.130284
robot_geom: robot0_back_right_caster_2
proxy_geom: scene_aabb_proxy_line_6_output_side_protrusion
judge_collision_detected:
robot_base_x: 10.350181
robot_base_y: -7.282900
robot_base_yaw: 3.130284
robot_geom: robot0_base_collision
proxy_geom: scene_aabb_proxy_line_6_output_side_protrusion
judge_collision_detected:
robot_base_x: 10.350181
robot_base_y: -7.282900
robot_base_yaw: 3.130284
robot_geom: robot0_base_collision
proxy_geom: scene_aabb_proxy_output_6
judge_collision_detected:
robot_base_x: 10.350181
robot_base_y: -7.282900
robot_base_yaw: 3.130284
robot_geom: robot0_base_collision
proxy_geom: scene_aabb_proxy_production_line_6
judge_collision_detected:
robot_base_x: 10.350181
robot_base_y: -7.282900
robot_base_yaw: 3.130284
robot_geom: robot0_front_left_caster_2
proxy_geom: scene_aabb_proxy_output_6
judge_collision_detected:
robot_base_x: 10.350181
robot_base_y: -7.282900
robot_base_yaw: 3.130284
robot_geom: robot0_front_right_caster_2
proxy_geom: scene_aabb_proxy_output_6
judge_collision_detected:
robot_base_x: 10.350181
robot_base_y: -7.282900
robot_base_yaw: 3.130284
robot_geom: robot0_torso_fixed_collision_box_1
proxy_geom: scene_aabb_proxy_line_6_output_side_protrusion
judge_collision_detected:
robot_base_x: 10.350181
robot_base_y: -7.282900
robot_base_yaw: 3.130284
robot_geom: robot0_torso_fixed_collision_box_1
proxy_geom: scene_aabb_proxy_output_6
judge_collision_detected:
robot_base_x: 10.350181
robot_base_y: -7.282900
robot_base_yaw: 3.130284
robot_geom: robot0_torso_fixed_collision_box_1
proxy_geom: scene_aabb_proxy_production_line_6
judge_collision_detected:
robot_base_x: 10.350181
robot_base_y: -7.282900
robot_base_yaw: 3.130284
robot_geom: robot0_torso_fixed_column_collision
proxy_geom: scene_aabb_proxy_line_6_output_side_protrusion
judge_collision_detected:
robot_base_x: 10.350181
robot_base_y: -7.282900
robot_base_yaw: 3.130284
robot_geom: robot0_wheel_left_collision
proxy_geom: scene_aabb_proxy_line_6_output_side_protrusion
judge_collision_detected:
robot_base_x: 10.350181
robot_base_y: -7.282900
robot_base_yaw: 3.130284
robot_geom: robot0_wheel_left_collision
proxy_geom: scene_aabb_proxy_output_6
judge_collision_detected:
robot_base_x: 10.350181
robot_base_y: -7.282900
robot_base_yaw: 3.130284
robot_geom: robot0_wheel_right_collision
proxy_geom: scene_aabb_proxy_line_6_output_side_protrusion
judge_collision_detected:
robot_base_x: 10.350181
robot_base_y: -7.282900
robot_base_yaw: 3.130284
robot_geom: robot0_wheel_right_collision
proxy_geom: scene_aabb_proxy_output_6
judge_collision_detected:
robot_base_x: 10.350181
robot_base_y: -7.282900
robot_base_yaw: 3.130284
robot_geom: robot0_wheel_right_collision
proxy_geom: scene_aabb_proxy_production_line_6
judge_collision_detected:
robot_base_x: 10.348328
robot_base_y: -7.283103
robot_base_yaw: 3.130599
robot_geom: robot0_back_left_caster_2
proxy_geom: scene_aabb_proxy_line_6_output_side_protrusion
judge_collision_detected:
robot_base_x: 10.348328
robot_base_y: -7.283103
robot_base_yaw: 3.130599
robot_geom: robot0_back_right_caster_2
proxy_geom: scene_aabb_proxy_line_6_output_side_protrusion
judge_collision_detected:
robot_base_x: 10.348328
robot_base_y: -7.283103
robot_base_yaw: 3.130599
robot_geom: robot0_base_collision
proxy_geom: scene_aabb_proxy_line_6_output_side_protrusion
judge_collision_detected:
robot_base_x: 10.348328
robot_base_y: -7.283103
robot_base_yaw: 3.130599
robot_geom: robot0_base_collision
proxy_geom: scene_aabb_proxy_output_6
judge_collision_detected:
robot_base_x: 10.348328
robot_base_y: -7.283103
robot_base_yaw: 3.130599
robot_geom: robot0_base_collision
proxy_geom: scene_aabb_proxy_production_line_6
judge_collision_detected:
robot_base_x: 10.348328
robot_base_y: -7.283103
robot_base_yaw: 3.130599
robot_geom: robot0_front_left_caster_2
proxy_geom: scene_aabb_proxy_output_6
judge_collision_detected:
robot_base_x: 10.348328
robot_base_y: -7.283103
robot_base_yaw: 3.130599
robot_geom: robot0_front_right_caster_2
proxy_geom: scene_aabb_proxy_output_6
judge_collision_detected:
robot_base_x: 10.348328
robot_base_y: -7.283103
robot_base_yaw: 3.130599
robot_geom: robot0_torso_fixed_collision_box_1
proxy_geom: scene_aabb_proxy_line_6_output_side_protrusion
judge_collision_detected:
robot_base_x: 10.348328
robot_base_y: -7.283103
robot_base_yaw: 3.130599
robot_geom: robot0_torso_fixed_collision_box_1
proxy_geom: scene_aabb_proxy_output_6
judge_collision_detected:
robot_base_x: 10.348328
robot_base_y: -7.283103
robot_base_yaw: 3.130599
robot_geom: robot0_torso_fixed_collision_box_1
proxy_geom: scene_aabb_proxy_production_line_6
judge_collision_detected:
robot_base_x: 10.348328
robot_base_y: -7.283103
robot_base_yaw: 3.130599
robot_geom: robot0_torso_fixed_column_collision
proxy_geom: scene_aabb_proxy_line_6_output_side_protrusion
judge_collision_detected:
robot_base_x: 10.348328
robot_base_y: -7.283103
robot_base_yaw: 3.130599
robot_geom: robot0_wheel_left_collision
proxy_geom: scene_aabb_proxy_line_6_output_side_protrusion
judge_collision_detected:
robot_base_x: 10.348328
robot_base_y: -7.283103
robot_base_yaw: 3.130599
robot_geom: robot0_wheel_left_collision
proxy_geom: scene_aabb_proxy_output_6
judge_collision_detected:
robot_base_x: 10.348328
robot_base_y: -7.283103
robot_base_yaw: 3.130599
robot_geom: robot0_wheel_right_collision
proxy_geom: scene_aabb_proxy_line_6_output_side_protrusion
judge_collision_detected:
robot_base_x: 10.348328
robot_base_y: -7.283103
robot_base_yaw: 3.130599
robot_geom: robot0_wheel_right_collision
proxy_geom: scene_aabb_proxy_output_6
judge_collision_detected:
robot_base_x: 10.348328
robot_base_y: -7.283103
robot_base_yaw: 3.130599
robot_geom: robot0_wheel_right_collision
proxy_geom: scene_aabb_proxy_production_line_6
judge_collision_detected:
robot_base_x: 10.346560
robot_base_y: -7.283301
robot_base_yaw: 3.130932
robot_geom: robot0_back_left_caster_2
proxy_geom: scene_aabb_proxy_line_6_output_side_protrusion
judge_collision_detected:
robot_base_x: 10.346560
robot_base_y: -7.283301
robot_base_yaw: 3.130932
robot_geom: robot0_back_right_caster_2
proxy_geom: scene_aabb_proxy_line_6_output_side_protrusion
judge_collision_detected:
robot_base_x: 10.346560
robot_base_y: -7.283301
robot_base_yaw: 3.130932
robot_geom: robot0_base_collision
proxy_geom: scene_aabb_proxy_line_6_output_side_protrusion
judge_collision_detected:
robot_base_x: 10.346560
robot_base_y: -7.283301
robot_base_yaw: 3.130932
robot_geom: robot0_base_collision
proxy_geom: scene_aabb_proxy_output_6
judge_collision_detected:
robot_base_x: 10.346560
robot_base_y: -7.283301
robot_base_yaw: 3.130932
robot_geom: robot0_base_collision
proxy_geom: scene_aabb_proxy_production_line_6
judge_collision_detected:
robot_base_x: 10.346560
robot_base_y: -7.283301
robot_base_yaw: 3.130932
robot_geom: robot0_front_left_caster_2
proxy_geom: scene_aabb_proxy_output_6
judge_collision_detected:
robot_base_x: 10.346560
robot_base_y: -7.283301
robot_base_yaw: 3.130932
robot_geom: robot0_front_right_caster_2
proxy_geom: scene_aabb_proxy_output_6
judge_collision_detected:
robot_base_x: 10.346560
robot_base_y: -7.283301
robot_base_yaw: 3.130932
robot_geom: robot0_torso_fixed_collision_box_1
proxy_geom: scene_aabb_proxy_line_6_output_side_protrusion
judge_collision_detected:
robot_base_x: 10.346560
robot_base_y: -7.283301
robot_base_yaw: 3.130932
robot_geom: robot0_torso_fixed_collision_box_1
proxy_geom: scene_aabb_proxy_output_6
judge_collision_detected:
robot_base_x: 10.346560
robot_base_y: -7.283301
robot_base_yaw: 3.130932
robot_geom: robot0_torso_fixed_collision_box_1
proxy_geom: scene_aabb_proxy_production_line_6
judge_collision_detected:
robot_base_x: 10.346560
robot_base_y: -7.283301
robot_base_yaw: 3.130932
robot_geom: robot0_torso_fixed_column_collision
proxy_geom: scene_aabb_proxy_line_6_output_side_protrusion
judge_collision_detected:
robot_base_x: 10.346560
robot_base_y: -7.283301
robot_base_yaw: 3.130932
robot_geom: robot0_wheel_left_collision
proxy_geom: scene_aabb_proxy_line_6_output_side_protrusion
judge_collision_detected:
robot_base_x: 10.346560
robot_base_y: -7.283301
robot_base_yaw: 3.130932
robot_geom: robot0_wheel_left_collision
proxy_geom: scene_aabb_proxy_output_6
judge_collision_detected:
robot_base_x: 10.346560
robot_base_y: -7.283301
robot_base_yaw: 3.130932
robot_geom: robot0_wheel_right_collision
proxy_geom: scene_aabb_proxy_line_6_output_side_protrusion
judge_collision_detected:
robot_base_x: 10.346560
robot_base_y: -7.283301
robot_base_yaw: 3.130932
robot_geom: robot0_wheel_right_collision
proxy_geom: scene_aabb_proxy_output_6
judge_collision_detected:
robot_base_x: 10.346560
robot_base_y: -7.283301
robot_base_yaw: 3.130932
robot_geom: robot0_wheel_right_collision
proxy_geom: scene_aabb_proxy_production_line_6
judge_collision_detected:
robot_base_x: 10.344836
robot_base_y: -7.283497
robot_base_yaw: 3.131194
robot_geom: robot0_back_left_caster_2
proxy_geom: scene_aabb_proxy_line_6_output_side_protrusion
judge_collision_detected:
robot_base_x: 10.344836
robot_base_y: -7.283497
robot_base_yaw: 3.131194
robot_geom: robot0_back_right_caster_2
proxy_geom: scene_aabb_proxy_line_6_output_side_protrusion
judge_collision_detected:
robot_base_x: 10.344836
robot_base_y: -7.283497
robot_base_yaw: 3.131194
robot_geom: robot0_base_collision
proxy_geom: scene_aabb_proxy_line_6_output_side_protrusion
judge_collision_detected:
robot_base_x: 10.344836
robot_base_y: -7.283497
robot_base_yaw: 3.131194
robot_geom: robot0_base_collision
proxy_geom: scene_aabb_proxy_output_6
judge_collision_detected:
robot_base_x: 10.344836
robot_base_y: -7.283497
robot_base_yaw: 3.131194
robot_geom: robot0_base_collision
proxy_geom: scene_aabb_proxy_production_line_6
judge_collision_detected:
robot_base_x: 10.344836
robot_base_y: -7.283497
robot_base_yaw: 3.131194
robot_geom: robot0_front_left_caster_2
proxy_geom: scene_aabb_proxy_output_6
judge_collision_detected:
robot_base_x: 10.344836
robot_base_y: -7.283497
robot_base_yaw: 3.131194
robot_geom: robot0_front_right_caster_2
proxy_geom: scene_aabb_proxy_output_6
judge_collision_detected:
robot_base_x: 10.344836
robot_base_y: -7.283497
robot_base_yaw: 3.131194
robot_geom: robot0_torso_fixed_collision_box_1
proxy_geom: scene_aabb_proxy_line_6_output_side_protrusion
judge_collision_detected:
robot_base_x: 10.344836
robot_base_y: -7.283497
robot_base_yaw: 3.131194
robot_geom: robot0_torso_fixed_collision_box_1
proxy_geom: scene_aabb_proxy_output_6
judge_collision_detected:
robot_base_x: 10.344836
robot_base_y: -7.283497
robot_base_yaw: 3.131194
robot_geom: robot0_torso_fixed_collision_box_1
proxy_geom: scene_aabb_proxy_production_line_6
judge_collision_detected:
robot_base_x: 10.344836
robot_base_y: -7.283497
robot_base_yaw: 3.131194
robot_geom: robot0_torso_fixed_column_collision
proxy_geom: scene_aabb_proxy_line_6_output_side_protrusion
judge_collision_detected:
robot_base_x: 10.344836
robot_base_y: -7.283497
robot_base_yaw: 3.131194
robot_geom: robot0_wheel_left_collision
proxy_geom: scene_aabb_proxy_line_6_output_side_protrusion
judge_collision_detected:
robot_base_x: 10.344836
robot_base_y: -7.283497
robot_base_yaw: 3.131194
robot_geom: robot0_wheel_left_collision
proxy_geom: scene_aabb_proxy_output_6
judge_collision_detected:
robot_base_x: 10.344836
robot_base_y: -7.283497
robot_base_yaw: 3.131194
robot_geom: robot0_wheel_right_collision
proxy_geom: scene_aabb_proxy_line_6_output_side_protrusion
judge_collision_detected:
robot_base_x: 10.344836
robot_base_y: -7.283497
robot_base_yaw: 3.131194
robot_geom: robot0_wheel_right_collision
proxy_geom: scene_aabb_proxy_output_6
judge_collision_detected:
robot_base_x: 10.344836
robot_base_y: -7.283497
robot_base_yaw: 3.131194
robot_geom: robot0_wheel_right_collision
proxy_geom: scene_aabb_proxy_production_line_6
judge_collision_detected:
robot_base_x: 10.343156
robot_base_y: -7.283692
robot_base_yaw: 3.131420
robot_geom: robot0_back_left_caster_2
proxy_geom: scene_aabb_proxy_line_6_output_side_protrusion
judge_collision_detected:
robot_base_x: 10.343156
robot_base_y: -7.283692
robot_base_yaw: 3.131420
robot_geom: robot0_back_right_caster_2
proxy_geom: scene_aabb_proxy_line_6_output_side_protrusion
judge_collision_detected:
robot_base_x: 10.343156
robot_base_y: -7.283692
robot_base_yaw: 3.131420
robot_geom: robot0_base_collision
proxy_geom: scene_aabb_proxy_line_6_output_side_protrusion
judge_collision_detected:
robot_base_x: 10.343156
robot_base_y: -7.283692
robot_base_yaw: 3.131420
robot_geom: robot0_base_collision
proxy_geom: scene_aabb_proxy_output_6
judge_collision_detected:
robot_base_x: 10.343156
robot_base_y: -7.283692
robot_base_yaw: 3.131420
robot_geom: robot0_base_collision
proxy_geom: scene_aabb_proxy_production_line_6
judge_collision_detected:
robot_base_x: 10.343156
robot_base_y: -7.283692
robot_base_yaw: 3.131420
robot_geom: robot0_front_left_caster_2
proxy_geom: scene_aabb_proxy_output_6
judge_collision_detected:
robot_base_x: 10.343156
robot_base_y: -7.283692
robot_base_yaw: 3.131420
robot_geom: robot0_front_right_caster_2
proxy_geom: scene_aabb_proxy_output_6
judge_collision_detected:
robot_base_x: 10.343156
robot_base_y: -7.283692
robot_base_yaw: 3.131420
robot_geom: robot0_torso_fixed_collision_box_1
proxy_geom: scene_aabb_proxy_line_6_output_side_protrusion
judge_collision_detected:
robot_base_x: 10.343156
robot_base_y: -7.283692
robot_base_yaw: 3.131420
robot_geom: robot0_torso_fixed_collision_box_1
proxy_geom: scene_aabb_proxy_output_6
judge_collision_detected:
robot_base_x: 10.343156
robot_base_y: -7.283692
robot_base_yaw: 3.131420
robot_geom: robot0_torso_fixed_collision_box_1
proxy_geom: scene_aabb_proxy_production_line_6
judge_collision_detected:
robot_base_x: 10.343156
robot_base_y: -7.283692
robot_base_yaw: 3.131420
robot_geom: robot0_torso_fixed_column_collision
proxy_geom: scene_aabb_proxy_line_6_output_side_protrusion
judge_collision_detected:
robot_base_x: 10.343156
robot_base_y: -7.283692
robot_base_yaw: 3.131420
robot_geom: robot0_wheel_left_collision
proxy_geom: scene_aabb_proxy_line_6_output_side_protrusion
judge_collision_detected:
robot_base_x: 10.343156
robot_base_y: -7.283692
robot_base_yaw: 3.131420
robot_geom: robot0_wheel_left_collision
proxy_geom: scene_aabb_proxy_output_6
judge_collision_detected:
robot_base_x: 10.343156
robot_base_y: -7.283692
robot_base_yaw: 3.131420
robot_geom: robot0_wheel_right_collision
proxy_geom: scene_aabb_proxy_line_6_output_side_protrusion
judge_collision_detected:
robot_base_x: 10.343156
robot_base_y: -7.283692
robot_base_yaw: 3.131420
robot_geom: robot0_wheel_right_collision
proxy_geom: scene_aabb_proxy_output_6
judge_collision_detected:
robot_base_x: 10.343156
robot_base_y: -7.283692
robot_base_yaw: 3.131420
robot_geom: robot0_wheel_right_collision
proxy_geom: scene_aabb_proxy_production_line_6
judge_collision_detected:
robot_base_x: 10.341521
robot_base_y: -7.283897
robot_base_yaw: 3.131684
robot_geom: robot0_back_left_caster_2
proxy_geom: scene_aabb_proxy_line_6_output_side_protrusion
judge_collision_detected:
robot_base_x: 10.341521
robot_base_y: -7.283897
robot_base_yaw: 3.131684
robot_geom: robot0_back_right_caster_2
proxy_geom: scene_aabb_proxy_line_6_output_side_protrusion
judge_collision_detected:
robot_base_x: 10.341521
robot_base_y: -7.283897
robot_base_yaw: 3.131684
robot_geom: robot0_base_collision
proxy_geom: scene_aabb_proxy_line_6_output_side_protrusion
judge_collision_detected:
robot_base_x: 10.341521
robot_base_y: -7.283897
robot_base_yaw: 3.131684
robot_geom: robot0_base_collision
proxy_geom: scene_aabb_proxy_output_6
judge_collision_detected:
robot_base_x: 10.341521
robot_base_y: -7.283897
robot_base_yaw: 3.131684
robot_geom: robot0_base_collision
proxy_geom: scene_aabb_proxy_production_line_6
judge_collision_detected:
robot_base_x: 10.341521
robot_base_y: -7.283897
robot_base_yaw: 3.131684
robot_geom: robot0_front_left_caster_2
proxy_geom: scene_aabb_proxy_output_6
judge_collision_detected:
robot_base_x: 10.341521
robot_base_y: -7.283897
robot_base_yaw: 3.131684
robot_geom: robot0_front_right_caster_2
proxy_geom: scene_aabb_proxy_output_6
judge_collision_detected:
robot_base_x: 10.341521
robot_base_y: -7.283897
robot_base_yaw: 3.131684
robot_geom: robot0_torso_fixed_collision_box_1
proxy_geom: scene_aabb_proxy_line_6_output_side_protrusion
judge_collision_detected:
robot_base_x: 10.341521
robot_base_y: -7.283897
robot_base_yaw: 3.131684
robot_geom: robot0_torso_fixed_collision_box_1
proxy_geom: scene_aabb_proxy_output_6
judge_collision_detected:
robot_base_x: 10.341521
robot_base_y: -7.283897
robot_base_yaw: 3.131684
robot_geom: robot0_torso_fixed_collision_box_1
proxy_geom: scene_aabb_proxy_production_line_6
judge_collision_detected:
robot_base_x: 10.341521
robot_base_y: -7.283897
robot_base_yaw: 3.131684
robot_geom: robot0_torso_fixed_column_collision
proxy_geom: scene_aabb_proxy_line_6_output_side_protrusion
judge_collision_detected:
robot_base_x: 10.341521
robot_base_y: -7.283897
robot_base_yaw: 3.131684
robot_geom: robot0_wheel_left_collision
proxy_geom: scene_aabb_proxy_line_6_output_side_protrusion
judge_collision_detected:
robot_base_x: 10.341521
robot_base_y: -7.283897
robot_base_yaw: 3.131684
robot_geom: robot0_wheel_left_collision
proxy_geom: scene_aabb_proxy_output_6
judge_collision_detected:
robot_base_x: 10.341521
robot_base_y: -7.283897
robot_base_yaw: 3.131684
robot_geom: robot0_wheel_right_collision
proxy_geom: scene_aabb_proxy_line_6_output_side_protrusion
judge_collision_detected:
robot_base_x: 10.341521
robot_base_y: -7.283897
robot_base_yaw: 3.131684
robot_geom: robot0_wheel_right_collision
proxy_geom: scene_aabb_proxy_output_6
judge_collision_detected:
robot_base_x: 10.341521
robot_base_y: -7.283897
robot_base_yaw: 3.131684
robot_geom: robot0_wheel_right_collision
proxy_geom: scene_aabb_proxy_production_line_6
judge_collision_detected:
robot_base_x: 10.339963
robot_base_y: -7.284098
robot_base_yaw: 3.131958
robot_geom: robot0_back_left_caster_2
proxy_geom: scene_aabb_proxy_line_6_output_side_protrusion
judge_collision_detected:
robot_base_x: 10.339963
robot_base_y: -7.284098
robot_base_yaw: 3.131958
robot_geom: robot0_back_right_caster_2
proxy_geom: scene_aabb_proxy_line_6_output_side_protrusion
judge_collision_detected:
robot_base_x: 10.339963
robot_base_y: -7.284098
robot_base_yaw: 3.131958
robot_geom: robot0_base_collision
proxy_geom: scene_aabb_proxy_line_6_output_side_protrusion
judge_collision_detected:
robot_base_x: 10.339963
robot_base_y: -7.284098
robot_base_yaw: 3.131958
robot_geom: robot0_base_collision
proxy_geom: scene_aabb_proxy_output_6
judge_collision_detected:
robot_base_x: 10.339963
robot_base_y: -7.284098
robot_base_yaw: 3.131958
robot_geom: robot0_base_collision
proxy_geom: scene_aabb_proxy_production_line_6
judge_collision_detected:
robot_base_x: 10.339963
robot_base_y: -7.284098
robot_base_yaw: 3.131958
robot_geom: robot0_front_left_caster_2
proxy_geom: scene_aabb_proxy_output_6
judge_collision_detected:
robot_base_x: 10.339963
robot_base_y: -7.284098
robot_base_yaw: 3.131958
robot_geom: robot0_front_right_caster_2
proxy_geom: scene_aabb_proxy_output_6
judge_collision_detected:
robot_base_x: 10.339963
robot_base_y: -7.284098
robot_base_yaw: 3.131958
robot_geom: robot0_torso_fixed_collision_box_1
proxy_geom: scene_aabb_proxy_line_6_output_side_protrusion
judge_collision_detected:
robot_base_x: 10.339963
robot_base_y: -7.284098
robot_base_yaw: 3.131958
robot_geom: robot0_torso_fixed_collision_box_1
proxy_geom: scene_aabb_proxy_output_6
judge_collision_detected:
robot_base_x: 10.339963
robot_base_y: -7.284098
robot_base_yaw: 3.131958
robot_geom: robot0_torso_fixed_collision_box_1
proxy_geom: scene_aabb_proxy_production_line_6
judge_collision_detected:
robot_base_x: 10.339963
robot_base_y: -7.284098
robot_base_yaw: 3.131958
robot_geom: robot0_torso_fixed_column_collision
proxy_geom: scene_aabb_proxy_line_6_output_side_protrusion
judge_collision_detected:
robot_base_x: 10.339963
robot_base_y: -7.284098
robot_base_yaw: 3.131958
robot_geom: robot0_wheel_left_collision
proxy_geom: scene_aabb_proxy_line_6_output_side_protrusion
judge_collision_detected:
robot_base_x: 10.339963
robot_base_y: -7.284098
robot_base_yaw: 3.131958
robot_geom: robot0_wheel_left_collision
proxy_geom: scene_aabb_proxy_output_6
judge_collision_detected:
robot_base_x: 10.339963
robot_base_y: -7.284098
robot_base_yaw: 3.131958
robot_geom: robot0_wheel_right_collision
proxy_geom: scene_aabb_proxy_line_6_output_side_protrusion
judge_collision_detected:
robot_base_x: 10.339963
robot_base_y: -7.284098
robot_base_yaw: 3.131958
robot_geom: robot0_wheel_right_collision
proxy_geom: scene_aabb_proxy_output_6
judge_collision_detected:
robot_base_x: 10.339963
robot_base_y: -7.284098
robot_base_yaw: 3.131958
robot_geom: robot0_wheel_right_collision
proxy_geom: scene_aabb_proxy_production_line_6
judge_collision_detected:
robot_base_x: 10.338481
robot_base_y: -7.284295
robot_base_yaw: 3.132243
robot_geom: robot0_back_left_caster_2
proxy_geom: scene_aabb_proxy_line_6_output_side_protrusion
judge_collision_detected:
robot_base_x: 10.338481
robot_base_y: -7.284295
robot_base_yaw: 3.132243
robot_geom: robot0_back_right_caster_2
proxy_geom: scene_aabb_proxy_line_6_output_side_protrusion
judge_collision_detected:
robot_base_x: 10.338481
robot_base_y: -7.284295
robot_base_yaw: 3.132243
robot_geom: robot0_base_collision
proxy_geom: scene_aabb_proxy_line_6_output_side_protrusion
judge_collision_detected:
robot_base_x: 10.338481
robot_base_y: -7.284295
robot_base_yaw: 3.132243
robot_geom: robot0_base_collision
proxy_geom: scene_aabb_proxy_output_6
judge_collision_detected:
robot_base_x: 10.338481
robot_base_y: -7.284295
robot_base_yaw: 3.132243
robot_geom: robot0_base_collision
proxy_geom: scene_aabb_proxy_production_line_6
judge_collision_detected:
robot_base_x: 10.338481
robot_base_y: -7.284295
robot_base_yaw: 3.132243
robot_geom: robot0_front_left_caster_2
proxy_geom: scene_aabb_proxy_output_6
judge_collision_detected:
robot_base_x: 10.338481
robot_base_y: -7.284295
robot_base_yaw: 3.132243
robot_geom: robot0_front_right_caster_2
proxy_geom: scene_aabb_proxy_output_6
judge_collision_detected:
robot_base_x: 10.338481
robot_base_y: -7.284295
robot_base_yaw: 3.132243
robot_geom: robot0_torso_fixed_collision_box_1
proxy_geom: scene_aabb_proxy_line_6_output_side_protrusion
judge_collision_detected:
robot_base_x: 10.338481
robot_base_y: -7.284295
robot_base_yaw: 3.132243
robot_geom: robot0_torso_fixed_collision_box_1
proxy_geom: scene_aabb_proxy_output_6
judge_collision_detected:
robot_base_x: 10.338481
robot_base_y: -7.284295
robot_base_yaw: 3.132243
robot_geom: robot0_torso_fixed_collision_box_1
proxy_geom: scene_aabb_proxy_production_line_6
judge_collision_detected:
robot_base_x: 10.338481
robot_base_y: -7.284295
robot_base_yaw: 3.132243
robot_geom: robot0_torso_fixed_column_collision
proxy_geom: scene_aabb_proxy_line_6_output_side_protrusion
judge_collision_detected:
robot_base_x: 10.338481
robot_base_y: -7.284295
robot_base_yaw: 3.132243
robot_geom: robot0_wheel_left_collision
proxy_geom: scene_aabb_proxy_line_6_output_side_protrusion
judge_collision_detected:
robot_base_x: 10.338481
robot_base_y: -7.284295
robot_base_yaw: 3.132243
robot_geom: robot0_wheel_left_collision
proxy_geom: scene_aabb_proxy_output_6
judge_collision_detected:
robot_base_x: 10.338481
robot_base_y: -7.284295
robot_base_yaw: 3.132243
robot_geom: robot0_wheel_right_collision
proxy_geom: scene_aabb_proxy_line_6_output_side_protrusion
judge_collision_detected:
robot_base_x: 10.338481
robot_base_y: -7.284295
robot_base_yaw: 3.132243
robot_geom: robot0_wheel_right_collision
proxy_geom: scene_aabb_proxy_output_6
judge_collision_detected:
robot_base_x: 10.338481
robot_base_y: -7.284295
robot_base_yaw: 3.132243
robot_geom: robot0_wheel_right_collision
proxy_geom: scene_aabb_proxy_production_line_6
judge_collision_detected:
robot_base_x: 10.337070
robot_base_y: -7.284488
robot_base_yaw: 3.132536
robot_geom: robot0_back_left_caster_2
proxy_geom: scene_aabb_proxy_line_6_output_side_protrusion
judge_collision_detected:
robot_base_x: 10.337070
robot_base_y: -7.284488
robot_base_yaw: 3.132536
robot_geom: robot0_back_right_caster_2
proxy_geom: scene_aabb_proxy_line_6_output_side_protrusion
judge_collision_detected:
robot_base_x: 10.337070
robot_base_y: -7.284488
robot_base_yaw: 3.132536
robot_geom: robot0_base_collision
proxy_geom: scene_aabb_proxy_line_6_output_side_protrusion
judge_collision_detected:
robot_base_x: 10.337070
robot_base_y: -7.284488
robot_base_yaw: 3.132536
robot_geom: robot0_base_collision
proxy_geom: scene_aabb_proxy_output_6
judge_collision_detected:
robot_base_x: 10.337070
robot_base_y: -7.284488
robot_base_yaw: 3.132536
robot_geom: robot0_base_collision
proxy_geom: scene_aabb_proxy_production_line_6
judge_collision_detected:
robot_base_x: 10.337070
robot_base_y: -7.284488
robot_base_yaw: 3.132536
robot_geom: robot0_front_left_caster_2
proxy_geom: scene_aabb_proxy_output_6
judge_collision_detected:
robot_base_x: 10.337070
robot_base_y: -7.284488
robot_base_yaw: 3.132536
robot_geom: robot0_front_right_caster_2
proxy_geom: scene_aabb_proxy_output_6
judge_collision_detected:
robot_base_x: 10.337070
robot_base_y: -7.284488
robot_base_yaw: 3.132536
robot_geom: robot0_torso_fixed_collision_box_1
proxy_geom: scene_aabb_proxy_line_6_output_side_protrusion
judge_collision_detected:
robot_base_x: 10.337070
robot_base_y: -7.284488
robot_base_yaw: 3.132536
robot_geom: robot0_torso_fixed_collision_box_1
proxy_geom: scene_aabb_proxy_output_6
judge_collision_detected:
robot_base_x: 10.337070
robot_base_y: -7.284488
robot_base_yaw: 3.132536
robot_geom: robot0_torso_fixed_collision_box_1
proxy_geom: scene_aabb_proxy_production_line_6
judge_collision_detected:
robot_base_x: 10.337070
robot_base_y: -7.284488
robot_base_yaw: 3.132536
robot_geom: robot0_torso_fixed_column_collision
proxy_geom: scene_aabb_proxy_line_6_output_side_protrusion
judge_collision_detected:
robot_base_x: 10.337070
robot_base_y: -7.284488
robot_base_yaw: 3.132536
robot_geom: robot0_wheel_left_collision
proxy_geom: scene_aabb_proxy_line_6_output_side_protrusion
judge_collision_detected:
robot_base_x: 10.337070
robot_base_y: -7.284488
robot_base_yaw: 3.132536
robot_geom: robot0_wheel_left_collision
proxy_geom: scene_aabb_proxy_output_6
judge_collision_detected:
robot_base_x: 10.337070
robot_base_y: -7.284488
robot_base_yaw: 3.132536
robot_geom: robot0_wheel_right_collision
proxy_geom: scene_aabb_proxy_line_6_output_side_protrusion
judge_collision_detected:
robot_base_x: 10.337070
robot_base_y: -7.284488
robot_base_yaw: 3.132536
robot_geom: robot0_wheel_right_collision
proxy_geom: scene_aabb_proxy_output_6
judge_collision_detected:
robot_base_x: 10.337070
robot_base_y: -7.284488
robot_base_yaw: 3.132536
robot_geom: robot0_wheel_right_collision
proxy_geom: scene_aabb_proxy_production_line_6
judge_collision_detected:
robot_base_x: 10.335715
robot_base_y: -7.284672
robot_base_yaw: 3.132860
robot_geom: robot0_back_left_caster_2
proxy_geom: scene_aabb_proxy_line_6_output_side_protrusion
judge_collision_detected:
robot_base_x: 10.335715
robot_base_y: -7.284672
robot_base_yaw: 3.132860
robot_geom: robot0_back_right_caster_2
proxy_geom: scene_aabb_proxy_line_6_output_side_protrusion
judge_collision_detected:
robot_base_x: 10.335715
robot_base_y: -7.284672
robot_base_yaw: 3.132860
robot_geom: robot0_base_collision
proxy_geom: scene_aabb_proxy_line_6_output_side_protrusion
judge_collision_detected:
robot_base_x: 10.335715
robot_base_y: -7.284672
robot_base_yaw: 3.132860
robot_geom: robot0_base_collision
proxy_geom: scene_aabb_proxy_output_6
judge_collision_detected:
robot_base_x: 10.335715
robot_base_y: -7.284672
robot_base_yaw: 3.132860
robot_geom: robot0_base_collision
proxy_geom: scene_aabb_proxy_production_line_6
judge_collision_detected:
robot_base_x: 10.335715
robot_base_y: -7.284672
robot_base_yaw: 3.132860
robot_geom: robot0_front_left_caster_2
proxy_geom: scene_aabb_proxy_output_6
judge_collision_detected:
robot_base_x: 10.335715
robot_base_y: -7.284672
robot_base_yaw: 3.132860
robot_geom: robot0_front_right_caster_2
proxy_geom: scene_aabb_proxy_output_6
judge_collision_detected:
robot_base_x: 10.335715
robot_base_y: -7.284672
robot_base_yaw: 3.132860
robot_geom: robot0_torso_fixed_collision_box_1
proxy_geom: scene_aabb_proxy_line_6_output_side_protrusion
judge_collision_detected:
robot_base_x: 10.335715
robot_base_y: -7.284672
robot_base_yaw: 3.132860
robot_geom: robot0_torso_fixed_collision_box_1
proxy_geom: scene_aabb_proxy_output_6
judge_collision_detected:
robot_base_x: 10.335715
robot_base_y: -7.284672
robot_base_yaw: 3.132860
robot_geom: robot0_torso_fixed_collision_box_1
proxy_geom: scene_aabb_proxy_production_line_6
judge_collision_detected:
robot_base_x: 10.335715
robot_base_y: -7.284672
robot_base_yaw: 3.132860
robot_geom: robot0_torso_fixed_column_collision
proxy_geom: scene_aabb_proxy_line_6_output_side_protrusion
judge_collision_detected:
robot_base_x: 10.335715
robot_base_y: -7.284672
robot_base_yaw: 3.132860
robot_geom: robot0_wheel_left_collision
proxy_geom: scene_aabb_proxy_line_6_output_side_protrusion
judge_collision_detected:
robot_base_x: 10.335715
robot_base_y: -7.284672
robot_base_yaw: 3.132860
robot_geom: robot0_wheel_left_collision
proxy_geom: scene_aabb_proxy_output_6
judge_collision_detected:
robot_base_x: 10.335715
robot_base_y: -7.284672
robot_base_yaw: 3.132860
robot_geom: robot0_wheel_right_collision
proxy_geom: scene_aabb_proxy_line_6_output_side_protrusion
judge_collision_detected:
robot_base_x: 10.335715
robot_base_y: -7.284672
robot_base_yaw: 3.132860
robot_geom: robot0_wheel_right_collision
proxy_geom: scene_aabb_proxy_output_6
judge_collision_detected:
robot_base_x: 10.335715
robot_base_y: -7.284672
robot_base_yaw: 3.132860
robot_geom: robot0_wheel_right_collision
proxy_geom: scene_aabb_proxy_production_line_6
judge_collision_detected:
robot_base_x: 10.334420
robot_base_y: -7.284849
robot_base_yaw: 3.133204
robot_geom: robot0_back_left_caster_2
proxy_geom: scene_aabb_proxy_line_6_output_side_protrusion
judge_collision_detected:
robot_base_x: 10.334420
robot_base_y: -7.284849
robot_base_yaw: 3.133204
robot_geom: robot0_back_right_caster_2
proxy_geom: scene_aabb_proxy_line_6_output_side_protrusion
judge_collision_detected:
robot_base_x: 10.334420
robot_base_y: -7.284849
robot_base_yaw: 3.133204
robot_geom: robot0_base_collision
proxy_geom: scene_aabb_proxy_line_6_output_side_protrusion
judge_collision_detected:
robot_base_x: 10.334420
robot_base_y: -7.284849
robot_base_yaw: 3.133204
robot_geom: robot0_base_collision
proxy_geom: scene_aabb_proxy_output_6
judge_collision_detected:
robot_base_x: 10.334420
robot_base_y: -7.284849
robot_base_yaw: 3.133204
robot_geom: robot0_base_collision
proxy_geom: scene_aabb_proxy_production_line_6
judge_collision_detected:
robot_base_x: 10.334420
robot_base_y: -7.284849
robot_base_yaw: 3.133204
robot_geom: robot0_front_left_caster_2
proxy_geom: scene_aabb_proxy_output_6
judge_collision_detected:
robot_base_x: 10.334420
robot_base_y: -7.284849
robot_base_yaw: 3.133204
robot_geom: robot0_front_right_caster_2
proxy_geom: scene_aabb_proxy_output_6
judge_collision_detected:
robot_base_x: 10.334420
robot_base_y: -7.284849
robot_base_yaw: 3.133204
robot_geom: robot0_torso_fixed_collision_box_1
proxy_geom: scene_aabb_proxy_line_6_output_side_protrusion
judge_collision_detected:
robot_base_x: 10.334420
robot_base_y: -7.284849
robot_base_yaw: 3.133204
robot_geom: robot0_torso_fixed_collision_box_1
proxy_geom: scene_aabb_proxy_output_6
judge_collision_detected:
robot_base_x: 10.334420
robot_base_y: -7.284849
robot_base_yaw: 3.133204
robot_geom: robot0_torso_fixed_collision_box_1
proxy_geom: scene_aabb_proxy_production_line_6
judge_collision_detected:
robot_base_x: 10.334420
robot_base_y: -7.284849
robot_base_yaw: 3.133204
robot_geom: robot0_torso_fixed_column_collision
proxy_geom: scene_aabb_proxy_line_6_output_side_protrusion
judge_collision_detected:
robot_base_x: 10.334420
robot_base_y: -7.284849
robot_base_yaw: 3.133204
robot_geom: robot0_wheel_left_collision
proxy_geom: scene_aabb_proxy_line_6_output_side_protrusion
judge_collision_detected:
robot_base_x: 10.334420
robot_base_y: -7.284849
robot_base_yaw: 3.133204
robot_geom: robot0_wheel_left_collision
proxy_geom: scene_aabb_proxy_output_6
judge_collision_detected:
robot_base_x: 10.334420
robot_base_y: -7.284849
robot_base_yaw: 3.133204
robot_geom: robot0_wheel_right_collision
proxy_geom: scene_aabb_proxy_line_6_output_side_protrusion
judge_collision_detected:
robot_base_x: 10.334420
robot_base_y: -7.284849
robot_base_yaw: 3.133204
robot_geom: robot0_wheel_right_collision
proxy_geom: scene_aabb_proxy_output_6
judge_collision_detected:
robot_base_x: 10.334420
robot_base_y: -7.284849
robot_base_yaw: 3.133204
robot_geom: robot0_wheel_right_collision
proxy_geom: scene_aabb_proxy_production_line_6
judge_collision_detected:
robot_base_x: 10.333619
robot_base_y: -7.285015
robot_base_yaw: 3.133562
robot_geom: robot0_back_left_caster_2
proxy_geom: scene_aabb_proxy_line_6_output_side_protrusion
judge_collision_detected:
robot_base_x: 10.333619
robot_base_y: -7.285015
robot_base_yaw: 3.133562
robot_geom: robot0_back_right_caster_2
proxy_geom: scene_aabb_proxy_line_6_output_side_protrusion
judge_collision_detected:
robot_base_x: 10.333619
robot_base_y: -7.285015
robot_base_yaw: 3.133562
robot_geom: robot0_base_collision
proxy_geom: scene_aabb_proxy_line_6_output_side_protrusion
judge_collision_detected:
robot_base_x: 10.333619
robot_base_y: -7.285015
robot_base_yaw: 3.133562
robot_geom: robot0_base_collision
proxy_geom: scene_aabb_proxy_output_6
judge_collision_detected:
robot_base_x: 10.333619
robot_base_y: -7.285015
robot_base_yaw: 3.133562
robot_geom: robot0_base_collision
proxy_geom: scene_aabb_proxy_production_line_6
judge_collision_detected:
robot_base_x: 10.333619
robot_base_y: -7.285015
robot_base_yaw: 3.133562
robot_geom: robot0_front_left_caster_2
proxy_geom: scene_aabb_proxy_output_6
judge_collision_detected:
robot_base_x: 10.333619
robot_base_y: -7.285015
robot_base_yaw: 3.133562
robot_geom: robot0_front_right_caster_2
proxy_geom: scene_aabb_proxy_output_6
judge_collision_detected:
robot_base_x: 10.333619
robot_base_y: -7.285015
robot_base_yaw: 3.133562
robot_geom: robot0_torso_fixed_collision_box_1
proxy_geom: scene_aabb_proxy_line_6_output_side_protrusion
judge_collision_detected:
robot_base_x: 10.333619
robot_base_y: -7.285015
robot_base_yaw: 3.133562
robot_geom: robot0_torso_fixed_collision_box_1
proxy_geom: scene_aabb_proxy_output_6
judge_collision_detected:
robot_base_x: 10.333619
robot_base_y: -7.285015
robot_base_yaw: 3.133562
robot_geom: robot0_torso_fixed_collision_box_1
proxy_geom: scene_aabb_proxy_production_line_6
judge_collision_detected:
robot_base_x: 10.333619
robot_base_y: -7.285015
robot_base_yaw: 3.133562
robot_geom: robot0_torso_fixed_column_collision
proxy_geom: scene_aabb_proxy_line_6_output_side_protrusion
judge_collision_detected:
robot_base_x: 10.333619
robot_base_y: -7.285015
robot_base_yaw: 3.133562
robot_geom: robot0_wheel_left_collision
proxy_geom: scene_aabb_proxy_line_6_output_side_protrusion
judge_collision_detected:
robot_base_x: 10.333619
robot_base_y: -7.285015
robot_base_yaw: 3.133562
robot_geom: robot0_wheel_left_collision
proxy_geom: scene_aabb_proxy_output_6
judge_collision_detected:
robot_base_x: 10.333619
robot_base_y: -7.285015
robot_base_yaw: 3.133562
robot_geom: robot0_wheel_right_collision
proxy_geom: scene_aabb_proxy_line_6_output_side_protrusion
judge_collision_detected:
robot_base_x: 10.333619
robot_base_y: -7.285015
robot_base_yaw: 3.133562
robot_geom: robot0_wheel_right_collision
proxy_geom: scene_aabb_proxy_output_6
judge_collision_detected:
robot_base_x: 10.333619
robot_base_y: -7.285015
robot_base_yaw: 3.133562
robot_geom: robot0_wheel_right_collision
proxy_geom: scene_aabb_proxy_production_line_6
judge_collision_detected:
robot_base_x: 10.332981
robot_base_y: -7.285175
robot_base_yaw: 3.133935
robot_geom: robot0_back_left_caster_2
proxy_geom: scene_aabb_proxy_line_6_output_side_protrusion
judge_collision_detected:
robot_base_x: 10.332981
robot_base_y: -7.285175
robot_base_yaw: 3.133935
robot_geom: robot0_back_right_caster_2
proxy_geom: scene_aabb_proxy_line_6_output_side_protrusion
judge_collision_detected:
robot_base_x: 10.332981
robot_base_y: -7.285175
robot_base_yaw: 3.133935
robot_geom: robot0_base_collision
proxy_geom: scene_aabb_proxy_line_6_output_side_protrusion
judge_collision_detected:
robot_base_x: 10.332981
robot_base_y: -7.285175
robot_base_yaw: 3.133935
robot_geom: robot0_base_collision
proxy_geom: scene_aabb_proxy_output_6
judge_collision_detected:
robot_base_x: 10.332981
robot_base_y: -7.285175
robot_base_yaw: 3.133935
robot_geom: robot0_base_collision
proxy_geom: scene_aabb_proxy_production_line_6
judge_collision_detected:
robot_base_x: 10.332981
robot_base_y: -7.285175
robot_base_yaw: 3.133935
robot_geom: robot0_front_left_caster_2
proxy_geom: scene_aabb_proxy_output_6
judge_collision_detected:
robot_base_x: 10.332981
robot_base_y: -7.285175
robot_base_yaw: 3.133935
robot_geom: robot0_front_right_caster_2
proxy_geom: scene_aabb_proxy_output_6
judge_collision_detected:
robot_base_x: 10.332981
robot_base_y: -7.285175
robot_base_yaw: 3.133935
robot_geom: robot0_torso_fixed_collision_box_1
proxy_geom: scene_aabb_proxy_line_6_output_side_protrusion
judge_collision_detected:
robot_base_x: 10.332981
robot_base_y: -7.285175
robot_base_yaw: 3.133935
robot_geom: robot0_torso_fixed_collision_box_1
proxy_geom: scene_aabb_proxy_output_6
judge_collision_detected:
robot_base_x: 10.332981
robot_base_y: -7.285175
robot_base_yaw: 3.133935
robot_geom: robot0_torso_fixed_collision_box_1
proxy_geom: scene_aabb_proxy_production_line_6
judge_collision_detected:
robot_base_x: 10.332981
robot_base_y: -7.285175
robot_base_yaw: 3.133935
robot_geom: robot0_torso_fixed_column_collision
proxy_geom: scene_aabb_proxy_line_6_output_side_protrusion
judge_collision_detected:
robot_base_x: 10.332981
robot_base_y: -7.285175
robot_base_yaw: 3.133935
robot_geom: robot0_wheel_left_collision
proxy_geom: scene_aabb_proxy_line_6_output_side_protrusion
judge_collision_detected:
robot_base_x: 10.332981
robot_base_y: -7.285175
robot_base_yaw: 3.133935
robot_geom: robot0_wheel_left_collision
proxy_geom: scene_aabb_proxy_output_6
judge_collision_detected:
robot_base_x: 10.332981
robot_base_y: -7.285175
robot_base_yaw: 3.133935
robot_geom: robot0_wheel_right_collision
proxy_geom: scene_aabb_proxy_line_6_output_side_protrusion
judge_collision_detected:
robot_base_x: 10.332981
robot_base_y: -7.285175
robot_base_yaw: 3.133935
robot_geom: robot0_wheel_right_collision
proxy_geom: scene_aabb_proxy_output_6
judge_collision_detected:
robot_base_x: 10.332981
robot_base_y: -7.285175
robot_base_yaw: 3.133935
robot_geom: robot0_wheel_right_collision
proxy_geom: scene_aabb_proxy_production_line_6
judge_collision_detected:
robot_base_x: 10.332372
robot_base_y: -7.285333
robot_base_yaw: 3.134320
robot_geom: robot0_back_left_caster_2
proxy_geom: scene_aabb_proxy_line_6_output_side_protrusion
judge_collision_detected:
robot_base_x: 10.332372
robot_base_y: -7.285333
robot_base_yaw: 3.134320
robot_geom: robot0_back_right_caster_2
proxy_geom: scene_aabb_proxy_line_6_output_side_protrusion
judge_collision_detected:
robot_base_x: 10.332372
robot_base_y: -7.285333
robot_base_yaw: 3.134320
robot_geom: robot0_base_collision
proxy_geom: scene_aabb_proxy_line_6_output_side_protrusion
judge_collision_detected:
robot_base_x: 10.332372
robot_base_y: -7.285333
robot_base_yaw: 3.134320
robot_geom: robot0_base_collision
proxy_geom: scene_aabb_proxy_output_6
judge_collision_detected:
robot_base_x: 10.332372
robot_base_y: -7.285333
robot_base_yaw: 3.134320
robot_geom: robot0_base_collision
proxy_geom: scene_aabb_proxy_production_line_6
judge_collision_detected:
robot_base_x: 10.332372
robot_base_y: -7.285333
robot_base_yaw: 3.134320
robot_geom: robot0_front_left_caster_2
proxy_geom: scene_aabb_proxy_output_6
judge_collision_detected:
robot_base_x: 10.332372
robot_base_y: -7.285333
robot_base_yaw: 3.134320
robot_geom: robot0_front_right_caster_2
proxy_geom: scene_aabb_proxy_output_6
judge_collision_detected:
robot_base_x: 10.332372
robot_base_y: -7.285333
robot_base_yaw: 3.134320
robot_geom: robot0_torso_fixed_collision_box_1
proxy_geom: scene_aabb_proxy_line_6_output_side_protrusion
judge_collision_detected:
robot_base_x: 10.332372
robot_base_y: -7.285333
robot_base_yaw: 3.134320
robot_geom: robot0_torso_fixed_collision_box_1
proxy_geom: scene_aabb_proxy_output_6
judge_collision_detected:
robot_base_x: 10.332372
robot_base_y: -7.285333
robot_base_yaw: 3.134320
robot_geom: robot0_torso_fixed_collision_box_1
proxy_geom: scene_aabb_proxy_production_line_6
judge_collision_detected:
robot_base_x: 10.332372
robot_base_y: -7.285333
robot_base_yaw: 3.134320
robot_geom: robot0_torso_fixed_column_collision
proxy_geom: scene_aabb_proxy_line_6_output_side_protrusion
judge_collision_detected:
robot_base_x: 10.332372
robot_base_y: -7.285333
robot_base_yaw: 3.134320
robot_geom: robot0_wheel_left_collision
proxy_geom: scene_aabb_proxy_line_6_output_side_protrusion
judge_collision_detected:
robot_base_x: 10.332372
robot_base_y: -7.285333
robot_base_yaw: 3.134320
robot_geom: robot0_wheel_left_collision
proxy_geom: scene_aabb_proxy_output_6
judge_collision_detected:
robot_base_x: 10.332372
robot_base_y: -7.285333
robot_base_yaw: 3.134320
robot_geom: robot0_wheel_right_collision
proxy_geom: scene_aabb_proxy_line_6_output_side_protrusion
judge_collision_detected:
robot_base_x: 10.332372
robot_base_y: -7.285333
robot_base_yaw: 3.134320
robot_geom: robot0_wheel_right_collision
proxy_geom: scene_aabb_proxy_output_6
judge_collision_detected:
robot_base_x: 10.332372
robot_base_y: -7.285333
robot_base_yaw: 3.134320
robot_geom: robot0_wheel_right_collision
proxy_geom: scene_aabb_proxy_production_line_6
judge_collision_detected:
robot_base_x: 10.331793
robot_base_y: -7.285487
robot_base_yaw: 3.134721
robot_geom: robot0_back_left_caster_2
proxy_geom: scene_aabb_proxy_line_6_output_side_protrusion
judge_collision_detected:
robot_base_x: 10.331793
robot_base_y: -7.285487
robot_base_yaw: 3.134721
robot_geom: robot0_back_right_caster_2
proxy_geom: scene_aabb_proxy_line_6_output_side_protrusion
judge_collision_detected:
robot_base_x: 10.331793
robot_base_y: -7.285487
robot_base_yaw: 3.134721
robot_geom: robot0_base_collision
proxy_geom: scene_aabb_proxy_line_6_output_side_protrusion
judge_collision_detected:
robot_base_x: 10.331793
robot_base_y: -7.285487
robot_base_yaw: 3.134721
robot_geom: robot0_base_collision
proxy_geom: scene_aabb_proxy_output_6
judge_collision_detected:
robot_base_x: 10.331793
robot_base_y: -7.285487
robot_base_yaw: 3.134721
robot_geom: robot0_base_collision
proxy_geom: scene_aabb_proxy_production_line_6
judge_collision_detected:
robot_base_x: 10.331793
robot_base_y: -7.285487
robot_base_yaw: 3.134721
robot_geom: robot0_front_left_caster_2
proxy_geom: scene_aabb_proxy_output_6
judge_collision_detected:
robot_base_x: 10.331793
robot_base_y: -7.285487
robot_base_yaw: 3.134721
robot_geom: robot0_front_right_caster_2
proxy_geom: scene_aabb_proxy_output_6
judge_collision_detected:
robot_base_x: 10.331793
robot_base_y: -7.285487
robot_base_yaw: 3.134721
robot_geom: robot0_torso_fixed_collision_box_1
proxy_geom: scene_aabb_proxy_line_6_output_side_protrusion
judge_collision_detected:
robot_base_x: 10.331793
robot_base_y: -7.285487
robot_base_yaw: 3.134721
robot_geom: robot0_torso_fixed_collision_box_1
proxy_geom: scene_aabb_proxy_output_6
judge_collision_detected:
robot_base_x: 10.331793
robot_base_y: -7.285487
robot_base_yaw: 3.134721
robot_geom: robot0_torso_fixed_collision_box_1
proxy_geom: scene_aabb_proxy_production_line_6
judge_collision_detected:
robot_base_x: 10.331793
robot_base_y: -7.285487
robot_base_yaw: 3.134721
robot_geom: robot0_torso_fixed_column_collision
proxy_geom: scene_aabb_proxy_line_6_output_side_protrusion
judge_collision_detected:
robot_base_x: 10.331793
robot_base_y: -7.285487
robot_base_yaw: 3.134721
robot_geom: robot0_wheel_left_collision
proxy_geom: scene_aabb_proxy_line_6_output_side_protrusion
judge_collision_detected:
robot_base_x: 10.331793
robot_base_y: -7.285487
robot_base_yaw: 3.134721
robot_geom: robot0_wheel_left_collision
proxy_geom: scene_aabb_proxy_output_6
judge_collision_detected:
robot_base_x: 10.331793
robot_base_y: -7.285487
robot_base_yaw: 3.134721
robot_geom: robot0_wheel_right_collision
proxy_geom: scene_aabb_proxy_line_6_output_side_protrusion
judge_collision_detected:
robot_base_x: 10.331793
robot_base_y: -7.285487
robot_base_yaw: 3.134721
robot_geom: robot0_wheel_right_collision
proxy_geom: scene_aabb_proxy_output_6
judge_collision_detected:
robot_base_x: 10.331793
robot_base_y: -7.285487
robot_base_yaw: 3.134721
robot_geom: robot0_wheel_right_collision
proxy_geom: scene_aabb_proxy_production_line_6
judge_collision_detected:
robot_base_x: 10.331250
robot_base_y: -7.285634
robot_base_yaw: 3.135150
robot_geom: robot0_back_left_caster_2
proxy_geom: scene_aabb_proxy_line_6_output_side_protrusion
judge_collision_detected:
robot_base_x: 10.331250
robot_base_y: -7.285634
robot_base_yaw: 3.135150
robot_geom: robot0_back_right_caster_2
proxy_geom: scene_aabb_proxy_line_6_output_side_protrusion
judge_collision_detected:
robot_base_x: 10.331250
robot_base_y: -7.285634
robot_base_yaw: 3.135150
robot_geom: robot0_base_collision
proxy_geom: scene_aabb_proxy_line_6_output_side_protrusion
judge_collision_detected:
robot_base_x: 10.331250
robot_base_y: -7.285634
robot_base_yaw: 3.135150
robot_geom: robot0_base_collision
proxy_geom: scene_aabb_proxy_output_6
judge_collision_detected:
robot_base_x: 10.331250
robot_base_y: -7.285634
robot_base_yaw: 3.135150
robot_geom: robot0_base_collision
proxy_geom: scene_aabb_proxy_production_line_6
judge_collision_detected:
robot_base_x: 10.331250
robot_base_y: -7.285634
robot_base_yaw: 3.135150
robot_geom: robot0_front_left_caster_2
proxy_geom: scene_aabb_proxy_output_6
judge_collision_detected:
robot_base_x: 10.331250
robot_base_y: -7.285634
robot_base_yaw: 3.135150
robot_geom: robot0_front_right_caster_2
proxy_geom: scene_aabb_proxy_output_6
judge_collision_detected:
robot_base_x: 10.331250
robot_base_y: -7.285634
robot_base_yaw: 3.135150
robot_geom: robot0_torso_fixed_collision_box_1
proxy_geom: scene_aabb_proxy_line_6_output_side_protrusion
judge_collision_detected:
robot_base_x: 10.331250
robot_base_y: -7.285634
robot_base_yaw: 3.135150
robot_geom: robot0_torso_fixed_collision_box_1
proxy_geom: scene_aabb_proxy_output_6
judge_collision_detected:
robot_base_x: 10.331250
robot_base_y: -7.285634
robot_base_yaw: 3.135150
robot_geom: robot0_torso_fixed_collision_box_1
proxy_geom: scene_aabb_proxy_production_line_6
judge_collision_detected:
robot_base_x: 10.331250
robot_base_y: -7.285634
robot_base_yaw: 3.135150
robot_geom: robot0_torso_fixed_column_collision
proxy_geom: scene_aabb_proxy_line_6_output_side_protrusion
judge_collision_detected:
robot_base_x: 10.331250
robot_base_y: -7.285634
robot_base_yaw: 3.135150
robot_geom: robot0_wheel_left_collision
proxy_geom: scene_aabb_proxy_line_6_output_side_protrusion
judge_collision_detected:
robot_base_x: 10.331250
robot_base_y: -7.285634
robot_base_yaw: 3.135150
robot_geom: robot0_wheel_left_collision
proxy_geom: scene_aabb_proxy_output_6
judge_collision_detected:
robot_base_x: 10.331250
robot_base_y: -7.285634
robot_base_yaw: 3.135150
robot_geom: robot0_wheel_right_collision
proxy_geom: scene_aabb_proxy_line_6_output_side_protrusion
judge_collision_detected:
robot_base_x: 10.331250
robot_base_y: -7.285634
robot_base_yaw: 3.135150
robot_geom: robot0_wheel_right_collision
proxy_geom: scene_aabb_proxy_output_6
judge_collision_detected:
robot_base_x: 10.331250
robot_base_y: -7.285634
robot_base_yaw: 3.135150
robot_geom: robot0_wheel_right_collision
proxy_geom: scene_aabb_proxy_production_line_6
judge_collision_detected:
robot_base_x: 10.330731
robot_base_y: -7.285779
robot_base_yaw: 3.135587
robot_geom: robot0_back_left_caster_2
proxy_geom: scene_aabb_proxy_line_6_output_side_protrusion
judge_collision_detected:
robot_base_x: 10.330731
robot_base_y: -7.285779
robot_base_yaw: 3.135587
robot_geom: robot0_back_right_caster_2
proxy_geom: scene_aabb_proxy_line_6_output_side_protrusion
judge_collision_detected:
robot_base_x: 10.330731
robot_base_y: -7.285779
robot_base_yaw: 3.135587
robot_geom: robot0_base_collision
proxy_geom: scene_aabb_proxy_line_6_output_side_protrusion
judge_collision_detected:
robot_base_x: 10.330731
robot_base_y: -7.285779
robot_base_yaw: 3.135587
robot_geom: robot0_base_collision
proxy_geom: scene_aabb_proxy_output_6
judge_collision_detected:
robot_base_x: 10.330731
robot_base_y: -7.285779
robot_base_yaw: 3.135587
robot_geom: robot0_base_collision
proxy_geom: scene_aabb_proxy_production_line_6
judge_collision_detected:
robot_base_x: 10.330731
robot_base_y: -7.285779
robot_base_yaw: 3.135587
robot_geom: robot0_front_left_caster_2
proxy_geom: scene_aabb_proxy_output_6
judge_collision_detected:
robot_base_x: 10.330731
robot_base_y: -7.285779
robot_base_yaw: 3.135587
robot_geom: robot0_front_right_caster_2
proxy_geom: scene_aabb_proxy_output_6
judge_collision_detected:
robot_base_x: 10.330731
robot_base_y: -7.285779
robot_base_yaw: 3.135587
robot_geom: robot0_torso_fixed_collision_box_1
proxy_geom: scene_aabb_proxy_line_6_output_side_protrusion
judge_collision_detected:
robot_base_x: 10.330731
robot_base_y: -7.285779
robot_base_yaw: 3.135587
robot_geom: robot0_torso_fixed_collision_box_1
proxy_geom: scene_aabb_proxy_output_6
judge_collision_detected:
robot_base_x: 10.330731
robot_base_y: -7.285779
robot_base_yaw: 3.135587
robot_geom: robot0_torso_fixed_collision_box_1
proxy_geom: scene_aabb_proxy_production_line_6
judge_collision_detected:
robot_base_x: 10.330731
robot_base_y: -7.285779
robot_base_yaw: 3.135587
robot_geom: robot0_torso_fixed_column_collision
proxy_geom: scene_aabb_proxy_line_6_output_side_protrusion
judge_collision_detected:
robot_base_x: 10.330731
robot_base_y: -7.285779
robot_base_yaw: 3.135587
robot_geom: robot0_wheel_left_collision
proxy_geom: scene_aabb_proxy_line_6_output_side_protrusion
judge_collision_detected:
robot_base_x: 10.330731
robot_base_y: -7.285779
robot_base_yaw: 3.135587
robot_geom: robot0_wheel_left_collision
proxy_geom: scene_aabb_proxy_output_6
judge_collision_detected:
robot_base_x: 10.330731
robot_base_y: -7.285779
robot_base_yaw: 3.135587
robot_geom: robot0_wheel_right_collision
proxy_geom: scene_aabb_proxy_line_6_output_side_protrusion
judge_collision_detected:
robot_base_x: 10.330731
robot_base_y: -7.285779
robot_base_yaw: 3.135587
robot_geom: robot0_wheel_right_collision
proxy_geom: scene_aabb_proxy_output_6
judge_collision_detected:
robot_base_x: 10.330731
robot_base_y: -7.285779
robot_base_yaw: 3.135587
robot_geom: robot0_wheel_right_collision
proxy_geom: scene_aabb_proxy_production_line_6
judge_collision_detected:
robot_base_x: 10.330222
robot_base_y: -7.285923
robot_base_yaw: 3.136009
robot_geom: robot0_back_left_caster_2
proxy_geom: scene_aabb_proxy_line_6_output_side_protrusion
judge_collision_detected:
robot_base_x: 10.330222
robot_base_y: -7.285923
robot_base_yaw: 3.136009
robot_geom: robot0_back_right_caster_2
proxy_geom: scene_aabb_proxy_line_6_output_side_protrusion
judge_collision_detected:
robot_base_x: 10.330222
robot_base_y: -7.285923
robot_base_yaw: 3.136009
robot_geom: robot0_base_collision
proxy_geom: scene_aabb_proxy_line_6_output_side_protrusion
judge_collision_detected:
robot_base_x: 10.330222
robot_base_y: -7.285923
robot_base_yaw: 3.136009
robot_geom: robot0_base_collision
proxy_geom: scene_aabb_proxy_output_6
judge_collision_detected:
robot_base_x: 10.330222
robot_base_y: -7.285923
robot_base_yaw: 3.136009
robot_geom: robot0_base_collision
proxy_geom: scene_aabb_proxy_production_line_6
judge_collision_detected:
robot_base_x: 10.330222
robot_base_y: -7.285923
robot_base_yaw: 3.136009
robot_geom: robot0_front_left_caster_2
proxy_geom: scene_aabb_proxy_output_6
judge_collision_detected:
robot_base_x: 10.330222
robot_base_y: -7.285923
robot_base_yaw: 3.136009
robot_geom: robot0_front_right_caster_2
proxy_geom: scene_aabb_proxy_output_6
judge_collision_detected:
robot_base_x: 10.330222
robot_base_y: -7.285923
robot_base_yaw: 3.136009
robot_geom: robot0_torso_fixed_collision_box_1
proxy_geom: scene_aabb_proxy_line_6_output_side_protrusion
judge_collision_detected:
robot_base_x: 10.330222
robot_base_y: -7.285923
robot_base_yaw: 3.136009
robot_geom: robot0_torso_fixed_collision_box_1
proxy_geom: scene_aabb_proxy_output_6
judge_collision_detected:
robot_base_x: 10.330222
robot_base_y: -7.285923
robot_base_yaw: 3.136009
robot_geom: robot0_torso_fixed_collision_box_1
proxy_geom: scene_aabb_proxy_production_line_6
judge_collision_detected:
robot_base_x: 10.330222
robot_base_y: -7.285923
robot_base_yaw: 3.136009
robot_geom: robot0_torso_fixed_column_collision
proxy_geom: scene_aabb_proxy_line_6_output_side_protrusion
judge_collision_detected:
robot_base_x: 10.330222
robot_base_y: -7.285923
robot_base_yaw: 3.136009
robot_geom: robot0_wheel_left_collision
proxy_geom: scene_aabb_proxy_line_6_output_side_protrusion
judge_collision_detected:
robot_base_x: 10.330222
robot_base_y: -7.285923
robot_base_yaw: 3.136009
robot_geom: robot0_wheel_left_collision
proxy_geom: scene_aabb_proxy_output_6
judge_collision_detected:
robot_base_x: 10.330222
robot_base_y: -7.285923
robot_base_yaw: 3.136009
robot_geom: robot0_wheel_right_collision
proxy_geom: scene_aabb_proxy_line_6_output_side_protrusion
judge_collision_detected:
robot_base_x: 10.330222
robot_base_y: -7.285923
robot_base_yaw: 3.136009
robot_geom: robot0_wheel_right_collision
proxy_geom: scene_aabb_proxy_output_6
judge_collision_detected:
robot_base_x: 10.330222
robot_base_y: -7.285923
robot_base_yaw: 3.136009
robot_geom: robot0_wheel_right_collision
proxy_geom: scene_aabb_proxy_production_line_6
judge_collision_detected:
robot_base_x: 10.329729
robot_base_y: -7.286064
robot_base_yaw: 3.136429
robot_geom: robot0_back_left_caster_2
proxy_geom: scene_aabb_proxy_line_6_output_side_protrusion
judge_collision_detected:
robot_base_x: 10.329729
robot_base_y: -7.286064
robot_base_yaw: 3.136429
robot_geom: robot0_back_right_caster_2
proxy_geom: scene_aabb_proxy_line_6_output_side_protrusion
judge_collision_detected:
robot_base_x: 10.329729
robot_base_y: -7.286064
robot_base_yaw: 3.136429
robot_geom: robot0_base_collision
proxy_geom: scene_aabb_proxy_line_6_output_side_protrusion
judge_collision_detected:
robot_base_x: 10.329729
robot_base_y: -7.286064
robot_base_yaw: 3.136429
robot_geom: robot0_base_collision
proxy_geom: scene_aabb_proxy_output_6
judge_collision_detected:
robot_base_x: 10.329729
robot_base_y: -7.286064
robot_base_yaw: 3.136429
robot_geom: robot0_base_collision
proxy_geom: scene_aabb_proxy_production_line_6
judge_collision_detected:
robot_base_x: 10.329729
robot_base_y: -7.286064
robot_base_yaw: 3.136429
robot_geom: robot0_front_left_caster_2
proxy_geom: scene_aabb_proxy_output_6
judge_collision_detected:
robot_base_x: 10.329729
robot_base_y: -7.286064
robot_base_yaw: 3.136429
robot_geom: robot0_front_right_caster_2
proxy_geom: scene_aabb_proxy_output_6
judge_collision_detected:
robot_base_x: 10.329729
robot_base_y: -7.286064
robot_base_yaw: 3.136429
robot_geom: robot0_torso_fixed_collision_box_1
proxy_geom: scene_aabb_proxy_line_6_output_side_protrusion
judge_collision_detected:
robot_base_x: 10.329729
robot_base_y: -7.286064
robot_base_yaw: 3.136429
robot_geom: robot0_torso_fixed_collision_box_1
proxy_geom: scene_aabb_proxy_output_6
judge_collision_detected:
robot_base_x: 10.329729
robot_base_y: -7.286064
robot_base_yaw: 3.136429
robot_geom: robot0_torso_fixed_collision_box_1
proxy_geom: scene_aabb_proxy_production_line_6
judge_collision_detected:
robot_base_x: 10.329729
robot_base_y: -7.286064
robot_base_yaw: 3.136429
robot_geom: robot0_torso_fixed_column_collision
proxy_geom: scene_aabb_proxy_line_6_output_side_protrusion
judge_collision_detected:
robot_base_x: 10.329729
robot_base_y: -7.286064
robot_base_yaw: 3.136429
robot_geom: robot0_wheel_left_collision
proxy_geom: scene_aabb_proxy_line_6_output_side_protrusion
judge_collision_detected:
robot_base_x: 10.329729
robot_base_y: -7.286064
robot_base_yaw: 3.136429
robot_geom: robot0_wheel_left_collision
proxy_geom: scene_aabb_proxy_output_6
judge_collision_detected:
robot_base_x: 10.329729
robot_base_y: -7.286064
robot_base_yaw: 3.136429
robot_geom: robot0_wheel_right_collision
proxy_geom: scene_aabb_proxy_line_6_output_side_protrusion
judge_collision_detected:
robot_base_x: 10.329729
robot_base_y: -7.286064
robot_base_yaw: 3.136429
robot_geom: robot0_wheel_right_collision
proxy_geom: scene_aabb_proxy_output_6
judge_collision_detected:
robot_base_x: 10.329729
robot_base_y: -7.286064
robot_base_yaw: 3.136429
robot_geom: robot0_wheel_right_collision
proxy_geom: scene_aabb_proxy_production_line_6
judge_collision_detected:
robot_base_x: 10.328788
robot_base_y: -7.286211
robot_base_yaw: 3.136744
robot_geom: robot0_back_left_caster_2
proxy_geom: scene_aabb_proxy_line_6_output_side_protrusion
judge_collision_detected:
robot_base_x: 10.328788
robot_base_y: -7.286211
robot_base_yaw: 3.136744
robot_geom: robot0_back_right_caster_2
proxy_geom: scene_aabb_proxy_line_6_output_side_protrusion
judge_collision_detected:
robot_base_x: 10.328788
robot_base_y: -7.286211
robot_base_yaw: 3.136744
robot_geom: robot0_base_collision
proxy_geom: scene_aabb_proxy_line_6_output_side_protrusion
judge_collision_detected:
robot_base_x: 10.328788
robot_base_y: -7.286211
robot_base_yaw: 3.136744
robot_geom: robot0_base_collision
proxy_geom: scene_aabb_proxy_output_6
judge_collision_detected:
robot_base_x: 10.328788
robot_base_y: -7.286211
robot_base_yaw: 3.136744
robot_geom: robot0_base_collision
proxy_geom: scene_aabb_proxy_production_line_6
judge_collision_detected:
robot_base_x: 10.328788
robot_base_y: -7.286211
robot_base_yaw: 3.136744
robot_geom: robot0_front_left_caster_2
proxy_geom: scene_aabb_proxy_output_6
judge_collision_detected:
robot_base_x: 10.328788
robot_base_y: -7.286211
robot_base_yaw: 3.136744
robot_geom: robot0_front_right_caster_2
proxy_geom: scene_aabb_proxy_output_6
judge_collision_detected:
robot_base_x: 10.328788
robot_base_y: -7.286211
robot_base_yaw: 3.136744
robot_geom: robot0_torso_fixed_collision_box_1
proxy_geom: scene_aabb_proxy_line_6_output_side_protrusion
judge_collision_detected:
robot_base_x: 10.328788
robot_base_y: -7.286211
robot_base_yaw: 3.136744
robot_geom: robot0_torso_fixed_collision_box_1
proxy_geom: scene_aabb_proxy_output_6
judge_collision_detected:
robot_base_x: 10.328788
robot_base_y: -7.286211
robot_base_yaw: 3.136744
robot_geom: robot0_torso_fixed_collision_box_1
proxy_geom: scene_aabb_proxy_production_line_6
judge_collision_detected:
robot_base_x: 10.328788
robot_base_y: -7.286211
robot_base_yaw: 3.136744
robot_geom: robot0_torso_fixed_column_collision
proxy_geom: scene_aabb_proxy_line_6_output_side_protrusion
judge_collision_detected:
robot_base_x: 10.328788
robot_base_y: -7.286211
robot_base_yaw: 3.136744
robot_geom: robot0_wheel_left_collision
proxy_geom: scene_aabb_proxy_line_6_output_side_protrusion
judge_collision_detected:
robot_base_x: 10.328788
robot_base_y: -7.286211
robot_base_yaw: 3.136744
robot_geom: robot0_wheel_left_collision
proxy_geom: scene_aabb_proxy_output_6
judge_collision_detected:
robot_base_x: 10.328788
robot_base_y: -7.286211
robot_base_yaw: 3.136744
robot_geom: robot0_wheel_right_collision
proxy_geom: scene_aabb_proxy_line_6_output_side_protrusion
judge_collision_detected:
robot_base_x: 10.328788
robot_base_y: -7.286211
robot_base_yaw: 3.136744
robot_geom: robot0_wheel_right_collision
proxy_geom: scene_aabb_proxy_output_6
judge_collision_detected:
robot_base_x: 10.328788
robot_base_y: -7.286211
robot_base_yaw: 3.136744
robot_geom: robot0_wheel_right_collision
proxy_geom: scene_aabb_proxy_production_line_6
judge_collision_detected:
robot_base_x: 10.327789
robot_base_y: -7.286362
robot_base_yaw: 3.137014
robot_geom: robot0_back_left_caster_2
proxy_geom: scene_aabb_proxy_line_6_output_side_protrusion
judge_collision_detected:
robot_base_x: 10.327789
robot_base_y: -7.286362
robot_base_yaw: 3.137014
robot_geom: robot0_back_right_caster_2
proxy_geom: scene_aabb_proxy_line_6_output_side_protrusion
judge_collision_detected:
robot_base_x: 10.327789
robot_base_y: -7.286362
robot_base_yaw: 3.137014
robot_geom: robot0_base_collision
proxy_geom: scene_aabb_proxy_line_6_output_side_protrusion
judge_collision_detected:
robot_base_x: 10.327789
robot_base_y: -7.286362
robot_base_yaw: 3.137014
robot_geom: robot0_base_collision
proxy_geom: scene_aabb_proxy_output_6
judge_collision_detected:
robot_base_x: 10.327789
robot_base_y: -7.286362
robot_base_yaw: 3.137014
robot_geom: robot0_base_collision
proxy_geom: scene_aabb_proxy_production_line_6
judge_collision_detected:
robot_base_x: 10.327789
robot_base_y: -7.286362
robot_base_yaw: 3.137014
robot_geom: robot0_front_left_caster_2
proxy_geom: scene_aabb_proxy_output_6
judge_collision_detected:
robot_base_x: 10.327789
robot_base_y: -7.286362
robot_base_yaw: 3.137014
robot_geom: robot0_front_right_caster_2
proxy_geom: scene_aabb_proxy_output_6
judge_collision_detected:
robot_base_x: 10.327789
robot_base_y: -7.286362
robot_base_yaw: 3.137014
robot_geom: robot0_torso_fixed_collision_box_1
proxy_geom: scene_aabb_proxy_line_6_output_side_protrusion
judge_collision_detected:
robot_base_x: 10.327789
robot_base_y: -7.286362
robot_base_yaw: 3.137014
robot_geom: robot0_torso_fixed_collision_box_1
proxy_geom: scene_aabb_proxy_output_6
judge_collision_detected:
robot_base_x: 10.327789
robot_base_y: -7.286362
robot_base_yaw: 3.137014
robot_geom: robot0_torso_fixed_collision_box_1
proxy_geom: scene_aabb_proxy_production_line_6
judge_collision_detected:
robot_base_x: 10.327789
robot_base_y: -7.286362
robot_base_yaw: 3.137014
robot_geom: robot0_torso_fixed_column_collision
proxy_geom: scene_aabb_proxy_line_6_output_side_protrusion
judge_collision_detected:
robot_base_x: 10.327789
robot_base_y: -7.286362
robot_base_yaw: 3.137014
robot_geom: robot0_wheel_left_collision
proxy_geom: scene_aabb_proxy_line_6_output_side_protrusion
judge_collision_detected:
robot_base_x: 10.327789
robot_base_y: -7.286362
robot_base_yaw: 3.137014
robot_geom: robot0_wheel_left_collision
proxy_geom: scene_aabb_proxy_output_6
judge_collision_detected:
robot_base_x: 10.327789
robot_base_y: -7.286362
robot_base_yaw: 3.137014
robot_geom: robot0_wheel_right_collision
proxy_geom: scene_aabb_proxy_line_6_output_side_protrusion
judge_collision_detected:
robot_base_x: 10.327789
robot_base_y: -7.286362
robot_base_yaw: 3.137014
robot_geom: robot0_wheel_right_collision
proxy_geom: scene_aabb_proxy_output_6
judge_collision_detected:
robot_base_x: 10.327789
robot_base_y: -7.286362
robot_base_yaw: 3.137014
robot_geom: robot0_wheel_right_collision
proxy_geom: scene_aabb_proxy_production_line_6
judge_collision_detected:
robot_base_x: 10.326834
robot_base_y: -7.286516
robot_base_yaw: 3.137263
robot_geom: robot0_back_left_caster_2
proxy_geom: scene_aabb_proxy_line_6_output_side_protrusion
judge_collision_detected:
robot_base_x: 10.326834
robot_base_y: -7.286516
robot_base_yaw: 3.137263
robot_geom: robot0_back_right_caster_2
proxy_geom: scene_aabb_proxy_line_6_output_side_protrusion
judge_collision_detected:
robot_base_x: 10.326834
robot_base_y: -7.286516
robot_base_yaw: 3.137263
robot_geom: robot0_base_collision
proxy_geom: scene_aabb_proxy_line_6_output_side_protrusion
judge_collision_detected:
robot_base_x: 10.326834
robot_base_y: -7.286516
robot_base_yaw: 3.137263
robot_geom: robot0_base_collision
proxy_geom: scene_aabb_proxy_output_6
judge_collision_detected:
robot_base_x: 10.326834
robot_base_y: -7.286516
robot_base_yaw: 3.137263
robot_geom: robot0_base_collision
proxy_geom: scene_aabb_proxy_production_line_6
judge_collision_detected:
robot_base_x: 10.326834
robot_base_y: -7.286516
robot_base_yaw: 3.137263
robot_geom: robot0_front_left_caster_2
proxy_geom: scene_aabb_proxy_output_6
judge_collision_detected:
robot_base_x: 10.326834
robot_base_y: -7.286516
robot_base_yaw: 3.137263
robot_geom: robot0_front_right_caster_2
proxy_geom: scene_aabb_proxy_output_6
judge_collision_detected:
robot_base_x: 10.326834
robot_base_y: -7.286516
robot_base_yaw: 3.137263
robot_geom: robot0_torso_fixed_collision_box_1
proxy_geom: scene_aabb_proxy_line_6_output_side_protrusion
judge_collision_detected:
robot_base_x: 10.326834
robot_base_y: -7.286516
robot_base_yaw: 3.137263
robot_geom: robot0_torso_fixed_collision_box_1
proxy_geom: scene_aabb_proxy_output_6
judge_collision_detected:
robot_base_x: 10.326834
robot_base_y: -7.286516
robot_base_yaw: 3.137263
robot_geom: robot0_torso_fixed_collision_box_1
proxy_geom: scene_aabb_proxy_production_line_6
judge_collision_detected:
robot_base_x: 10.326834
robot_base_y: -7.286516
robot_base_yaw: 3.137263
robot_geom: robot0_torso_fixed_column_collision
proxy_geom: scene_aabb_proxy_line_6_output_side_protrusion
judge_collision_detected:
robot_base_x: 10.326834
robot_base_y: -7.286516
robot_base_yaw: 3.137263
robot_geom: robot0_wheel_left_collision
proxy_geom: scene_aabb_proxy_line_6_output_side_protrusion
judge_collision_detected:
robot_base_x: 10.326834
robot_base_y: -7.286516
robot_base_yaw: 3.137263
robot_geom: robot0_wheel_left_collision
proxy_geom: scene_aabb_proxy_output_6
judge_collision_detected:
robot_base_x: 10.326834
robot_base_y: -7.286516
robot_base_yaw: 3.137263
robot_geom: robot0_wheel_right_collision
proxy_geom: scene_aabb_proxy_line_6_output_side_protrusion
judge_collision_detected:
robot_base_x: 10.326834
robot_base_y: -7.286516
robot_base_yaw: 3.137263
robot_geom: robot0_wheel_right_collision
proxy_geom: scene_aabb_proxy_output_6
judge_collision_detected:
robot_base_x: 10.326834
robot_base_y: -7.286516
robot_base_yaw: 3.137263
robot_geom: robot0_wheel_right_collision
proxy_geom: scene_aabb_proxy_production_line_6
judge_collision_detected:
robot_base_x: 10.325927
robot_base_y: -7.286667
robot_base_yaw: 3.137520
robot_geom: robot0_back_left_caster_2
proxy_geom: scene_aabb_proxy_line_6_output_side_protrusion
judge_collision_detected:
robot_base_x: 10.325927
robot_base_y: -7.286667
robot_base_yaw: 3.137520
robot_geom: robot0_back_right_caster_2
proxy_geom: scene_aabb_proxy_line_6_output_side_protrusion
judge_collision_detected:
robot_base_x: 10.325927
robot_base_y: -7.286667
robot_base_yaw: 3.137520
robot_geom: robot0_base_collision
proxy_geom: scene_aabb_proxy_line_6_output_side_protrusion
judge_collision_detected:
robot_base_x: 10.325927
robot_base_y: -7.286667
robot_base_yaw: 3.137520
robot_geom: robot0_base_collision
proxy_geom: scene_aabb_proxy_output_6
judge_collision_detected:
robot_base_x: 10.325927
robot_base_y: -7.286667
robot_base_yaw: 3.137520
robot_geom: robot0_base_collision
proxy_geom: scene_aabb_proxy_production_line_6
judge_collision_detected:
robot_base_x: 10.325927
robot_base_y: -7.286667
robot_base_yaw: 3.137520
robot_geom: robot0_front_left_caster_2
proxy_geom: scene_aabb_proxy_output_6
judge_collision_detected:
robot_base_x: 10.325927
robot_base_y: -7.286667
robot_base_yaw: 3.137520
robot_geom: robot0_front_right_caster_2
proxy_geom: scene_aabb_proxy_output_6
judge_collision_detected:
robot_base_x: 10.325927
robot_base_y: -7.286667
robot_base_yaw: 3.137520
robot_geom: robot0_torso_fixed_collision_box_1
proxy_geom: scene_aabb_proxy_line_6_output_side_protrusion
judge_collision_detected:
robot_base_x: 10.325927
robot_base_y: -7.286667
robot_base_yaw: 3.137520
robot_geom: robot0_torso_fixed_collision_box_1
proxy_geom: scene_aabb_proxy_output_6
judge_collision_detected:
robot_base_x: 10.325927
robot_base_y: -7.286667
robot_base_yaw: 3.137520
robot_geom: robot0_torso_fixed_collision_box_1
proxy_geom: scene_aabb_proxy_production_line_6
judge_collision_detected:
robot_base_x: 10.325927
robot_base_y: -7.286667
robot_base_yaw: 3.137520
robot_geom: robot0_torso_fixed_column_collision
proxy_geom: scene_aabb_proxy_line_6_output_side_protrusion
judge_collision_detected:
robot_base_x: 10.325927
robot_base_y: -7.286667
robot_base_yaw: 3.137520
robot_geom: robot0_wheel_left_collision
proxy_geom: scene_aabb_proxy_line_6_output_side_protrusion
judge_collision_detected:
robot_base_x: 10.325927
robot_base_y: -7.286667
robot_base_yaw: 3.137520
robot_geom: robot0_wheel_left_collision
proxy_geom: scene_aabb_proxy_output_6
judge_collision_detected:
robot_base_x: 10.325927
robot_base_y: -7.286667
robot_base_yaw: 3.137520
robot_geom: robot0_wheel_right_collision
proxy_geom: scene_aabb_proxy_line_6_output_side_protrusion
judge_collision_detected:
robot_base_x: 10.325927
robot_base_y: -7.286667
robot_base_yaw: 3.137520
robot_geom: robot0_wheel_right_collision
proxy_geom: scene_aabb_proxy_output_6
judge_collision_detected:
robot_base_x: 10.325927
robot_base_y: -7.286667
robot_base_yaw: 3.137520
robot_geom: robot0_wheel_right_collision
proxy_geom: scene_aabb_proxy_production_line_6
judge_collision_detected:
robot_base_x: 10.325063
robot_base_y: -7.286815
robot_base_yaw: 3.137786
robot_geom: robot0_back_left_caster_2
proxy_geom: scene_aabb_proxy_line_6_output_side_protrusion
judge_collision_detected:
robot_base_x: 10.325063
robot_base_y: -7.286815
robot_base_yaw: 3.137786
robot_geom: robot0_back_right_caster_2
proxy_geom: scene_aabb_proxy_line_6_output_side_protrusion
judge_collision_detected:
robot_base_x: 10.325063
robot_base_y: -7.286815
robot_base_yaw: 3.137786
robot_geom: robot0_base_collision
proxy_geom: scene_aabb_proxy_line_6_output_side_protrusion
judge_collision_detected:
robot_base_x: 10.325063
robot_base_y: -7.286815
robot_base_yaw: 3.137786
robot_geom: robot0_base_collision
proxy_geom: scene_aabb_proxy_output_6
judge_collision_detected:
robot_base_x: 10.325063
robot_base_y: -7.286815
robot_base_yaw: 3.137786
robot_geom: robot0_base_collision
proxy_geom: scene_aabb_proxy_production_line_6
judge_collision_detected:
robot_base_x: 10.325063
robot_base_y: -7.286815
robot_base_yaw: 3.137786
robot_geom: robot0_front_left_caster_2
proxy_geom: scene_aabb_proxy_output_6
judge_collision_detected:
robot_base_x: 10.325063
robot_base_y: -7.286815
robot_base_yaw: 3.137786
robot_geom: robot0_front_right_caster_2
proxy_geom: scene_aabb_proxy_output_6
judge_collision_detected:
robot_base_x: 10.325063
robot_base_y: -7.286815
robot_base_yaw: 3.137786
robot_geom: robot0_torso_fixed_collision_box_1
proxy_geom: scene_aabb_proxy_line_6_output_side_protrusion
judge_collision_detected:
robot_base_x: 10.325063
robot_base_y: -7.286815
robot_base_yaw: 3.137786
robot_geom: robot0_torso_fixed_collision_box_1
proxy_geom: scene_aabb_proxy_output_6
judge_collision_detected:
robot_base_x: 10.325063
robot_base_y: -7.286815
robot_base_yaw: 3.137786
robot_geom: robot0_torso_fixed_collision_box_1
proxy_geom: scene_aabb_proxy_production_line_6
judge_collision_detected:
robot_base_x: 10.325063
robot_base_y: -7.286815
robot_base_yaw: 3.137786
robot_geom: robot0_torso_fixed_column_collision
proxy_geom: scene_aabb_proxy_line_6_output_side_protrusion
judge_collision_detected:
robot_base_x: 10.325063
robot_base_y: -7.286815
robot_base_yaw: 3.137786
robot_geom: robot0_wheel_left_collision
proxy_geom: scene_aabb_proxy_line_6_output_side_protrusion
judge_collision_detected:
robot_base_x: 10.325063
robot_base_y: -7.286815
robot_base_yaw: 3.137786
robot_geom: robot0_wheel_left_collision
proxy_geom: scene_aabb_proxy_output_6
judge_collision_detected:
robot_base_x: 10.325063
robot_base_y: -7.286815
robot_base_yaw: 3.137786
robot_geom: robot0_wheel_right_collision
proxy_geom: scene_aabb_proxy_line_6_output_side_protrusion
judge_collision_detected:
robot_base_x: 10.325063
robot_base_y: -7.286815
robot_base_yaw: 3.137786
robot_geom: robot0_wheel_right_collision
proxy_geom: scene_aabb_proxy_output_6
judge_collision_detected:
robot_base_x: 10.325063
robot_base_y: -7.286815
robot_base_yaw: 3.137786
robot_geom: robot0_wheel_right_collision
proxy_geom: scene_aabb_proxy_production_line_6
judge_collision_detected:
robot_base_x: 10.324226
robot_base_y: -7.286962
robot_base_yaw: 3.138050
robot_geom: robot0_back_left_caster_2
proxy_geom: scene_aabb_proxy_line_6_output_side_protrusion
judge_collision_detected:
robot_base_x: 10.324226
robot_base_y: -7.286962
robot_base_yaw: 3.138050
robot_geom: robot0_back_right_caster_2
proxy_geom: scene_aabb_proxy_line_6_output_side_protrusion
judge_collision_detected:
robot_base_x: 10.324226
robot_base_y: -7.286962
robot_base_yaw: 3.138050
robot_geom: robot0_base_collision
proxy_geom: scene_aabb_proxy_line_6_output_side_protrusion
judge_collision_detected:
robot_base_x: 10.324226
robot_base_y: -7.286962
robot_base_yaw: 3.138050
robot_geom: robot0_base_collision
proxy_geom: scene_aabb_proxy_output_6
judge_collision_detected:
robot_base_x: 10.324226
robot_base_y: -7.286962
robot_base_yaw: 3.138050
robot_geom: robot0_base_collision
proxy_geom: scene_aabb_proxy_production_line_6
judge_collision_detected:
robot_base_x: 10.324226
robot_base_y: -7.286962
robot_base_yaw: 3.138050
robot_geom: robot0_front_left_caster_2
proxy_geom: scene_aabb_proxy_output_6
judge_collision_detected:
robot_base_x: 10.324226
robot_base_y: -7.286962
robot_base_yaw: 3.138050
robot_geom: robot0_front_right_caster_2
proxy_geom: scene_aabb_proxy_output_6
judge_collision_detected:
robot_base_x: 10.324226
robot_base_y: -7.286962
robot_base_yaw: 3.138050
robot_geom: robot0_torso_fixed_collision_box_1
proxy_geom: scene_aabb_proxy_line_6_output_side_protrusion
judge_collision_detected:
robot_base_x: 10.324226
robot_base_y: -7.286962
robot_base_yaw: 3.138050
robot_geom: robot0_torso_fixed_collision_box_1
proxy_geom: scene_aabb_proxy_output_6
judge_collision_detected:
robot_base_x: 10.324226
robot_base_y: -7.286962
robot_base_yaw: 3.138050
robot_geom: robot0_torso_fixed_collision_box_1
proxy_geom: scene_aabb_proxy_production_line_6
judge_collision_detected:
robot_base_x: 10.324226
robot_base_y: -7.286962
robot_base_yaw: 3.138050
robot_geom: robot0_torso_fixed_column_collision
proxy_geom: scene_aabb_proxy_line_6_output_side_protrusion
judge_collision_detected:
robot_base_x: 10.324226
robot_base_y: -7.286962
robot_base_yaw: 3.138050
robot_geom: robot0_torso_fixed_column_collision
proxy_geom: scene_aabb_proxy_output_6
judge_collision_detected:
robot_base_x: 10.324226
robot_base_y: -7.286962
robot_base_yaw: 3.138050
robot_geom: robot0_wheel_left_collision
proxy_geom: scene_aabb_proxy_line_6_output_side_protrusion
judge_collision_detected:
robot_base_x: 10.324226
robot_base_y: -7.286962
robot_base_yaw: 3.138050
robot_geom: robot0_wheel_left_collision
proxy_geom: scene_aabb_proxy_output_6
judge_collision_detected:
robot_base_x: 10.324226
robot_base_y: -7.286962
robot_base_yaw: 3.138050
robot_geom: robot0_wheel_right_collision
proxy_geom: scene_aabb_proxy_line_6_output_side_protrusion
judge_collision_detected:
robot_base_x: 10.324226
robot_base_y: -7.286962
robot_base_yaw: 3.138050
robot_geom: robot0_wheel_right_collision
proxy_geom: scene_aabb_proxy_output_6
judge_collision_detected:
robot_base_x: 10.324226
robot_base_y: -7.286962
robot_base_yaw: 3.138050
robot_geom: robot0_wheel_right_collision
proxy_geom: scene_aabb_proxy_production_line_6
judge_collision_detected:
robot_base_x: 10.323434
robot_base_y: -7.287102
robot_base_yaw: 3.138294
robot_geom: robot0_back_left_caster_2
proxy_geom: scene_aabb_proxy_line_6_output_side_protrusion
judge_collision_detected:
robot_base_x: 10.323434
robot_base_y: -7.287102
robot_base_yaw: 3.138294
robot_geom: robot0_back_right_caster_2
proxy_geom: scene_aabb_proxy_line_6_output_side_protrusion
judge_collision_detected:
robot_base_x: 10.323434
robot_base_y: -7.287102
robot_base_yaw: 3.138294
robot_geom: robot0_base_collision
proxy_geom: scene_aabb_proxy_line_6_output_side_protrusion
judge_collision_detected:
robot_base_x: 10.323434
robot_base_y: -7.287102
robot_base_yaw: 3.138294
robot_geom: robot0_base_collision
proxy_geom: scene_aabb_proxy_output_6
judge_collision_detected:
robot_base_x: 10.323434
robot_base_y: -7.287102
robot_base_yaw: 3.138294
robot_geom: robot0_base_collision
proxy_geom: scene_aabb_proxy_production_line_6
judge_collision_detected:
robot_base_x: 10.323434
robot_base_y: -7.287102
robot_base_yaw: 3.138294
robot_geom: robot0_front_left_caster_2
proxy_geom: scene_aabb_proxy_output_6
judge_collision_detected:
robot_base_x: 10.323434
robot_base_y: -7.287102
robot_base_yaw: 3.138294
robot_geom: robot0_front_right_caster_2
proxy_geom: scene_aabb_proxy_output_6
judge_collision_detected:
robot_base_x: 10.323434
robot_base_y: -7.287102
robot_base_yaw: 3.138294
robot_geom: robot0_torso_fixed_collision_box_1
proxy_geom: scene_aabb_proxy_line_6_output_side_protrusion
judge_collision_detected:
robot_base_x: 10.323434
robot_base_y: -7.287102
robot_base_yaw: 3.138294
robot_geom: robot0_torso_fixed_collision_box_1
proxy_geom: scene_aabb_proxy_output_6
judge_collision_detected:
robot_base_x: 10.323434
robot_base_y: -7.287102
robot_base_yaw: 3.138294
robot_geom: robot0_torso_fixed_collision_box_1
proxy_geom: scene_aabb_proxy_production_line_6
judge_collision_detected:
robot_base_x: 10.323434
robot_base_y: -7.287102
robot_base_yaw: 3.138294
robot_geom: robot0_torso_fixed_column_collision
proxy_geom: scene_aabb_proxy_line_6_output_side_protrusion
judge_collision_detected:
robot_base_x: 10.323434
robot_base_y: -7.287102
robot_base_yaw: 3.138294
robot_geom: robot0_torso_fixed_column_collision
proxy_geom: scene_aabb_proxy_output_6
judge_collision_detected:
robot_base_x: 10.323434
robot_base_y: -7.287102
robot_base_yaw: 3.138294
robot_geom: robot0_wheel_left_collision
proxy_geom: scene_aabb_proxy_line_6_output_side_protrusion
judge_collision_detected:
robot_base_x: 10.323434
robot_base_y: -7.287102
robot_base_yaw: 3.138294
robot_geom: robot0_wheel_left_collision
proxy_geom: scene_aabb_proxy_output_6
judge_collision_detected:
robot_base_x: 10.323434
robot_base_y: -7.287102
robot_base_yaw: 3.138294
robot_geom: robot0_wheel_right_collision
proxy_geom: scene_aabb_proxy_line_6_output_side_protrusion
judge_collision_detected:
robot_base_x: 10.323434
robot_base_y: -7.287102
robot_base_yaw: 3.138294
robot_geom: robot0_wheel_right_collision
proxy_geom: scene_aabb_proxy_output_6
judge_collision_detected:
robot_base_x: 10.323434
robot_base_y: -7.287102
robot_base_yaw: 3.138294
robot_geom: robot0_wheel_right_collision
proxy_geom: scene_aabb_proxy_production_line_6
judge_collision_detected:
robot_base_x: 10.322723
robot_base_y: -7.287224
robot_base_yaw: 3.138504
robot_geom: robot0_back_left_caster_2
proxy_geom: scene_aabb_proxy_line_6_output_side_protrusion
judge_collision_detected:
robot_base_x: 10.322723
robot_base_y: -7.287224
robot_base_yaw: 3.138504
robot_geom: robot0_back_right_caster_2
proxy_geom: scene_aabb_proxy_line_6_output_side_protrusion
judge_collision_detected:
robot_base_x: 10.322723
robot_base_y: -7.287224
robot_base_yaw: 3.138504
robot_geom: robot0_base_collision
proxy_geom: scene_aabb_proxy_line_6_output_side_protrusion
judge_collision_detected:
robot_base_x: 10.322723
robot_base_y: -7.287224
robot_base_yaw: 3.138504
robot_geom: robot0_base_collision
proxy_geom: scene_aabb_proxy_output_6
judge_collision_detected:
robot_base_x: 10.322723
robot_base_y: -7.287224
robot_base_yaw: 3.138504
robot_geom: robot0_base_collision
proxy_geom: scene_aabb_proxy_production_line_6
judge_collision_detected:
robot_base_x: 10.322723
robot_base_y: -7.287224
robot_base_yaw: 3.138504
robot_geom: robot0_front_left_caster_2
proxy_geom: scene_aabb_proxy_output_6
judge_collision_detected:
robot_base_x: 10.322723
robot_base_y: -7.287224
robot_base_yaw: 3.138504
robot_geom: robot0_front_right_caster_2
proxy_geom: scene_aabb_proxy_output_6
judge_collision_detected:
robot_base_x: 10.322723
robot_base_y: -7.287224
robot_base_yaw: 3.138504
robot_geom: robot0_torso_fixed_collision_box_1
proxy_geom: scene_aabb_proxy_line_6_output_side_protrusion
judge_collision_detected:
robot_base_x: 10.322723
robot_base_y: -7.287224
robot_base_yaw: 3.138504
robot_geom: robot0_torso_fixed_collision_box_1
proxy_geom: scene_aabb_proxy_output_6
judge_collision_detected:
robot_base_x: 10.322723
robot_base_y: -7.287224
robot_base_yaw: 3.138504
robot_geom: robot0_torso_fixed_collision_box_1
proxy_geom: scene_aabb_proxy_production_line_6
judge_collision_detected:
robot_base_x: 10.322723
robot_base_y: -7.287224
robot_base_yaw: 3.138504
robot_geom: robot0_torso_fixed_column_collision
proxy_geom: scene_aabb_proxy_line_6_output_side_protrusion
judge_collision_detected:
robot_base_x: 10.322723
robot_base_y: -7.287224
robot_base_yaw: 3.138504
robot_geom: robot0_torso_fixed_column_collision
proxy_geom: scene_aabb_proxy_output_6
judge_collision_detected:
robot_base_x: 10.322723
robot_base_y: -7.287224
robot_base_yaw: 3.138504
robot_geom: robot0_wheel_left_collision
proxy_geom: scene_aabb_proxy_line_6_output_side_protrusion
judge_collision_detected:
robot_base_x: 10.322723
robot_base_y: -7.287224
robot_base_yaw: 3.138504
robot_geom: robot0_wheel_left_collision
proxy_geom: scene_aabb_proxy_output_6
judge_collision_detected:
robot_base_x: 10.322723
robot_base_y: -7.287224
robot_base_yaw: 3.138504
robot_geom: robot0_wheel_right_collision
proxy_geom: scene_aabb_proxy_line_6_output_side_protrusion
judge_collision_detected:
robot_base_x: 10.322723
robot_base_y: -7.287224
robot_base_yaw: 3.138504
robot_geom: robot0_wheel_right_collision
proxy_geom: scene_aabb_proxy_output_6
judge_collision_detected:
robot_base_x: 10.322723
robot_base_y: -7.287224
robot_base_yaw: 3.138504
robot_geom: robot0_wheel_right_collision
proxy_geom: scene_aabb_proxy_production_line_6
judge_collision_detected:
robot_base_x: 10.322065
robot_base_y: -7.287336
robot_base_yaw: 3.138710
robot_geom: robot0_back_left_caster_2
proxy_geom: scene_aabb_proxy_line_6_output_side_protrusion
judge_collision_detected:
robot_base_x: 10.322065
robot_base_y: -7.287336
robot_base_yaw: 3.138710
robot_geom: robot0_back_right_caster_2
proxy_geom: scene_aabb_proxy_line_6_output_side_protrusion
judge_collision_detected:
robot_base_x: 10.322065
robot_base_y: -7.287336
robot_base_yaw: 3.138710
robot_geom: robot0_base_collision
proxy_geom: scene_aabb_proxy_line_6_output_side_protrusion
judge_collision_detected:
robot_base_x: 10.322065
robot_base_y: -7.287336
robot_base_yaw: 3.138710
robot_geom: robot0_base_collision
proxy_geom: scene_aabb_proxy_output_6
judge_collision_detected:
robot_base_x: 10.322065
robot_base_y: -7.287336
robot_base_yaw: 3.138710
robot_geom: robot0_base_collision
proxy_geom: scene_aabb_proxy_production_line_6
judge_collision_detected:
robot_base_x: 10.322065
robot_base_y: -7.287336
robot_base_yaw: 3.138710
robot_geom: robot0_front_left_caster_2
proxy_geom: scene_aabb_proxy_output_6
judge_collision_detected:
robot_base_x: 10.322065
robot_base_y: -7.287336
robot_base_yaw: 3.138710
robot_geom: robot0_front_right_caster_2
proxy_geom: scene_aabb_proxy_output_6
judge_collision_detected:
robot_base_x: 10.322065
robot_base_y: -7.287336
robot_base_yaw: 3.138710
robot_geom: robot0_torso_fixed_collision_box_1
proxy_geom: scene_aabb_proxy_line_6_output_side_protrusion
judge_collision_detected:
robot_base_x: 10.322065
robot_base_y: -7.287336
robot_base_yaw: 3.138710
robot_geom: robot0_torso_fixed_collision_box_1
proxy_geom: scene_aabb_proxy_output_6
judge_collision_detected:
robot_base_x: 10.322065
robot_base_y: -7.287336
robot_base_yaw: 3.138710
robot_geom: robot0_torso_fixed_collision_box_1
proxy_geom: scene_aabb_proxy_production_line_6
judge_collision_detected:
robot_base_x: 10.322065
robot_base_y: -7.287336
robot_base_yaw: 3.138710
robot_geom: robot0_torso_fixed_column_collision
proxy_geom: scene_aabb_proxy_line_6_output_side_protrusion
judge_collision_detected:
robot_base_x: 10.322065
robot_base_y: -7.287336
robot_base_yaw: 3.138710
robot_geom: robot0_torso_fixed_column_collision
proxy_geom: scene_aabb_proxy_output_6
judge_collision_detected:
robot_base_x: 10.322065
robot_base_y: -7.287336
robot_base_yaw: 3.138710
robot_geom: robot0_wheel_left_collision
proxy_geom: scene_aabb_proxy_line_6_output_side_protrusion
judge_collision_detected:
robot_base_x: 10.322065
robot_base_y: -7.287336
robot_base_yaw: 3.138710
robot_geom: robot0_wheel_left_collision
proxy_geom: scene_aabb_proxy_output_6
judge_collision_detected:
robot_base_x: 10.322065
robot_base_y: -7.287336
robot_base_yaw: 3.138710
robot_geom: robot0_wheel_right_collision
proxy_geom: scene_aabb_proxy_line_6_output_side_protrusion
judge_collision_detected:
robot_base_x: 10.322065
robot_base_y: -7.287336
robot_base_yaw: 3.138710
robot_geom: robot0_wheel_right_collision
proxy_geom: scene_aabb_proxy_output_6
judge_collision_detected:
robot_base_x: 10.322065
robot_base_y: -7.287336
robot_base_yaw: 3.138710
robot_geom: robot0_wheel_right_collision
proxy_geom: scene_aabb_proxy_production_line_6
judge_collision_detected:
robot_base_x: 10.321452
robot_base_y: -7.287444
robot_base_yaw: 3.138935
robot_geom: robot0_back_left_caster_2
proxy_geom: scene_aabb_proxy_line_6_output_side_protrusion
judge_collision_detected:
robot_base_x: 10.321452
robot_base_y: -7.287444
robot_base_yaw: 3.138935
robot_geom: robot0_back_right_caster_2
proxy_geom: scene_aabb_proxy_line_6_output_side_protrusion
judge_collision_detected:
robot_base_x: 10.321452
robot_base_y: -7.287444
robot_base_yaw: 3.138935
robot_geom: robot0_base_collision
proxy_geom: scene_aabb_proxy_line_6_output_side_protrusion
judge_collision_detected:
robot_base_x: 10.321452
robot_base_y: -7.287444
robot_base_yaw: 3.138935
robot_geom: robot0_base_collision
proxy_geom: scene_aabb_proxy_output_6
judge_collision_detected:
robot_base_x: 10.321452
robot_base_y: -7.287444
robot_base_yaw: 3.138935
robot_geom: robot0_base_collision
proxy_geom: scene_aabb_proxy_production_line_6
judge_collision_detected:
robot_base_x: 10.321452
robot_base_y: -7.287444
robot_base_yaw: 3.138935
robot_geom: robot0_front_left_caster_2
proxy_geom: scene_aabb_proxy_output_6
judge_collision_detected:
robot_base_x: 10.321452
robot_base_y: -7.287444
robot_base_yaw: 3.138935
robot_geom: robot0_front_right_caster_2
proxy_geom: scene_aabb_proxy_output_6
judge_collision_detected:
robot_base_x: 10.321452
robot_base_y: -7.287444
robot_base_yaw: 3.138935
robot_geom: robot0_torso_fixed_collision_box_1
proxy_geom: scene_aabb_proxy_line_6_output_side_protrusion
judge_collision_detected:
robot_base_x: 10.321452
robot_base_y: -7.287444
robot_base_yaw: 3.138935
robot_geom: robot0_torso_fixed_collision_box_1
proxy_geom: scene_aabb_proxy_output_6
judge_collision_detected:
robot_base_x: 10.321452
robot_base_y: -7.287444
robot_base_yaw: 3.138935
robot_geom: robot0_torso_fixed_collision_box_1
proxy_geom: scene_aabb_proxy_production_line_6
judge_collision_detected:
robot_base_x: 10.321452
robot_base_y: -7.287444
robot_base_yaw: 3.138935
robot_geom: robot0_torso_fixed_column_collision
proxy_geom: scene_aabb_proxy_line_6_output_side_protrusion
judge_collision_detected:
robot_base_x: 10.321452
robot_base_y: -7.287444
robot_base_yaw: 3.138935
robot_geom: robot0_torso_fixed_column_collision
proxy_geom: scene_aabb_proxy_output_6
judge_collision_detected:
robot_base_x: 10.321452
robot_base_y: -7.287444
robot_base_yaw: 3.138935
robot_geom: robot0_wheel_left_collision
proxy_geom: scene_aabb_proxy_line_6_output_side_protrusion
judge_collision_detected:
robot_base_x: 10.321452
robot_base_y: -7.287444
robot_base_yaw: 3.138935
robot_geom: robot0_wheel_left_collision
proxy_geom: scene_aabb_proxy_output_6
judge_collision_detected:
robot_base_x: 10.321452
robot_base_y: -7.287444
robot_base_yaw: 3.138935
robot_geom: robot0_wheel_right_collision
proxy_geom: scene_aabb_proxy_line_6_output_side_protrusion
judge_collision_detected:
robot_base_x: 10.321452
robot_base_y: -7.287444
robot_base_yaw: 3.138935
robot_geom: robot0_wheel_right_collision
proxy_geom: scene_aabb_proxy_output_6
judge_collision_detected:
robot_base_x: 10.321452
robot_base_y: -7.287444
robot_base_yaw: 3.138935
robot_geom: robot0_wheel_right_collision
proxy_geom: scene_aabb_proxy_production_line_6
judge_collision_detected:
robot_base_x: 10.320880
robot_base_y: -7.287552
robot_base_yaw: 3.139178
robot_geom: robot0_back_left_caster_2
proxy_geom: scene_aabb_proxy_line_6_output_side_protrusion
judge_collision_detected:
robot_base_x: 10.320880
robot_base_y: -7.287552
robot_base_yaw: 3.139178
robot_geom: robot0_back_right_caster_2
proxy_geom: scene_aabb_proxy_line_6_output_side_protrusion
judge_collision_detected:
robot_base_x: 10.320880
robot_base_y: -7.287552
robot_base_yaw: 3.139178
robot_geom: robot0_base_collision
proxy_geom: scene_aabb_proxy_line_6_output_side_protrusion
judge_collision_detected:
robot_base_x: 10.320880
robot_base_y: -7.287552
robot_base_yaw: 3.139178
robot_geom: robot0_base_collision
proxy_geom: scene_aabb_proxy_output_6
judge_collision_detected:
robot_base_x: 10.320880
robot_base_y: -7.287552
robot_base_yaw: 3.139178
robot_geom: robot0_base_collision
proxy_geom: scene_aabb_proxy_production_line_6
judge_collision_detected:
robot_base_x: 10.320880
robot_base_y: -7.287552
robot_base_yaw: 3.139178
robot_geom: robot0_front_left_caster_2
proxy_geom: scene_aabb_proxy_output_6
judge_collision_detected:
robot_base_x: 10.320880
robot_base_y: -7.287552
robot_base_yaw: 3.139178
robot_geom: robot0_front_right_caster_2
proxy_geom: scene_aabb_proxy_output_6
judge_collision_detected:
robot_base_x: 10.320880
robot_base_y: -7.287552
robot_base_yaw: 3.139178
robot_geom: robot0_torso_fixed_collision_box_1
proxy_geom: scene_aabb_proxy_line_6_output_side_protrusion
judge_collision_detected:
robot_base_x: 10.320880
robot_base_y: -7.287552
robot_base_yaw: 3.139178
robot_geom: robot0_torso_fixed_collision_box_1
proxy_geom: scene_aabb_proxy_output_6
judge_collision_detected:
robot_base_x: 10.320880
robot_base_y: -7.287552
robot_base_yaw: 3.139178
robot_geom: robot0_torso_fixed_collision_box_1
proxy_geom: scene_aabb_proxy_production_line_6
judge_collision_detected:
robot_base_x: 10.320880
robot_base_y: -7.287552
robot_base_yaw: 3.139178
robot_geom: robot0_torso_fixed_column_collision
proxy_geom: scene_aabb_proxy_line_6_output_side_protrusion
judge_collision_detected:
robot_base_x: 10.320880
robot_base_y: -7.287552
robot_base_yaw: 3.139178
robot_geom: robot0_torso_fixed_column_collision
proxy_geom: scene_aabb_proxy_output_6
judge_collision_detected:
robot_base_x: 10.320880
robot_base_y: -7.287552
robot_base_yaw: 3.139178
robot_geom: robot0_wheel_left_collision
proxy_geom: scene_aabb_proxy_line_6_output_side_protrusion
judge_collision_detected:
robot_base_x: 10.320880
robot_base_y: -7.287552
robot_base_yaw: 3.139178
robot_geom: robot0_wheel_left_collision
proxy_geom: scene_aabb_proxy_output_6
judge_collision_detected:
robot_base_x: 10.320880
robot_base_y: -7.287552
robot_base_yaw: 3.139178
robot_geom: robot0_wheel_right_collision
proxy_geom: scene_aabb_proxy_line_6_output_side_protrusion
judge_collision_detected:
robot_base_x: 10.320880
robot_base_y: -7.287552
robot_base_yaw: 3.139178
robot_geom: robot0_wheel_right_collision
proxy_geom: scene_aabb_proxy_output_6
judge_collision_detected:
robot_base_x: 10.320880
robot_base_y: -7.287552
robot_base_yaw: 3.139178
robot_geom: robot0_wheel_right_collision
proxy_geom: scene_aabb_proxy_production_line_6
judge_collision_detected:
robot_base_x: 10.320343
robot_base_y: -7.287657
robot_base_yaw: 3.139443
robot_geom: robot0_back_left_caster_2
proxy_geom: scene_aabb_proxy_line_6_output_side_protrusion
judge_collision_detected:
robot_base_x: 10.320343
robot_base_y: -7.287657
robot_base_yaw: 3.139443
robot_geom: robot0_back_right_caster_2
proxy_geom: scene_aabb_proxy_line_6_output_side_protrusion
judge_collision_detected:
robot_base_x: 10.320343
robot_base_y: -7.287657
robot_base_yaw: 3.139443
robot_geom: robot0_base_collision
proxy_geom: scene_aabb_proxy_line_6_output_side_protrusion
judge_collision_detected:
robot_base_x: 10.320343
robot_base_y: -7.287657
robot_base_yaw: 3.139443
robot_geom: robot0_base_collision
proxy_geom: scene_aabb_proxy_output_6
judge_collision_detected:
robot_base_x: 10.320343
robot_base_y: -7.287657
robot_base_yaw: 3.139443
robot_geom: robot0_base_collision
proxy_geom: scene_aabb_proxy_production_line_6
judge_collision_detected:
robot_base_x: 10.320343
robot_base_y: -7.287657
robot_base_yaw: 3.139443
robot_geom: robot0_front_left_caster_2
proxy_geom: scene_aabb_proxy_output_6
judge_collision_detected:
robot_base_x: 10.320343
robot_base_y: -7.287657
robot_base_yaw: 3.139443
robot_geom: robot0_front_right_caster_2
proxy_geom: scene_aabb_proxy_output_6
judge_collision_detected:
robot_base_x: 10.320343
robot_base_y: -7.287657
robot_base_yaw: 3.139443
robot_geom: robot0_torso_fixed_collision_box_1
proxy_geom: scene_aabb_proxy_line_6_output_side_protrusion
judge_collision_detected:
robot_base_x: 10.320343
robot_base_y: -7.287657
robot_base_yaw: 3.139443
robot_geom: robot0_torso_fixed_collision_box_1
proxy_geom: scene_aabb_proxy_output_6
judge_collision_detected:
robot_base_x: 10.320343
robot_base_y: -7.287657
robot_base_yaw: 3.139443
robot_geom: robot0_torso_fixed_collision_box_1
proxy_geom: scene_aabb_proxy_production_line_6
judge_collision_detected:
robot_base_x: 10.320343
robot_base_y: -7.287657
robot_base_yaw: 3.139443
robot_geom: robot0_torso_fixed_column_collision
proxy_geom: scene_aabb_proxy_line_6_output_side_protrusion
judge_collision_detected:
robot_base_x: 10.320343
robot_base_y: -7.287657
robot_base_yaw: 3.139443
robot_geom: robot0_torso_fixed_column_collision
proxy_geom: scene_aabb_proxy_output_6
judge_collision_detected:
robot_base_x: 10.320343
robot_base_y: -7.287657
robot_base_yaw: 3.139443
robot_geom: robot0_wheel_left_collision
proxy_geom: scene_aabb_proxy_line_6_output_side_protrusion
judge_collision_detected:
robot_base_x: 10.320343
robot_base_y: -7.287657
robot_base_yaw: 3.139443
robot_geom: robot0_wheel_left_collision
proxy_geom: scene_aabb_proxy_output_6
judge_collision_detected:
robot_base_x: 10.320343
robot_base_y: -7.287657
robot_base_yaw: 3.139443
robot_geom: robot0_wheel_right_collision
proxy_geom: scene_aabb_proxy_line_6_output_side_protrusion
judge_collision_detected:
robot_base_x: 10.320343
robot_base_y: -7.287657
robot_base_yaw: 3.139443
robot_geom: robot0_wheel_right_collision
proxy_geom: scene_aabb_proxy_output_6
judge_collision_detected:
robot_base_x: 10.320343
robot_base_y: -7.287657
robot_base_yaw: 3.139443
robot_geom: robot0_wheel_right_collision
proxy_geom: scene_aabb_proxy_production_line_6
judge_collision_detected:
robot_base_x: 10.319874
robot_base_y: -7.287758
robot_base_yaw: 3.139693
robot_geom: robot0_back_left_caster_2
proxy_geom: scene_aabb_proxy_line_6_output_side_protrusion
judge_collision_detected:
robot_base_x: 10.319874
robot_base_y: -7.287758
robot_base_yaw: 3.139693
robot_geom: robot0_back_right_caster_2
proxy_geom: scene_aabb_proxy_line_6_output_side_protrusion
judge_collision_detected:
robot_base_x: 10.319874
robot_base_y: -7.287758
robot_base_yaw: 3.139693
robot_geom: robot0_base_collision
proxy_geom: scene_aabb_proxy_line_6_output_side_protrusion
judge_collision_detected:
robot_base_x: 10.319874
robot_base_y: -7.287758
robot_base_yaw: 3.139693
robot_geom: robot0_base_collision
proxy_geom: scene_aabb_proxy_output_6
judge_collision_detected:
robot_base_x: 10.319874
robot_base_y: -7.287758
robot_base_yaw: 3.139693
robot_geom: robot0_base_collision
proxy_geom: scene_aabb_proxy_production_line_6
judge_collision_detected:
robot_base_x: 10.319874
robot_base_y: -7.287758
robot_base_yaw: 3.139693
robot_geom: robot0_front_left_caster_2
proxy_geom: scene_aabb_proxy_output_6
judge_collision_detected:
robot_base_x: 10.319874
robot_base_y: -7.287758
robot_base_yaw: 3.139693
robot_geom: robot0_front_right_caster_2
proxy_geom: scene_aabb_proxy_output_6
judge_collision_detected:
robot_base_x: 10.319874
robot_base_y: -7.287758
robot_base_yaw: 3.139693
robot_geom: robot0_torso_fixed_collision_box_1
proxy_geom: scene_aabb_proxy_line_6_output_side_protrusion
judge_collision_detected:
robot_base_x: 10.319874
robot_base_y: -7.287758
robot_base_yaw: 3.139693
robot_geom: robot0_torso_fixed_collision_box_1
proxy_geom: scene_aabb_proxy_output_6
judge_collision_detected:
robot_base_x: 10.319874
robot_base_y: -7.287758
robot_base_yaw: 3.139693
robot_geom: robot0_torso_fixed_collision_box_1
proxy_geom: scene_aabb_proxy_production_line_6
judge_collision_detected:
robot_base_x: 10.319874
robot_base_y: -7.287758
robot_base_yaw: 3.139693
robot_geom: robot0_torso_fixed_column_collision
proxy_geom: scene_aabb_proxy_line_6_output_side_protrusion
judge_collision_detected:
robot_base_x: 10.319874
robot_base_y: -7.287758
robot_base_yaw: 3.139693
robot_geom: robot0_torso_fixed_column_collision
proxy_geom: scene_aabb_proxy_output_6
judge_collision_detected:
robot_base_x: 10.319874
robot_base_y: -7.287758
robot_base_yaw: 3.139693
robot_geom: robot0_wheel_left_collision
proxy_geom: scene_aabb_proxy_line_6_output_side_protrusion
judge_collision_detected:
robot_base_x: 10.319874
robot_base_y: -7.287758
robot_base_yaw: 3.139693
robot_geom: robot0_wheel_left_collision
proxy_geom: scene_aabb_proxy_output_6
judge_collision_detected:
robot_base_x: 10.319874
robot_base_y: -7.287758
robot_base_yaw: 3.139693
robot_geom: robot0_wheel_right_collision
proxy_geom: scene_aabb_proxy_line_6_output_side_protrusion
judge_collision_detected:
robot_base_x: 10.319874
robot_base_y: -7.287758
robot_base_yaw: 3.139693
robot_geom: robot0_wheel_right_collision
proxy_geom: scene_aabb_proxy_output_6
judge_collision_detected:
robot_base_x: 10.319874
robot_base_y: -7.287758
robot_base_yaw: 3.139693
robot_geom: robot0_wheel_right_collision
proxy_geom: scene_aabb_proxy_production_line_6
judge_collision_detected:
robot_base_x: 10.319486
robot_base_y: -7.287850
robot_base_yaw: 3.139799
robot_geom: robot0_back_left_caster_2
proxy_geom: scene_aabb_proxy_line_6_output_side_protrusion
judge_collision_detected:
robot_base_x: 10.319486
robot_base_y: -7.287850
robot_base_yaw: 3.139799
robot_geom: robot0_back_right_caster_2
proxy_geom: scene_aabb_proxy_line_6_output_side_protrusion
judge_collision_detected:
robot_base_x: 10.319486
robot_base_y: -7.287850
robot_base_yaw: 3.139799
robot_geom: robot0_base_collision
proxy_geom: scene_aabb_proxy_line_6_output_side_protrusion
judge_collision_detected:
robot_base_x: 10.319486
robot_base_y: -7.287850
robot_base_yaw: 3.139799
robot_geom: robot0_base_collision
proxy_geom: scene_aabb_proxy_output_6
judge_collision_detected:
robot_base_x: 10.319486
robot_base_y: -7.287850
robot_base_yaw: 3.139799
robot_geom: robot0_base_collision
proxy_geom: scene_aabb_proxy_production_line_6
judge_collision_detected:
robot_base_x: 10.319486
robot_base_y: -7.287850
robot_base_yaw: 3.139799
robot_geom: robot0_front_left_caster_2
proxy_geom: scene_aabb_proxy_output_6
judge_collision_detected:
robot_base_x: 10.319486
robot_base_y: -7.287850
robot_base_yaw: 3.139799
robot_geom: robot0_front_right_caster_2
proxy_geom: scene_aabb_proxy_output_6
judge_collision_detected:
robot_base_x: 10.319486
robot_base_y: -7.287850
robot_base_yaw: 3.139799
robot_geom: robot0_torso_fixed_collision_box_1
proxy_geom: scene_aabb_proxy_line_6_output_side_protrusion
judge_collision_detected:
robot_base_x: 10.319486
robot_base_y: -7.287850
robot_base_yaw: 3.139799
robot_geom: robot0_torso_fixed_collision_box_1
proxy_geom: scene_aabb_proxy_output_6
judge_collision_detected:
robot_base_x: 10.319486
robot_base_y: -7.287850
robot_base_yaw: 3.139799
robot_geom: robot0_torso_fixed_collision_box_1
proxy_geom: scene_aabb_proxy_production_line_6
judge_collision_detected:
robot_base_x: 10.319486
robot_base_y: -7.287850
robot_base_yaw: 3.139799
robot_geom: robot0_torso_fixed_column_collision
proxy_geom: scene_aabb_proxy_line_6_output_side_protrusion
judge_collision_detected:
robot_base_x: 10.319486
robot_base_y: -7.287850
robot_base_yaw: 3.139799
robot_geom: robot0_torso_fixed_column_collision
proxy_geom: scene_aabb_proxy_output_6
judge_collision_detected:
robot_base_x: 10.319486
robot_base_y: -7.287850
robot_base_yaw: 3.139799
robot_geom: robot0_wheel_left_collision
proxy_geom: scene_aabb_proxy_line_6_output_side_protrusion
judge_collision_detected:
robot_base_x: 10.319486
robot_base_y: -7.287850
robot_base_yaw: 3.139799
robot_geom: robot0_wheel_left_collision
proxy_geom: scene_aabb_proxy_output_6
judge_collision_detected:
robot_base_x: 10.319486
robot_base_y: -7.287850
robot_base_yaw: 3.139799
robot_geom: robot0_wheel_right_collision
proxy_geom: scene_aabb_proxy_line_6_output_side_protrusion
judge_collision_detected:
robot_base_x: 10.319486
robot_base_y: -7.287850
robot_base_yaw: 3.139799
robot_geom: robot0_wheel_right_collision
proxy_geom: scene_aabb_proxy_output_6
judge_collision_detected:
robot_base_x: 10.319486
robot_base_y: -7.287850
robot_base_yaw: 3.139799
robot_geom: robot0_wheel_right_collision
proxy_geom: scene_aabb_proxy_production_line_6
judge_collision_detected:
robot_base_x: 10.319126
robot_base_y: -7.287941
robot_base_yaw: 3.139921
robot_geom: robot0_back_left_caster_2
proxy_geom: scene_aabb_proxy_line_6_output_side_protrusion
judge_collision_detected:
robot_base_x: 10.319126
robot_base_y: -7.287941
robot_base_yaw: 3.139921
robot_geom: robot0_back_right_caster_2
proxy_geom: scene_aabb_proxy_line_6_output_side_protrusion
judge_collision_detected:
robot_base_x: 10.319126
robot_base_y: -7.287941
robot_base_yaw: 3.139921
robot_geom: robot0_base_collision
proxy_geom: scene_aabb_proxy_line_6_output_side_protrusion
judge_collision_detected:
robot_base_x: 10.319126
robot_base_y: -7.287941
robot_base_yaw: 3.139921
robot_geom: robot0_base_collision
proxy_geom: scene_aabb_proxy_output_6
judge_collision_detected:
robot_base_x: 10.319126
robot_base_y: -7.287941
robot_base_yaw: 3.139921
robot_geom: robot0_base_collision
proxy_geom: scene_aabb_proxy_production_line_6
judge_collision_detected:
robot_base_x: 10.319126
robot_base_y: -7.287941
robot_base_yaw: 3.139921
robot_geom: robot0_front_left_caster_2
proxy_geom: scene_aabb_proxy_output_6
judge_collision_detected:
robot_base_x: 10.319126
robot_base_y: -7.287941
robot_base_yaw: 3.139921
robot_geom: robot0_front_right_caster_2
proxy_geom: scene_aabb_proxy_output_6
judge_collision_detected:
robot_base_x: 10.319126
robot_base_y: -7.287941
robot_base_yaw: 3.139921
robot_geom: robot0_torso_fixed_collision_box_1
proxy_geom: scene_aabb_proxy_line_6_output_side_protrusion
judge_collision_detected:
robot_base_x: 10.319126
robot_base_y: -7.287941
robot_base_yaw: 3.139921
robot_geom: robot0_torso_fixed_collision_box_1
proxy_geom: scene_aabb_proxy_output_6
judge_collision_detected:
robot_base_x: 10.319126
robot_base_y: -7.287941
robot_base_yaw: 3.139921
robot_geom: robot0_torso_fixed_collision_box_1
proxy_geom: scene_aabb_proxy_production_line_6
judge_collision_detected:
robot_base_x: 10.319126
robot_base_y: -7.287941
robot_base_yaw: 3.139921
robot_geom: robot0_torso_fixed_column_collision
proxy_geom: scene_aabb_proxy_line_6_output_side_protrusion
judge_collision_detected:
robot_base_x: 10.319126
robot_base_y: -7.287941
robot_base_yaw: 3.139921
robot_geom: robot0_torso_fixed_column_collision
proxy_geom: scene_aabb_proxy_output_6
judge_collision_detected:
robot_base_x: 10.319126
robot_base_y: -7.287941
robot_base_yaw: 3.139921
robot_geom: robot0_wheel_left_collision
proxy_geom: scene_aabb_proxy_line_6_output_side_protrusion
judge_collision_detected:
robot_base_x: 10.319126
robot_base_y: -7.287941
robot_base_yaw: 3.139921
robot_geom: robot0_wheel_left_collision
proxy_geom: scene_aabb_proxy_output_6
judge_collision_detected:
robot_base_x: 10.319126
robot_base_y: -7.287941
robot_base_yaw: 3.139921
robot_geom: robot0_wheel_right_collision
proxy_geom: scene_aabb_proxy_line_6_output_side_protrusion
judge_collision_detected:
robot_base_x: 10.319126
robot_base_y: -7.287941
robot_base_yaw: 3.139921
robot_geom: robot0_wheel_right_collision
proxy_geom: scene_aabb_proxy_output_6
judge_collision_detected:
robot_base_x: 10.319126
robot_base_y: -7.287941
robot_base_yaw: 3.139921
robot_geom: robot0_wheel_right_collision
proxy_geom: scene_aabb_proxy_production_line_6
[L5] place_skill result for white_tote_b01_left_center: success=True msg=Physics place OK: output_6
[L5] synced white_tote_b01_left_center to output_6 in nav env
[BACKEND v4] grasp_object_physics called
[robosuite INFO] Loading controller configuration from: /mnt/workspace/JCIIOT2026/JCIIOT/robosuite/robosuite/controllers/config/robots/default_tiago.json (composite_controller_factory.py:121)
Evaluation factory scene: FactorySorting9_3FO3ERT2C5FP
[STANCE_FIX] obj=(-14.674,4.415) base=(-13.824,4.415) OK
[BC_INPUT] robot_base_pos=(-13.824088,4.414518,0.000000)
[BC_INPUT] robot_base_ori=[0.000000,0.000000,3.141592] (yaw=1.0000*pi)
[BC_INPUT] actual_base_pose=(-13.824088,4.414518) yaw=3.141592
[BC_INPUT] object_name=white_tote_b01_left_front
[BC_INPUT] torso_lift=0.3500
[BC_INPUT] arm_right_1=0.7426
[BC_INPUT] arm_right_3=2.1378
[BC_INPUT] arm_right_4=2.1057
[BC_INPUT] gripper_r=0.0120
[BC_INPUT] scene=FactorySorting9_3FO3ERT2C5FP
[BC_INPUT] object dark_tote_b01_lower: pos=(-4.4877,4.4961,1.2890)
[BC_INPUT] object dark_tote_b01_upper: pos=(-4.4877,5.1895,1.2890)
[BC_INPUT] object blue_container_h01_back_left: pos=(-9.9453,4.4392,1.2140)
[BC_INPUT] object blue_container_h01_back_center: pos=(-9.9453,4.9181,1.2140)
[BC_INPUT] object blue_container_h01_back_right: pos=(-9.9453,5.4052,1.2140)
[BC_INPUT] object white_tote_b01_left_front: pos=(-14.6741,4.4149,1.2890)
[BC_INPUT] object white_tote_b01_left_center: pos=(-14.6741,4.9547,1.2890)
[BC_INPUT] object white_tote_b01_left_back: pos=(-14.6741,5.5210,1.2890)
[BC_INPUT] object white_tote_b01_right_left: pos=(-6.2060,8.4731,1.2890)
[BC_INPUT] object white_tote_b01_right_right: pos=(-5.5060,8.4731,1.2890)
Target object: white_tote_b01_left_front
Robot base xy at reset: (-13.824088, 4.414518)
Tracking sites: {'right': 'white_tote_b01_left_front_right_grasp_site', 'left': 'white_tote_b01_left_front_left_grasp_site'}
Below-site grasp targets: {'right': array([ 0.165, -0.215,  0.165]), 'left': array([-0.165, -0.215,  0.165])}
wrapped_env_grasp_start_pose: x=-13.824088, y=4.414518, yaw=3.141592
Executing scripted grasp policy (deterministic OSC waypoint servo)
[SCRIPTED] site_positions (world): {'right': 'white_tote_b01_left_front_right_grasp_site', 'left': 'white_tote_b01_left_front_left_grasp_site'}
[SCRIPTED] right site world pos: [-14.509088   4.199868   1.489   ], below_target: [-14.509088   4.199868   1.454   ]
[SCRIPTED] left site world pos: [-14.839088   4.199868   1.489   ], below_target: [-14.839088   4.199868   1.454   ]
[SCRIPTED] eef starts: right=[-14.19211783   4.68326353   1.1359892 ], left=[-14.20842048   4.22960692   1.1086439 ]
[SCRIPTED] xwall-grasp: obj=(-14.674,4.415) targets: right=[-14.374088   4.534868   1.454   ], left=[-14.374088   4.294868   1.454   ]
[SCRIPTED] contact rejection disabled (approach phases)
[SCRIPTED] Phase 1: safe vertical lift (60 steps, safe_z=1.739)
[SCRIPTED] Phase 2: XY approach (120 steps)
[SCRIPTED] Phase 3: vertical descent (80 steps)
[SCRIPTED] Phase 4: settle gripper end centers (max 150 steps)
gripper end center arrival distances before grasp: {'right': 0.023529121629181398, 'left': 0.025894528503483127}
[SCRIPTED] Phase 5: grasp close (40 steps)
After scripted grasp close object collision geoms: ['white_tote_b01_left_front_tote_b01_col_bottom', 'white_tote_b01_left_front_tote_b01_col_front', 'white_tote_b01_left_front_tote_b01_col_back', 'white_tote_b01_left_front_tote_b01_col_left', 'white_tote_b01_left_front_tote_b01_col_right']
After scripted grasp close gripper end targets: {'right': [-14.3741, 4.5349, 1.454], 'left': [-14.3741, 4.2949, 1.454]}
After scripted grasp close gripper end positions: {'right': [-14.3644, 4.5321, 1.4701], 'left': [-14.3636, 4.2962, 1.4725]}
After scripted grasp close gripper end deltas current-minus-target: {'right': [0.0096, -0.0027, 0.0161], 'left': [0.0105, 0.0013, 0.0185]}
After scripted grasp close gripper end distances: {'right': 0.018943275446596252, 'left': 0.02131162882702173}
After scripted grasp close fingerpad contact status: {'right': {'left_fingerpad': True, 'right_fingerpad': True}, 'left': {'left_fingerpad': True, 'right_fingerpad': True}}
After scripted grasp close fingerpad contact pairs: {'right': {'left_fingerpad': [('gripper0_right_left_fingerpad_collision', 'white_tote_b01_left_front_tote_b01_col_right')], 'right_fingerpad': [('gripper0_right_right_fingerpad_collision', 'white_tote_b01_left_front_tote_b01_col_right')]}, 'left': {'left_fingerpad': [('gripper0_left_left_fingerpad_collision', 'white_tote_b01_left_front_tote_b01_col_right')], 'right_fingerpad': [('gripper0_left_right_fingerpad_collision', 'white_tote_b01_left_front_tote_b01_col_right')]}}
After scripted grasp close grasp status: {'right': True, 'left': True}
[SCRIPTED] Phase 6: post-success hold (10 steps)
Holding final grasp action for 12 steps
After same-env wrapped policy execution object collision geoms: ['white_tote_b01_left_front_tote_b01_col_bottom', 'white_tote_b01_left_front_tote_b01_col_front', 'white_tote_b01_left_front_tote_b01_col_back', 'white_tote_b01_left_front_tote_b01_col_left', 'white_tote_b01_left_front_tote_b01_col_right']
After same-env wrapped policy execution gripper end targets: {'right': [-14.3741, 4.5349, 1.454], 'left': [-14.3741, 4.2949, 1.454]}
After same-env wrapped policy execution gripper end positions: {'right': [-14.3594, 4.5319, 1.4704], 'left': [-14.3586, 4.2963, 1.4729]}
After same-env wrapped policy execution gripper end deltas current-minus-target: {'right': [0.0147, -0.0029, 0.0164], 'left': [0.0155, 0.0014, 0.0189]}
After same-env wrapped policy execution gripper end distances: {'right': 0.022190990896952017, 'left': 0.024445378294840895}
After same-env wrapped policy execution fingerpad contact status: {'right': {'left_fingerpad': True, 'right_fingerpad': True}, 'left': {'left_fingerpad': True, 'right_fingerpad': True}}
After same-env wrapped policy execution fingerpad contact pairs: {'right': {'left_fingerpad': [('gripper0_right_left_fingerpad_collision', 'white_tote_b01_left_front_tote_b01_col_right')], 'right_fingerpad': [('gripper0_right_right_fingerpad_collision', 'white_tote_b01_left_front_tote_b01_col_right')]}, 'left': {'left_fingerpad': [('gripper0_left_left_fingerpad_collision', 'white_tote_b01_left_front_tote_b01_col_right')], 'right_fingerpad': [('gripper0_left_right_fingerpad_collision', 'white_tote_b01_left_front_tote_b01_col_right')]}}
After same-env wrapped policy execution grasp status: {'right': True, 'left': True}
Scripted grasp total_steps=310
Same-env wrapped grasp success: True
lift_initial_grasp_status: {'right': True, 'left': True}
lift_start: object=white_tote_b01_left_front, start_object_z=1.501718, target_object_z=1.651718, lift_height=0.150000
lift_result: success=True, final_object_z=1.617349, lifted=0.115631, target_lift=0.150000, final_grasp_status={'right': True, 'left': True}
[BACKEND] grasp and lift succeeded, proceeding with transport
transport_attachment_enabled: object=white_tote_b01_left_front, joint=white_tote_b01_left_front_joint0, relative_xy=[0.8494, -0.0024], world_z=1.419577, held_gripper_joints=12
[L5] teleported to dest (10.532, -7.267)
[L5] calling place_skill for white_tote_b01_left_front at output_6
judge_collision_detected:
robot_base_x: 10.527214
robot_base_y: -7.267347
robot_base_yaw: 3.140316
robot_geom: robot0_back_left_caster_2
proxy_geom: scene_aabb_proxy_line_6_belt
judge_collision_detected:
robot_base_x: 10.527214
robot_base_y: -7.267347
robot_base_yaw: 3.140316
robot_geom: robot0_back_left_caster_2
proxy_geom: scene_aabb_proxy_line_6_output_side_protrusion
judge_collision_detected:
robot_base_x: 10.527214
robot_base_y: -7.267347
robot_base_yaw: 3.140316
robot_geom: robot0_back_right_caster_2
proxy_geom: scene_aabb_proxy_line_6_belt
judge_collision_detected:
robot_base_x: 10.527214
robot_base_y: -7.267347
robot_base_yaw: 3.140316
robot_geom: robot0_back_right_caster_2
proxy_geom: scene_aabb_proxy_line_6_output_side_protrusion
judge_collision_detected:
robot_base_x: 10.527214
robot_base_y: -7.267347
robot_base_yaw: 3.140316
robot_geom: robot0_base_collision
proxy_geom: scene_aabb_proxy_line_6_belt
judge_collision_detected:
robot_base_x: 10.527214
robot_base_y: -7.267347
robot_base_yaw: 3.140316
robot_geom: robot0_base_collision
proxy_geom: scene_aabb_proxy_line_6_output_side_protrusion
judge_collision_detected:
robot_base_x: 10.527214
robot_base_y: -7.267347
robot_base_yaw: 3.140316
robot_geom: robot0_base_collision
proxy_geom: scene_aabb_proxy_output_6
judge_collision_detected:
robot_base_x: 10.527214
robot_base_y: -7.267347
robot_base_yaw: 3.140316
robot_geom: robot0_base_collision
proxy_geom: scene_aabb_proxy_production_line_6
judge_collision_detected:
robot_base_x: 10.527214
robot_base_y: -7.267347
robot_base_yaw: 3.140316
robot_geom: robot0_front_left_caster_2
proxy_geom: scene_aabb_proxy_line_6_output_side_protrusion
judge_collision_detected:
robot_base_x: 10.527214
robot_base_y: -7.267347
robot_base_yaw: 3.140316
robot_geom: robot0_front_right_caster_2
proxy_geom: scene_aabb_proxy_line_6_output_side_protrusion
judge_collision_detected:
robot_base_x: 10.527214
robot_base_y: -7.267347
robot_base_yaw: 3.140316
robot_geom: robot0_torso_fixed_collision_box_1
proxy_geom: scene_aabb_proxy_line_6_belt
judge_collision_detected:
robot_base_x: 10.527214
robot_base_y: -7.267347
robot_base_yaw: 3.140316
robot_geom: robot0_torso_fixed_collision_box_1
proxy_geom: scene_aabb_proxy_line_6_output_side_protrusion
judge_collision_detected:
robot_base_x: 10.527214
robot_base_y: -7.267347
robot_base_yaw: 3.140316
robot_geom: robot0_torso_fixed_collision_box_1
proxy_geom: scene_aabb_proxy_output_6
judge_collision_detected:
robot_base_x: 10.527214
robot_base_y: -7.267347
robot_base_yaw: 3.140316
robot_geom: robot0_torso_fixed_collision_box_1
proxy_geom: scene_aabb_proxy_production_line_6
judge_collision_detected:
robot_base_x: 10.527214
robot_base_y: -7.267347
robot_base_yaw: 3.140316
robot_geom: robot0_torso_fixed_column_collision
proxy_geom: scene_aabb_proxy_line_6_belt
judge_collision_detected:
robot_base_x: 10.527214
robot_base_y: -7.267347
robot_base_yaw: 3.140316
robot_geom: robot0_torso_fixed_column_collision
proxy_geom: scene_aabb_proxy_line_6_output_side_protrusion
judge_collision_detected:
robot_base_x: 10.527214
robot_base_y: -7.267347
robot_base_yaw: 3.140316
robot_geom: robot0_wheel_left_collision
proxy_geom: scene_aabb_proxy_line_6_output_side_protrusion
judge_collision_detected:
robot_base_x: 10.527214
robot_base_y: -7.267347
robot_base_yaw: 3.140316
robot_geom: robot0_wheel_right_collision
proxy_geom: scene_aabb_proxy_line_6_belt
judge_collision_detected:
robot_base_x: 10.527214
robot_base_y: -7.267347
robot_base_yaw: 3.140316
robot_geom: robot0_wheel_right_collision
proxy_geom: scene_aabb_proxy_line_6_output_side_protrusion
judge_collision_detected:
robot_base_x: 10.527214
robot_base_y: -7.267347
robot_base_yaw: 3.140316
robot_geom: robot0_wheel_right_collision
proxy_geom: scene_aabb_proxy_production_line_6
judge_collision_detected:
robot_base_x: 10.524076
robot_base_y: -7.267559
robot_base_yaw: 3.139418
robot_geom: robot0_back_left_caster_2
proxy_geom: scene_aabb_proxy_line_6_belt
judge_collision_detected:
robot_base_x: 10.524076
robot_base_y: -7.267559
robot_base_yaw: 3.139418
robot_geom: robot0_back_left_caster_2
proxy_geom: scene_aabb_proxy_line_6_output_side_protrusion
judge_collision_detected:
robot_base_x: 10.524076
robot_base_y: -7.267559
robot_base_yaw: 3.139418
robot_geom: robot0_back_right_caster_2
proxy_geom: scene_aabb_proxy_line_6_belt
judge_collision_detected:
robot_base_x: 10.524076
robot_base_y: -7.267559
robot_base_yaw: 3.139418
robot_geom: robot0_back_right_caster_2
proxy_geom: scene_aabb_proxy_line_6_output_side_protrusion
judge_collision_detected:
robot_base_x: 10.524076
robot_base_y: -7.267559
robot_base_yaw: 3.139418
robot_geom: robot0_base_collision
proxy_geom: scene_aabb_proxy_line_6_belt
judge_collision_detected:
robot_base_x: 10.524076
robot_base_y: -7.267559
robot_base_yaw: 3.139418
robot_geom: robot0_base_collision
proxy_geom: scene_aabb_proxy_line_6_output_side_protrusion
judge_collision_detected:
robot_base_x: 10.524076
robot_base_y: -7.267559
robot_base_yaw: 3.139418
robot_geom: robot0_base_collision
proxy_geom: scene_aabb_proxy_output_6
judge_collision_detected:
robot_base_x: 10.524076
robot_base_y: -7.267559
robot_base_yaw: 3.139418
robot_geom: robot0_base_collision
proxy_geom: scene_aabb_proxy_production_line_6
judge_collision_detected:
robot_base_x: 10.524076
robot_base_y: -7.267559
robot_base_yaw: 3.139418
robot_geom: robot0_front_left_caster_2
proxy_geom: scene_aabb_proxy_line_6_output_side_protrusion
judge_collision_detected:
robot_base_x: 10.524076
robot_base_y: -7.267559
robot_base_yaw: 3.139418
robot_geom: robot0_front_right_caster_2
proxy_geom: scene_aabb_proxy_line_6_output_side_protrusion
judge_collision_detected:
robot_base_x: 10.524076
robot_base_y: -7.267559
robot_base_yaw: 3.139418
robot_geom: robot0_torso_fixed_collision_box_1
proxy_geom: scene_aabb_proxy_line_6_belt
judge_collision_detected:
robot_base_x: 10.524076
robot_base_y: -7.267559
robot_base_yaw: 3.139418
robot_geom: robot0_torso_fixed_collision_box_1
proxy_geom: scene_aabb_proxy_line_6_output_side_protrusion
judge_collision_detected:
robot_base_x: 10.524076
robot_base_y: -7.267559
robot_base_yaw: 3.139418
robot_geom: robot0_torso_fixed_collision_box_1
proxy_geom: scene_aabb_proxy_output_6
judge_collision_detected:
robot_base_x: 10.524076
robot_base_y: -7.267559
robot_base_yaw: 3.139418
robot_geom: robot0_torso_fixed_collision_box_1
proxy_geom: scene_aabb_proxy_production_line_6
judge_collision_detected:
robot_base_x: 10.524076
robot_base_y: -7.267559
robot_base_yaw: 3.139418
robot_geom: robot0_torso_fixed_column_collision
proxy_geom: scene_aabb_proxy_line_6_belt
judge_collision_detected:
robot_base_x: 10.524076
robot_base_y: -7.267559
robot_base_yaw: 3.139418
robot_geom: robot0_torso_fixed_column_collision
proxy_geom: scene_aabb_proxy_line_6_output_side_protrusion
judge_collision_detected:
robot_base_x: 10.524076
robot_base_y: -7.267559
robot_base_yaw: 3.139418
robot_geom: robot0_wheel_left_collision
proxy_geom: scene_aabb_proxy_line_6_output_side_protrusion
judge_collision_detected:
robot_base_x: 10.524076
robot_base_y: -7.267559
robot_base_yaw: 3.139418
robot_geom: robot0_wheel_right_collision
proxy_geom: scene_aabb_proxy_line_6_output_side_protrusion
judge_collision_detected:
robot_base_x: 10.524076
robot_base_y: -7.267559
robot_base_yaw: 3.139418
robot_geom: robot0_wheel_right_collision
proxy_geom: scene_aabb_proxy_production_line_6
judge_collision_detected:
robot_base_x: 10.522048
robot_base_y: -7.267687
robot_base_yaw: 3.138709
robot_geom: robot0_back_left_caster_2
proxy_geom: scene_aabb_proxy_line_6_belt
judge_collision_detected:
robot_base_x: 10.522048
robot_base_y: -7.267687
robot_base_yaw: 3.138709
robot_geom: robot0_back_left_caster_2
proxy_geom: scene_aabb_proxy_line_6_output_side_protrusion
judge_collision_detected:
robot_base_x: 10.522048
robot_base_y: -7.267687
robot_base_yaw: 3.138709
robot_geom: robot0_back_right_caster_2
proxy_geom: scene_aabb_proxy_line_6_belt
judge_collision_detected:
robot_base_x: 10.522048
robot_base_y: -7.267687
robot_base_yaw: 3.138709
robot_geom: robot0_back_right_caster_2
proxy_geom: scene_aabb_proxy_line_6_output_side_protrusion
judge_collision_detected:
robot_base_x: 10.522048
robot_base_y: -7.267687
robot_base_yaw: 3.138709
robot_geom: robot0_base_collision
proxy_geom: scene_aabb_proxy_line_6_belt
judge_collision_detected:
robot_base_x: 10.522048
robot_base_y: -7.267687
robot_base_yaw: 3.138709
robot_geom: robot0_base_collision
proxy_geom: scene_aabb_proxy_line_6_output_side_protrusion
judge_collision_detected:
robot_base_x: 10.522048
robot_base_y: -7.267687
robot_base_yaw: 3.138709
robot_geom: robot0_base_collision
proxy_geom: scene_aabb_proxy_output_6
judge_collision_detected:
robot_base_x: 10.522048
robot_base_y: -7.267687
robot_base_yaw: 3.138709
robot_geom: robot0_base_collision
proxy_geom: scene_aabb_proxy_production_line_6
judge_collision_detected:
robot_base_x: 10.522048
robot_base_y: -7.267687
robot_base_yaw: 3.138709
robot_geom: robot0_front_left_caster_2
proxy_geom: scene_aabb_proxy_line_6_output_side_protrusion
judge_collision_detected:
robot_base_x: 10.522048
robot_base_y: -7.267687
robot_base_yaw: 3.138709
robot_geom: robot0_front_right_caster_2
proxy_geom: scene_aabb_proxy_line_6_output_side_protrusion
judge_collision_detected:
robot_base_x: 10.522048
robot_base_y: -7.267687
robot_base_yaw: 3.138709
robot_geom: robot0_torso_fixed_collision_box_1
proxy_geom: scene_aabb_proxy_line_6_belt
judge_collision_detected:
robot_base_x: 10.522048
robot_base_y: -7.267687
robot_base_yaw: 3.138709
robot_geom: robot0_torso_fixed_collision_box_1
proxy_geom: scene_aabb_proxy_line_6_output_side_protrusion
judge_collision_detected:
robot_base_x: 10.522048
robot_base_y: -7.267687
robot_base_yaw: 3.138709
robot_geom: robot0_torso_fixed_collision_box_1
proxy_geom: scene_aabb_proxy_output_6
judge_collision_detected:
robot_base_x: 10.522048
robot_base_y: -7.267687
robot_base_yaw: 3.138709
robot_geom: robot0_torso_fixed_collision_box_1
proxy_geom: scene_aabb_proxy_production_line_6
judge_collision_detected:
robot_base_x: 10.522048
robot_base_y: -7.267687
robot_base_yaw: 3.138709
robot_geom: robot0_torso_fixed_column_collision
proxy_geom: scene_aabb_proxy_line_6_belt
judge_collision_detected:
robot_base_x: 10.522048
robot_base_y: -7.267687
robot_base_yaw: 3.138709
robot_geom: robot0_torso_fixed_column_collision
proxy_geom: scene_aabb_proxy_line_6_output_side_protrusion
judge_collision_detected:
robot_base_x: 10.522048
robot_base_y: -7.267687
robot_base_yaw: 3.138709
robot_geom: robot0_wheel_left_collision
proxy_geom: scene_aabb_proxy_line_6_output_side_protrusion
judge_collision_detected:
robot_base_x: 10.522048
robot_base_y: -7.267687
robot_base_yaw: 3.138709
robot_geom: robot0_wheel_right_collision
proxy_geom: scene_aabb_proxy_line_6_output_side_protrusion
judge_collision_detected:
robot_base_x: 10.522048
robot_base_y: -7.267687
robot_base_yaw: 3.138709
robot_geom: robot0_wheel_right_collision
proxy_geom: scene_aabb_proxy_production_line_6
judge_collision_detected:
robot_base_x: 10.520882
robot_base_y: -7.267829
robot_base_yaw: 3.137989
robot_geom: robot0_back_left_caster_2
proxy_geom: scene_aabb_proxy_line_6_belt
judge_collision_detected:
robot_base_x: 10.520882
robot_base_y: -7.267829
robot_base_yaw: 3.137989
robot_geom: robot0_back_left_caster_2
proxy_geom: scene_aabb_proxy_line_6_output_side_protrusion
judge_collision_detected:
robot_base_x: 10.520882
robot_base_y: -7.267829
robot_base_yaw: 3.137989
robot_geom: robot0_back_right_caster_2
proxy_geom: scene_aabb_proxy_line_6_belt
judge_collision_detected:
robot_base_x: 10.520882
robot_base_y: -7.267829
robot_base_yaw: 3.137989
robot_geom: robot0_back_right_caster_2
proxy_geom: scene_aabb_proxy_line_6_output_side_protrusion
judge_collision_detected:
robot_base_x: 10.520882
robot_base_y: -7.267829
robot_base_yaw: 3.137989
robot_geom: robot0_base_collision
proxy_geom: scene_aabb_proxy_line_6_belt
judge_collision_detected:
robot_base_x: 10.520882
robot_base_y: -7.267829
robot_base_yaw: 3.137989
robot_geom: robot0_base_collision
proxy_geom: scene_aabb_proxy_line_6_output_side_protrusion
judge_collision_detected:
robot_base_x: 10.520882
robot_base_y: -7.267829
robot_base_yaw: 3.137989
robot_geom: robot0_base_collision
proxy_geom: scene_aabb_proxy_output_6
judge_collision_detected:
robot_base_x: 10.520882
robot_base_y: -7.267829
robot_base_yaw: 3.137989
robot_geom: robot0_base_collision
proxy_geom: scene_aabb_proxy_production_line_6
judge_collision_detected:
robot_base_x: 10.520882
robot_base_y: -7.267829
robot_base_yaw: 3.137989
robot_geom: robot0_front_left_caster_2
proxy_geom: scene_aabb_proxy_line_6_output_side_protrusion
judge_collision_detected:
robot_base_x: 10.520882
robot_base_y: -7.267829
robot_base_yaw: 3.137989
robot_geom: robot0_front_right_caster_2
proxy_geom: scene_aabb_proxy_line_6_output_side_protrusion
judge_collision_detected:
robot_base_x: 10.520882
robot_base_y: -7.267829
robot_base_yaw: 3.137989
robot_geom: robot0_torso_fixed_collision_box_1
proxy_geom: scene_aabb_proxy_line_6_belt
judge_collision_detected:
robot_base_x: 10.520882
robot_base_y: -7.267829
robot_base_yaw: 3.137989
robot_geom: robot0_torso_fixed_collision_box_1
proxy_geom: scene_aabb_proxy_line_6_output_side_protrusion
judge_collision_detected:
robot_base_x: 10.520882
robot_base_y: -7.267829
robot_base_yaw: 3.137989
robot_geom: robot0_torso_fixed_collision_box_1
proxy_geom: scene_aabb_proxy_output_6
judge_collision_detected:
robot_base_x: 10.520882
robot_base_y: -7.267829
robot_base_yaw: 3.137989
robot_geom: robot0_torso_fixed_collision_box_1
proxy_geom: scene_aabb_proxy_production_line_6
judge_collision_detected:
robot_base_x: 10.520882
robot_base_y: -7.267829
robot_base_yaw: 3.137989
robot_geom: robot0_torso_fixed_column_collision
proxy_geom: scene_aabb_proxy_line_6_belt
judge_collision_detected:
robot_base_x: 10.520882
robot_base_y: -7.267829
robot_base_yaw: 3.137989
robot_geom: robot0_torso_fixed_column_collision
proxy_geom: scene_aabb_proxy_line_6_output_side_protrusion
judge_collision_detected:
robot_base_x: 10.520882
robot_base_y: -7.267829
robot_base_yaw: 3.137989
robot_geom: robot0_wheel_left_collision
proxy_geom: scene_aabb_proxy_line_6_output_side_protrusion
judge_collision_detected:
robot_base_x: 10.520882
robot_base_y: -7.267829
robot_base_yaw: 3.137989
robot_geom: robot0_wheel_right_collision
proxy_geom: scene_aabb_proxy_line_6_output_side_protrusion
judge_collision_detected:
robot_base_x: 10.520882
robot_base_y: -7.267829
robot_base_yaw: 3.137989
robot_geom: robot0_wheel_right_collision
proxy_geom: scene_aabb_proxy_production_line_6
judge_collision_detected:
robot_base_x: 10.520065
robot_base_y: -7.267847
robot_base_yaw: 3.137352
robot_geom: robot0_back_left_caster_2
proxy_geom: scene_aabb_proxy_line_6_belt
judge_collision_detected:
robot_base_x: 10.520065
robot_base_y: -7.267847
robot_base_yaw: 3.137352
robot_geom: robot0_back_left_caster_2
proxy_geom: scene_aabb_proxy_line_6_output_side_protrusion
judge_collision_detected:
robot_base_x: 10.520065
robot_base_y: -7.267847
robot_base_yaw: 3.137352
robot_geom: robot0_back_right_caster_2
proxy_geom: scene_aabb_proxy_line_6_belt
judge_collision_detected:
robot_base_x: 10.520065
robot_base_y: -7.267847
robot_base_yaw: 3.137352
robot_geom: robot0_back_right_caster_2
proxy_geom: scene_aabb_proxy_line_6_output_side_protrusion
judge_collision_detected:
robot_base_x: 10.520065
robot_base_y: -7.267847
robot_base_yaw: 3.137352
robot_geom: robot0_base_collision
proxy_geom: scene_aabb_proxy_line_6_belt
judge_collision_detected:
robot_base_x: 10.520065
robot_base_y: -7.267847
robot_base_yaw: 3.137352
robot_geom: robot0_base_collision
proxy_geom: scene_aabb_proxy_line_6_output_side_protrusion
judge_collision_detected:
robot_base_x: 10.520065
robot_base_y: -7.267847
robot_base_yaw: 3.137352
robot_geom: robot0_base_collision
proxy_geom: scene_aabb_proxy_output_6
judge_collision_detected:
robot_base_x: 10.520065
robot_base_y: -7.267847
robot_base_yaw: 3.137352
robot_geom: robot0_base_collision
proxy_geom: scene_aabb_proxy_production_line_6
judge_collision_detected:
robot_base_x: 10.520065
robot_base_y: -7.267847
robot_base_yaw: 3.137352
robot_geom: robot0_front_left_caster_2
proxy_geom: scene_aabb_proxy_line_6_output_side_protrusion
judge_collision_detected:
robot_base_x: 10.520065
robot_base_y: -7.267847
robot_base_yaw: 3.137352
robot_geom: robot0_front_right_caster_2
proxy_geom: scene_aabb_proxy_line_6_output_side_protrusion
judge_collision_detected:
robot_base_x: 10.520065
robot_base_y: -7.267847
robot_base_yaw: 3.137352
robot_geom: robot0_torso_fixed_collision_box_1
proxy_geom: scene_aabb_proxy_line_6_belt
judge_collision_detected:
robot_base_x: 10.520065
robot_base_y: -7.267847
robot_base_yaw: 3.137352
robot_geom: robot0_torso_fixed_collision_box_1
proxy_geom: scene_aabb_proxy_line_6_output_side_protrusion
judge_collision_detected:
robot_base_x: 10.520065
robot_base_y: -7.267847
robot_base_yaw: 3.137352
robot_geom: robot0_torso_fixed_collision_box_1
proxy_geom: scene_aabb_proxy_output_6
judge_collision_detected:
robot_base_x: 10.520065
robot_base_y: -7.267847
robot_base_yaw: 3.137352
robot_geom: robot0_torso_fixed_collision_box_1
proxy_geom: scene_aabb_proxy_production_line_6
judge_collision_detected:
robot_base_x: 10.520065
robot_base_y: -7.267847
robot_base_yaw: 3.137352
robot_geom: robot0_torso_fixed_column_collision
proxy_geom: scene_aabb_proxy_line_6_belt
judge_collision_detected:
robot_base_x: 10.520065
robot_base_y: -7.267847
robot_base_yaw: 3.137352
robot_geom: robot0_torso_fixed_column_collision
proxy_geom: scene_aabb_proxy_line_6_output_side_protrusion
judge_collision_detected:
robot_base_x: 10.520065
robot_base_y: -7.267847
robot_base_yaw: 3.137352
robot_geom: robot0_wheel_left_collision
proxy_geom: scene_aabb_proxy_line_6_output_side_protrusion
judge_collision_detected:
robot_base_x: 10.520065
robot_base_y: -7.267847
robot_base_yaw: 3.137352
robot_geom: robot0_wheel_right_collision
proxy_geom: scene_aabb_proxy_line_6_output_side_protrusion
judge_collision_detected:
robot_base_x: 10.520065
robot_base_y: -7.267847
robot_base_yaw: 3.137352
robot_geom: robot0_wheel_right_collision
proxy_geom: scene_aabb_proxy_production_line_6
judge_collision_detected:
robot_base_x: 10.519613
robot_base_y: -7.267884
robot_base_yaw: 3.136740
robot_geom: robot0_back_left_caster_2
proxy_geom: scene_aabb_proxy_line_6_belt
judge_collision_detected:
robot_base_x: 10.519613
robot_base_y: -7.267884
robot_base_yaw: 3.136740
robot_geom: robot0_back_left_caster_2
proxy_geom: scene_aabb_proxy_line_6_output_side_protrusion
judge_collision_detected:
robot_base_x: 10.519613
robot_base_y: -7.267884
robot_base_yaw: 3.136740
robot_geom: robot0_back_right_caster_2
proxy_geom: scene_aabb_proxy_line_6_belt
judge_collision_detected:
robot_base_x: 10.519613
robot_base_y: -7.267884
robot_base_yaw: 3.136740
robot_geom: robot0_back_right_caster_2
proxy_geom: scene_aabb_proxy_line_6_output_side_protrusion
judge_collision_detected:
robot_base_x: 10.519613
robot_base_y: -7.267884
robot_base_yaw: 3.136740
robot_geom: robot0_base_collision
proxy_geom: scene_aabb_proxy_line_6_belt
judge_collision_detected:
robot_base_x: 10.519613
robot_base_y: -7.267884
robot_base_yaw: 3.136740
robot_geom: robot0_base_collision
proxy_geom: scene_aabb_proxy_line_6_output_side_protrusion
judge_collision_detected:
robot_base_x: 10.519613
robot_base_y: -7.267884
robot_base_yaw: 3.136740
robot_geom: robot0_base_collision
proxy_geom: scene_aabb_proxy_output_6
judge_collision_detected:
robot_base_x: 10.519613
robot_base_y: -7.267884
robot_base_yaw: 3.136740
robot_geom: robot0_base_collision
proxy_geom: scene_aabb_proxy_production_line_6
judge_collision_detected:
robot_base_x: 10.519613
robot_base_y: -7.267884
robot_base_yaw: 3.136740
robot_geom: robot0_front_left_caster_2
proxy_geom: scene_aabb_proxy_line_6_output_side_protrusion
judge_collision_detected:
robot_base_x: 10.519613
robot_base_y: -7.267884
robot_base_yaw: 3.136740
robot_geom: robot0_front_right_caster_2
proxy_geom: scene_aabb_proxy_line_6_output_side_protrusion
judge_collision_detected:
robot_base_x: 10.519613
robot_base_y: -7.267884
robot_base_yaw: 3.136740
robot_geom: robot0_torso_fixed_collision_box_1
proxy_geom: scene_aabb_proxy_line_6_belt
judge_collision_detected:
robot_base_x: 10.519613
robot_base_y: -7.267884
robot_base_yaw: 3.136740
robot_geom: robot0_torso_fixed_collision_box_1
proxy_geom: scene_aabb_proxy_line_6_output_side_protrusion
judge_collision_detected:
robot_base_x: 10.519613
robot_base_y: -7.267884
robot_base_yaw: 3.136740
robot_geom: robot0_torso_fixed_collision_box_1
proxy_geom: scene_aabb_proxy_output_6
judge_collision_detected:
robot_base_x: 10.519613
robot_base_y: -7.267884
robot_base_yaw: 3.136740
robot_geom: robot0_torso_fixed_collision_box_1
proxy_geom: scene_aabb_proxy_production_line_6
judge_collision_detected:
robot_base_x: 10.519613
robot_base_y: -7.267884
robot_base_yaw: 3.136740
robot_geom: robot0_torso_fixed_column_collision
proxy_geom: scene_aabb_proxy_line_6_belt
judge_collision_detected:
robot_base_x: 10.519613
robot_base_y: -7.267884
robot_base_yaw: 3.136740
robot_geom: robot0_torso_fixed_column_collision
proxy_geom: scene_aabb_proxy_line_6_output_side_protrusion
judge_collision_detected:
robot_base_x: 10.519613
robot_base_y: -7.267884
robot_base_yaw: 3.136740
robot_geom: robot0_wheel_left_collision
proxy_geom: scene_aabb_proxy_line_6_output_side_protrusion
judge_collision_detected:
robot_base_x: 10.519613
robot_base_y: -7.267884
robot_base_yaw: 3.136740
robot_geom: robot0_wheel_right_collision
proxy_geom: scene_aabb_proxy_line_6_output_side_protrusion
judge_collision_detected:
robot_base_x: 10.519613
robot_base_y: -7.267884
robot_base_yaw: 3.136740
robot_geom: robot0_wheel_right_collision
proxy_geom: scene_aabb_proxy_production_line_6
judge_collision_detected:
robot_base_x: 10.519370
robot_base_y: -7.267906
robot_base_yaw: 3.136133
robot_geom: robot0_back_left_caster_2
proxy_geom: scene_aabb_proxy_line_6_belt
judge_collision_detected:
robot_base_x: 10.519370
robot_base_y: -7.267906
robot_base_yaw: 3.136133
robot_geom: robot0_back_left_caster_2
proxy_geom: scene_aabb_proxy_line_6_output_side_protrusion
judge_collision_detected:
robot_base_x: 10.519370
robot_base_y: -7.267906
robot_base_yaw: 3.136133
robot_geom: robot0_back_right_caster_2
proxy_geom: scene_aabb_proxy_line_6_belt
judge_collision_detected:
robot_base_x: 10.519370
robot_base_y: -7.267906
robot_base_yaw: 3.136133
robot_geom: robot0_back_right_caster_2
proxy_geom: scene_aabb_proxy_line_6_output_side_protrusion
judge_collision_detected:
robot_base_x: 10.519370
robot_base_y: -7.267906
robot_base_yaw: 3.136133
robot_geom: robot0_base_collision
proxy_geom: scene_aabb_proxy_line_6_belt
judge_collision_detected:
robot_base_x: 10.519370
robot_base_y: -7.267906
robot_base_yaw: 3.136133
robot_geom: robot0_base_collision
proxy_geom: scene_aabb_proxy_line_6_output_side_protrusion
judge_collision_detected:
robot_base_x: 10.519370
robot_base_y: -7.267906
robot_base_yaw: 3.136133
robot_geom: robot0_base_collision
proxy_geom: scene_aabb_proxy_output_6
judge_collision_detected:
robot_base_x: 10.519370
robot_base_y: -7.267906
robot_base_yaw: 3.136133
robot_geom: robot0_base_collision
proxy_geom: scene_aabb_proxy_production_line_6
judge_collision_detected:
robot_base_x: 10.519370
robot_base_y: -7.267906
robot_base_yaw: 3.136133
robot_geom: robot0_front_left_caster_2
proxy_geom: scene_aabb_proxy_line_6_output_side_protrusion
judge_collision_detected:
robot_base_x: 10.519370
robot_base_y: -7.267906
robot_base_yaw: 3.136133
robot_geom: robot0_front_right_caster_2
proxy_geom: scene_aabb_proxy_line_6_output_side_protrusion
judge_collision_detected:
robot_base_x: 10.519370
robot_base_y: -7.267906
robot_base_yaw: 3.136133
robot_geom: robot0_torso_fixed_collision_box_1
proxy_geom: scene_aabb_proxy_line_6_belt
judge_collision_detected:
robot_base_x: 10.519370
robot_base_y: -7.267906
robot_base_yaw: 3.136133
robot_geom: robot0_torso_fixed_collision_box_1
proxy_geom: scene_aabb_proxy_line_6_output_side_protrusion
judge_collision_detected:
robot_base_x: 10.519370
robot_base_y: -7.267906
robot_base_yaw: 3.136133
robot_geom: robot0_torso_fixed_collision_box_1
proxy_geom: scene_aabb_proxy_output_6
judge_collision_detected:
robot_base_x: 10.519370
robot_base_y: -7.267906
robot_base_yaw: 3.136133
robot_geom: robot0_torso_fixed_collision_box_1
proxy_geom: scene_aabb_proxy_production_line_6
judge_collision_detected:
robot_base_x: 10.519370
robot_base_y: -7.267906
robot_base_yaw: 3.136133
robot_geom: robot0_torso_fixed_column_collision
proxy_geom: scene_aabb_proxy_line_6_belt
judge_collision_detected:
robot_base_x: 10.519370
robot_base_y: -7.267906
robot_base_yaw: 3.136133
robot_geom: robot0_torso_fixed_column_collision
proxy_geom: scene_aabb_proxy_line_6_output_side_protrusion
judge_collision_detected:
robot_base_x: 10.519370
robot_base_y: -7.267906
robot_base_yaw: 3.136133
robot_geom: robot0_wheel_left_collision
proxy_geom: scene_aabb_proxy_line_6_output_side_protrusion
judge_collision_detected:
robot_base_x: 10.519370
robot_base_y: -7.267906
robot_base_yaw: 3.136133
robot_geom: robot0_wheel_right_collision
proxy_geom: scene_aabb_proxy_line_6_output_side_protrusion
judge_collision_detected:
robot_base_x: 10.519370
robot_base_y: -7.267906
robot_base_yaw: 3.136133
robot_geom: robot0_wheel_right_collision
proxy_geom: scene_aabb_proxy_production_line_6
judge_collision_detected:
robot_base_x: 10.519304
robot_base_y: -7.267913
robot_base_yaw: 3.135521
robot_geom: robot0_back_left_caster_2
proxy_geom: scene_aabb_proxy_line_6_belt
judge_collision_detected:
robot_base_x: 10.519304
robot_base_y: -7.267913
robot_base_yaw: 3.135521
robot_geom: robot0_back_left_caster_2
proxy_geom: scene_aabb_proxy_line_6_output_side_protrusion
judge_collision_detected:
robot_base_x: 10.519304
robot_base_y: -7.267913
robot_base_yaw: 3.135521
robot_geom: robot0_back_right_caster_2
proxy_geom: scene_aabb_proxy_line_6_belt
judge_collision_detected:
robot_base_x: 10.519304
robot_base_y: -7.267913
robot_base_yaw: 3.135521
robot_geom: robot0_back_right_caster_2
proxy_geom: scene_aabb_proxy_line_6_output_side_protrusion
judge_collision_detected:
robot_base_x: 10.519304
robot_base_y: -7.267913
robot_base_yaw: 3.135521
robot_geom: robot0_base_collision
proxy_geom: scene_aabb_proxy_line_6_belt
judge_collision_detected:
robot_base_x: 10.519304
robot_base_y: -7.267913
robot_base_yaw: 3.135521
robot_geom: robot0_base_collision
proxy_geom: scene_aabb_proxy_line_6_output_side_protrusion
judge_collision_detected:
robot_base_x: 10.519304
robot_base_y: -7.267913
robot_base_yaw: 3.135521
robot_geom: robot0_base_collision
proxy_geom: scene_aabb_proxy_output_6
judge_collision_detected:
robot_base_x: 10.519304
robot_base_y: -7.267913
robot_base_yaw: 3.135521
robot_geom: robot0_base_collision
proxy_geom: scene_aabb_proxy_production_line_6
judge_collision_detected:
robot_base_x: 10.519304
robot_base_y: -7.267913
robot_base_yaw: 3.135521
robot_geom: robot0_front_left_caster_2
proxy_geom: scene_aabb_proxy_line_6_output_side_protrusion
judge_collision_detected:
robot_base_x: 10.519304
robot_base_y: -7.267913
robot_base_yaw: 3.135521
robot_geom: robot0_front_right_caster_2
proxy_geom: scene_aabb_proxy_line_6_output_side_protrusion
judge_collision_detected:
robot_base_x: 10.519304
robot_base_y: -7.267913
robot_base_yaw: 3.135521
robot_geom: robot0_torso_fixed_collision_box_1
proxy_geom: scene_aabb_proxy_line_6_belt
judge_collision_detected:
robot_base_x: 10.519304
robot_base_y: -7.267913
robot_base_yaw: 3.135521
robot_geom: robot0_torso_fixed_collision_box_1
proxy_geom: scene_aabb_proxy_line_6_output_side_protrusion
judge_collision_detected:
robot_base_x: 10.519304
robot_base_y: -7.267913
robot_base_yaw: 3.135521
robot_geom: robot0_torso_fixed_collision_box_1
proxy_geom: scene_aabb_proxy_output_6
judge_collision_detected:
robot_base_x: 10.519304
robot_base_y: -7.267913
robot_base_yaw: 3.135521
robot_geom: robot0_torso_fixed_collision_box_1
proxy_geom: scene_aabb_proxy_production_line_6
judge_collision_detected:
robot_base_x: 10.519304
robot_base_y: -7.267913
robot_base_yaw: 3.135521
robot_geom: robot0_torso_fixed_column_collision
proxy_geom: scene_aabb_proxy_line_6_belt
judge_collision_detected:
robot_base_x: 10.519304
robot_base_y: -7.267913
robot_base_yaw: 3.135521
robot_geom: robot0_torso_fixed_column_collision
proxy_geom: scene_aabb_proxy_line_6_output_side_protrusion
judge_collision_detected:
robot_base_x: 10.519304
robot_base_y: -7.267913
robot_base_yaw: 3.135521
robot_geom: robot0_wheel_left_collision
proxy_geom: scene_aabb_proxy_line_6_output_side_protrusion
judge_collision_detected:
robot_base_x: 10.519304
robot_base_y: -7.267913
robot_base_yaw: 3.135521
robot_geom: robot0_wheel_right_collision
proxy_geom: scene_aabb_proxy_line_6_output_side_protrusion
judge_collision_detected:
robot_base_x: 10.519304
robot_base_y: -7.267913
robot_base_yaw: 3.135521
robot_geom: robot0_wheel_right_collision
proxy_geom: scene_aabb_proxy_production_line_6
judge_collision_detected:
robot_base_x: 10.519854
robot_base_y: -7.267891
robot_base_yaw: 3.134825
robot_geom: robot0_back_left_caster_2
proxy_geom: scene_aabb_proxy_line_6_belt
judge_collision_detected:
robot_base_x: 10.519854
robot_base_y: -7.267891
robot_base_yaw: 3.134825
robot_geom: robot0_back_left_caster_2
proxy_geom: scene_aabb_proxy_line_6_output_side_protrusion
judge_collision_detected:
robot_base_x: 10.519854
robot_base_y: -7.267891
robot_base_yaw: 3.134825
robot_geom: robot0_back_right_caster_2
proxy_geom: scene_aabb_proxy_line_6_belt
judge_collision_detected:
robot_base_x: 10.519854
robot_base_y: -7.267891
robot_base_yaw: 3.134825
robot_geom: robot0_back_right_caster_2
proxy_geom: scene_aabb_proxy_line_6_output_side_protrusion
judge_collision_detected:
robot_base_x: 10.519854
robot_base_y: -7.267891
robot_base_yaw: 3.134825
robot_geom: robot0_base_collision
proxy_geom: scene_aabb_proxy_line_6_belt
judge_collision_detected:
robot_base_x: 10.519854
robot_base_y: -7.267891
robot_base_yaw: 3.134825
robot_geom: robot0_base_collision
proxy_geom: scene_aabb_proxy_line_6_output_side_protrusion
judge_collision_detected:
robot_base_x: 10.519854
robot_base_y: -7.267891
robot_base_yaw: 3.134825
robot_geom: robot0_base_collision
proxy_geom: scene_aabb_proxy_output_6
judge_collision_detected:
robot_base_x: 10.519854
robot_base_y: -7.267891
robot_base_yaw: 3.134825
robot_geom: robot0_base_collision
proxy_geom: scene_aabb_proxy_production_line_6
judge_collision_detected:
robot_base_x: 10.519854
robot_base_y: -7.267891
robot_base_yaw: 3.134825
robot_geom: robot0_front_left_caster_2
proxy_geom: scene_aabb_proxy_line_6_output_side_protrusion
judge_collision_detected:
robot_base_x: 10.519854
robot_base_y: -7.267891
robot_base_yaw: 3.134825
robot_geom: robot0_front_right_caster_2
proxy_geom: scene_aabb_proxy_line_6_output_side_protrusion
judge_collision_detected:
robot_base_x: 10.519854
robot_base_y: -7.267891
robot_base_yaw: 3.134825
robot_geom: robot0_torso_fixed_collision_box_1
proxy_geom: scene_aabb_proxy_line_6_belt
judge_collision_detected:
robot_base_x: 10.519854
robot_base_y: -7.267891
robot_base_yaw: 3.134825
robot_geom: robot0_torso_fixed_collision_box_1
proxy_geom: scene_aabb_proxy_line_6_output_side_protrusion
judge_collision_detected:
robot_base_x: 10.519854
robot_base_y: -7.267891
robot_base_yaw: 3.134825
robot_geom: robot0_torso_fixed_collision_box_1
proxy_geom: scene_aabb_proxy_output_6
judge_collision_detected:
robot_base_x: 10.519854
robot_base_y: -7.267891
robot_base_yaw: 3.134825
robot_geom: robot0_torso_fixed_collision_box_1
proxy_geom: scene_aabb_proxy_production_line_6
judge_collision_detected:
robot_base_x: 10.519854
robot_base_y: -7.267891
robot_base_yaw: 3.134825
robot_geom: robot0_torso_fixed_column_collision
proxy_geom: scene_aabb_proxy_line_6_belt
judge_collision_detected:
robot_base_x: 10.519854
robot_base_y: -7.267891
robot_base_yaw: 3.134825
robot_geom: robot0_torso_fixed_column_collision
proxy_geom: scene_aabb_proxy_line_6_output_side_protrusion
judge_collision_detected:
robot_base_x: 10.519854
robot_base_y: -7.267891
robot_base_yaw: 3.134825
robot_geom: robot0_wheel_left_collision
proxy_geom: scene_aabb_proxy_line_6_output_side_protrusion
judge_collision_detected:
robot_base_x: 10.519854
robot_base_y: -7.267891
robot_base_yaw: 3.134825
robot_geom: robot0_wheel_right_collision
proxy_geom: scene_aabb_proxy_line_6_output_side_protrusion
judge_collision_detected:
robot_base_x: 10.519854
robot_base_y: -7.267891
robot_base_yaw: 3.134825
robot_geom: robot0_wheel_right_collision
proxy_geom: scene_aabb_proxy_production_line_6
judge_collision_detected:
robot_base_x: 10.521940
robot_base_y: -7.267872
robot_base_yaw: 3.134697
robot_geom: robot0_back_left_caster_2
proxy_geom: scene_aabb_proxy_line_6_belt
judge_collision_detected:
robot_base_x: 10.521940
robot_base_y: -7.267872
robot_base_yaw: 3.134697
robot_geom: robot0_back_left_caster_2
proxy_geom: scene_aabb_proxy_line_6_output_side_protrusion
judge_collision_detected:
robot_base_x: 10.521940
robot_base_y: -7.267872
robot_base_yaw: 3.134697
robot_geom: robot0_back_right_caster_2
proxy_geom: scene_aabb_proxy_line_6_belt
judge_collision_detected:
robot_base_x: 10.521940
robot_base_y: -7.267872
robot_base_yaw: 3.134697
robot_geom: robot0_back_right_caster_2
proxy_geom: scene_aabb_proxy_line_6_output_side_protrusion
judge_collision_detected:
robot_base_x: 10.521940
robot_base_y: -7.267872
robot_base_yaw: 3.134697
robot_geom: robot0_base_collision
proxy_geom: scene_aabb_proxy_line_6_belt
judge_collision_detected:
robot_base_x: 10.521940
robot_base_y: -7.267872
robot_base_yaw: 3.134697
robot_geom: robot0_base_collision
proxy_geom: scene_aabb_proxy_line_6_output_side_protrusion
judge_collision_detected:
robot_base_x: 10.521940
robot_base_y: -7.267872
robot_base_yaw: 3.134697
robot_geom: robot0_base_collision
proxy_geom: scene_aabb_proxy_output_6
judge_collision_detected:
robot_base_x: 10.521940
robot_base_y: -7.267872
robot_base_yaw: 3.134697
robot_geom: robot0_base_collision
proxy_geom: scene_aabb_proxy_production_line_6
judge_collision_detected:
robot_base_x: 10.521940
robot_base_y: -7.267872
robot_base_yaw: 3.134697
robot_geom: robot0_front_left_caster_2
proxy_geom: scene_aabb_proxy_line_6_output_side_protrusion
judge_collision_detected:
robot_base_x: 10.521940
robot_base_y: -7.267872
robot_base_yaw: 3.134697
robot_geom: robot0_front_right_caster_2
proxy_geom: scene_aabb_proxy_line_6_output_side_protrusion
judge_collision_detected:
robot_base_x: 10.521940
robot_base_y: -7.267872
robot_base_yaw: 3.134697
robot_geom: robot0_torso_fixed_collision_box_1
proxy_geom: scene_aabb_proxy_line_6_belt
judge_collision_detected:
robot_base_x: 10.521940
robot_base_y: -7.267872
robot_base_yaw: 3.134697
robot_geom: robot0_torso_fixed_collision_box_1
proxy_geom: scene_aabb_proxy_line_6_output_side_protrusion
judge_collision_detected:
robot_base_x: 10.521940
robot_base_y: -7.267872
robot_base_yaw: 3.134697
robot_geom: robot0_torso_fixed_collision_box_1
proxy_geom: scene_aabb_proxy_output_6
judge_collision_detected:
robot_base_x: 10.521940
robot_base_y: -7.267872
robot_base_yaw: 3.134697
robot_geom: robot0_torso_fixed_collision_box_1
proxy_geom: scene_aabb_proxy_production_line_6
judge_collision_detected:
robot_base_x: 10.521940
robot_base_y: -7.267872
robot_base_yaw: 3.134697
robot_geom: robot0_torso_fixed_column_collision
proxy_geom: scene_aabb_proxy_line_6_belt
judge_collision_detected:
robot_base_x: 10.521940
robot_base_y: -7.267872
robot_base_yaw: 3.134697
robot_geom: robot0_torso_fixed_column_collision
proxy_geom: scene_aabb_proxy_line_6_output_side_protrusion
judge_collision_detected:
robot_base_x: 10.521940
robot_base_y: -7.267872
robot_base_yaw: 3.134697
robot_geom: robot0_wheel_left_collision
proxy_geom: scene_aabb_proxy_line_6_output_side_protrusion
judge_collision_detected:
robot_base_x: 10.521940
robot_base_y: -7.267872
robot_base_yaw: 3.134697
robot_geom: robot0_wheel_right_collision
proxy_geom: scene_aabb_proxy_line_6_output_side_protrusion
judge_collision_detected:
robot_base_x: 10.521940
robot_base_y: -7.267872
robot_base_yaw: 3.134697
robot_geom: robot0_wheel_right_collision
proxy_geom: scene_aabb_proxy_production_line_6
turn_to_output_result: success=True, turn_steps=0, target_yaw=3.141593, final_yaw=3.134694, final_error=0.006899, xy_drift=0.006143
judge_collision_detected:
robot_base_x: 10.522983
robot_base_y: -7.267768
robot_base_yaw: 3.134532
robot_geom: robot0_back_left_caster_2
proxy_geom: scene_aabb_proxy_line_6_belt
judge_collision_detected:
robot_base_x: 10.522983
robot_base_y: -7.267768
robot_base_yaw: 3.134532
robot_geom: robot0_back_left_caster_2
proxy_geom: scene_aabb_proxy_line_6_output_side_protrusion
judge_collision_detected:
robot_base_x: 10.522983
robot_base_y: -7.267768
robot_base_yaw: 3.134532
robot_geom: robot0_back_right_caster_2
proxy_geom: scene_aabb_proxy_line_6_belt
judge_collision_detected:
robot_base_x: 10.522983
robot_base_y: -7.267768
robot_base_yaw: 3.134532
robot_geom: robot0_back_right_caster_2
proxy_geom: scene_aabb_proxy_line_6_output_side_protrusion
judge_collision_detected:
robot_base_x: 10.522983
robot_base_y: -7.267768
robot_base_yaw: 3.134532
robot_geom: robot0_base_collision
proxy_geom: scene_aabb_proxy_line_6_belt
judge_collision_detected:
robot_base_x: 10.522983
robot_base_y: -7.267768
robot_base_yaw: 3.134532
robot_geom: robot0_base_collision
proxy_geom: scene_aabb_proxy_line_6_output_side_protrusion
judge_collision_detected:
robot_base_x: 10.522983
robot_base_y: -7.267768
robot_base_yaw: 3.134532
robot_geom: robot0_base_collision
proxy_geom: scene_aabb_proxy_output_6
judge_collision_detected:
robot_base_x: 10.522983
robot_base_y: -7.267768
robot_base_yaw: 3.134532
robot_geom: robot0_base_collision
proxy_geom: scene_aabb_proxy_production_line_6
judge_collision_detected:
robot_base_x: 10.522983
robot_base_y: -7.267768
robot_base_yaw: 3.134532
robot_geom: robot0_front_left_caster_2
proxy_geom: scene_aabb_proxy_line_6_output_side_protrusion
judge_collision_detected:
robot_base_x: 10.522983
robot_base_y: -7.267768
robot_base_yaw: 3.134532
robot_geom: robot0_front_right_caster_2
proxy_geom: scene_aabb_proxy_line_6_output_side_protrusion
judge_collision_detected:
robot_base_x: 10.522983
robot_base_y: -7.267768
robot_base_yaw: 3.134532
robot_geom: robot0_torso_fixed_collision_box_1
proxy_geom: scene_aabb_proxy_line_6_belt
judge_collision_detected:
robot_base_x: 10.522983
robot_base_y: -7.267768
robot_base_yaw: 3.134532
robot_geom: robot0_torso_fixed_collision_box_1
proxy_geom: scene_aabb_proxy_line_6_output_side_protrusion
judge_collision_detected:
robot_base_x: 10.522983
robot_base_y: -7.267768
robot_base_yaw: 3.134532
robot_geom: robot0_torso_fixed_collision_box_1
proxy_geom: scene_aabb_proxy_output_6
judge_collision_detected:
robot_base_x: 10.522983
robot_base_y: -7.267768
robot_base_yaw: 3.134532
robot_geom: robot0_torso_fixed_collision_box_1
proxy_geom: scene_aabb_proxy_production_line_6
judge_collision_detected:
robot_base_x: 10.522983
robot_base_y: -7.267768
robot_base_yaw: 3.134532
robot_geom: robot0_torso_fixed_column_collision
proxy_geom: scene_aabb_proxy_line_6_belt
judge_collision_detected:
robot_base_x: 10.522983
robot_base_y: -7.267768
robot_base_yaw: 3.134532
robot_geom: robot0_torso_fixed_column_collision
proxy_geom: scene_aabb_proxy_line_6_output_side_protrusion
judge_collision_detected:
robot_base_x: 10.522983
robot_base_y: -7.267768
robot_base_yaw: 3.134532
robot_geom: robot0_wheel_left_collision
proxy_geom: scene_aabb_proxy_line_6_output_side_protrusion
judge_collision_detected:
robot_base_x: 10.522983
robot_base_y: -7.267768
robot_base_yaw: 3.134532
robot_geom: robot0_wheel_right_collision
proxy_geom: scene_aabb_proxy_line_6_output_side_protrusion
judge_collision_detected:
robot_base_x: 10.522983
robot_base_y: -7.267768
robot_base_yaw: 3.134532
robot_geom: robot0_wheel_right_collision
proxy_geom: scene_aabb_proxy_production_line_6
judge_collision_detected:
robot_base_x: 10.519582
robot_base_y: -7.268062
robot_base_yaw: 3.134447
robot_geom: robot0_back_left_caster_2
proxy_geom: scene_aabb_proxy_line_6_belt
judge_collision_detected:
robot_base_x: 10.519582
robot_base_y: -7.268062
robot_base_yaw: 3.134447
robot_geom: robot0_back_left_caster_2
proxy_geom: scene_aabb_proxy_line_6_output_side_protrusion
judge_collision_detected:
robot_base_x: 10.519582
robot_base_y: -7.268062
robot_base_yaw: 3.134447
robot_geom: robot0_back_right_caster_2
proxy_geom: scene_aabb_proxy_line_6_belt
judge_collision_detected:
robot_base_x: 10.519582
robot_base_y: -7.268062
robot_base_yaw: 3.134447
robot_geom: robot0_back_right_caster_2
proxy_geom: scene_aabb_proxy_line_6_output_side_protrusion
judge_collision_detected:
robot_base_x: 10.519582
robot_base_y: -7.268062
robot_base_yaw: 3.134447
robot_geom: robot0_base_collision
proxy_geom: scene_aabb_proxy_line_6_belt
judge_collision_detected:
robot_base_x: 10.519582
robot_base_y: -7.268062
robot_base_yaw: 3.134447
robot_geom: robot0_base_collision
proxy_geom: scene_aabb_proxy_line_6_output_side_protrusion
judge_collision_detected:
robot_base_x: 10.519582
robot_base_y: -7.268062
robot_base_yaw: 3.134447
robot_geom: robot0_base_collision
proxy_geom: scene_aabb_proxy_output_6
judge_collision_detected:
robot_base_x: 10.519582
robot_base_y: -7.268062
robot_base_yaw: 3.134447
robot_geom: robot0_base_collision
proxy_geom: scene_aabb_proxy_production_line_6
judge_collision_detected:
robot_base_x: 10.519582
robot_base_y: -7.268062
robot_base_yaw: 3.134447
robot_geom: robot0_front_left_caster_2
proxy_geom: scene_aabb_proxy_line_6_output_side_protrusion
judge_collision_detected:
robot_base_x: 10.519582
robot_base_y: -7.268062
robot_base_yaw: 3.134447
robot_geom: robot0_front_right_caster_2
proxy_geom: scene_aabb_proxy_line_6_output_side_protrusion
judge_collision_detected:
robot_base_x: 10.519582
robot_base_y: -7.268062
robot_base_yaw: 3.134447
robot_geom: robot0_torso_fixed_collision_box_1
proxy_geom: scene_aabb_proxy_line_6_belt
judge_collision_detected:
robot_base_x: 10.519582
robot_base_y: -7.268062
robot_base_yaw: 3.134447
robot_geom: robot0_torso_fixed_collision_box_1
proxy_geom: scene_aabb_proxy_line_6_output_side_protrusion
judge_collision_detected:
robot_base_x: 10.519582
robot_base_y: -7.268062
robot_base_yaw: 3.134447
robot_geom: robot0_torso_fixed_collision_box_1
proxy_geom: scene_aabb_proxy_output_6
judge_collision_detected:
robot_base_x: 10.519582
robot_base_y: -7.268062
robot_base_yaw: 3.134447
robot_geom: robot0_torso_fixed_collision_box_1
proxy_geom: scene_aabb_proxy_production_line_6
judge_collision_detected:
robot_base_x: 10.519582
robot_base_y: -7.268062
robot_base_yaw: 3.134447
robot_geom: robot0_torso_fixed_column_collision
proxy_geom: scene_aabb_proxy_line_6_belt
judge_collision_detected:
robot_base_x: 10.519582
robot_base_y: -7.268062
robot_base_yaw: 3.134447
robot_geom: robot0_torso_fixed_column_collision
proxy_geom: scene_aabb_proxy_line_6_output_side_protrusion
judge_collision_detected:
robot_base_x: 10.519582
robot_base_y: -7.268062
robot_base_yaw: 3.134447
robot_geom: robot0_wheel_left_collision
proxy_geom: scene_aabb_proxy_line_6_output_side_protrusion
judge_collision_detected:
robot_base_x: 10.519582
robot_base_y: -7.268062
robot_base_yaw: 3.134447
robot_geom: robot0_wheel_right_collision
proxy_geom: scene_aabb_proxy_line_6_output_side_protrusion
judge_collision_detected:
robot_base_x: 10.519582
robot_base_y: -7.268062
robot_base_yaw: 3.134447
robot_geom: robot0_wheel_right_collision
proxy_geom: scene_aabb_proxy_production_line_6
judge_collision_detected:
robot_base_x: 10.516437
robot_base_y: -7.268347
robot_base_yaw: 3.134387
robot_geom: robot0_back_left_caster_2
proxy_geom: scene_aabb_proxy_line_6_belt
judge_collision_detected:
robot_base_x: 10.516437
robot_base_y: -7.268347
robot_base_yaw: 3.134387
robot_geom: robot0_back_left_caster_2
proxy_geom: scene_aabb_proxy_line_6_output_side_protrusion
judge_collision_detected:
robot_base_x: 10.516437
robot_base_y: -7.268347
robot_base_yaw: 3.134387
robot_geom: robot0_back_right_caster_2
proxy_geom: scene_aabb_proxy_line_6_belt
judge_collision_detected:
robot_base_x: 10.516437
robot_base_y: -7.268347
robot_base_yaw: 3.134387
robot_geom: robot0_back_right_caster_2
proxy_geom: scene_aabb_proxy_line_6_output_side_protrusion
judge_collision_detected:
robot_base_x: 10.516437
robot_base_y: -7.268347
robot_base_yaw: 3.134387
robot_geom: robot0_base_collision
proxy_geom: scene_aabb_proxy_line_6_belt
judge_collision_detected:
robot_base_x: 10.516437
robot_base_y: -7.268347
robot_base_yaw: 3.134387
robot_geom: robot0_base_collision
proxy_geom: scene_aabb_proxy_line_6_output_side_protrusion
judge_collision_detected:
robot_base_x: 10.516437
robot_base_y: -7.268347
robot_base_yaw: 3.134387
robot_geom: robot0_base_collision
proxy_geom: scene_aabb_proxy_output_6
judge_collision_detected:
robot_base_x: 10.516437
robot_base_y: -7.268347
robot_base_yaw: 3.134387
robot_geom: robot0_base_collision
proxy_geom: scene_aabb_proxy_production_line_6
judge_collision_detected:
robot_base_x: 10.516437
robot_base_y: -7.268347
robot_base_yaw: 3.134387
robot_geom: robot0_front_left_caster_2
proxy_geom: scene_aabb_proxy_line_6_output_side_protrusion
judge_collision_detected:
robot_base_x: 10.516437
robot_base_y: -7.268347
robot_base_yaw: 3.134387
robot_geom: robot0_front_right_caster_2
proxy_geom: scene_aabb_proxy_line_6_output_side_protrusion
judge_collision_detected:
robot_base_x: 10.516437
robot_base_y: -7.268347
robot_base_yaw: 3.134387
robot_geom: robot0_torso_fixed_collision_box_1
proxy_geom: scene_aabb_proxy_line_6_belt
judge_collision_detected:
robot_base_x: 10.516437
robot_base_y: -7.268347
robot_base_yaw: 3.134387
robot_geom: robot0_torso_fixed_collision_box_1
proxy_geom: scene_aabb_proxy_line_6_output_side_protrusion
judge_collision_detected:
robot_base_x: 10.516437
robot_base_y: -7.268347
robot_base_yaw: 3.134387
robot_geom: robot0_torso_fixed_collision_box_1
proxy_geom: scene_aabb_proxy_output_6
judge_collision_detected:
robot_base_x: 10.516437
robot_base_y: -7.268347
robot_base_yaw: 3.134387
robot_geom: robot0_torso_fixed_collision_box_1
proxy_geom: scene_aabb_proxy_production_line_6
judge_collision_detected:
robot_base_x: 10.516437
robot_base_y: -7.268347
robot_base_yaw: 3.134387
robot_geom: robot0_torso_fixed_column_collision
proxy_geom: scene_aabb_proxy_line_6_belt
judge_collision_detected:
robot_base_x: 10.516437
robot_base_y: -7.268347
robot_base_yaw: 3.134387
robot_geom: robot0_torso_fixed_column_collision
proxy_geom: scene_aabb_proxy_line_6_output_side_protrusion
judge_collision_detected:
robot_base_x: 10.516437
robot_base_y: -7.268347
robot_base_yaw: 3.134387
robot_geom: robot0_wheel_left_collision
proxy_geom: scene_aabb_proxy_line_6_output_side_protrusion
judge_collision_detected:
robot_base_x: 10.516437
robot_base_y: -7.268347
robot_base_yaw: 3.134387
robot_geom: robot0_wheel_right_collision
proxy_geom: scene_aabb_proxy_line_6_output_side_protrusion
judge_collision_detected:
robot_base_x: 10.516437
robot_base_y: -7.268347
robot_base_yaw: 3.134387
robot_geom: robot0_wheel_right_collision
proxy_geom: scene_aabb_proxy_production_line_6
judge_collision_detected:
robot_base_x: 10.513463
robot_base_y: -7.268628
robot_base_yaw: 3.134345
robot_geom: robot0_back_left_caster_2
proxy_geom: scene_aabb_proxy_line_6_belt
judge_collision_detected:
robot_base_x: 10.513463
robot_base_y: -7.268628
robot_base_yaw: 3.134345
robot_geom: robot0_back_left_caster_2
proxy_geom: scene_aabb_proxy_line_6_output_side_protrusion
judge_collision_detected:
robot_base_x: 10.513463
robot_base_y: -7.268628
robot_base_yaw: 3.134345
robot_geom: robot0_back_right_caster_2
proxy_geom: scene_aabb_proxy_line_6_belt
judge_collision_detected:
robot_base_x: 10.513463
robot_base_y: -7.268628
robot_base_yaw: 3.134345
robot_geom: robot0_back_right_caster_2
proxy_geom: scene_aabb_proxy_line_6_output_side_protrusion
judge_collision_detected:
robot_base_x: 10.513463
robot_base_y: -7.268628
robot_base_yaw: 3.134345
robot_geom: robot0_base_collision
proxy_geom: scene_aabb_proxy_line_6_belt
judge_collision_detected:
robot_base_x: 10.513463
robot_base_y: -7.268628
robot_base_yaw: 3.134345
robot_geom: robot0_base_collision
proxy_geom: scene_aabb_proxy_line_6_output_side_protrusion
judge_collision_detected:
robot_base_x: 10.513463
robot_base_y: -7.268628
robot_base_yaw: 3.134345
robot_geom: robot0_base_collision
proxy_geom: scene_aabb_proxy_output_6
judge_collision_detected:
robot_base_x: 10.513463
robot_base_y: -7.268628
robot_base_yaw: 3.134345
robot_geom: robot0_base_collision
proxy_geom: scene_aabb_proxy_production_line_6
judge_collision_detected:
robot_base_x: 10.513463
robot_base_y: -7.268628
robot_base_yaw: 3.134345
robot_geom: robot0_front_left_caster_2
proxy_geom: scene_aabb_proxy_line_6_output_side_protrusion
judge_collision_detected:
robot_base_x: 10.513463
robot_base_y: -7.268628
robot_base_yaw: 3.134345
robot_geom: robot0_front_right_caster_2
proxy_geom: scene_aabb_proxy_line_6_output_side_protrusion
judge_collision_detected:
robot_base_x: 10.513463
robot_base_y: -7.268628
robot_base_yaw: 3.134345
robot_geom: robot0_torso_fixed_collision_box_1
proxy_geom: scene_aabb_proxy_line_6_belt
judge_collision_detected:
robot_base_x: 10.513463
robot_base_y: -7.268628
robot_base_yaw: 3.134345
robot_geom: robot0_torso_fixed_collision_box_1
proxy_geom: scene_aabb_proxy_line_6_output_side_protrusion
judge_collision_detected:
robot_base_x: 10.513463
robot_base_y: -7.268628
robot_base_yaw: 3.134345
robot_geom: robot0_torso_fixed_collision_box_1
proxy_geom: scene_aabb_proxy_output_6
judge_collision_detected:
robot_base_x: 10.513463
robot_base_y: -7.268628
robot_base_yaw: 3.134345
robot_geom: robot0_torso_fixed_collision_box_1
proxy_geom: scene_aabb_proxy_production_line_6
judge_collision_detected:
robot_base_x: 10.513463
robot_base_y: -7.268628
robot_base_yaw: 3.134345
robot_geom: robot0_torso_fixed_column_collision
proxy_geom: scene_aabb_proxy_line_6_belt
judge_collision_detected:
robot_base_x: 10.513463
robot_base_y: -7.268628
robot_base_yaw: 3.134345
robot_geom: robot0_torso_fixed_column_collision
proxy_geom: scene_aabb_proxy_line_6_output_side_protrusion
judge_collision_detected:
robot_base_x: 10.513463
robot_base_y: -7.268628
robot_base_yaw: 3.134345
robot_geom: robot0_wheel_left_collision
proxy_geom: scene_aabb_proxy_line_6_output_side_protrusion
judge_collision_detected:
robot_base_x: 10.513463
robot_base_y: -7.268628
robot_base_yaw: 3.134345
robot_geom: robot0_wheel_right_collision
proxy_geom: scene_aabb_proxy_line_6_output_side_protrusion
judge_collision_detected:
robot_base_x: 10.513463
robot_base_y: -7.268628
robot_base_yaw: 3.134345
robot_geom: robot0_wheel_right_collision
proxy_geom: scene_aabb_proxy_production_line_6
judge_collision_detected:
robot_base_x: 10.510638
robot_base_y: -7.268905
robot_base_yaw: 3.134300
robot_geom: robot0_back_left_caster_2
proxy_geom: scene_aabb_proxy_line_6_belt
judge_collision_detected:
robot_base_x: 10.510638
robot_base_y: -7.268905
robot_base_yaw: 3.134300
robot_geom: robot0_back_left_caster_2
proxy_geom: scene_aabb_proxy_line_6_output_side_protrusion
judge_collision_detected:
robot_base_x: 10.510638
robot_base_y: -7.268905
robot_base_yaw: 3.134300
robot_geom: robot0_back_right_caster_2
proxy_geom: scene_aabb_proxy_line_6_belt
judge_collision_detected:
robot_base_x: 10.510638
robot_base_y: -7.268905
robot_base_yaw: 3.134300
robot_geom: robot0_back_right_caster_2
proxy_geom: scene_aabb_proxy_line_6_output_side_protrusion
judge_collision_detected:
robot_base_x: 10.510638
robot_base_y: -7.268905
robot_base_yaw: 3.134300
robot_geom: robot0_base_collision
proxy_geom: scene_aabb_proxy_line_6_belt
judge_collision_detected:
robot_base_x: 10.510638
robot_base_y: -7.268905
robot_base_yaw: 3.134300
robot_geom: robot0_base_collision
proxy_geom: scene_aabb_proxy_line_6_output_side_protrusion
judge_collision_detected:
robot_base_x: 10.510638
robot_base_y: -7.268905
robot_base_yaw: 3.134300
robot_geom: robot0_base_collision
proxy_geom: scene_aabb_proxy_output_6
judge_collision_detected:
robot_base_x: 10.510638
robot_base_y: -7.268905
robot_base_yaw: 3.134300
robot_geom: robot0_base_collision
proxy_geom: scene_aabb_proxy_production_line_6
judge_collision_detected:
robot_base_x: 10.510638
robot_base_y: -7.268905
robot_base_yaw: 3.134300
robot_geom: robot0_front_left_caster_2
proxy_geom: scene_aabb_proxy_line_6_output_side_protrusion
judge_collision_detected:
robot_base_x: 10.510638
robot_base_y: -7.268905
robot_base_yaw: 3.134300
robot_geom: robot0_front_right_caster_2
proxy_geom: scene_aabb_proxy_line_6_output_side_protrusion
judge_collision_detected:
robot_base_x: 10.510638
robot_base_y: -7.268905
robot_base_yaw: 3.134300
robot_geom: robot0_torso_fixed_collision_box_1
proxy_geom: scene_aabb_proxy_line_6_belt
judge_collision_detected:
robot_base_x: 10.510638
robot_base_y: -7.268905
robot_base_yaw: 3.134300
robot_geom: robot0_torso_fixed_collision_box_1
proxy_geom: scene_aabb_proxy_line_6_output_side_protrusion
judge_collision_detected:
robot_base_x: 10.510638
robot_base_y: -7.268905
robot_base_yaw: 3.134300
robot_geom: robot0_torso_fixed_collision_box_1
proxy_geom: scene_aabb_proxy_output_6
judge_collision_detected:
robot_base_x: 10.510638
robot_base_y: -7.268905
robot_base_yaw: 3.134300
robot_geom: robot0_torso_fixed_collision_box_1
proxy_geom: scene_aabb_proxy_production_line_6
judge_collision_detected:
robot_base_x: 10.510638
robot_base_y: -7.268905
robot_base_yaw: 3.134300
robot_geom: robot0_torso_fixed_column_collision
proxy_geom: scene_aabb_proxy_line_6_belt
judge_collision_detected:
robot_base_x: 10.510638
robot_base_y: -7.268905
robot_base_yaw: 3.134300
robot_geom: robot0_torso_fixed_column_collision
proxy_geom: scene_aabb_proxy_line_6_output_side_protrusion
judge_collision_detected:
robot_base_x: 10.510638
robot_base_y: -7.268905
robot_base_yaw: 3.134300
robot_geom: robot0_wheel_left_collision
proxy_geom: scene_aabb_proxy_line_6_output_side_protrusion
judge_collision_detected:
robot_base_x: 10.510638
robot_base_y: -7.268905
robot_base_yaw: 3.134300
robot_geom: robot0_wheel_right_collision
proxy_geom: scene_aabb_proxy_line_6_output_side_protrusion
judge_collision_detected:
robot_base_x: 10.510638
robot_base_y: -7.268905
robot_base_yaw: 3.134300
robot_geom: robot0_wheel_right_collision
proxy_geom: scene_aabb_proxy_production_line_6
judge_collision_detected:
robot_base_x: 10.507951
robot_base_y: -7.269187
robot_base_yaw: 3.134282
robot_geom: robot0_back_left_caster_2
proxy_geom: scene_aabb_proxy_line_6_belt
judge_collision_detected:
robot_base_x: 10.507951
robot_base_y: -7.269187
robot_base_yaw: 3.134282
robot_geom: robot0_back_left_caster_2
proxy_geom: scene_aabb_proxy_line_6_output_side_protrusion
judge_collision_detected:
robot_base_x: 10.507951
robot_base_y: -7.269187
robot_base_yaw: 3.134282
robot_geom: robot0_back_right_caster_2
proxy_geom: scene_aabb_proxy_line_6_belt
judge_collision_detected:
robot_base_x: 10.507951
robot_base_y: -7.269187
robot_base_yaw: 3.134282
robot_geom: robot0_back_right_caster_2
proxy_geom: scene_aabb_proxy_line_6_output_side_protrusion
judge_collision_detected:
robot_base_x: 10.507951
robot_base_y: -7.269187
robot_base_yaw: 3.134282
robot_geom: robot0_base_collision
proxy_geom: scene_aabb_proxy_line_6_belt
judge_collision_detected:
robot_base_x: 10.507951
robot_base_y: -7.269187
robot_base_yaw: 3.134282
robot_geom: robot0_base_collision
proxy_geom: scene_aabb_proxy_line_6_output_side_protrusion
judge_collision_detected:
robot_base_x: 10.507951
robot_base_y: -7.269187
robot_base_yaw: 3.134282
robot_geom: robot0_base_collision
proxy_geom: scene_aabb_proxy_output_6
judge_collision_detected:
robot_base_x: 10.507951
robot_base_y: -7.269187
robot_base_yaw: 3.134282
robot_geom: robot0_base_collision
proxy_geom: scene_aabb_proxy_production_line_6
judge_collision_detected:
robot_base_x: 10.507951
robot_base_y: -7.269187
robot_base_yaw: 3.134282
robot_geom: robot0_front_left_caster_2
proxy_geom: scene_aabb_proxy_line_6_output_side_protrusion
judge_collision_detected:
robot_base_x: 10.507951
robot_base_y: -7.269187
robot_base_yaw: 3.134282
robot_geom: robot0_front_right_caster_2
proxy_geom: scene_aabb_proxy_line_6_output_side_protrusion
judge_collision_detected:
robot_base_x: 10.507951
robot_base_y: -7.269187
robot_base_yaw: 3.134282
robot_geom: robot0_torso_fixed_collision_box_1
proxy_geom: scene_aabb_proxy_line_6_belt
judge_collision_detected:
robot_base_x: 10.507951
robot_base_y: -7.269187
robot_base_yaw: 3.134282
robot_geom: robot0_torso_fixed_collision_box_1
proxy_geom: scene_aabb_proxy_line_6_output_side_protrusion
judge_collision_detected:
robot_base_x: 10.507951
robot_base_y: -7.269187
robot_base_yaw: 3.134282
robot_geom: robot0_torso_fixed_collision_box_1
proxy_geom: scene_aabb_proxy_output_6
judge_collision_detected:
robot_base_x: 10.507951
robot_base_y: -7.269187
robot_base_yaw: 3.134282
robot_geom: robot0_torso_fixed_collision_box_1
proxy_geom: scene_aabb_proxy_production_line_6
judge_collision_detected:
robot_base_x: 10.507951
robot_base_y: -7.269187
robot_base_yaw: 3.134282
robot_geom: robot0_torso_fixed_column_collision
proxy_geom: scene_aabb_proxy_line_6_belt
judge_collision_detected:
robot_base_x: 10.507951
robot_base_y: -7.269187
robot_base_yaw: 3.134282
robot_geom: robot0_torso_fixed_column_collision
proxy_geom: scene_aabb_proxy_line_6_output_side_protrusion
judge_collision_detected:
robot_base_x: 10.507951
robot_base_y: -7.269187
robot_base_yaw: 3.134282
robot_geom: robot0_wheel_left_collision
proxy_geom: scene_aabb_proxy_line_6_output_side_protrusion
judge_collision_detected:
robot_base_x: 10.507951
robot_base_y: -7.269187
robot_base_yaw: 3.134282
robot_geom: robot0_wheel_right_collision
proxy_geom: scene_aabb_proxy_line_6_output_side_protrusion
judge_collision_detected:
robot_base_x: 10.507951
robot_base_y: -7.269187
robot_base_yaw: 3.134282
robot_geom: robot0_wheel_right_collision
proxy_geom: scene_aabb_proxy_production_line_6
judge_collision_detected:
robot_base_x: 10.505394
robot_base_y: -7.269482
robot_base_yaw: 3.134322
robot_geom: robot0_back_left_caster_2
proxy_geom: scene_aabb_proxy_line_6_belt
judge_collision_detected:
robot_base_x: 10.505394
robot_base_y: -7.269482
robot_base_yaw: 3.134322
robot_geom: robot0_back_left_caster_2
proxy_geom: scene_aabb_proxy_line_6_output_side_protrusion
judge_collision_detected:
robot_base_x: 10.505394
robot_base_y: -7.269482
robot_base_yaw: 3.134322
robot_geom: robot0_back_right_caster_2
proxy_geom: scene_aabb_proxy_line_6_belt
judge_collision_detected:
robot_base_x: 10.505394
robot_base_y: -7.269482
robot_base_yaw: 3.134322
robot_geom: robot0_back_right_caster_2
proxy_geom: scene_aabb_proxy_line_6_output_side_protrusion
judge_collision_detected:
robot_base_x: 10.505394
robot_base_y: -7.269482
robot_base_yaw: 3.134322
robot_geom: robot0_base_collision
proxy_geom: scene_aabb_proxy_line_6_belt
judge_collision_detected:
robot_base_x: 10.505394
robot_base_y: -7.269482
robot_base_yaw: 3.134322
robot_geom: robot0_base_collision
proxy_geom: scene_aabb_proxy_line_6_output_side_protrusion
judge_collision_detected:
robot_base_x: 10.505394
robot_base_y: -7.269482
robot_base_yaw: 3.134322
robot_geom: robot0_base_collision
proxy_geom: scene_aabb_proxy_output_6
judge_collision_detected:
robot_base_x: 10.505394
robot_base_y: -7.269482
robot_base_yaw: 3.134322
robot_geom: robot0_base_collision
proxy_geom: scene_aabb_proxy_production_line_6
judge_collision_detected:
robot_base_x: 10.505394
robot_base_y: -7.269482
robot_base_yaw: 3.134322
robot_geom: robot0_front_left_caster_2
proxy_geom: scene_aabb_proxy_line_6_output_side_protrusion
judge_collision_detected:
robot_base_x: 10.505394
robot_base_y: -7.269482
robot_base_yaw: 3.134322
robot_geom: robot0_front_right_caster_2
proxy_geom: scene_aabb_proxy_line_6_output_side_protrusion
judge_collision_detected:
robot_base_x: 10.505394
robot_base_y: -7.269482
robot_base_yaw: 3.134322
robot_geom: robot0_torso_fixed_collision_box_1
proxy_geom: scene_aabb_proxy_line_6_belt
judge_collision_detected:
robot_base_x: 10.505394
robot_base_y: -7.269482
robot_base_yaw: 3.134322
robot_geom: robot0_torso_fixed_collision_box_1
proxy_geom: scene_aabb_proxy_line_6_output_side_protrusion
judge_collision_detected:
robot_base_x: 10.505394
robot_base_y: -7.269482
robot_base_yaw: 3.134322
robot_geom: robot0_torso_fixed_collision_box_1
proxy_geom: scene_aabb_proxy_output_6
judge_collision_detected:
robot_base_x: 10.505394
robot_base_y: -7.269482
robot_base_yaw: 3.134322
robot_geom: robot0_torso_fixed_collision_box_1
proxy_geom: scene_aabb_proxy_production_line_6
judge_collision_detected:
robot_base_x: 10.505394
robot_base_y: -7.269482
robot_base_yaw: 3.134322
robot_geom: robot0_torso_fixed_column_collision
proxy_geom: scene_aabb_proxy_line_6_belt
judge_collision_detected:
robot_base_x: 10.505394
robot_base_y: -7.269482
robot_base_yaw: 3.134322
robot_geom: robot0_torso_fixed_column_collision
proxy_geom: scene_aabb_proxy_line_6_output_side_protrusion
judge_collision_detected:
robot_base_x: 10.505394
robot_base_y: -7.269482
robot_base_yaw: 3.134322
robot_geom: robot0_wheel_left_collision
proxy_geom: scene_aabb_proxy_line_6_output_side_protrusion
judge_collision_detected:
robot_base_x: 10.505394
robot_base_y: -7.269482
robot_base_yaw: 3.134322
robot_geom: robot0_wheel_right_collision
proxy_geom: scene_aabb_proxy_line_6_output_side_protrusion
judge_collision_detected:
robot_base_x: 10.505394
robot_base_y: -7.269482
robot_base_yaw: 3.134322
robot_geom: robot0_wheel_right_collision
proxy_geom: scene_aabb_proxy_production_line_6
judge_collision_detected:
robot_base_x: 10.502946
robot_base_y: -7.269781
robot_base_yaw: 3.134380
robot_geom: robot0_back_left_caster_2
proxy_geom: scene_aabb_proxy_line_6_belt
judge_collision_detected:
robot_base_x: 10.502946
robot_base_y: -7.269781
robot_base_yaw: 3.134380
robot_geom: robot0_back_left_caster_2
proxy_geom: scene_aabb_proxy_line_6_output_side_protrusion
judge_collision_detected:
robot_base_x: 10.502946
robot_base_y: -7.269781
robot_base_yaw: 3.134380
robot_geom: robot0_back_right_caster_2
proxy_geom: scene_aabb_proxy_line_6_belt
judge_collision_detected:
robot_base_x: 10.502946
robot_base_y: -7.269781
robot_base_yaw: 3.134380
robot_geom: robot0_back_right_caster_2
proxy_geom: scene_aabb_proxy_line_6_output_side_protrusion
judge_collision_detected:
robot_base_x: 10.502946
robot_base_y: -7.269781
robot_base_yaw: 3.134380
robot_geom: robot0_base_collision
proxy_geom: scene_aabb_proxy_line_6_belt
judge_collision_detected:
robot_base_x: 10.502946
robot_base_y: -7.269781
robot_base_yaw: 3.134380
robot_geom: robot0_base_collision
proxy_geom: scene_aabb_proxy_line_6_output_side_protrusion
judge_collision_detected:
robot_base_x: 10.502946
robot_base_y: -7.269781
robot_base_yaw: 3.134380
robot_geom: robot0_base_collision
proxy_geom: scene_aabb_proxy_output_6
judge_collision_detected:
robot_base_x: 10.502946
robot_base_y: -7.269781
robot_base_yaw: 3.134380
robot_geom: robot0_base_collision
proxy_geom: scene_aabb_proxy_production_line_6
judge_collision_detected:
robot_base_x: 10.502946
robot_base_y: -7.269781
robot_base_yaw: 3.134380
robot_geom: robot0_torso_fixed_collision_box_1
proxy_geom: scene_aabb_proxy_line_6_belt
judge_collision_detected:
robot_base_x: 10.502946
robot_base_y: -7.269781
robot_base_yaw: 3.134380
robot_geom: robot0_torso_fixed_collision_box_1
proxy_geom: scene_aabb_proxy_line_6_output_side_protrusion
judge_collision_detected:
robot_base_x: 10.502946
robot_base_y: -7.269781
robot_base_yaw: 3.134380
robot_geom: robot0_torso_fixed_collision_box_1
proxy_geom: scene_aabb_proxy_output_6
judge_collision_detected:
robot_base_x: 10.502946
robot_base_y: -7.269781
robot_base_yaw: 3.134380
robot_geom: robot0_torso_fixed_collision_box_1
proxy_geom: scene_aabb_proxy_production_line_6
judge_collision_detected:
robot_base_x: 10.502946
robot_base_y: -7.269781
robot_base_yaw: 3.134380
robot_geom: robot0_torso_fixed_column_collision
proxy_geom: scene_aabb_proxy_line_6_belt
judge_collision_detected:
robot_base_x: 10.502946
robot_base_y: -7.269781
robot_base_yaw: 3.134380
robot_geom: robot0_torso_fixed_column_collision
proxy_geom: scene_aabb_proxy_line_6_output_side_protrusion
judge_collision_detected:
robot_base_x: 10.502946
robot_base_y: -7.269781
robot_base_yaw: 3.134380
robot_geom: robot0_wheel_left_collision
proxy_geom: scene_aabb_proxy_line_6_output_side_protrusion
judge_collision_detected:
robot_base_x: 10.502946
robot_base_y: -7.269781
robot_base_yaw: 3.134380
robot_geom: robot0_wheel_right_collision
proxy_geom: scene_aabb_proxy_line_6_output_side_protrusion
judge_collision_detected:
robot_base_x: 10.502946
robot_base_y: -7.269781
robot_base_yaw: 3.134380
robot_geom: robot0_wheel_right_collision
proxy_geom: scene_aabb_proxy_production_line_6
judge_collision_detected:
robot_base_x: 10.500594
robot_base_y: -7.270076
robot_base_yaw: 3.134442
robot_geom: robot0_back_left_caster_2
proxy_geom: scene_aabb_proxy_line_6_belt
judge_collision_detected:
robot_base_x: 10.500594
robot_base_y: -7.270076
robot_base_yaw: 3.134442
robot_geom: robot0_back_left_caster_2
proxy_geom: scene_aabb_proxy_line_6_output_side_protrusion
judge_collision_detected:
robot_base_x: 10.500594
robot_base_y: -7.270076
robot_base_yaw: 3.134442
robot_geom: robot0_back_right_caster_2
proxy_geom: scene_aabb_proxy_line_6_belt
judge_collision_detected:
robot_base_x: 10.500594
robot_base_y: -7.270076
robot_base_yaw: 3.134442
robot_geom: robot0_back_right_caster_2
proxy_geom: scene_aabb_proxy_line_6_output_side_protrusion
judge_collision_detected:
robot_base_x: 10.500594
robot_base_y: -7.270076
robot_base_yaw: 3.134442
robot_geom: robot0_base_collision
proxy_geom: scene_aabb_proxy_line_6_belt
judge_collision_detected:
robot_base_x: 10.500594
robot_base_y: -7.270076
robot_base_yaw: 3.134442
robot_geom: robot0_base_collision
proxy_geom: scene_aabb_proxy_line_6_output_side_protrusion
judge_collision_detected:
robot_base_x: 10.500594
robot_base_y: -7.270076
robot_base_yaw: 3.134442
robot_geom: robot0_base_collision
proxy_geom: scene_aabb_proxy_output_6
judge_collision_detected:
robot_base_x: 10.500594
robot_base_y: -7.270076
robot_base_yaw: 3.134442
robot_geom: robot0_base_collision
proxy_geom: scene_aabb_proxy_production_line_6
judge_collision_detected:
robot_base_x: 10.500594
robot_base_y: -7.270076
robot_base_yaw: 3.134442
robot_geom: robot0_torso_fixed_collision_box_1
proxy_geom: scene_aabb_proxy_line_6_belt
judge_collision_detected:
robot_base_x: 10.500594
robot_base_y: -7.270076
robot_base_yaw: 3.134442
robot_geom: robot0_torso_fixed_collision_box_1
proxy_geom: scene_aabb_proxy_line_6_output_side_protrusion
judge_collision_detected:
robot_base_x: 10.500594
robot_base_y: -7.270076
robot_base_yaw: 3.134442
robot_geom: robot0_torso_fixed_collision_box_1
proxy_geom: scene_aabb_proxy_output_6
judge_collision_detected:
robot_base_x: 10.500594
robot_base_y: -7.270076
robot_base_yaw: 3.134442
robot_geom: robot0_torso_fixed_collision_box_1
proxy_geom: scene_aabb_proxy_production_line_6
judge_collision_detected:
robot_base_x: 10.500594
robot_base_y: -7.270076
robot_base_yaw: 3.134442
robot_geom: robot0_torso_fixed_column_collision
proxy_geom: scene_aabb_proxy_line_6_belt
judge_collision_detected:
robot_base_x: 10.500594
robot_base_y: -7.270076
robot_base_yaw: 3.134442
robot_geom: robot0_torso_fixed_column_collision
proxy_geom: scene_aabb_proxy_line_6_output_side_protrusion
judge_collision_detected:
robot_base_x: 10.500594
robot_base_y: -7.270076
robot_base_yaw: 3.134442
robot_geom: robot0_wheel_left_collision
proxy_geom: scene_aabb_proxy_line_6_output_side_protrusion
judge_collision_detected:
robot_base_x: 10.500594
robot_base_y: -7.270076
robot_base_yaw: 3.134442
robot_geom: robot0_wheel_right_collision
proxy_geom: scene_aabb_proxy_line_6_output_side_protrusion
judge_collision_detected:
robot_base_x: 10.500594
robot_base_y: -7.270076
robot_base_yaw: 3.134442
robot_geom: robot0_wheel_right_collision
proxy_geom: scene_aabb_proxy_production_line_6
judge_collision_detected:
robot_base_x: 10.498349
robot_base_y: -7.270364
robot_base_yaw: 3.134468
robot_geom: robot0_back_left_caster_2
proxy_geom: scene_aabb_proxy_line_6_belt
judge_collision_detected:
robot_base_x: 10.498349
robot_base_y: -7.270364
robot_base_yaw: 3.134468
robot_geom: robot0_back_left_caster_2
proxy_geom: scene_aabb_proxy_line_6_output_side_protrusion
judge_collision_detected:
robot_base_x: 10.498349
robot_base_y: -7.270364
robot_base_yaw: 3.134468
robot_geom: robot0_back_right_caster_2
proxy_geom: scene_aabb_proxy_line_6_belt
judge_collision_detected:
robot_base_x: 10.498349
robot_base_y: -7.270364
robot_base_yaw: 3.134468
robot_geom: robot0_back_right_caster_2
proxy_geom: scene_aabb_proxy_line_6_output_side_protrusion
judge_collision_detected:
robot_base_x: 10.498349
robot_base_y: -7.270364
robot_base_yaw: 3.134468
robot_geom: robot0_base_collision
proxy_geom: scene_aabb_proxy_line_6_belt
judge_collision_detected:
robot_base_x: 10.498349
robot_base_y: -7.270364
robot_base_yaw: 3.134468
robot_geom: robot0_base_collision
proxy_geom: scene_aabb_proxy_line_6_output_side_protrusion
judge_collision_detected:
robot_base_x: 10.498349
robot_base_y: -7.270364
robot_base_yaw: 3.134468
robot_geom: robot0_base_collision
proxy_geom: scene_aabb_proxy_output_6
judge_collision_detected:
robot_base_x: 10.498349
robot_base_y: -7.270364
robot_base_yaw: 3.134468
robot_geom: robot0_base_collision
proxy_geom: scene_aabb_proxy_production_line_6
judge_collision_detected:
robot_base_x: 10.498349
robot_base_y: -7.270364
robot_base_yaw: 3.134468
robot_geom: robot0_torso_fixed_collision_box_1
proxy_geom: scene_aabb_proxy_line_6_belt
judge_collision_detected:
robot_base_x: 10.498349
robot_base_y: -7.270364
robot_base_yaw: 3.134468
robot_geom: robot0_torso_fixed_collision_box_1
proxy_geom: scene_aabb_proxy_line_6_output_side_protrusion
judge_collision_detected:
robot_base_x: 10.498349
robot_base_y: -7.270364
robot_base_yaw: 3.134468
robot_geom: robot0_torso_fixed_collision_box_1
proxy_geom: scene_aabb_proxy_output_6
judge_collision_detected:
robot_base_x: 10.498349
robot_base_y: -7.270364
robot_base_yaw: 3.134468
robot_geom: robot0_torso_fixed_collision_box_1
proxy_geom: scene_aabb_proxy_production_line_6
judge_collision_detected:
robot_base_x: 10.498349
robot_base_y: -7.270364
robot_base_yaw: 3.134468
robot_geom: robot0_torso_fixed_column_collision
proxy_geom: scene_aabb_proxy_line_6_belt
judge_collision_detected:
robot_base_x: 10.498349
robot_base_y: -7.270364
robot_base_yaw: 3.134468
robot_geom: robot0_torso_fixed_column_collision
proxy_geom: scene_aabb_proxy_line_6_output_side_protrusion
judge_collision_detected:
robot_base_x: 10.498349
robot_base_y: -7.270364
robot_base_yaw: 3.134468
robot_geom: robot0_wheel_left_collision
proxy_geom: scene_aabb_proxy_line_6_output_side_protrusion
judge_collision_detected:
robot_base_x: 10.498349
robot_base_y: -7.270364
robot_base_yaw: 3.134468
robot_geom: robot0_wheel_right_collision
proxy_geom: scene_aabb_proxy_line_6_output_side_protrusion
judge_collision_detected:
robot_base_x: 10.498349
robot_base_y: -7.270364
robot_base_yaw: 3.134468
robot_geom: robot0_wheel_right_collision
proxy_geom: scene_aabb_proxy_production_line_6
judge_collision_detected:
robot_base_x: 10.496233
robot_base_y: -7.270641
robot_base_yaw: 3.134429
robot_geom: robot0_back_left_caster_2
proxy_geom: scene_aabb_proxy_line_6_belt
judge_collision_detected:
robot_base_x: 10.496233
robot_base_y: -7.270641
robot_base_yaw: 3.134429
robot_geom: robot0_back_left_caster_2
proxy_geom: scene_aabb_proxy_line_6_output_side_protrusion
judge_collision_detected:
robot_base_x: 10.496233
robot_base_y: -7.270641
robot_base_yaw: 3.134429
robot_geom: robot0_back_right_caster_2
proxy_geom: scene_aabb_proxy_line_6_belt
judge_collision_detected:
robot_base_x: 10.496233
robot_base_y: -7.270641
robot_base_yaw: 3.134429
robot_geom: robot0_back_right_caster_2
proxy_geom: scene_aabb_proxy_line_6_output_side_protrusion
judge_collision_detected:
robot_base_x: 10.496233
robot_base_y: -7.270641
robot_base_yaw: 3.134429
robot_geom: robot0_base_collision
proxy_geom: scene_aabb_proxy_line_6_belt
judge_collision_detected:
robot_base_x: 10.496233
robot_base_y: -7.270641
robot_base_yaw: 3.134429
robot_geom: robot0_base_collision
proxy_geom: scene_aabb_proxy_line_6_output_side_protrusion
judge_collision_detected:
robot_base_x: 10.496233
robot_base_y: -7.270641
robot_base_yaw: 3.134429
robot_geom: robot0_base_collision
proxy_geom: scene_aabb_proxy_output_6
judge_collision_detected:
robot_base_x: 10.496233
robot_base_y: -7.270641
robot_base_yaw: 3.134429
robot_geom: robot0_base_collision
proxy_geom: scene_aabb_proxy_production_line_6
judge_collision_detected:
robot_base_x: 10.496233
robot_base_y: -7.270641
robot_base_yaw: 3.134429
robot_geom: robot0_torso_fixed_collision_box_1
proxy_geom: scene_aabb_proxy_line_6_belt
judge_collision_detected:
robot_base_x: 10.496233
robot_base_y: -7.270641
robot_base_yaw: 3.134429
robot_geom: robot0_torso_fixed_collision_box_1
proxy_geom: scene_aabb_proxy_line_6_output_side_protrusion
judge_collision_detected:
robot_base_x: 10.496233
robot_base_y: -7.270641
robot_base_yaw: 3.134429
robot_geom: robot0_torso_fixed_collision_box_1
proxy_geom: scene_aabb_proxy_output_6
judge_collision_detected:
robot_base_x: 10.496233
robot_base_y: -7.270641
robot_base_yaw: 3.134429
robot_geom: robot0_torso_fixed_collision_box_1
proxy_geom: scene_aabb_proxy_production_line_6
judge_collision_detected:
robot_base_x: 10.496233
robot_base_y: -7.270641
robot_base_yaw: 3.134429
robot_geom: robot0_torso_fixed_column_collision
proxy_geom: scene_aabb_proxy_line_6_belt
judge_collision_detected:
robot_base_x: 10.496233
robot_base_y: -7.270641
robot_base_yaw: 3.134429
robot_geom: robot0_torso_fixed_column_collision
proxy_geom: scene_aabb_proxy_line_6_output_side_protrusion
judge_collision_detected:
robot_base_x: 10.496233
robot_base_y: -7.270641
robot_base_yaw: 3.134429
robot_geom: robot0_wheel_left_collision
proxy_geom: scene_aabb_proxy_line_6_output_side_protrusion
judge_collision_detected:
robot_base_x: 10.496233
robot_base_y: -7.270641
robot_base_yaw: 3.134429
robot_geom: robot0_wheel_right_collision
proxy_geom: scene_aabb_proxy_line_6_output_side_protrusion
judge_collision_detected:
robot_base_x: 10.496233
robot_base_y: -7.270641
robot_base_yaw: 3.134429
robot_geom: robot0_wheel_right_collision
proxy_geom: scene_aabb_proxy_production_line_6
judge_collision_detected:
robot_base_x: 10.494198
robot_base_y: -7.270914
robot_base_yaw: 3.134378
robot_geom: robot0_back_left_caster_2
proxy_geom: scene_aabb_proxy_line_6_belt
judge_collision_detected:
robot_base_x: 10.494198
robot_base_y: -7.270914
robot_base_yaw: 3.134378
robot_geom: robot0_back_left_caster_2
proxy_geom: scene_aabb_proxy_line_6_output_side_protrusion
judge_collision_detected:
robot_base_x: 10.494198
robot_base_y: -7.270914
robot_base_yaw: 3.134378
robot_geom: robot0_back_right_caster_2
proxy_geom: scene_aabb_proxy_line_6_belt
judge_collision_detected:
robot_base_x: 10.494198
robot_base_y: -7.270914
robot_base_yaw: 3.134378
robot_geom: robot0_back_right_caster_2
proxy_geom: scene_aabb_proxy_line_6_output_side_protrusion
judge_collision_detected:
robot_base_x: 10.494198
robot_base_y: -7.270914
robot_base_yaw: 3.134378
robot_geom: robot0_base_collision
proxy_geom: scene_aabb_proxy_line_6_belt
judge_collision_detected:
robot_base_x: 10.494198
robot_base_y: -7.270914
robot_base_yaw: 3.134378
robot_geom: robot0_base_collision
proxy_geom: scene_aabb_proxy_line_6_output_side_protrusion
judge_collision_detected:
robot_base_x: 10.494198
robot_base_y: -7.270914
robot_base_yaw: 3.134378
robot_geom: robot0_base_collision
proxy_geom: scene_aabb_proxy_output_6
judge_collision_detected:
robot_base_x: 10.494198
robot_base_y: -7.270914
robot_base_yaw: 3.134378
robot_geom: robot0_base_collision
proxy_geom: scene_aabb_proxy_production_line_6
judge_collision_detected:
robot_base_x: 10.494198
robot_base_y: -7.270914
robot_base_yaw: 3.134378
robot_geom: robot0_torso_fixed_collision_box_1
proxy_geom: scene_aabb_proxy_line_6_belt
judge_collision_detected:
robot_base_x: 10.494198
robot_base_y: -7.270914
robot_base_yaw: 3.134378
robot_geom: robot0_torso_fixed_collision_box_1
proxy_geom: scene_aabb_proxy_line_6_output_side_protrusion
judge_collision_detected:
robot_base_x: 10.494198
robot_base_y: -7.270914
robot_base_yaw: 3.134378
robot_geom: robot0_torso_fixed_collision_box_1
proxy_geom: scene_aabb_proxy_output_6
judge_collision_detected:
robot_base_x: 10.494198
robot_base_y: -7.270914
robot_base_yaw: 3.134378
robot_geom: robot0_torso_fixed_collision_box_1
proxy_geom: scene_aabb_proxy_production_line_6
judge_collision_detected:
robot_base_x: 10.494198
robot_base_y: -7.270914
robot_base_yaw: 3.134378
robot_geom: robot0_torso_fixed_column_collision
proxy_geom: scene_aabb_proxy_line_6_belt
judge_collision_detected:
robot_base_x: 10.494198
robot_base_y: -7.270914
robot_base_yaw: 3.134378
robot_geom: robot0_torso_fixed_column_collision
proxy_geom: scene_aabb_proxy_line_6_output_side_protrusion
judge_collision_detected:
robot_base_x: 10.494198
robot_base_y: -7.270914
robot_base_yaw: 3.134378
robot_geom: robot0_wheel_left_collision
proxy_geom: scene_aabb_proxy_line_6_output_side_protrusion
judge_collision_detected:
robot_base_x: 10.494198
robot_base_y: -7.270914
robot_base_yaw: 3.134378
robot_geom: robot0_wheel_right_collision
proxy_geom: scene_aabb_proxy_line_6_output_side_protrusion
judge_collision_detected:
robot_base_x: 10.494198
robot_base_y: -7.270914
robot_base_yaw: 3.134378
robot_geom: robot0_wheel_right_collision
proxy_geom: scene_aabb_proxy_production_line_6
judge_collision_detected:
robot_base_x: 10.492240
robot_base_y: -7.271183
robot_base_yaw: 3.134336
robot_geom: robot0_back_left_caster_2
proxy_geom: scene_aabb_proxy_line_6_belt
judge_collision_detected:
robot_base_x: 10.492240
robot_base_y: -7.271183
robot_base_yaw: 3.134336
robot_geom: robot0_back_left_caster_2
proxy_geom: scene_aabb_proxy_line_6_output_side_protrusion
judge_collision_detected:
robot_base_x: 10.492240
robot_base_y: -7.271183
robot_base_yaw: 3.134336
robot_geom: robot0_back_right_caster_2
proxy_geom: scene_aabb_proxy_line_6_belt
judge_collision_detected:
robot_base_x: 10.492240
robot_base_y: -7.271183
robot_base_yaw: 3.134336
robot_geom: robot0_back_right_caster_2
proxy_geom: scene_aabb_proxy_line_6_output_side_protrusion
judge_collision_detected:
robot_base_x: 10.492240
robot_base_y: -7.271183
robot_base_yaw: 3.134336
robot_geom: robot0_base_collision
proxy_geom: scene_aabb_proxy_line_6_belt
judge_collision_detected:
robot_base_x: 10.492240
robot_base_y: -7.271183
robot_base_yaw: 3.134336
robot_geom: robot0_base_collision
proxy_geom: scene_aabb_proxy_line_6_output_side_protrusion
judge_collision_detected:
robot_base_x: 10.492240
robot_base_y: -7.271183
robot_base_yaw: 3.134336
robot_geom: robot0_base_collision
proxy_geom: scene_aabb_proxy_output_6
judge_collision_detected:
robot_base_x: 10.492240
robot_base_y: -7.271183
robot_base_yaw: 3.134336
robot_geom: robot0_base_collision
proxy_geom: scene_aabb_proxy_production_line_6
judge_collision_detected:
robot_base_x: 10.492240
robot_base_y: -7.271183
robot_base_yaw: 3.134336
robot_geom: robot0_torso_fixed_collision_box_1
proxy_geom: scene_aabb_proxy_line_6_belt
judge_collision_detected:
robot_base_x: 10.492240
robot_base_y: -7.271183
robot_base_yaw: 3.134336
robot_geom: robot0_torso_fixed_collision_box_1
proxy_geom: scene_aabb_proxy_line_6_output_side_protrusion
judge_collision_detected:
robot_base_x: 10.492240
robot_base_y: -7.271183
robot_base_yaw: 3.134336
robot_geom: robot0_torso_fixed_collision_box_1
proxy_geom: scene_aabb_proxy_output_6
judge_collision_detected:
robot_base_x: 10.492240
robot_base_y: -7.271183
robot_base_yaw: 3.134336
robot_geom: robot0_torso_fixed_collision_box_1
proxy_geom: scene_aabb_proxy_production_line_6
judge_collision_detected:
robot_base_x: 10.492240
robot_base_y: -7.271183
robot_base_yaw: 3.134336
robot_geom: robot0_torso_fixed_column_collision
proxy_geom: scene_aabb_proxy_line_6_belt
judge_collision_detected:
robot_base_x: 10.492240
robot_base_y: -7.271183
robot_base_yaw: 3.134336
robot_geom: robot0_torso_fixed_column_collision
proxy_geom: scene_aabb_proxy_line_6_output_side_protrusion
judge_collision_detected:
robot_base_x: 10.492240
robot_base_y: -7.271183
robot_base_yaw: 3.134336
robot_geom: robot0_wheel_left_collision
proxy_geom: scene_aabb_proxy_line_6_output_side_protrusion
judge_collision_detected:
robot_base_x: 10.492240
robot_base_y: -7.271183
robot_base_yaw: 3.134336
robot_geom: robot0_wheel_right_collision
proxy_geom: scene_aabb_proxy_line_6_output_side_protrusion
judge_collision_detected:
robot_base_x: 10.492240
robot_base_y: -7.271183
robot_base_yaw: 3.134336
robot_geom: robot0_wheel_right_collision
proxy_geom: scene_aabb_proxy_production_line_6
judge_collision_detected:
robot_base_x: 10.490299
robot_base_y: -7.271456
robot_base_yaw: 3.134337
robot_geom: robot0_back_left_caster_2
proxy_geom: scene_aabb_proxy_line_6_belt
judge_collision_detected:
robot_base_x: 10.490299
robot_base_y: -7.271456
robot_base_yaw: 3.134337
robot_geom: robot0_back_left_caster_2
proxy_geom: scene_aabb_proxy_line_6_output_side_protrusion
judge_collision_detected:
robot_base_x: 10.490299
robot_base_y: -7.271456
robot_base_yaw: 3.134337
robot_geom: robot0_back_right_caster_2
proxy_geom: scene_aabb_proxy_line_6_belt
judge_collision_detected:
robot_base_x: 10.490299
robot_base_y: -7.271456
robot_base_yaw: 3.134337
robot_geom: robot0_back_right_caster_2
proxy_geom: scene_aabb_proxy_line_6_output_side_protrusion
judge_collision_detected:
robot_base_x: 10.490299
robot_base_y: -7.271456
robot_base_yaw: 3.134337
robot_geom: robot0_base_collision
proxy_geom: scene_aabb_proxy_line_6_belt
judge_collision_detected:
robot_base_x: 10.490299
robot_base_y: -7.271456
robot_base_yaw: 3.134337
robot_geom: robot0_base_collision
proxy_geom: scene_aabb_proxy_line_6_output_side_protrusion
judge_collision_detected:
robot_base_x: 10.490299
robot_base_y: -7.271456
robot_base_yaw: 3.134337
robot_geom: robot0_base_collision
proxy_geom: scene_aabb_proxy_output_6
judge_collision_detected:
robot_base_x: 10.490299
robot_base_y: -7.271456
robot_base_yaw: 3.134337
robot_geom: robot0_base_collision
proxy_geom: scene_aabb_proxy_production_line_6
judge_collision_detected:
robot_base_x: 10.490299
robot_base_y: -7.271456
robot_base_yaw: 3.134337
robot_geom: robot0_torso_fixed_collision_box_1
proxy_geom: scene_aabb_proxy_line_6_belt
judge_collision_detected:
robot_base_x: 10.490299
robot_base_y: -7.271456
robot_base_yaw: 3.134337
robot_geom: robot0_torso_fixed_collision_box_1
proxy_geom: scene_aabb_proxy_line_6_output_side_protrusion
judge_collision_detected:
robot_base_x: 10.490299
robot_base_y: -7.271456
robot_base_yaw: 3.134337
robot_geom: robot0_torso_fixed_collision_box_1
proxy_geom: scene_aabb_proxy_output_6
judge_collision_detected:
robot_base_x: 10.490299
robot_base_y: -7.271456
robot_base_yaw: 3.134337
robot_geom: robot0_torso_fixed_collision_box_1
proxy_geom: scene_aabb_proxy_production_line_6
judge_collision_detected:
robot_base_x: 10.490299
robot_base_y: -7.271456
robot_base_yaw: 3.134337
robot_geom: robot0_torso_fixed_column_collision
proxy_geom: scene_aabb_proxy_line_6_belt
judge_collision_detected:
robot_base_x: 10.490299
robot_base_y: -7.271456
robot_base_yaw: 3.134337
robot_geom: robot0_torso_fixed_column_collision
proxy_geom: scene_aabb_proxy_line_6_output_side_protrusion
judge_collision_detected:
robot_base_x: 10.490299
robot_base_y: -7.271456
robot_base_yaw: 3.134337
robot_geom: robot0_wheel_left_collision
proxy_geom: scene_aabb_proxy_line_6_output_side_protrusion
judge_collision_detected:
robot_base_x: 10.490299
robot_base_y: -7.271456
robot_base_yaw: 3.134337
robot_geom: robot0_wheel_right_collision
proxy_geom: scene_aabb_proxy_line_6_output_side_protrusion
judge_collision_detected:
robot_base_x: 10.490299
robot_base_y: -7.271456
robot_base_yaw: 3.134337
robot_geom: robot0_wheel_right_collision
proxy_geom: scene_aabb_proxy_production_line_6
judge_collision_detected:
robot_base_x: 10.488185
robot_base_y: -7.271723
robot_base_yaw: 3.134278
robot_geom: robot0_back_left_caster_2
proxy_geom: scene_aabb_proxy_line_6_belt
judge_collision_detected:
robot_base_x: 10.488185
robot_base_y: -7.271723
robot_base_yaw: 3.134278
robot_geom: robot0_back_left_caster_2
proxy_geom: scene_aabb_proxy_line_6_output_side_protrusion
judge_collision_detected:
robot_base_x: 10.488185
robot_base_y: -7.271723
robot_base_yaw: 3.134278
robot_geom: robot0_back_right_caster_2
proxy_geom: scene_aabb_proxy_line_6_belt
judge_collision_detected:
robot_base_x: 10.488185
robot_base_y: -7.271723
robot_base_yaw: 3.134278
robot_geom: robot0_back_right_caster_2
proxy_geom: scene_aabb_proxy_line_6_output_side_protrusion
judge_collision_detected:
robot_base_x: 10.488185
robot_base_y: -7.271723
robot_base_yaw: 3.134278
robot_geom: robot0_base_collision
proxy_geom: scene_aabb_proxy_line_6_belt
judge_collision_detected:
robot_base_x: 10.488185
robot_base_y: -7.271723
robot_base_yaw: 3.134278
robot_geom: robot0_base_collision
proxy_geom: scene_aabb_proxy_line_6_output_side_protrusion
judge_collision_detected:
robot_base_x: 10.488185
robot_base_y: -7.271723
robot_base_yaw: 3.134278
robot_geom: robot0_base_collision
proxy_geom: scene_aabb_proxy_output_6
judge_collision_detected:
robot_base_x: 10.488185
robot_base_y: -7.271723
robot_base_yaw: 3.134278
robot_geom: robot0_base_collision
proxy_geom: scene_aabb_proxy_production_line_6
judge_collision_detected:
robot_base_x: 10.488185
robot_base_y: -7.271723
robot_base_yaw: 3.134278
robot_geom: robot0_torso_fixed_collision_box_1
proxy_geom: scene_aabb_proxy_line_6_belt
judge_collision_detected:
robot_base_x: 10.488185
robot_base_y: -7.271723
robot_base_yaw: 3.134278
robot_geom: robot0_torso_fixed_collision_box_1
proxy_geom: scene_aabb_proxy_line_6_output_side_protrusion
judge_collision_detected:
robot_base_x: 10.488185
robot_base_y: -7.271723
robot_base_yaw: 3.134278
robot_geom: robot0_torso_fixed_collision_box_1
proxy_geom: scene_aabb_proxy_output_6
judge_collision_detected:
robot_base_x: 10.488185
robot_base_y: -7.271723
robot_base_yaw: 3.134278
robot_geom: robot0_torso_fixed_collision_box_1
proxy_geom: scene_aabb_proxy_production_line_6
judge_collision_detected:
robot_base_x: 10.488185
robot_base_y: -7.271723
robot_base_yaw: 3.134278
robot_geom: robot0_torso_fixed_column_collision
proxy_geom: scene_aabb_proxy_line_6_belt
judge_collision_detected:
robot_base_x: 10.488185
robot_base_y: -7.271723
robot_base_yaw: 3.134278
robot_geom: robot0_torso_fixed_column_collision
proxy_geom: scene_aabb_proxy_line_6_output_side_protrusion
judge_collision_detected:
robot_base_x: 10.488185
robot_base_y: -7.271723
robot_base_yaw: 3.134278
robot_geom: robot0_wheel_left_collision
proxy_geom: scene_aabb_proxy_line_6_output_side_protrusion
judge_collision_detected:
robot_base_x: 10.488185
robot_base_y: -7.271723
robot_base_yaw: 3.134278
robot_geom: robot0_wheel_right_collision
proxy_geom: scene_aabb_proxy_line_6_output_side_protrusion
judge_collision_detected:
robot_base_x: 10.488185
robot_base_y: -7.271723
robot_base_yaw: 3.134278
robot_geom: robot0_wheel_right_collision
proxy_geom: scene_aabb_proxy_production_line_6
judge_collision_detected:
robot_base_x: 10.486101
robot_base_y: -7.271986
robot_base_yaw: 3.134222
robot_geom: robot0_back_left_caster_2
proxy_geom: scene_aabb_proxy_line_6_belt
judge_collision_detected:
robot_base_x: 10.486101
robot_base_y: -7.271986
robot_base_yaw: 3.134222
robot_geom: robot0_back_left_caster_2
proxy_geom: scene_aabb_proxy_line_6_output_side_protrusion
judge_collision_detected:
robot_base_x: 10.486101
robot_base_y: -7.271986
robot_base_yaw: 3.134222
robot_geom: robot0_back_right_caster_2
proxy_geom: scene_aabb_proxy_line_6_belt
judge_collision_detected:
robot_base_x: 10.486101
robot_base_y: -7.271986
robot_base_yaw: 3.134222
robot_geom: robot0_back_right_caster_2
proxy_geom: scene_aabb_proxy_line_6_output_side_protrusion
judge_collision_detected:
robot_base_x: 10.486101
robot_base_y: -7.271986
robot_base_yaw: 3.134222
robot_geom: robot0_base_collision
proxy_geom: scene_aabb_proxy_line_6_belt
judge_collision_detected:
robot_base_x: 10.486101
robot_base_y: -7.271986
robot_base_yaw: 3.134222
robot_geom: robot0_base_collision
proxy_geom: scene_aabb_proxy_line_6_output_side_protrusion
judge_collision_detected:
robot_base_x: 10.486101
robot_base_y: -7.271986
robot_base_yaw: 3.134222
robot_geom: robot0_base_collision
proxy_geom: scene_aabb_proxy_output_6
judge_collision_detected:
robot_base_x: 10.486101
robot_base_y: -7.271986
robot_base_yaw: 3.134222
robot_geom: robot0_base_collision
proxy_geom: scene_aabb_proxy_production_line_6
judge_collision_detected:
robot_base_x: 10.486101
robot_base_y: -7.271986
robot_base_yaw: 3.134222
robot_geom: robot0_torso_fixed_collision_box_1
proxy_geom: scene_aabb_proxy_line_6_belt
judge_collision_detected:
robot_base_x: 10.486101
robot_base_y: -7.271986
robot_base_yaw: 3.134222
robot_geom: robot0_torso_fixed_collision_box_1
proxy_geom: scene_aabb_proxy_line_6_output_side_protrusion
judge_collision_detected:
robot_base_x: 10.486101
robot_base_y: -7.271986
robot_base_yaw: 3.134222
robot_geom: robot0_torso_fixed_collision_box_1
proxy_geom: scene_aabb_proxy_output_6
judge_collision_detected:
robot_base_x: 10.486101
robot_base_y: -7.271986
robot_base_yaw: 3.134222
robot_geom: robot0_torso_fixed_collision_box_1
proxy_geom: scene_aabb_proxy_production_line_6
judge_collision_detected:
robot_base_x: 10.486101
robot_base_y: -7.271986
robot_base_yaw: 3.134222
robot_geom: robot0_torso_fixed_column_collision
proxy_geom: scene_aabb_proxy_line_6_belt
judge_collision_detected:
robot_base_x: 10.486101
robot_base_y: -7.271986
robot_base_yaw: 3.134222
robot_geom: robot0_torso_fixed_column_collision
proxy_geom: scene_aabb_proxy_line_6_output_side_protrusion
judge_collision_detected:
robot_base_x: 10.486101
robot_base_y: -7.271986
robot_base_yaw: 3.134222
robot_geom: robot0_wheel_left_collision
proxy_geom: scene_aabb_proxy_line_6_output_side_protrusion
judge_collision_detected:
robot_base_x: 10.486101
robot_base_y: -7.271986
robot_base_yaw: 3.134222
robot_geom: robot0_wheel_right_collision
proxy_geom: scene_aabb_proxy_line_6_output_side_protrusion
judge_collision_detected:
robot_base_x: 10.486101
robot_base_y: -7.271986
robot_base_yaw: 3.134222
robot_geom: robot0_wheel_right_collision
proxy_geom: scene_aabb_proxy_production_line_6
judge_collision_detected:
robot_base_x: 10.484104
robot_base_y: -7.272247
robot_base_yaw: 3.134167
robot_geom: robot0_back_left_caster_2
proxy_geom: scene_aabb_proxy_line_6_belt
judge_collision_detected:
robot_base_x: 10.484104
robot_base_y: -7.272247
robot_base_yaw: 3.134167
robot_geom: robot0_back_left_caster_2
proxy_geom: scene_aabb_proxy_line_6_output_side_protrusion
judge_collision_detected:
robot_base_x: 10.484104
robot_base_y: -7.272247
robot_base_yaw: 3.134167
robot_geom: robot0_back_right_caster_2
proxy_geom: scene_aabb_proxy_line_6_belt
judge_collision_detected:
robot_base_x: 10.484104
robot_base_y: -7.272247
robot_base_yaw: 3.134167
robot_geom: robot0_back_right_caster_2
proxy_geom: scene_aabb_proxy_line_6_output_side_protrusion
judge_collision_detected:
robot_base_x: 10.484104
robot_base_y: -7.272247
robot_base_yaw: 3.134167
robot_geom: robot0_base_collision
proxy_geom: scene_aabb_proxy_line_6_belt
judge_collision_detected:
robot_base_x: 10.484104
robot_base_y: -7.272247
robot_base_yaw: 3.134167
robot_geom: robot0_base_collision
proxy_geom: scene_aabb_proxy_line_6_output_side_protrusion
judge_collision_detected:
robot_base_x: 10.484104
robot_base_y: -7.272247
robot_base_yaw: 3.134167
robot_geom: robot0_base_collision
proxy_geom: scene_aabb_proxy_output_6
judge_collision_detected:
robot_base_x: 10.484104
robot_base_y: -7.272247
robot_base_yaw: 3.134167
robot_geom: robot0_base_collision
proxy_geom: scene_aabb_proxy_production_line_6
judge_collision_detected:
robot_base_x: 10.484104
robot_base_y: -7.272247
robot_base_yaw: 3.134167
robot_geom: robot0_torso_fixed_collision_box_1
proxy_geom: scene_aabb_proxy_line_6_belt
judge_collision_detected:
robot_base_x: 10.484104
robot_base_y: -7.272247
robot_base_yaw: 3.134167
robot_geom: robot0_torso_fixed_collision_box_1
proxy_geom: scene_aabb_proxy_line_6_output_side_protrusion
judge_collision_detected:
robot_base_x: 10.484104
robot_base_y: -7.272247
robot_base_yaw: 3.134167
robot_geom: robot0_torso_fixed_collision_box_1
proxy_geom: scene_aabb_proxy_output_6
judge_collision_detected:
robot_base_x: 10.484104
robot_base_y: -7.272247
robot_base_yaw: 3.134167
robot_geom: robot0_torso_fixed_collision_box_1
proxy_geom: scene_aabb_proxy_production_line_6
judge_collision_detected:
robot_base_x: 10.484104
robot_base_y: -7.272247
robot_base_yaw: 3.134167
robot_geom: robot0_torso_fixed_column_collision
proxy_geom: scene_aabb_proxy_line_6_belt
judge_collision_detected:
robot_base_x: 10.484104
robot_base_y: -7.272247
robot_base_yaw: 3.134167
robot_geom: robot0_torso_fixed_column_collision
proxy_geom: scene_aabb_proxy_line_6_output_side_protrusion
judge_collision_detected:
robot_base_x: 10.484104
robot_base_y: -7.272247
robot_base_yaw: 3.134167
robot_geom: robot0_wheel_left_collision
proxy_geom: scene_aabb_proxy_line_6_output_side_protrusion
judge_collision_detected:
robot_base_x: 10.484104
robot_base_y: -7.272247
robot_base_yaw: 3.134167
robot_geom: robot0_wheel_right_collision
proxy_geom: scene_aabb_proxy_line_6_output_side_protrusion
judge_collision_detected:
robot_base_x: 10.484104
robot_base_y: -7.272247
robot_base_yaw: 3.134167
robot_geom: robot0_wheel_right_collision
proxy_geom: scene_aabb_proxy_production_line_6
judge_collision_detected:
robot_base_x: 10.482190
robot_base_y: -7.272504
robot_base_yaw: 3.134116
robot_geom: robot0_back_left_caster_2
proxy_geom: scene_aabb_proxy_line_6_belt
judge_collision_detected:
robot_base_x: 10.482190
robot_base_y: -7.272504
robot_base_yaw: 3.134116
robot_geom: robot0_back_left_caster_2
proxy_geom: scene_aabb_proxy_line_6_output_side_protrusion
judge_collision_detected:
robot_base_x: 10.482190
robot_base_y: -7.272504
robot_base_yaw: 3.134116
robot_geom: robot0_back_right_caster_2
proxy_geom: scene_aabb_proxy_line_6_belt
judge_collision_detected:
robot_base_x: 10.482190
robot_base_y: -7.272504
robot_base_yaw: 3.134116
robot_geom: robot0_back_right_caster_2
proxy_geom: scene_aabb_proxy_line_6_output_side_protrusion
judge_collision_detected:
robot_base_x: 10.482190
robot_base_y: -7.272504
robot_base_yaw: 3.134116
robot_geom: robot0_base_collision
proxy_geom: scene_aabb_proxy_line_6_belt
judge_collision_detected:
robot_base_x: 10.482190
robot_base_y: -7.272504
robot_base_yaw: 3.134116
robot_geom: robot0_base_collision
proxy_geom: scene_aabb_proxy_line_6_output_side_protrusion
judge_collision_detected:
robot_base_x: 10.482190
robot_base_y: -7.272504
robot_base_yaw: 3.134116
robot_geom: robot0_base_collision
proxy_geom: scene_aabb_proxy_output_6
judge_collision_detected:
robot_base_x: 10.482190
robot_base_y: -7.272504
robot_base_yaw: 3.134116
robot_geom: robot0_base_collision
proxy_geom: scene_aabb_proxy_production_line_6
judge_collision_detected:
robot_base_x: 10.482190
robot_base_y: -7.272504
robot_base_yaw: 3.134116
robot_geom: robot0_torso_fixed_collision_box_1
proxy_geom: scene_aabb_proxy_line_6_belt
judge_collision_detected:
robot_base_x: 10.482190
robot_base_y: -7.272504
robot_base_yaw: 3.134116
robot_geom: robot0_torso_fixed_collision_box_1
proxy_geom: scene_aabb_proxy_line_6_output_side_protrusion
judge_collision_detected:
robot_base_x: 10.482190
robot_base_y: -7.272504
robot_base_yaw: 3.134116
robot_geom: robot0_torso_fixed_collision_box_1
proxy_geom: scene_aabb_proxy_output_6
judge_collision_detected:
robot_base_x: 10.482190
robot_base_y: -7.272504
robot_base_yaw: 3.134116
robot_geom: robot0_torso_fixed_collision_box_1
proxy_geom: scene_aabb_proxy_production_line_6
judge_collision_detected:
robot_base_x: 10.482190
robot_base_y: -7.272504
robot_base_yaw: 3.134116
robot_geom: robot0_torso_fixed_column_collision
proxy_geom: scene_aabb_proxy_line_6_belt
judge_collision_detected:
robot_base_x: 10.482190
robot_base_y: -7.272504
robot_base_yaw: 3.134116
robot_geom: robot0_torso_fixed_column_collision
proxy_geom: scene_aabb_proxy_line_6_output_side_protrusion
judge_collision_detected:
robot_base_x: 10.482190
robot_base_y: -7.272504
robot_base_yaw: 3.134116
robot_geom: robot0_wheel_left_collision
proxy_geom: scene_aabb_proxy_line_6_output_side_protrusion
judge_collision_detected:
robot_base_x: 10.482190
robot_base_y: -7.272504
robot_base_yaw: 3.134116
robot_geom: robot0_wheel_right_collision
proxy_geom: scene_aabb_proxy_line_6_output_side_protrusion
judge_collision_detected:
robot_base_x: 10.482190
robot_base_y: -7.272504
robot_base_yaw: 3.134116
robot_geom: robot0_wheel_right_collision
proxy_geom: scene_aabb_proxy_production_line_6
judge_collision_detected:
robot_base_x: 10.480350
robot_base_y: -7.272758
robot_base_yaw: 3.134066
robot_geom: robot0_back_left_caster_2
proxy_geom: scene_aabb_proxy_line_6_belt
judge_collision_detected:
robot_base_x: 10.480350
robot_base_y: -7.272758
robot_base_yaw: 3.134066
robot_geom: robot0_back_left_caster_2
proxy_geom: scene_aabb_proxy_line_6_output_side_protrusion
judge_collision_detected:
robot_base_x: 10.480350
robot_base_y: -7.272758
robot_base_yaw: 3.134066
robot_geom: robot0_back_right_caster_2
proxy_geom: scene_aabb_proxy_line_6_belt
judge_collision_detected:
robot_base_x: 10.480350
robot_base_y: -7.272758
robot_base_yaw: 3.134066
robot_geom: robot0_back_right_caster_2
proxy_geom: scene_aabb_proxy_line_6_output_side_protrusion
judge_collision_detected:
robot_base_x: 10.480350
robot_base_y: -7.272758
robot_base_yaw: 3.134066
robot_geom: robot0_base_collision
proxy_geom: scene_aabb_proxy_line_6_belt
judge_collision_detected:
robot_base_x: 10.480350
robot_base_y: -7.272758
robot_base_yaw: 3.134066
robot_geom: robot0_base_collision
proxy_geom: scene_aabb_proxy_line_6_output_side_protrusion
judge_collision_detected:
robot_base_x: 10.480350
robot_base_y: -7.272758
robot_base_yaw: 3.134066
robot_geom: robot0_base_collision
proxy_geom: scene_aabb_proxy_output_6
judge_collision_detected:
robot_base_x: 10.480350
robot_base_y: -7.272758
robot_base_yaw: 3.134066
robot_geom: robot0_base_collision
proxy_geom: scene_aabb_proxy_production_line_6
judge_collision_detected:
robot_base_x: 10.480350
robot_base_y: -7.272758
robot_base_yaw: 3.134066
robot_geom: robot0_torso_fixed_collision_box_1
proxy_geom: scene_aabb_proxy_line_6_belt
judge_collision_detected:
robot_base_x: 10.480350
robot_base_y: -7.272758
robot_base_yaw: 3.134066
robot_geom: robot0_torso_fixed_collision_box_1
proxy_geom: scene_aabb_proxy_line_6_output_side_protrusion
judge_collision_detected:
robot_base_x: 10.480350
robot_base_y: -7.272758
robot_base_yaw: 3.134066
robot_geom: robot0_torso_fixed_collision_box_1
proxy_geom: scene_aabb_proxy_output_6
judge_collision_detected:
robot_base_x: 10.480350
robot_base_y: -7.272758
robot_base_yaw: 3.134066
robot_geom: robot0_torso_fixed_collision_box_1
proxy_geom: scene_aabb_proxy_production_line_6
judge_collision_detected:
robot_base_x: 10.480350
robot_base_y: -7.272758
robot_base_yaw: 3.134066
robot_geom: robot0_torso_fixed_column_collision
proxy_geom: scene_aabb_proxy_line_6_belt
judge_collision_detected:
robot_base_x: 10.480350
robot_base_y: -7.272758
robot_base_yaw: 3.134066
robot_geom: robot0_torso_fixed_column_collision
proxy_geom: scene_aabb_proxy_line_6_output_side_protrusion
judge_collision_detected:
robot_base_x: 10.480350
robot_base_y: -7.272758
robot_base_yaw: 3.134066
robot_geom: robot0_wheel_left_collision
proxy_geom: scene_aabb_proxy_line_6_output_side_protrusion
judge_collision_detected:
robot_base_x: 10.480350
robot_base_y: -7.272758
robot_base_yaw: 3.134066
robot_geom: robot0_wheel_right_collision
proxy_geom: scene_aabb_proxy_line_6_output_side_protrusion
judge_collision_detected:
robot_base_x: 10.480350
robot_base_y: -7.272758
robot_base_yaw: 3.134066
robot_geom: robot0_wheel_right_collision
proxy_geom: scene_aabb_proxy_production_line_6
judge_collision_detected:
robot_base_x: 10.478573
robot_base_y: -7.273009
robot_base_yaw: 3.134009
robot_geom: robot0_back_left_caster_2
proxy_geom: scene_aabb_proxy_line_6_belt
judge_collision_detected:
robot_base_x: 10.478573
robot_base_y: -7.273009
robot_base_yaw: 3.134009
robot_geom: robot0_back_left_caster_2
proxy_geom: scene_aabb_proxy_line_6_output_side_protrusion
judge_collision_detected:
robot_base_x: 10.478573
robot_base_y: -7.273009
robot_base_yaw: 3.134009
robot_geom: robot0_back_right_caster_2
proxy_geom: scene_aabb_proxy_line_6_belt
judge_collision_detected:
robot_base_x: 10.478573
robot_base_y: -7.273009
robot_base_yaw: 3.134009
robot_geom: robot0_back_right_caster_2
proxy_geom: scene_aabb_proxy_line_6_output_side_protrusion
judge_collision_detected:
robot_base_x: 10.478573
robot_base_y: -7.273009
robot_base_yaw: 3.134009
robot_geom: robot0_base_collision
proxy_geom: scene_aabb_proxy_line_6_belt
judge_collision_detected:
robot_base_x: 10.478573
robot_base_y: -7.273009
robot_base_yaw: 3.134009
robot_geom: robot0_base_collision
proxy_geom: scene_aabb_proxy_line_6_output_side_protrusion
judge_collision_detected:
robot_base_x: 10.478573
robot_base_y: -7.273009
robot_base_yaw: 3.134009
robot_geom: robot0_base_collision
proxy_geom: scene_aabb_proxy_output_6
judge_collision_detected:
robot_base_x: 10.478573
robot_base_y: -7.273009
robot_base_yaw: 3.134009
robot_geom: robot0_base_collision
proxy_geom: scene_aabb_proxy_production_line_6
judge_collision_detected:
robot_base_x: 10.478573
robot_base_y: -7.273009
robot_base_yaw: 3.134009
robot_geom: robot0_torso_fixed_collision_box_1
proxy_geom: scene_aabb_proxy_line_6_belt
judge_collision_detected:
robot_base_x: 10.478573
robot_base_y: -7.273009
robot_base_yaw: 3.134009
robot_geom: robot0_torso_fixed_collision_box_1
proxy_geom: scene_aabb_proxy_line_6_output_side_protrusion
judge_collision_detected:
robot_base_x: 10.478573
robot_base_y: -7.273009
robot_base_yaw: 3.134009
robot_geom: robot0_torso_fixed_collision_box_1
proxy_geom: scene_aabb_proxy_output_6
judge_collision_detected:
robot_base_x: 10.478573
robot_base_y: -7.273009
robot_base_yaw: 3.134009
robot_geom: robot0_torso_fixed_collision_box_1
proxy_geom: scene_aabb_proxy_production_line_6
judge_collision_detected:
robot_base_x: 10.478573
robot_base_y: -7.273009
robot_base_yaw: 3.134009
robot_geom: robot0_torso_fixed_column_collision
proxy_geom: scene_aabb_proxy_line_6_belt
judge_collision_detected:
robot_base_x: 10.478573
robot_base_y: -7.273009
robot_base_yaw: 3.134009
robot_geom: robot0_torso_fixed_column_collision
proxy_geom: scene_aabb_proxy_line_6_output_side_protrusion
judge_collision_detected:
robot_base_x: 10.478573
robot_base_y: -7.273009
robot_base_yaw: 3.134009
robot_geom: robot0_wheel_left_collision
proxy_geom: scene_aabb_proxy_line_6_output_side_protrusion
judge_collision_detected:
robot_base_x: 10.478573
robot_base_y: -7.273009
robot_base_yaw: 3.134009
robot_geom: robot0_wheel_right_collision
proxy_geom: scene_aabb_proxy_line_6_output_side_protrusion
judge_collision_detected:
robot_base_x: 10.478573
robot_base_y: -7.273009
robot_base_yaw: 3.134009
robot_geom: robot0_wheel_right_collision
proxy_geom: scene_aabb_proxy_production_line_6
judge_collision_detected:
robot_base_x: 10.476868
robot_base_y: -7.273257
robot_base_yaw: 3.133960
robot_geom: robot0_back_left_caster_2
proxy_geom: scene_aabb_proxy_line_6_belt
judge_collision_detected:
robot_base_x: 10.476868
robot_base_y: -7.273257
robot_base_yaw: 3.133960
robot_geom: robot0_back_left_caster_2
proxy_geom: scene_aabb_proxy_line_6_output_side_protrusion
judge_collision_detected:
robot_base_x: 10.476868
robot_base_y: -7.273257
robot_base_yaw: 3.133960
robot_geom: robot0_back_right_caster_2
proxy_geom: scene_aabb_proxy_line_6_belt
judge_collision_detected:
robot_base_x: 10.476868
robot_base_y: -7.273257
robot_base_yaw: 3.133960
robot_geom: robot0_back_right_caster_2
proxy_geom: scene_aabb_proxy_line_6_output_side_protrusion
judge_collision_detected:
robot_base_x: 10.476868
robot_base_y: -7.273257
robot_base_yaw: 3.133960
robot_geom: robot0_base_collision
proxy_geom: scene_aabb_proxy_line_6_belt
judge_collision_detected:
robot_base_x: 10.476868
robot_base_y: -7.273257
robot_base_yaw: 3.133960
robot_geom: robot0_base_collision
proxy_geom: scene_aabb_proxy_line_6_output_side_protrusion
judge_collision_detected:
robot_base_x: 10.476868
robot_base_y: -7.273257
robot_base_yaw: 3.133960
robot_geom: robot0_base_collision
proxy_geom: scene_aabb_proxy_output_6
judge_collision_detected:
robot_base_x: 10.476868
robot_base_y: -7.273257
robot_base_yaw: 3.133960
robot_geom: robot0_base_collision
proxy_geom: scene_aabb_proxy_production_line_6
judge_collision_detected:
robot_base_x: 10.476868
robot_base_y: -7.273257
robot_base_yaw: 3.133960
robot_geom: robot0_torso_fixed_collision_box_1
proxy_geom: scene_aabb_proxy_line_6_belt
judge_collision_detected:
robot_base_x: 10.476868
robot_base_y: -7.273257
robot_base_yaw: 3.133960
robot_geom: robot0_torso_fixed_collision_box_1
proxy_geom: scene_aabb_proxy_line_6_output_side_protrusion
judge_collision_detected:
robot_base_x: 10.476868
robot_base_y: -7.273257
robot_base_yaw: 3.133960
robot_geom: robot0_torso_fixed_collision_box_1
proxy_geom: scene_aabb_proxy_output_6
judge_collision_detected:
robot_base_x: 10.476868
robot_base_y: -7.273257
robot_base_yaw: 3.133960
robot_geom: robot0_torso_fixed_collision_box_1
proxy_geom: scene_aabb_proxy_production_line_6
judge_collision_detected:
robot_base_x: 10.476868
robot_base_y: -7.273257
robot_base_yaw: 3.133960
robot_geom: robot0_torso_fixed_column_collision
proxy_geom: scene_aabb_proxy_line_6_belt
judge_collision_detected:
robot_base_x: 10.476868
robot_base_y: -7.273257
robot_base_yaw: 3.133960
robot_geom: robot0_torso_fixed_column_collision
proxy_geom: scene_aabb_proxy_line_6_output_side_protrusion
judge_collision_detected:
robot_base_x: 10.476868
robot_base_y: -7.273257
robot_base_yaw: 3.133960
robot_geom: robot0_wheel_left_collision
proxy_geom: scene_aabb_proxy_line_6_output_side_protrusion
judge_collision_detected:
robot_base_x: 10.476868
robot_base_y: -7.273257
robot_base_yaw: 3.133960
robot_geom: robot0_wheel_right_collision
proxy_geom: scene_aabb_proxy_line_6_output_side_protrusion
judge_collision_detected:
robot_base_x: 10.476868
robot_base_y: -7.273257
robot_base_yaw: 3.133960
robot_geom: robot0_wheel_right_collision
proxy_geom: scene_aabb_proxy_production_line_6
judge_collision_detected:
robot_base_x: 10.474996
robot_base_y: -7.273464
robot_base_yaw: 3.133253
robot_geom: robot0_back_left_caster_2
proxy_geom: scene_aabb_proxy_line_6_belt
judge_collision_detected:
robot_base_x: 10.474996
robot_base_y: -7.273464
robot_base_yaw: 3.133253
robot_geom: robot0_back_left_caster_2
proxy_geom: scene_aabb_proxy_line_6_output_side_protrusion
judge_collision_detected:
robot_base_x: 10.474996
robot_base_y: -7.273464
robot_base_yaw: 3.133253
robot_geom: robot0_back_right_caster_2
proxy_geom: scene_aabb_proxy_line_6_belt
judge_collision_detected:
robot_base_x: 10.474996
robot_base_y: -7.273464
robot_base_yaw: 3.133253
robot_geom: robot0_back_right_caster_2
proxy_geom: scene_aabb_proxy_line_6_output_side_protrusion
judge_collision_detected:
robot_base_x: 10.474996
robot_base_y: -7.273464
robot_base_yaw: 3.133253
robot_geom: robot0_base_collision
proxy_geom: scene_aabb_proxy_line_6_belt
judge_collision_detected:
robot_base_x: 10.474996
robot_base_y: -7.273464
robot_base_yaw: 3.133253
robot_geom: robot0_base_collision
proxy_geom: scene_aabb_proxy_line_6_output_side_protrusion
judge_collision_detected:
robot_base_x: 10.474996
robot_base_y: -7.273464
robot_base_yaw: 3.133253
robot_geom: robot0_base_collision
proxy_geom: scene_aabb_proxy_output_6
judge_collision_detected:
robot_base_x: 10.474996
robot_base_y: -7.273464
robot_base_yaw: 3.133253
robot_geom: robot0_base_collision
proxy_geom: scene_aabb_proxy_production_line_6
judge_collision_detected:
robot_base_x: 10.474996
robot_base_y: -7.273464
robot_base_yaw: 3.133253
robot_geom: robot0_torso_fixed_collision_box_1
proxy_geom: scene_aabb_proxy_line_6_belt
judge_collision_detected:
robot_base_x: 10.474996
robot_base_y: -7.273464
robot_base_yaw: 3.133253
robot_geom: robot0_torso_fixed_collision_box_1
proxy_geom: scene_aabb_proxy_line_6_output_side_protrusion
judge_collision_detected:
robot_base_x: 10.474996
robot_base_y: -7.273464
robot_base_yaw: 3.133253
robot_geom: robot0_torso_fixed_collision_box_1
proxy_geom: scene_aabb_proxy_output_6
judge_collision_detected:
robot_base_x: 10.474996
robot_base_y: -7.273464
robot_base_yaw: 3.133253
robot_geom: robot0_torso_fixed_collision_box_1
proxy_geom: scene_aabb_proxy_production_line_6
judge_collision_detected:
robot_base_x: 10.474996
robot_base_y: -7.273464
robot_base_yaw: 3.133253
robot_geom: robot0_torso_fixed_column_collision
proxy_geom: scene_aabb_proxy_line_6_belt
judge_collision_detected:
robot_base_x: 10.474996
robot_base_y: -7.273464
robot_base_yaw: 3.133253
robot_geom: robot0_torso_fixed_column_collision
proxy_geom: scene_aabb_proxy_line_6_output_side_protrusion
judge_collision_detected:
robot_base_x: 10.474996
robot_base_y: -7.273464
robot_base_yaw: 3.133253
robot_geom: robot0_wheel_left_collision
proxy_geom: scene_aabb_proxy_line_6_output_side_protrusion
judge_collision_detected:
robot_base_x: 10.474996
robot_base_y: -7.273464
robot_base_yaw: 3.133253
robot_geom: robot0_wheel_right_collision
proxy_geom: scene_aabb_proxy_line_6_output_side_protrusion
judge_collision_detected:
robot_base_x: 10.474996
robot_base_y: -7.273464
robot_base_yaw: 3.133253
robot_geom: robot0_wheel_right_collision
proxy_geom: scene_aabb_proxy_production_line_6
judge_collision_detected:
robot_base_x: 10.472284
robot_base_y: -7.273512
robot_base_yaw: 3.130013
robot_geom: robot0_back_left_caster_2
proxy_geom: scene_aabb_proxy_line_6_belt
judge_collision_detected:
robot_base_x: 10.472284
robot_base_y: -7.273512
robot_base_yaw: 3.130013
robot_geom: robot0_back_left_caster_2
proxy_geom: scene_aabb_proxy_line_6_output_side_protrusion
judge_collision_detected:
robot_base_x: 10.472284
robot_base_y: -7.273512
robot_base_yaw: 3.130013
robot_geom: robot0_back_right_caster_2
proxy_geom: scene_aabb_proxy_line_6_belt
judge_collision_detected:
robot_base_x: 10.472284
robot_base_y: -7.273512
robot_base_yaw: 3.130013
robot_geom: robot0_back_right_caster_2
proxy_geom: scene_aabb_proxy_line_6_output_side_protrusion
judge_collision_detected:
robot_base_x: 10.472284
robot_base_y: -7.273512
robot_base_yaw: 3.130013
robot_geom: robot0_base_collision
proxy_geom: scene_aabb_proxy_line_6_belt
judge_collision_detected:
robot_base_x: 10.472284
robot_base_y: -7.273512
robot_base_yaw: 3.130013
robot_geom: robot0_base_collision
proxy_geom: scene_aabb_proxy_line_6_output_side_protrusion
judge_collision_detected:
robot_base_x: 10.472284
robot_base_y: -7.273512
robot_base_yaw: 3.130013
robot_geom: robot0_base_collision
proxy_geom: scene_aabb_proxy_output_6
judge_collision_detected:
robot_base_x: 10.472284
robot_base_y: -7.273512
robot_base_yaw: 3.130013
robot_geom: robot0_base_collision
proxy_geom: scene_aabb_proxy_production_line_6
judge_collision_detected:
robot_base_x: 10.472284
robot_base_y: -7.273512
robot_base_yaw: 3.130013
robot_geom: robot0_torso_fixed_collision_box_1
proxy_geom: scene_aabb_proxy_line_6_belt
judge_collision_detected:
robot_base_x: 10.472284
robot_base_y: -7.273512
robot_base_yaw: 3.130013
robot_geom: robot0_torso_fixed_collision_box_1
proxy_geom: scene_aabb_proxy_line_6_output_side_protrusion
judge_collision_detected:
robot_base_x: 10.472284
robot_base_y: -7.273512
robot_base_yaw: 3.130013
robot_geom: robot0_torso_fixed_collision_box_1
proxy_geom: scene_aabb_proxy_output_6
judge_collision_detected:
robot_base_x: 10.472284
robot_base_y: -7.273512
robot_base_yaw: 3.130013
robot_geom: robot0_torso_fixed_collision_box_1
proxy_geom: scene_aabb_proxy_production_line_6
judge_collision_detected:
robot_base_x: 10.472284
robot_base_y: -7.273512
robot_base_yaw: 3.130013
robot_geom: robot0_torso_fixed_column_collision
proxy_geom: scene_aabb_proxy_line_6_belt
judge_collision_detected:
robot_base_x: 10.472284
robot_base_y: -7.273512
robot_base_yaw: 3.130013
robot_geom: robot0_torso_fixed_column_collision
proxy_geom: scene_aabb_proxy_line_6_output_side_protrusion
judge_collision_detected:
robot_base_x: 10.472284
robot_base_y: -7.273512
robot_base_yaw: 3.130013
robot_geom: robot0_wheel_left_collision
proxy_geom: scene_aabb_proxy_line_6_output_side_protrusion
judge_collision_detected:
robot_base_x: 10.472284
robot_base_y: -7.273512
robot_base_yaw: 3.130013
robot_geom: robot0_wheel_right_collision
proxy_geom: scene_aabb_proxy_line_6_output_side_protrusion
judge_collision_detected:
robot_base_x: 10.472284
robot_base_y: -7.273512
robot_base_yaw: 3.130013
robot_geom: robot0_wheel_right_collision
proxy_geom: scene_aabb_proxy_production_line_6
judge_collision_detected:
robot_base_x: 10.468241
robot_base_y: -7.273812
robot_base_yaw: 3.130250
robot_geom: robot0_back_left_caster_2
proxy_geom: scene_aabb_proxy_line_6_belt
judge_collision_detected:
robot_base_x: 10.468241
robot_base_y: -7.273812
robot_base_yaw: 3.130250
robot_geom: robot0_back_left_caster_2
proxy_geom: scene_aabb_proxy_line_6_output_side_protrusion
judge_collision_detected:
robot_base_x: 10.468241
robot_base_y: -7.273812
robot_base_yaw: 3.130250
robot_geom: robot0_back_right_caster_2
proxy_geom: scene_aabb_proxy_line_6_belt
judge_collision_detected:
robot_base_x: 10.468241
robot_base_y: -7.273812
robot_base_yaw: 3.130250
robot_geom: robot0_back_right_caster_2
proxy_geom: scene_aabb_proxy_line_6_output_side_protrusion
judge_collision_detected:
robot_base_x: 10.468241
robot_base_y: -7.273812
robot_base_yaw: 3.130250
robot_geom: robot0_base_collision
proxy_geom: scene_aabb_proxy_line_6_belt
judge_collision_detected:
robot_base_x: 10.468241
robot_base_y: -7.273812
robot_base_yaw: 3.130250
robot_geom: robot0_base_collision
proxy_geom: scene_aabb_proxy_line_6_output_side_protrusion
judge_collision_detected:
robot_base_x: 10.468241
robot_base_y: -7.273812
robot_base_yaw: 3.130250
robot_geom: robot0_base_collision
proxy_geom: scene_aabb_proxy_output_6
judge_collision_detected:
robot_base_x: 10.468241
robot_base_y: -7.273812
robot_base_yaw: 3.130250
robot_geom: robot0_base_collision
proxy_geom: scene_aabb_proxy_production_line_6
judge_collision_detected:
robot_base_x: 10.468241
robot_base_y: -7.273812
robot_base_yaw: 3.130250
robot_geom: robot0_torso_fixed_collision_box_1
proxy_geom: scene_aabb_proxy_line_6_belt
judge_collision_detected:
robot_base_x: 10.468241
robot_base_y: -7.273812
robot_base_yaw: 3.130250
robot_geom: robot0_torso_fixed_collision_box_1
proxy_geom: scene_aabb_proxy_line_6_output_side_protrusion
judge_collision_detected:
robot_base_x: 10.468241
robot_base_y: -7.273812
robot_base_yaw: 3.130250
robot_geom: robot0_torso_fixed_collision_box_1
proxy_geom: scene_aabb_proxy_output_6
judge_collision_detected:
robot_base_x: 10.468241
robot_base_y: -7.273812
robot_base_yaw: 3.130250
robot_geom: robot0_torso_fixed_collision_box_1
proxy_geom: scene_aabb_proxy_production_line_6
judge_collision_detected:
robot_base_x: 10.468241
robot_base_y: -7.273812
robot_base_yaw: 3.130250
robot_geom: robot0_torso_fixed_column_collision
proxy_geom: scene_aabb_proxy_line_6_belt
judge_collision_detected:
robot_base_x: 10.468241
robot_base_y: -7.273812
robot_base_yaw: 3.130250
robot_geom: robot0_torso_fixed_column_collision
proxy_geom: scene_aabb_proxy_line_6_output_side_protrusion
judge_collision_detected:
robot_base_x: 10.468241
robot_base_y: -7.273812
robot_base_yaw: 3.130250
robot_geom: robot0_wheel_left_collision
proxy_geom: scene_aabb_proxy_line_6_output_side_protrusion
judge_collision_detected:
robot_base_x: 10.468241
robot_base_y: -7.273812
robot_base_yaw: 3.130250
robot_geom: robot0_wheel_right_collision
proxy_geom: scene_aabb_proxy_line_6_output_side_protrusion
judge_collision_detected:
robot_base_x: 10.468241
robot_base_y: -7.273812
robot_base_yaw: 3.130250
robot_geom: robot0_wheel_right_collision
proxy_geom: scene_aabb_proxy_production_line_6
judge_collision_detected:
robot_base_x: 10.463178
robot_base_y: -7.274319
robot_base_yaw: 3.133166
robot_geom: robot0_back_left_caster_2
proxy_geom: scene_aabb_proxy_line_6_belt
judge_collision_detected:
robot_base_x: 10.463178
robot_base_y: -7.274319
robot_base_yaw: 3.133166
robot_geom: robot0_back_left_caster_2
proxy_geom: scene_aabb_proxy_line_6_output_side_protrusion
judge_collision_detected:
robot_base_x: 10.463178
robot_base_y: -7.274319
robot_base_yaw: 3.133166
robot_geom: robot0_back_right_caster_2
proxy_geom: scene_aabb_proxy_line_6_belt
judge_collision_detected:
robot_base_x: 10.463178
robot_base_y: -7.274319
robot_base_yaw: 3.133166
robot_geom: robot0_back_right_caster_2
proxy_geom: scene_aabb_proxy_line_6_output_side_protrusion
judge_collision_detected:
robot_base_x: 10.463178
robot_base_y: -7.274319
robot_base_yaw: 3.133166
robot_geom: robot0_base_collision
proxy_geom: scene_aabb_proxy_line_6_belt
judge_collision_detected:
robot_base_x: 10.463178
robot_base_y: -7.274319
robot_base_yaw: 3.133166
robot_geom: robot0_base_collision
proxy_geom: scene_aabb_proxy_line_6_output_side_protrusion
judge_collision_detected:
robot_base_x: 10.463178
robot_base_y: -7.274319
robot_base_yaw: 3.133166
robot_geom: robot0_base_collision
proxy_geom: scene_aabb_proxy_output_6
judge_collision_detected:
robot_base_x: 10.463178
robot_base_y: -7.274319
robot_base_yaw: 3.133166
robot_geom: robot0_base_collision
proxy_geom: scene_aabb_proxy_production_line_6
judge_collision_detected:
robot_base_x: 10.463178
robot_base_y: -7.274319
robot_base_yaw: 3.133166
robot_geom: robot0_front_left_caster_2
proxy_geom: scene_aabb_proxy_output_6
judge_collision_detected:
robot_base_x: 10.463178
robot_base_y: -7.274319
robot_base_yaw: 3.133166
robot_geom: robot0_front_right_caster_2
proxy_geom: scene_aabb_proxy_output_6
judge_collision_detected:
robot_base_x: 10.463178
robot_base_y: -7.274319
robot_base_yaw: 3.133166
robot_geom: robot0_torso_fixed_collision_box_1
proxy_geom: scene_aabb_proxy_line_6_belt
judge_collision_detected:
robot_base_x: 10.463178
robot_base_y: -7.274319
robot_base_yaw: 3.133166
robot_geom: robot0_torso_fixed_collision_box_1
proxy_geom: scene_aabb_proxy_line_6_output_side_protrusion
judge_collision_detected:
robot_base_x: 10.463178
robot_base_y: -7.274319
robot_base_yaw: 3.133166
robot_geom: robot0_torso_fixed_collision_box_1
proxy_geom: scene_aabb_proxy_output_6
judge_collision_detected:
robot_base_x: 10.463178
robot_base_y: -7.274319
robot_base_yaw: 3.133166
robot_geom: robot0_torso_fixed_collision_box_1
proxy_geom: scene_aabb_proxy_production_line_6
judge_collision_detected:
robot_base_x: 10.463178
robot_base_y: -7.274319
robot_base_yaw: 3.133166
robot_geom: robot0_torso_fixed_column_collision
proxy_geom: scene_aabb_proxy_line_6_belt
judge_collision_detected:
robot_base_x: 10.463178
robot_base_y: -7.274319
robot_base_yaw: 3.133166
robot_geom: robot0_torso_fixed_column_collision
proxy_geom: scene_aabb_proxy_line_6_output_side_protrusion
judge_collision_detected:
robot_base_x: 10.463178
robot_base_y: -7.274319
robot_base_yaw: 3.133166
robot_geom: robot0_wheel_left_collision
proxy_geom: scene_aabb_proxy_line_6_output_side_protrusion
judge_collision_detected:
robot_base_x: 10.463178
robot_base_y: -7.274319
robot_base_yaw: 3.133166
robot_geom: robot0_wheel_right_collision
proxy_geom: scene_aabb_proxy_line_6_output_side_protrusion
judge_collision_detected:
robot_base_x: 10.463178
robot_base_y: -7.274319
robot_base_yaw: 3.133166
robot_geom: robot0_wheel_right_collision
proxy_geom: scene_aabb_proxy_production_line_6
judge_collision_detected:
robot_base_x: 10.456286
robot_base_y: -7.274709
robot_base_yaw: 3.135157
robot_geom: robot0_back_left_caster_2
proxy_geom: scene_aabb_proxy_line_6_belt
judge_collision_detected:
robot_base_x: 10.456286
robot_base_y: -7.274709
robot_base_yaw: 3.135157
robot_geom: robot0_back_left_caster_2
proxy_geom: scene_aabb_proxy_line_6_output_side_protrusion
judge_collision_detected:
robot_base_x: 10.456286
robot_base_y: -7.274709
robot_base_yaw: 3.135157
robot_geom: robot0_back_right_caster_2
proxy_geom: scene_aabb_proxy_line_6_belt
judge_collision_detected:
robot_base_x: 10.456286
robot_base_y: -7.274709
robot_base_yaw: 3.135157
robot_geom: robot0_back_right_caster_2
proxy_geom: scene_aabb_proxy_line_6_output_side_protrusion
judge_collision_detected:
robot_base_x: 10.456286
robot_base_y: -7.274709
robot_base_yaw: 3.135157
robot_geom: robot0_base_collision
proxy_geom: scene_aabb_proxy_line_6_belt
judge_collision_detected:
robot_base_x: 10.456286
robot_base_y: -7.274709
robot_base_yaw: 3.135157
robot_geom: robot0_base_collision
proxy_geom: scene_aabb_proxy_line_6_output_side_protrusion
judge_collision_detected:
robot_base_x: 10.456286
robot_base_y: -7.274709
robot_base_yaw: 3.135157
robot_geom: robot0_base_collision
proxy_geom: scene_aabb_proxy_output_6
judge_collision_detected:
robot_base_x: 10.456286
robot_base_y: -7.274709
robot_base_yaw: 3.135157
robot_geom: robot0_base_collision
proxy_geom: scene_aabb_proxy_production_line_6
judge_collision_detected:
robot_base_x: 10.456286
robot_base_y: -7.274709
robot_base_yaw: 3.135157
robot_geom: robot0_front_left_caster_2
proxy_geom: scene_aabb_proxy_output_6
judge_collision_detected:
robot_base_x: 10.456286
robot_base_y: -7.274709
robot_base_yaw: 3.135157
robot_geom: robot0_front_right_caster_2
proxy_geom: scene_aabb_proxy_output_6
judge_collision_detected:
robot_base_x: 10.456286
robot_base_y: -7.274709
robot_base_yaw: 3.135157
robot_geom: robot0_torso_fixed_collision_box_1
proxy_geom: scene_aabb_proxy_line_6_belt
judge_collision_detected:
robot_base_x: 10.456286
robot_base_y: -7.274709
robot_base_yaw: 3.135157
robot_geom: robot0_torso_fixed_collision_box_1
proxy_geom: scene_aabb_proxy_line_6_output_side_protrusion
judge_collision_detected:
robot_base_x: 10.456286
robot_base_y: -7.274709
robot_base_yaw: 3.135157
robot_geom: robot0_torso_fixed_collision_box_1
proxy_geom: scene_aabb_proxy_output_6
judge_collision_detected:
robot_base_x: 10.456286
robot_base_y: -7.274709
robot_base_yaw: 3.135157
robot_geom: robot0_torso_fixed_collision_box_1
proxy_geom: scene_aabb_proxy_production_line_6
judge_collision_detected:
robot_base_x: 10.456286
robot_base_y: -7.274709
robot_base_yaw: 3.135157
robot_geom: robot0_torso_fixed_column_collision
proxy_geom: scene_aabb_proxy_line_6_output_side_protrusion
judge_collision_detected:
robot_base_x: 10.456286
robot_base_y: -7.274709
robot_base_yaw: 3.135157
robot_geom: robot0_wheel_left_collision
proxy_geom: scene_aabb_proxy_line_6_output_side_protrusion
judge_collision_detected:
robot_base_x: 10.456286
robot_base_y: -7.274709
robot_base_yaw: 3.135157
robot_geom: robot0_wheel_right_collision
proxy_geom: scene_aabb_proxy_line_6_output_side_protrusion
judge_collision_detected:
robot_base_x: 10.456286
robot_base_y: -7.274709
robot_base_yaw: 3.135157
robot_geom: robot0_wheel_right_collision
proxy_geom: scene_aabb_proxy_production_line_6
judge_collision_detected:
robot_base_x: 10.448313
robot_base_y: -7.275112
robot_base_yaw: 3.137431
robot_geom: robot0_back_left_caster_2
proxy_geom: scene_aabb_proxy_line_6_belt
judge_collision_detected:
robot_base_x: 10.448313
robot_base_y: -7.275112
robot_base_yaw: 3.137431
robot_geom: robot0_back_left_caster_2
proxy_geom: scene_aabb_proxy_line_6_output_side_protrusion
judge_collision_detected:
robot_base_x: 10.448313
robot_base_y: -7.275112
robot_base_yaw: 3.137431
robot_geom: robot0_back_right_caster_2
proxy_geom: scene_aabb_proxy_line_6_belt
judge_collision_detected:
robot_base_x: 10.448313
robot_base_y: -7.275112
robot_base_yaw: 3.137431
robot_geom: robot0_back_right_caster_2
proxy_geom: scene_aabb_proxy_line_6_output_side_protrusion
judge_collision_detected:
robot_base_x: 10.448313
robot_base_y: -7.275112
robot_base_yaw: 3.137431
robot_geom: robot0_base_collision
proxy_geom: scene_aabb_proxy_line_6_belt
judge_collision_detected:
robot_base_x: 10.448313
robot_base_y: -7.275112
robot_base_yaw: 3.137431
robot_geom: robot0_base_collision
proxy_geom: scene_aabb_proxy_line_6_output_side_protrusion
judge_collision_detected:
robot_base_x: 10.448313
robot_base_y: -7.275112
robot_base_yaw: 3.137431
robot_geom: robot0_base_collision
proxy_geom: scene_aabb_proxy_output_6
judge_collision_detected:
robot_base_x: 10.448313
robot_base_y: -7.275112
robot_base_yaw: 3.137431
robot_geom: robot0_base_collision
proxy_geom: scene_aabb_proxy_production_line_6
judge_collision_detected:
robot_base_x: 10.448313
robot_base_y: -7.275112
robot_base_yaw: 3.137431
robot_geom: robot0_front_left_caster_2
proxy_geom: scene_aabb_proxy_output_6
judge_collision_detected:
robot_base_x: 10.448313
robot_base_y: -7.275112
robot_base_yaw: 3.137431
robot_geom: robot0_front_right_caster_2
proxy_geom: scene_aabb_proxy_output_6
judge_collision_detected:
robot_base_x: 10.448313
robot_base_y: -7.275112
robot_base_yaw: 3.137431
robot_geom: robot0_torso_fixed_collision_box_1
proxy_geom: scene_aabb_proxy_line_6_belt
judge_collision_detected:
robot_base_x: 10.448313
robot_base_y: -7.275112
robot_base_yaw: 3.137431
robot_geom: robot0_torso_fixed_collision_box_1
proxy_geom: scene_aabb_proxy_line_6_output_side_protrusion
judge_collision_detected:
robot_base_x: 10.448313
robot_base_y: -7.275112
robot_base_yaw: 3.137431
robot_geom: robot0_torso_fixed_collision_box_1
proxy_geom: scene_aabb_proxy_output_6
judge_collision_detected:
robot_base_x: 10.448313
robot_base_y: -7.275112
robot_base_yaw: 3.137431
robot_geom: robot0_torso_fixed_collision_box_1
proxy_geom: scene_aabb_proxy_production_line_6
judge_collision_detected:
robot_base_x: 10.448313
robot_base_y: -7.275112
robot_base_yaw: 3.137431
robot_geom: robot0_torso_fixed_column_collision
proxy_geom: scene_aabb_proxy_line_6_output_side_protrusion
judge_collision_detected:
robot_base_x: 10.448313
robot_base_y: -7.275112
robot_base_yaw: 3.137431
robot_geom: robot0_wheel_left_collision
proxy_geom: scene_aabb_proxy_line_6_output_side_protrusion
judge_collision_detected:
robot_base_x: 10.448313
robot_base_y: -7.275112
robot_base_yaw: 3.137431
robot_geom: robot0_wheel_right_collision
proxy_geom: scene_aabb_proxy_line_6_output_side_protrusion
judge_collision_detected:
robot_base_x: 10.448313
robot_base_y: -7.275112
robot_base_yaw: 3.137431
robot_geom: robot0_wheel_right_collision
proxy_geom: scene_aabb_proxy_production_line_6
judge_collision_detected:
robot_base_x: 10.441368
robot_base_y: -7.275549
robot_base_yaw: 3.139385
robot_geom: robot0_back_left_caster_2
proxy_geom: scene_aabb_proxy_line_6_belt
judge_collision_detected:
robot_base_x: 10.441368
robot_base_y: -7.275549
robot_base_yaw: 3.139385
robot_geom: robot0_back_left_caster_2
proxy_geom: scene_aabb_proxy_line_6_output_side_protrusion
judge_collision_detected:
robot_base_x: 10.441368
robot_base_y: -7.275549
robot_base_yaw: 3.139385
robot_geom: robot0_back_right_caster_2
proxy_geom: scene_aabb_proxy_line_6_belt
judge_collision_detected:
robot_base_x: 10.441368
robot_base_y: -7.275549
robot_base_yaw: 3.139385
robot_geom: robot0_back_right_caster_2
proxy_geom: scene_aabb_proxy_line_6_output_side_protrusion
judge_collision_detected:
robot_base_x: 10.441368
robot_base_y: -7.275549
robot_base_yaw: 3.139385
robot_geom: robot0_base_collision
proxy_geom: scene_aabb_proxy_line_6_belt
judge_collision_detected:
robot_base_x: 10.441368
robot_base_y: -7.275549
robot_base_yaw: 3.139385
robot_geom: robot0_base_collision
proxy_geom: scene_aabb_proxy_line_6_output_side_protrusion
judge_collision_detected:
robot_base_x: 10.441368
robot_base_y: -7.275549
robot_base_yaw: 3.139385
robot_geom: robot0_base_collision
proxy_geom: scene_aabb_proxy_output_6
judge_collision_detected:
robot_base_x: 10.441368
robot_base_y: -7.275549
robot_base_yaw: 3.139385
robot_geom: robot0_base_collision
proxy_geom: scene_aabb_proxy_production_line_6
judge_collision_detected:
robot_base_x: 10.441368
robot_base_y: -7.275549
robot_base_yaw: 3.139385
robot_geom: robot0_front_left_caster_2
proxy_geom: scene_aabb_proxy_output_6
judge_collision_detected:
robot_base_x: 10.441368
robot_base_y: -7.275549
robot_base_yaw: 3.139385
robot_geom: robot0_front_right_caster_2
proxy_geom: scene_aabb_proxy_output_6
judge_collision_detected:
robot_base_x: 10.441368
robot_base_y: -7.275549
robot_base_yaw: 3.139385
robot_geom: robot0_torso_fixed_collision_box_1
proxy_geom: scene_aabb_proxy_line_6_belt
judge_collision_detected:
robot_base_x: 10.441368
robot_base_y: -7.275549
robot_base_yaw: 3.139385
robot_geom: robot0_torso_fixed_collision_box_1
proxy_geom: scene_aabb_proxy_line_6_output_side_protrusion
judge_collision_detected:
robot_base_x: 10.441368
robot_base_y: -7.275549
robot_base_yaw: 3.139385
robot_geom: robot0_torso_fixed_collision_box_1
proxy_geom: scene_aabb_proxy_output_6
judge_collision_detected:
robot_base_x: 10.441368
robot_base_y: -7.275549
robot_base_yaw: 3.139385
robot_geom: robot0_torso_fixed_collision_box_1
proxy_geom: scene_aabb_proxy_production_line_6
judge_collision_detected:
robot_base_x: 10.441368
robot_base_y: -7.275549
robot_base_yaw: 3.139385
robot_geom: robot0_torso_fixed_column_collision
proxy_geom: scene_aabb_proxy_line_6_output_side_protrusion
judge_collision_detected:
robot_base_x: 10.441368
robot_base_y: -7.275549
robot_base_yaw: 3.139385
robot_geom: robot0_wheel_left_collision
proxy_geom: scene_aabb_proxy_line_6_output_side_protrusion
judge_collision_detected:
robot_base_x: 10.441368
robot_base_y: -7.275549
robot_base_yaw: 3.139385
robot_geom: robot0_wheel_right_collision
proxy_geom: scene_aabb_proxy_line_6_output_side_protrusion
judge_collision_detected:
robot_base_x: 10.441368
robot_base_y: -7.275549
robot_base_yaw: 3.139385
robot_geom: robot0_wheel_right_collision
proxy_geom: scene_aabb_proxy_production_line_6
judge_collision_detected:
robot_base_x: 10.435583
robot_base_y: -7.275958
robot_base_yaw: 3.140297
robot_geom: robot0_back_left_caster_2
proxy_geom: scene_aabb_proxy_line_6_belt
judge_collision_detected:
robot_base_x: 10.435583
robot_base_y: -7.275958
robot_base_yaw: 3.140297
robot_geom: robot0_back_left_caster_2
proxy_geom: scene_aabb_proxy_line_6_output_side_protrusion
judge_collision_detected:
robot_base_x: 10.435583
robot_base_y: -7.275958
robot_base_yaw: 3.140297
robot_geom: robot0_back_right_caster_2
proxy_geom: scene_aabb_proxy_line_6_belt
judge_collision_detected:
robot_base_x: 10.435583
robot_base_y: -7.275958
robot_base_yaw: 3.140297
robot_geom: robot0_back_right_caster_2
proxy_geom: scene_aabb_proxy_line_6_output_side_protrusion
judge_collision_detected:
robot_base_x: 10.435583
robot_base_y: -7.275958
robot_base_yaw: 3.140297
robot_geom: robot0_base_collision
proxy_geom: scene_aabb_proxy_line_6_belt
judge_collision_detected:
robot_base_x: 10.435583
robot_base_y: -7.275958
robot_base_yaw: 3.140297
robot_geom: robot0_base_collision
proxy_geom: scene_aabb_proxy_line_6_output_side_protrusion
judge_collision_detected:
robot_base_x: 10.435583
robot_base_y: -7.275958
robot_base_yaw: 3.140297
robot_geom: robot0_base_collision
proxy_geom: scene_aabb_proxy_output_6
judge_collision_detected:
robot_base_x: 10.435583
robot_base_y: -7.275958
robot_base_yaw: 3.140297
robot_geom: robot0_base_collision
proxy_geom: scene_aabb_proxy_production_line_6
judge_collision_detected:
robot_base_x: 10.435583
robot_base_y: -7.275958
robot_base_yaw: 3.140297
robot_geom: robot0_front_left_caster_2
proxy_geom: scene_aabb_proxy_output_6
judge_collision_detected:
robot_base_x: 10.435583
robot_base_y: -7.275958
robot_base_yaw: 3.140297
robot_geom: robot0_front_right_caster_2
proxy_geom: scene_aabb_proxy_output_6
judge_collision_detected:
robot_base_x: 10.435583
robot_base_y: -7.275958
robot_base_yaw: 3.140297
robot_geom: robot0_torso_fixed_collision_box_1
proxy_geom: scene_aabb_proxy_line_6_belt
judge_collision_detected:
robot_base_x: 10.435583
robot_base_y: -7.275958
robot_base_yaw: 3.140297
robot_geom: robot0_torso_fixed_collision_box_1
proxy_geom: scene_aabb_proxy_line_6_output_side_protrusion
judge_collision_detected:
robot_base_x: 10.435583
robot_base_y: -7.275958
robot_base_yaw: 3.140297
robot_geom: robot0_torso_fixed_collision_box_1
proxy_geom: scene_aabb_proxy_output_6
judge_collision_detected:
robot_base_x: 10.435583
robot_base_y: -7.275958
robot_base_yaw: 3.140297
robot_geom: robot0_torso_fixed_collision_box_1
proxy_geom: scene_aabb_proxy_production_line_6
judge_collision_detected:
robot_base_x: 10.435583
robot_base_y: -7.275958
robot_base_yaw: 3.140297
robot_geom: robot0_torso_fixed_column_collision
proxy_geom: scene_aabb_proxy_line_6_output_side_protrusion
judge_collision_detected:
robot_base_x: 10.435583
robot_base_y: -7.275958
robot_base_yaw: 3.140297
robot_geom: robot0_wheel_left_collision
proxy_geom: scene_aabb_proxy_line_6_output_side_protrusion
judge_collision_detected:
robot_base_x: 10.435583
robot_base_y: -7.275958
robot_base_yaw: 3.140297
robot_geom: robot0_wheel_right_collision
proxy_geom: scene_aabb_proxy_line_6_output_side_protrusion
judge_collision_detected:
robot_base_x: 10.435583
robot_base_y: -7.275958
robot_base_yaw: 3.140297
robot_geom: robot0_wheel_right_collision
proxy_geom: scene_aabb_proxy_production_line_6
judge_collision_detected:
robot_base_x: 10.431079
robot_base_y: -7.276295
robot_base_yaw: 3.140552
robot_geom: robot0_back_left_caster_2
proxy_geom: scene_aabb_proxy_line_6_belt
judge_collision_detected:
robot_base_x: 10.431079
robot_base_y: -7.276295
robot_base_yaw: 3.140552
robot_geom: robot0_back_left_caster_2
proxy_geom: scene_aabb_proxy_line_6_output_side_protrusion
judge_collision_detected:
robot_base_x: 10.431079
robot_base_y: -7.276295
robot_base_yaw: 3.140552
robot_geom: robot0_back_right_caster_2
proxy_geom: scene_aabb_proxy_line_6_belt
judge_collision_detected:
robot_base_x: 10.431079
robot_base_y: -7.276295
robot_base_yaw: 3.140552
robot_geom: robot0_back_right_caster_2
proxy_geom: scene_aabb_proxy_line_6_output_side_protrusion
judge_collision_detected:
robot_base_x: 10.431079
robot_base_y: -7.276295
robot_base_yaw: 3.140552
robot_geom: robot0_base_collision
proxy_geom: scene_aabb_proxy_line_6_belt
judge_collision_detected:
robot_base_x: 10.431079
robot_base_y: -7.276295
robot_base_yaw: 3.140552
robot_geom: robot0_base_collision
proxy_geom: scene_aabb_proxy_line_6_output_side_protrusion
judge_collision_detected:
robot_base_x: 10.431079
robot_base_y: -7.276295
robot_base_yaw: 3.140552
robot_geom: robot0_base_collision
proxy_geom: scene_aabb_proxy_output_6
judge_collision_detected:
robot_base_x: 10.431079
robot_base_y: -7.276295
robot_base_yaw: 3.140552
robot_geom: robot0_base_collision
proxy_geom: scene_aabb_proxy_production_line_6
judge_collision_detected:
robot_base_x: 10.431079
robot_base_y: -7.276295
robot_base_yaw: 3.140552
robot_geom: robot0_front_left_caster_2
proxy_geom: scene_aabb_proxy_output_6
judge_collision_detected:
robot_base_x: 10.431079
robot_base_y: -7.276295
robot_base_yaw: 3.140552
robot_geom: robot0_front_right_caster_2
proxy_geom: scene_aabb_proxy_output_6
judge_collision_detected:
robot_base_x: 10.431079
robot_base_y: -7.276295
robot_base_yaw: 3.140552
robot_geom: robot0_torso_fixed_collision_box_1
proxy_geom: scene_aabb_proxy_line_6_belt
judge_collision_detected:
robot_base_x: 10.431079
robot_base_y: -7.276295
robot_base_yaw: 3.140552
robot_geom: robot0_torso_fixed_collision_box_1
proxy_geom: scene_aabb_proxy_line_6_output_side_protrusion
judge_collision_detected:
robot_base_x: 10.431079
robot_base_y: -7.276295
robot_base_yaw: 3.140552
robot_geom: robot0_torso_fixed_collision_box_1
proxy_geom: scene_aabb_proxy_output_6
judge_collision_detected:
robot_base_x: 10.431079
robot_base_y: -7.276295
robot_base_yaw: 3.140552
robot_geom: robot0_torso_fixed_collision_box_1
proxy_geom: scene_aabb_proxy_production_line_6
judge_collision_detected:
robot_base_x: 10.431079
robot_base_y: -7.276295
robot_base_yaw: 3.140552
robot_geom: robot0_torso_fixed_column_collision
proxy_geom: scene_aabb_proxy_line_6_output_side_protrusion
judge_collision_detected:
robot_base_x: 10.431079
robot_base_y: -7.276295
robot_base_yaw: 3.140552
robot_geom: robot0_wheel_left_collision
proxy_geom: scene_aabb_proxy_line_6_output_side_protrusion
judge_collision_detected:
robot_base_x: 10.431079
robot_base_y: -7.276295
robot_base_yaw: 3.140552
robot_geom: robot0_wheel_right_collision
proxy_geom: scene_aabb_proxy_line_6_output_side_protrusion
judge_collision_detected:
robot_base_x: 10.431079
robot_base_y: -7.276295
robot_base_yaw: 3.140552
robot_geom: robot0_wheel_right_collision
proxy_geom: scene_aabb_proxy_production_line_6
judge_collision_detected:
robot_base_x: 10.426218
robot_base_y: -7.276616
robot_base_yaw: 3.140923
robot_geom: robot0_back_left_caster_2
proxy_geom: scene_aabb_proxy_line_6_belt
judge_collision_detected:
robot_base_x: 10.426218
robot_base_y: -7.276616
robot_base_yaw: 3.140923
robot_geom: robot0_back_left_caster_2
proxy_geom: scene_aabb_proxy_line_6_output_side_protrusion
judge_collision_detected:
robot_base_x: 10.426218
robot_base_y: -7.276616
robot_base_yaw: 3.140923
robot_geom: robot0_back_right_caster_2
proxy_geom: scene_aabb_proxy_line_6_belt
judge_collision_detected:
robot_base_x: 10.426218
robot_base_y: -7.276616
robot_base_yaw: 3.140923
robot_geom: robot0_back_right_caster_2
proxy_geom: scene_aabb_proxy_line_6_output_side_protrusion
judge_collision_detected:
robot_base_x: 10.426218
robot_base_y: -7.276616
robot_base_yaw: 3.140923
robot_geom: robot0_base_collision
proxy_geom: scene_aabb_proxy_line_6_belt
judge_collision_detected:
robot_base_x: 10.426218
robot_base_y: -7.276616
robot_base_yaw: 3.140923
robot_geom: robot0_base_collision
proxy_geom: scene_aabb_proxy_line_6_output_side_protrusion
judge_collision_detected:
robot_base_x: 10.426218
robot_base_y: -7.276616
robot_base_yaw: 3.140923
robot_geom: robot0_base_collision
proxy_geom: scene_aabb_proxy_output_6
judge_collision_detected:
robot_base_x: 10.426218
robot_base_y: -7.276616
robot_base_yaw: 3.140923
robot_geom: robot0_base_collision
proxy_geom: scene_aabb_proxy_production_line_6
judge_collision_detected:
robot_base_x: 10.426218
robot_base_y: -7.276616
robot_base_yaw: 3.140923
robot_geom: robot0_front_left_caster_2
proxy_geom: scene_aabb_proxy_output_6
judge_collision_detected:
robot_base_x: 10.426218
robot_base_y: -7.276616
robot_base_yaw: 3.140923
robot_geom: robot0_front_right_caster_2
proxy_geom: scene_aabb_proxy_output_6
judge_collision_detected:
robot_base_x: 10.426218
robot_base_y: -7.276616
robot_base_yaw: 3.140923
robot_geom: robot0_torso_fixed_collision_box_1
proxy_geom: scene_aabb_proxy_line_6_belt
judge_collision_detected:
robot_base_x: 10.426218
robot_base_y: -7.276616
robot_base_yaw: 3.140923
robot_geom: robot0_torso_fixed_collision_box_1
proxy_geom: scene_aabb_proxy_line_6_output_side_protrusion
judge_collision_detected:
robot_base_x: 10.426218
robot_base_y: -7.276616
robot_base_yaw: 3.140923
robot_geom: robot0_torso_fixed_collision_box_1
proxy_geom: scene_aabb_proxy_output_6
judge_collision_detected:
robot_base_x: 10.426218
robot_base_y: -7.276616
robot_base_yaw: 3.140923
robot_geom: robot0_torso_fixed_collision_box_1
proxy_geom: scene_aabb_proxy_production_line_6
judge_collision_detected:
robot_base_x: 10.426218
robot_base_y: -7.276616
robot_base_yaw: 3.140923
robot_geom: robot0_torso_fixed_column_collision
proxy_geom: scene_aabb_proxy_line_6_output_side_protrusion
judge_collision_detected:
robot_base_x: 10.426218
robot_base_y: -7.276616
robot_base_yaw: 3.140923
robot_geom: robot0_wheel_left_collision
proxy_geom: scene_aabb_proxy_line_6_output_side_protrusion
judge_collision_detected:
robot_base_x: 10.426218
robot_base_y: -7.276616
robot_base_yaw: 3.140923
robot_geom: robot0_wheel_right_collision
proxy_geom: scene_aabb_proxy_line_6_output_side_protrusion
judge_collision_detected:
robot_base_x: 10.426218
robot_base_y: -7.276616
robot_base_yaw: 3.140923
robot_geom: robot0_wheel_right_collision
proxy_geom: scene_aabb_proxy_production_line_6
judge_collision_detected:
robot_base_x: 10.415259
robot_base_y: -7.277082
robot_base_yaw: 3.138879
robot_geom: robot0_back_left_caster_2
proxy_geom: scene_aabb_proxy_line_6_belt
judge_collision_detected:
robot_base_x: 10.415259
robot_base_y: -7.277082
robot_base_yaw: 3.138879
robot_geom: robot0_back_left_caster_2
proxy_geom: scene_aabb_proxy_line_6_output_side_protrusion
judge_collision_detected:
robot_base_x: 10.415259
robot_base_y: -7.277082
robot_base_yaw: 3.138879
robot_geom: robot0_back_right_caster_2
proxy_geom: scene_aabb_proxy_line_6_belt
judge_collision_detected:
robot_base_x: 10.415259
robot_base_y: -7.277082
robot_base_yaw: 3.138879
robot_geom: robot0_back_right_caster_2
proxy_geom: scene_aabb_proxy_line_6_output_side_protrusion
judge_collision_detected:
robot_base_x: 10.415259
robot_base_y: -7.277082
robot_base_yaw: 3.138879
robot_geom: robot0_base_collision
proxy_geom: scene_aabb_proxy_line_6_belt
judge_collision_detected:
robot_base_x: 10.415259
robot_base_y: -7.277082
robot_base_yaw: 3.138879
robot_geom: robot0_base_collision
proxy_geom: scene_aabb_proxy_line_6_output_side_protrusion
judge_collision_detected:
robot_base_x: 10.415259
robot_base_y: -7.277082
robot_base_yaw: 3.138879
robot_geom: robot0_base_collision
proxy_geom: scene_aabb_proxy_output_6
judge_collision_detected:
robot_base_x: 10.415259
robot_base_y: -7.277082
robot_base_yaw: 3.138879
robot_geom: robot0_base_collision
proxy_geom: scene_aabb_proxy_production_line_6
judge_collision_detected:
robot_base_x: 10.415259
robot_base_y: -7.277082
robot_base_yaw: 3.138879
robot_geom: robot0_front_left_caster_2
proxy_geom: scene_aabb_proxy_output_6
judge_collision_detected:
robot_base_x: 10.415259
robot_base_y: -7.277082
robot_base_yaw: 3.138879
robot_geom: robot0_front_right_caster_2
proxy_geom: scene_aabb_proxy_output_6
judge_collision_detected:
robot_base_x: 10.415259
robot_base_y: -7.277082
robot_base_yaw: 3.138879
robot_geom: robot0_torso_fixed_collision_box_1
proxy_geom: scene_aabb_proxy_line_6_belt
judge_collision_detected:
robot_base_x: 10.415259
robot_base_y: -7.277082
robot_base_yaw: 3.138879
robot_geom: robot0_torso_fixed_collision_box_1
proxy_geom: scene_aabb_proxy_line_6_output_side_protrusion
judge_collision_detected:
robot_base_x: 10.415259
robot_base_y: -7.277082
robot_base_yaw: 3.138879
robot_geom: robot0_torso_fixed_collision_box_1
proxy_geom: scene_aabb_proxy_output_6
judge_collision_detected:
robot_base_x: 10.415259
robot_base_y: -7.277082
robot_base_yaw: 3.138879
robot_geom: robot0_torso_fixed_collision_box_1
proxy_geom: scene_aabb_proxy_production_line_6
judge_collision_detected:
robot_base_x: 10.415259
robot_base_y: -7.277082
robot_base_yaw: 3.138879
robot_geom: robot0_torso_fixed_column_collision
proxy_geom: scene_aabb_proxy_line_6_output_side_protrusion
judge_collision_detected:
robot_base_x: 10.415259
robot_base_y: -7.277082
robot_base_yaw: 3.138879
robot_geom: robot0_wheel_left_collision
proxy_geom: scene_aabb_proxy_line_6_output_side_protrusion
judge_collision_detected:
robot_base_x: 10.415259
robot_base_y: -7.277082
robot_base_yaw: 3.138879
robot_geom: robot0_wheel_right_collision
proxy_geom: scene_aabb_proxy_line_6_output_side_protrusion
judge_collision_detected:
robot_base_x: 10.415259
robot_base_y: -7.277082
robot_base_yaw: 3.138879
robot_geom: robot0_wheel_right_collision
proxy_geom: scene_aabb_proxy_production_line_6
judge_collision_detected:
robot_base_x: 10.407053
robot_base_y: -7.277536
robot_base_yaw: 3.138186
robot_geom: robot0_back_left_caster_2
proxy_geom: scene_aabb_proxy_line_6_output_side_protrusion
judge_collision_detected:
robot_base_x: 10.407053
robot_base_y: -7.277536
robot_base_yaw: 3.138186
robot_geom: robot0_back_right_caster_2
proxy_geom: scene_aabb_proxy_line_6_output_side_protrusion
judge_collision_detected:
robot_base_x: 10.407053
robot_base_y: -7.277536
robot_base_yaw: 3.138186
robot_geom: robot0_base_collision
proxy_geom: scene_aabb_proxy_line_6_belt
judge_collision_detected:
robot_base_x: 10.407053
robot_base_y: -7.277536
robot_base_yaw: 3.138186
robot_geom: robot0_base_collision
proxy_geom: scene_aabb_proxy_line_6_output_side_protrusion
judge_collision_detected:
robot_base_x: 10.407053
robot_base_y: -7.277536
robot_base_yaw: 3.138186
robot_geom: robot0_base_collision
proxy_geom: scene_aabb_proxy_output_6
judge_collision_detected:
robot_base_x: 10.407053
robot_base_y: -7.277536
robot_base_yaw: 3.138186
robot_geom: robot0_base_collision
proxy_geom: scene_aabb_proxy_production_line_6
judge_collision_detected:
robot_base_x: 10.407053
robot_base_y: -7.277536
robot_base_yaw: 3.138186
robot_geom: robot0_front_left_caster_2
proxy_geom: scene_aabb_proxy_output_6
judge_collision_detected:
robot_base_x: 10.407053
robot_base_y: -7.277536
robot_base_yaw: 3.138186
robot_geom: robot0_front_right_caster_2
proxy_geom: scene_aabb_proxy_output_6
judge_collision_detected:
robot_base_x: 10.407053
robot_base_y: -7.277536
robot_base_yaw: 3.138186
robot_geom: robot0_torso_fixed_collision_box_1
proxy_geom: scene_aabb_proxy_line_6_belt
judge_collision_detected:
robot_base_x: 10.407053
robot_base_y: -7.277536
robot_base_yaw: 3.138186
robot_geom: robot0_torso_fixed_collision_box_1
proxy_geom: scene_aabb_proxy_line_6_output_side_protrusion
judge_collision_detected:
robot_base_x: 10.407053
robot_base_y: -7.277536
robot_base_yaw: 3.138186
robot_geom: robot0_torso_fixed_collision_box_1
proxy_geom: scene_aabb_proxy_output_6
judge_collision_detected:
robot_base_x: 10.407053
robot_base_y: -7.277536
robot_base_yaw: 3.138186
robot_geom: robot0_torso_fixed_collision_box_1
proxy_geom: scene_aabb_proxy_production_line_6
judge_collision_detected:
robot_base_x: 10.407053
robot_base_y: -7.277536
robot_base_yaw: 3.138186
robot_geom: robot0_torso_fixed_column_collision
proxy_geom: scene_aabb_proxy_line_6_output_side_protrusion
judge_collision_detected:
robot_base_x: 10.407053
robot_base_y: -7.277536
robot_base_yaw: 3.138186
robot_geom: robot0_wheel_left_collision
proxy_geom: scene_aabb_proxy_line_6_output_side_protrusion
judge_collision_detected:
robot_base_x: 10.407053
robot_base_y: -7.277536
robot_base_yaw: 3.138186
robot_geom: robot0_wheel_right_collision
proxy_geom: scene_aabb_proxy_line_6_output_side_protrusion
judge_collision_detected:
robot_base_x: 10.407053
robot_base_y: -7.277536
robot_base_yaw: 3.138186
robot_geom: robot0_wheel_right_collision
proxy_geom: scene_aabb_proxy_production_line_6
judge_collision_detected:
robot_base_x: 10.400150
robot_base_y: -7.277999
robot_base_yaw: 3.137635
robot_geom: robot0_back_left_caster_2
proxy_geom: scene_aabb_proxy_line_6_output_side_protrusion
judge_collision_detected:
robot_base_x: 10.400150
robot_base_y: -7.277999
robot_base_yaw: 3.137635
robot_geom: robot0_back_right_caster_2
proxy_geom: scene_aabb_proxy_line_6_output_side_protrusion
judge_collision_detected:
robot_base_x: 10.400150
robot_base_y: -7.277999
robot_base_yaw: 3.137635
robot_geom: robot0_base_collision
proxy_geom: scene_aabb_proxy_line_6_belt
judge_collision_detected:
robot_base_x: 10.400150
robot_base_y: -7.277999
robot_base_yaw: 3.137635
robot_geom: robot0_base_collision
proxy_geom: scene_aabb_proxy_line_6_output_side_protrusion
judge_collision_detected:
robot_base_x: 10.400150
robot_base_y: -7.277999
robot_base_yaw: 3.137635
robot_geom: robot0_base_collision
proxy_geom: scene_aabb_proxy_output_6
judge_collision_detected:
robot_base_x: 10.400150
robot_base_y: -7.277999
robot_base_yaw: 3.137635
robot_geom: robot0_base_collision
proxy_geom: scene_aabb_proxy_production_line_6
judge_collision_detected:
robot_base_x: 10.400150
robot_base_y: -7.277999
robot_base_yaw: 3.137635
robot_geom: robot0_front_left_caster_2
proxy_geom: scene_aabb_proxy_output_6
judge_collision_detected:
robot_base_x: 10.400150
robot_base_y: -7.277999
robot_base_yaw: 3.137635
robot_geom: robot0_front_right_caster_2
proxy_geom: scene_aabb_proxy_output_6
judge_collision_detected:
robot_base_x: 10.400150
robot_base_y: -7.277999
robot_base_yaw: 3.137635
robot_geom: robot0_torso_fixed_collision_box_1
proxy_geom: scene_aabb_proxy_line_6_belt
judge_collision_detected:
robot_base_x: 10.400150
robot_base_y: -7.277999
robot_base_yaw: 3.137635
robot_geom: robot0_torso_fixed_collision_box_1
proxy_geom: scene_aabb_proxy_line_6_output_side_protrusion
judge_collision_detected:
robot_base_x: 10.400150
robot_base_y: -7.277999
robot_base_yaw: 3.137635
robot_geom: robot0_torso_fixed_collision_box_1
proxy_geom: scene_aabb_proxy_output_6
judge_collision_detected:
robot_base_x: 10.400150
robot_base_y: -7.277999
robot_base_yaw: 3.137635
robot_geom: robot0_torso_fixed_collision_box_1
proxy_geom: scene_aabb_proxy_production_line_6
judge_collision_detected:
robot_base_x: 10.400150
robot_base_y: -7.277999
robot_base_yaw: 3.137635
robot_geom: robot0_torso_fixed_column_collision
proxy_geom: scene_aabb_proxy_line_6_output_side_protrusion
judge_collision_detected:
robot_base_x: 10.400150
robot_base_y: -7.277999
robot_base_yaw: 3.137635
robot_geom: robot0_wheel_left_collision
proxy_geom: scene_aabb_proxy_line_6_output_side_protrusion
judge_collision_detected:
robot_base_x: 10.400150
robot_base_y: -7.277999
robot_base_yaw: 3.137635
robot_geom: robot0_wheel_right_collision
proxy_geom: scene_aabb_proxy_line_6_output_side_protrusion
judge_collision_detected:
robot_base_x: 10.400150
robot_base_y: -7.277999
robot_base_yaw: 3.137635
robot_geom: robot0_wheel_right_collision
proxy_geom: scene_aabb_proxy_production_line_6
judge_collision_detected:
robot_base_x: 10.394017
robot_base_y: -7.278440
robot_base_yaw: 3.137182
robot_geom: robot0_back_left_caster_2
proxy_geom: scene_aabb_proxy_line_6_output_side_protrusion
judge_collision_detected:
robot_base_x: 10.394017
robot_base_y: -7.278440
robot_base_yaw: 3.137182
robot_geom: robot0_back_right_caster_2
proxy_geom: scene_aabb_proxy_line_6_output_side_protrusion
judge_collision_detected:
robot_base_x: 10.394017
robot_base_y: -7.278440
robot_base_yaw: 3.137182
robot_geom: robot0_base_collision
proxy_geom: scene_aabb_proxy_line_6_belt
judge_collision_detected:
robot_base_x: 10.394017
robot_base_y: -7.278440
robot_base_yaw: 3.137182
robot_geom: robot0_base_collision
proxy_geom: scene_aabb_proxy_line_6_output_side_protrusion
judge_collision_detected:
robot_base_x: 10.394017
robot_base_y: -7.278440
robot_base_yaw: 3.137182
robot_geom: robot0_base_collision
proxy_geom: scene_aabb_proxy_output_6
judge_collision_detected:
robot_base_x: 10.394017
robot_base_y: -7.278440
robot_base_yaw: 3.137182
robot_geom: robot0_base_collision
proxy_geom: scene_aabb_proxy_production_line_6
judge_collision_detected:
robot_base_x: 10.394017
robot_base_y: -7.278440
robot_base_yaw: 3.137182
robot_geom: robot0_front_left_caster_2
proxy_geom: scene_aabb_proxy_output_6
judge_collision_detected:
robot_base_x: 10.394017
robot_base_y: -7.278440
robot_base_yaw: 3.137182
robot_geom: robot0_front_right_caster_2
proxy_geom: scene_aabb_proxy_output_6
judge_collision_detected:
robot_base_x: 10.394017
robot_base_y: -7.278440
robot_base_yaw: 3.137182
robot_geom: robot0_torso_fixed_collision_box_1
proxy_geom: scene_aabb_proxy_line_6_output_side_protrusion
judge_collision_detected:
robot_base_x: 10.394017
robot_base_y: -7.278440
robot_base_yaw: 3.137182
robot_geom: robot0_torso_fixed_collision_box_1
proxy_geom: scene_aabb_proxy_output_6
judge_collision_detected:
robot_base_x: 10.394017
robot_base_y: -7.278440
robot_base_yaw: 3.137182
robot_geom: robot0_torso_fixed_collision_box_1
proxy_geom: scene_aabb_proxy_production_line_6
judge_collision_detected:
robot_base_x: 10.394017
robot_base_y: -7.278440
robot_base_yaw: 3.137182
robot_geom: robot0_torso_fixed_column_collision
proxy_geom: scene_aabb_proxy_line_6_output_side_protrusion
judge_collision_detected:
robot_base_x: 10.394017
robot_base_y: -7.278440
robot_base_yaw: 3.137182
robot_geom: robot0_wheel_left_collision
proxy_geom: scene_aabb_proxy_line_6_output_side_protrusion
judge_collision_detected:
robot_base_x: 10.394017
robot_base_y: -7.278440
robot_base_yaw: 3.137182
robot_geom: robot0_wheel_right_collision
proxy_geom: scene_aabb_proxy_line_6_output_side_protrusion
judge_collision_detected:
robot_base_x: 10.394017
robot_base_y: -7.278440
robot_base_yaw: 3.137182
robot_geom: robot0_wheel_right_collision
proxy_geom: scene_aabb_proxy_production_line_6
judge_collision_detected:
robot_base_x: 10.388411
robot_base_y: -7.278850
robot_base_yaw: 3.136784
robot_geom: robot0_back_left_caster_2
proxy_geom: scene_aabb_proxy_line_6_output_side_protrusion
judge_collision_detected:
robot_base_x: 10.388411
robot_base_y: -7.278850
robot_base_yaw: 3.136784
robot_geom: robot0_back_right_caster_2
proxy_geom: scene_aabb_proxy_line_6_output_side_protrusion
judge_collision_detected:
robot_base_x: 10.388411
robot_base_y: -7.278850
robot_base_yaw: 3.136784
robot_geom: robot0_base_collision
proxy_geom: scene_aabb_proxy_line_6_belt
judge_collision_detected:
robot_base_x: 10.388411
robot_base_y: -7.278850
robot_base_yaw: 3.136784
robot_geom: robot0_base_collision
proxy_geom: scene_aabb_proxy_line_6_output_side_protrusion
judge_collision_detected:
robot_base_x: 10.388411
robot_base_y: -7.278850
robot_base_yaw: 3.136784
robot_geom: robot0_base_collision
proxy_geom: scene_aabb_proxy_output_6
judge_collision_detected:
robot_base_x: 10.388411
robot_base_y: -7.278850
robot_base_yaw: 3.136784
robot_geom: robot0_base_collision
proxy_geom: scene_aabb_proxy_production_line_6
judge_collision_detected:
robot_base_x: 10.388411
robot_base_y: -7.278850
robot_base_yaw: 3.136784
robot_geom: robot0_front_left_caster_2
proxy_geom: scene_aabb_proxy_output_6
judge_collision_detected:
robot_base_x: 10.388411
robot_base_y: -7.278850
robot_base_yaw: 3.136784
robot_geom: robot0_front_right_caster_2
proxy_geom: scene_aabb_proxy_output_6
judge_collision_detected:
robot_base_x: 10.388411
robot_base_y: -7.278850
robot_base_yaw: 3.136784
robot_geom: robot0_torso_fixed_collision_box_1
proxy_geom: scene_aabb_proxy_line_6_output_side_protrusion
judge_collision_detected:
robot_base_x: 10.388411
robot_base_y: -7.278850
robot_base_yaw: 3.136784
robot_geom: robot0_torso_fixed_collision_box_1
proxy_geom: scene_aabb_proxy_output_6
judge_collision_detected:
robot_base_x: 10.388411
robot_base_y: -7.278850
robot_base_yaw: 3.136784
robot_geom: robot0_torso_fixed_collision_box_1
proxy_geom: scene_aabb_proxy_production_line_6
judge_collision_detected:
robot_base_x: 10.388411
robot_base_y: -7.278850
robot_base_yaw: 3.136784
robot_geom: robot0_torso_fixed_column_collision
proxy_geom: scene_aabb_proxy_line_6_output_side_protrusion
judge_collision_detected:
robot_base_x: 10.388411
robot_base_y: -7.278850
robot_base_yaw: 3.136784
robot_geom: robot0_wheel_left_collision
proxy_geom: scene_aabb_proxy_line_6_output_side_protrusion
judge_collision_detected:
robot_base_x: 10.388411
robot_base_y: -7.278850
robot_base_yaw: 3.136784
robot_geom: robot0_wheel_right_collision
proxy_geom: scene_aabb_proxy_line_6_output_side_protrusion
judge_collision_detected:
robot_base_x: 10.388411
robot_base_y: -7.278850
robot_base_yaw: 3.136784
robot_geom: robot0_wheel_right_collision
proxy_geom: scene_aabb_proxy_production_line_6
judge_collision_detected:
robot_base_x: 10.383406
robot_base_y: -7.279217
robot_base_yaw: 3.136657
robot_geom: robot0_back_left_caster_2
proxy_geom: scene_aabb_proxy_line_6_output_side_protrusion
judge_collision_detected:
robot_base_x: 10.383406
robot_base_y: -7.279217
robot_base_yaw: 3.136657
robot_geom: robot0_back_right_caster_2
proxy_geom: scene_aabb_proxy_line_6_output_side_protrusion
judge_collision_detected:
robot_base_x: 10.383406
robot_base_y: -7.279217
robot_base_yaw: 3.136657
robot_geom: robot0_base_collision
proxy_geom: scene_aabb_proxy_line_6_belt
judge_collision_detected:
robot_base_x: 10.383406
robot_base_y: -7.279217
robot_base_yaw: 3.136657
robot_geom: robot0_base_collision
proxy_geom: scene_aabb_proxy_line_6_output_side_protrusion
judge_collision_detected:
robot_base_x: 10.383406
robot_base_y: -7.279217
robot_base_yaw: 3.136657
robot_geom: robot0_base_collision
proxy_geom: scene_aabb_proxy_output_6
judge_collision_detected:
robot_base_x: 10.383406
robot_base_y: -7.279217
robot_base_yaw: 3.136657
robot_geom: robot0_base_collision
proxy_geom: scene_aabb_proxy_production_line_6
judge_collision_detected:
robot_base_x: 10.383406
robot_base_y: -7.279217
robot_base_yaw: 3.136657
robot_geom: robot0_front_left_caster_2
proxy_geom: scene_aabb_proxy_output_6
judge_collision_detected:
robot_base_x: 10.383406
robot_base_y: -7.279217
robot_base_yaw: 3.136657
robot_geom: robot0_front_right_caster_2
proxy_geom: scene_aabb_proxy_output_6
judge_collision_detected:
robot_base_x: 10.383406
robot_base_y: -7.279217
robot_base_yaw: 3.136657
robot_geom: robot0_torso_fixed_collision_box_1
proxy_geom: scene_aabb_proxy_line_6_output_side_protrusion
judge_collision_detected:
robot_base_x: 10.383406
robot_base_y: -7.279217
robot_base_yaw: 3.136657
robot_geom: robot0_torso_fixed_collision_box_1
proxy_geom: scene_aabb_proxy_output_6
judge_collision_detected:
robot_base_x: 10.383406
robot_base_y: -7.279217
robot_base_yaw: 3.136657
robot_geom: robot0_torso_fixed_collision_box_1
proxy_geom: scene_aabb_proxy_production_line_6
judge_collision_detected:
robot_base_x: 10.383406
robot_base_y: -7.279217
robot_base_yaw: 3.136657
robot_geom: robot0_torso_fixed_column_collision
proxy_geom: scene_aabb_proxy_line_6_output_side_protrusion
judge_collision_detected:
robot_base_x: 10.383406
robot_base_y: -7.279217
robot_base_yaw: 3.136657
robot_geom: robot0_wheel_left_collision
proxy_geom: scene_aabb_proxy_line_6_output_side_protrusion
judge_collision_detected:
robot_base_x: 10.383406
robot_base_y: -7.279217
robot_base_yaw: 3.136657
robot_geom: robot0_wheel_left_collision
proxy_geom: scene_aabb_proxy_output_6
judge_collision_detected:
robot_base_x: 10.383406
robot_base_y: -7.279217
robot_base_yaw: 3.136657
robot_geom: robot0_wheel_right_collision
proxy_geom: scene_aabb_proxy_line_6_output_side_protrusion
judge_collision_detected:
robot_base_x: 10.383406
robot_base_y: -7.279217
robot_base_yaw: 3.136657
robot_geom: robot0_wheel_right_collision
proxy_geom: scene_aabb_proxy_output_6
judge_collision_detected:
robot_base_x: 10.383406
robot_base_y: -7.279217
robot_base_yaw: 3.136657
robot_geom: robot0_wheel_right_collision
proxy_geom: scene_aabb_proxy_production_line_6
judge_collision_detected:
robot_base_x: 10.380299
robot_base_y: -7.279522
robot_base_yaw: 3.136443
robot_geom: robot0_back_left_caster_2
proxy_geom: scene_aabb_proxy_line_6_output_side_protrusion
judge_collision_detected:
robot_base_x: 10.380299
robot_base_y: -7.279522
robot_base_yaw: 3.136443
robot_geom: robot0_back_right_caster_2
proxy_geom: scene_aabb_proxy_line_6_output_side_protrusion
judge_collision_detected:
robot_base_x: 10.380299
robot_base_y: -7.279522
robot_base_yaw: 3.136443
robot_geom: robot0_base_collision
proxy_geom: scene_aabb_proxy_line_6_belt
judge_collision_detected:
robot_base_x: 10.380299
robot_base_y: -7.279522
robot_base_yaw: 3.136443
robot_geom: robot0_base_collision
proxy_geom: scene_aabb_proxy_line_6_output_side_protrusion
judge_collision_detected:
robot_base_x: 10.380299
robot_base_y: -7.279522
robot_base_yaw: 3.136443
robot_geom: robot0_base_collision
proxy_geom: scene_aabb_proxy_output_6
judge_collision_detected:
robot_base_x: 10.380299
robot_base_y: -7.279522
robot_base_yaw: 3.136443
robot_geom: robot0_base_collision
proxy_geom: scene_aabb_proxy_production_line_6
judge_collision_detected:
robot_base_x: 10.380299
robot_base_y: -7.279522
robot_base_yaw: 3.136443
robot_geom: robot0_front_left_caster_2
proxy_geom: scene_aabb_proxy_output_6
judge_collision_detected:
robot_base_x: 10.380299
robot_base_y: -7.279522
robot_base_yaw: 3.136443
robot_geom: robot0_front_right_caster_2
proxy_geom: scene_aabb_proxy_output_6
judge_collision_detected:
robot_base_x: 10.380299
robot_base_y: -7.279522
robot_base_yaw: 3.136443
robot_geom: robot0_torso_fixed_collision_box_1
proxy_geom: scene_aabb_proxy_line_6_output_side_protrusion
judge_collision_detected:
robot_base_x: 10.380299
robot_base_y: -7.279522
robot_base_yaw: 3.136443
robot_geom: robot0_torso_fixed_collision_box_1
proxy_geom: scene_aabb_proxy_output_6
judge_collision_detected:
robot_base_x: 10.380299
robot_base_y: -7.279522
robot_base_yaw: 3.136443
robot_geom: robot0_torso_fixed_collision_box_1
proxy_geom: scene_aabb_proxy_production_line_6
judge_collision_detected:
robot_base_x: 10.380299
robot_base_y: -7.279522
robot_base_yaw: 3.136443
robot_geom: robot0_torso_fixed_column_collision
proxy_geom: scene_aabb_proxy_line_6_output_side_protrusion
judge_collision_detected:
robot_base_x: 10.380299
robot_base_y: -7.279522
robot_base_yaw: 3.136443
robot_geom: robot0_wheel_left_collision
proxy_geom: scene_aabb_proxy_line_6_output_side_protrusion
judge_collision_detected:
robot_base_x: 10.380299
robot_base_y: -7.279522
robot_base_yaw: 3.136443
robot_geom: robot0_wheel_left_collision
proxy_geom: scene_aabb_proxy_output_6
judge_collision_detected:
robot_base_x: 10.380299
robot_base_y: -7.279522
robot_base_yaw: 3.136443
robot_geom: robot0_wheel_right_collision
proxy_geom: scene_aabb_proxy_line_6_output_side_protrusion
judge_collision_detected:
robot_base_x: 10.380299
robot_base_y: -7.279522
robot_base_yaw: 3.136443
robot_geom: robot0_wheel_right_collision
proxy_geom: scene_aabb_proxy_output_6
judge_collision_detected:
robot_base_x: 10.380299
robot_base_y: -7.279522
robot_base_yaw: 3.136443
robot_geom: robot0_wheel_right_collision
proxy_geom: scene_aabb_proxy_production_line_6
judge_collision_detected:
robot_base_x: 10.378059
robot_base_y: -7.279806
robot_base_yaw: 3.135562
robot_geom: robot0_back_left_caster_2
proxy_geom: scene_aabb_proxy_line_6_output_side_protrusion
judge_collision_detected:
robot_base_x: 10.378059
robot_base_y: -7.279806
robot_base_yaw: 3.135562
robot_geom: robot0_back_right_caster_2
proxy_geom: scene_aabb_proxy_line_6_output_side_protrusion
judge_collision_detected:
robot_base_x: 10.378059
robot_base_y: -7.279806
robot_base_yaw: 3.135562
robot_geom: robot0_base_collision
proxy_geom: scene_aabb_proxy_line_6_belt
judge_collision_detected:
robot_base_x: 10.378059
robot_base_y: -7.279806
robot_base_yaw: 3.135562
robot_geom: robot0_base_collision
proxy_geom: scene_aabb_proxy_line_6_output_side_protrusion
judge_collision_detected:
robot_base_x: 10.378059
robot_base_y: -7.279806
robot_base_yaw: 3.135562
robot_geom: robot0_base_collision
proxy_geom: scene_aabb_proxy_output_6
judge_collision_detected:
robot_base_x: 10.378059
robot_base_y: -7.279806
robot_base_yaw: 3.135562
robot_geom: robot0_base_collision
proxy_geom: scene_aabb_proxy_production_line_6
judge_collision_detected:
robot_base_x: 10.378059
robot_base_y: -7.279806
robot_base_yaw: 3.135562
robot_geom: robot0_front_left_caster_2
proxy_geom: scene_aabb_proxy_output_6
judge_collision_detected:
robot_base_x: 10.378059
robot_base_y: -7.279806
robot_base_yaw: 3.135562
robot_geom: robot0_front_right_caster_2
proxy_geom: scene_aabb_proxy_output_6
judge_collision_detected:
robot_base_x: 10.378059
robot_base_y: -7.279806
robot_base_yaw: 3.135562
robot_geom: robot0_torso_fixed_collision_box_1
proxy_geom: scene_aabb_proxy_line_6_output_side_protrusion
judge_collision_detected:
robot_base_x: 10.378059
robot_base_y: -7.279806
robot_base_yaw: 3.135562
robot_geom: robot0_torso_fixed_collision_box_1
proxy_geom: scene_aabb_proxy_output_6
judge_collision_detected:
robot_base_x: 10.378059
robot_base_y: -7.279806
robot_base_yaw: 3.135562
robot_geom: robot0_torso_fixed_collision_box_1
proxy_geom: scene_aabb_proxy_production_line_6
judge_collision_detected:
robot_base_x: 10.378059
robot_base_y: -7.279806
robot_base_yaw: 3.135562
robot_geom: robot0_torso_fixed_column_collision
proxy_geom: scene_aabb_proxy_line_6_output_side_protrusion
judge_collision_detected:
robot_base_x: 10.378059
robot_base_y: -7.279806
robot_base_yaw: 3.135562
robot_geom: robot0_wheel_left_collision
proxy_geom: scene_aabb_proxy_line_6_output_side_protrusion
judge_collision_detected:
robot_base_x: 10.378059
robot_base_y: -7.279806
robot_base_yaw: 3.135562
robot_geom: robot0_wheel_left_collision
proxy_geom: scene_aabb_proxy_output_6
judge_collision_detected:
robot_base_x: 10.378059
robot_base_y: -7.279806
robot_base_yaw: 3.135562
robot_geom: robot0_wheel_right_collision
proxy_geom: scene_aabb_proxy_line_6_output_side_protrusion
judge_collision_detected:
robot_base_x: 10.378059
robot_base_y: -7.279806
robot_base_yaw: 3.135562
robot_geom: robot0_wheel_right_collision
proxy_geom: scene_aabb_proxy_output_6
judge_collision_detected:
robot_base_x: 10.378059
robot_base_y: -7.279806
robot_base_yaw: 3.135562
robot_geom: robot0_wheel_right_collision
proxy_geom: scene_aabb_proxy_production_line_6
judge_collision_detected:
robot_base_x: 10.376025
robot_base_y: -7.280092
robot_base_yaw: 3.134674
robot_geom: robot0_back_left_caster_2
proxy_geom: scene_aabb_proxy_line_6_output_side_protrusion
judge_collision_detected:
robot_base_x: 10.376025
robot_base_y: -7.280092
robot_base_yaw: 3.134674
robot_geom: robot0_back_right_caster_2
proxy_geom: scene_aabb_proxy_line_6_output_side_protrusion
judge_collision_detected:
robot_base_x: 10.376025
robot_base_y: -7.280092
robot_base_yaw: 3.134674
robot_geom: robot0_base_collision
proxy_geom: scene_aabb_proxy_line_6_belt
judge_collision_detected:
robot_base_x: 10.376025
robot_base_y: -7.280092
robot_base_yaw: 3.134674
robot_geom: robot0_base_collision
proxy_geom: scene_aabb_proxy_line_6_output_side_protrusion
judge_collision_detected:
robot_base_x: 10.376025
robot_base_y: -7.280092
robot_base_yaw: 3.134674
robot_geom: robot0_base_collision
proxy_geom: scene_aabb_proxy_output_6
judge_collision_detected:
robot_base_x: 10.376025
robot_base_y: -7.280092
robot_base_yaw: 3.134674
robot_geom: robot0_base_collision
proxy_geom: scene_aabb_proxy_production_line_6
judge_collision_detected:
robot_base_x: 10.376025
robot_base_y: -7.280092
robot_base_yaw: 3.134674
robot_geom: robot0_front_left_caster_2
proxy_geom: scene_aabb_proxy_output_6
judge_collision_detected:
robot_base_x: 10.376025
robot_base_y: -7.280092
robot_base_yaw: 3.134674
robot_geom: robot0_front_right_caster_2
proxy_geom: scene_aabb_proxy_output_6
judge_collision_detected:
robot_base_x: 10.376025
robot_base_y: -7.280092
robot_base_yaw: 3.134674
robot_geom: robot0_torso_fixed_collision_box_1
proxy_geom: scene_aabb_proxy_line_6_output_side_protrusion
judge_collision_detected:
robot_base_x: 10.376025
robot_base_y: -7.280092
robot_base_yaw: 3.134674
robot_geom: robot0_torso_fixed_collision_box_1
proxy_geom: scene_aabb_proxy_output_6
judge_collision_detected:
robot_base_x: 10.376025
robot_base_y: -7.280092
robot_base_yaw: 3.134674
robot_geom: robot0_torso_fixed_collision_box_1
proxy_geom: scene_aabb_proxy_production_line_6
judge_collision_detected:
robot_base_x: 10.376025
robot_base_y: -7.280092
robot_base_yaw: 3.134674
robot_geom: robot0_torso_fixed_column_collision
proxy_geom: scene_aabb_proxy_line_6_output_side_protrusion
judge_collision_detected:
robot_base_x: 10.376025
robot_base_y: -7.280092
robot_base_yaw: 3.134674
robot_geom: robot0_wheel_left_collision
proxy_geom: scene_aabb_proxy_line_6_output_side_protrusion
judge_collision_detected:
robot_base_x: 10.376025
robot_base_y: -7.280092
robot_base_yaw: 3.134674
robot_geom: robot0_wheel_left_collision
proxy_geom: scene_aabb_proxy_output_6
judge_collision_detected:
robot_base_x: 10.376025
robot_base_y: -7.280092
robot_base_yaw: 3.134674
robot_geom: robot0_wheel_right_collision
proxy_geom: scene_aabb_proxy_line_6_output_side_protrusion
judge_collision_detected:
robot_base_x: 10.376025
robot_base_y: -7.280092
robot_base_yaw: 3.134674
robot_geom: robot0_wheel_right_collision
proxy_geom: scene_aabb_proxy_output_6
judge_collision_detected:
robot_base_x: 10.376025
robot_base_y: -7.280092
robot_base_yaw: 3.134674
robot_geom: robot0_wheel_right_collision
proxy_geom: scene_aabb_proxy_production_line_6
judge_collision_detected:
robot_base_x: 10.374078
robot_base_y: -7.280371
robot_base_yaw: 3.133835
robot_geom: robot0_back_left_caster_2
proxy_geom: scene_aabb_proxy_line_6_output_side_protrusion
judge_collision_detected:
robot_base_x: 10.374078
robot_base_y: -7.280371
robot_base_yaw: 3.133835
robot_geom: robot0_back_right_caster_2
proxy_geom: scene_aabb_proxy_line_6_output_side_protrusion
judge_collision_detected:
robot_base_x: 10.374078
robot_base_y: -7.280371
robot_base_yaw: 3.133835
robot_geom: robot0_base_collision
proxy_geom: scene_aabb_proxy_line_6_output_side_protrusion
judge_collision_detected:
robot_base_x: 10.374078
robot_base_y: -7.280371
robot_base_yaw: 3.133835
robot_geom: robot0_base_collision
proxy_geom: scene_aabb_proxy_output_6
judge_collision_detected:
robot_base_x: 10.374078
robot_base_y: -7.280371
robot_base_yaw: 3.133835
robot_geom: robot0_base_collision
proxy_geom: scene_aabb_proxy_production_line_6
judge_collision_detected:
robot_base_x: 10.374078
robot_base_y: -7.280371
robot_base_yaw: 3.133835
robot_geom: robot0_front_left_caster_2
proxy_geom: scene_aabb_proxy_output_6
judge_collision_detected:
robot_base_x: 10.374078
robot_base_y: -7.280371
robot_base_yaw: 3.133835
robot_geom: robot0_front_right_caster_2
proxy_geom: scene_aabb_proxy_output_6
judge_collision_detected:
robot_base_x: 10.374078
robot_base_y: -7.280371
robot_base_yaw: 3.133835
robot_geom: robot0_torso_fixed_collision_box_1
proxy_geom: scene_aabb_proxy_line_6_output_side_protrusion
judge_collision_detected:
robot_base_x: 10.374078
robot_base_y: -7.280371
robot_base_yaw: 3.133835
robot_geom: robot0_torso_fixed_collision_box_1
proxy_geom: scene_aabb_proxy_output_6
judge_collision_detected:
robot_base_x: 10.374078
robot_base_y: -7.280371
robot_base_yaw: 3.133835
robot_geom: robot0_torso_fixed_collision_box_1
proxy_geom: scene_aabb_proxy_production_line_6
judge_collision_detected:
robot_base_x: 10.374078
robot_base_y: -7.280371
robot_base_yaw: 3.133835
robot_geom: robot0_torso_fixed_column_collision
proxy_geom: scene_aabb_proxy_line_6_output_side_protrusion
judge_collision_detected:
robot_base_x: 10.374078
robot_base_y: -7.280371
robot_base_yaw: 3.133835
robot_geom: robot0_wheel_left_collision
proxy_geom: scene_aabb_proxy_line_6_output_side_protrusion
judge_collision_detected:
robot_base_x: 10.374078
robot_base_y: -7.280371
robot_base_yaw: 3.133835
robot_geom: robot0_wheel_left_collision
proxy_geom: scene_aabb_proxy_output_6
judge_collision_detected:
robot_base_x: 10.374078
robot_base_y: -7.280371
robot_base_yaw: 3.133835
robot_geom: robot0_wheel_right_collision
proxy_geom: scene_aabb_proxy_line_6_output_side_protrusion
judge_collision_detected:
robot_base_x: 10.374078
robot_base_y: -7.280371
robot_base_yaw: 3.133835
robot_geom: robot0_wheel_right_collision
proxy_geom: scene_aabb_proxy_output_6
judge_collision_detected:
robot_base_x: 10.374078
robot_base_y: -7.280371
robot_base_yaw: 3.133835
robot_geom: robot0_wheel_right_collision
proxy_geom: scene_aabb_proxy_production_line_6
judge_collision_detected:
robot_base_x: 10.372169
robot_base_y: -7.280644
robot_base_yaw: 3.133044
robot_geom: robot0_back_left_caster_2
proxy_geom: scene_aabb_proxy_line_6_output_side_protrusion
judge_collision_detected:
robot_base_x: 10.372169
robot_base_y: -7.280644
robot_base_yaw: 3.133044
robot_geom: robot0_back_right_caster_2
proxy_geom: scene_aabb_proxy_line_6_output_side_protrusion
judge_collision_detected:
robot_base_x: 10.372169
robot_base_y: -7.280644
robot_base_yaw: 3.133044
robot_geom: robot0_base_collision
proxy_geom: scene_aabb_proxy_line_6_output_side_protrusion
judge_collision_detected:
robot_base_x: 10.372169
robot_base_y: -7.280644
robot_base_yaw: 3.133044
robot_geom: robot0_base_collision
proxy_geom: scene_aabb_proxy_output_6
judge_collision_detected:
robot_base_x: 10.372169
robot_base_y: -7.280644
robot_base_yaw: 3.133044
robot_geom: robot0_base_collision
proxy_geom: scene_aabb_proxy_production_line_6
judge_collision_detected:
robot_base_x: 10.372169
robot_base_y: -7.280644
robot_base_yaw: 3.133044
robot_geom: robot0_front_left_caster_2
proxy_geom: scene_aabb_proxy_output_6
judge_collision_detected:
robot_base_x: 10.372169
robot_base_y: -7.280644
robot_base_yaw: 3.133044
robot_geom: robot0_front_right_caster_2
proxy_geom: scene_aabb_proxy_output_6
judge_collision_detected:
robot_base_x: 10.372169
robot_base_y: -7.280644
robot_base_yaw: 3.133044
robot_geom: robot0_torso_fixed_collision_box_1
proxy_geom: scene_aabb_proxy_line_6_output_side_protrusion
judge_collision_detected:
robot_base_x: 10.372169
robot_base_y: -7.280644
robot_base_yaw: 3.133044
robot_geom: robot0_torso_fixed_collision_box_1
proxy_geom: scene_aabb_proxy_output_6
judge_collision_detected:
robot_base_x: 10.372169
robot_base_y: -7.280644
robot_base_yaw: 3.133044
robot_geom: robot0_torso_fixed_collision_box_1
proxy_geom: scene_aabb_proxy_production_line_6
judge_collision_detected:
robot_base_x: 10.372169
robot_base_y: -7.280644
robot_base_yaw: 3.133044
robot_geom: robot0_torso_fixed_column_collision
proxy_geom: scene_aabb_proxy_line_6_output_side_protrusion
judge_collision_detected:
robot_base_x: 10.372169
robot_base_y: -7.280644
robot_base_yaw: 3.133044
robot_geom: robot0_wheel_left_collision
proxy_geom: scene_aabb_proxy_line_6_output_side_protrusion
judge_collision_detected:
robot_base_x: 10.372169
robot_base_y: -7.280644
robot_base_yaw: 3.133044
robot_geom: robot0_wheel_left_collision
proxy_geom: scene_aabb_proxy_output_6
judge_collision_detected:
robot_base_x: 10.372169
robot_base_y: -7.280644
robot_base_yaw: 3.133044
robot_geom: robot0_wheel_right_collision
proxy_geom: scene_aabb_proxy_line_6_output_side_protrusion
judge_collision_detected:
robot_base_x: 10.372169
robot_base_y: -7.280644
robot_base_yaw: 3.133044
robot_geom: robot0_wheel_right_collision
proxy_geom: scene_aabb_proxy_output_6
judge_collision_detected:
robot_base_x: 10.372169
robot_base_y: -7.280644
robot_base_yaw: 3.133044
robot_geom: robot0_wheel_right_collision
proxy_geom: scene_aabb_proxy_production_line_6
judge_collision_detected:
robot_base_x: 10.369934
robot_base_y: -7.280931
robot_base_yaw: 3.132275
robot_geom: robot0_back_left_caster_2
proxy_geom: scene_aabb_proxy_line_6_output_side_protrusion
judge_collision_detected:
robot_base_x: 10.369934
robot_base_y: -7.280931
robot_base_yaw: 3.132275
robot_geom: robot0_back_right_caster_2
proxy_geom: scene_aabb_proxy_line_6_output_side_protrusion
judge_collision_detected:
robot_base_x: 10.369934
robot_base_y: -7.280931
robot_base_yaw: 3.132275
robot_geom: robot0_base_collision
proxy_geom: scene_aabb_proxy_line_6_output_side_protrusion
judge_collision_detected:
robot_base_x: 10.369934
robot_base_y: -7.280931
robot_base_yaw: 3.132275
robot_geom: robot0_base_collision
proxy_geom: scene_aabb_proxy_output_6
judge_collision_detected:
robot_base_x: 10.369934
robot_base_y: -7.280931
robot_base_yaw: 3.132275
robot_geom: robot0_base_collision
proxy_geom: scene_aabb_proxy_production_line_6
judge_collision_detected:
robot_base_x: 10.369934
robot_base_y: -7.280931
robot_base_yaw: 3.132275
robot_geom: robot0_front_left_caster_2
proxy_geom: scene_aabb_proxy_output_6
judge_collision_detected:
robot_base_x: 10.369934
robot_base_y: -7.280931
robot_base_yaw: 3.132275
robot_geom: robot0_front_right_caster_2
proxy_geom: scene_aabb_proxy_output_6
judge_collision_detected:
robot_base_x: 10.369934
robot_base_y: -7.280931
robot_base_yaw: 3.132275
robot_geom: robot0_torso_fixed_collision_box_1
proxy_geom: scene_aabb_proxy_line_6_output_side_protrusion
judge_collision_detected:
robot_base_x: 10.369934
robot_base_y: -7.280931
robot_base_yaw: 3.132275
robot_geom: robot0_torso_fixed_collision_box_1
proxy_geom: scene_aabb_proxy_output_6
judge_collision_detected:
robot_base_x: 10.369934
robot_base_y: -7.280931
robot_base_yaw: 3.132275
robot_geom: robot0_torso_fixed_collision_box_1
proxy_geom: scene_aabb_proxy_production_line_6
judge_collision_detected:
robot_base_x: 10.369934
robot_base_y: -7.280931
robot_base_yaw: 3.132275
robot_geom: robot0_torso_fixed_column_collision
proxy_geom: scene_aabb_proxy_line_6_output_side_protrusion
judge_collision_detected:
robot_base_x: 10.369934
robot_base_y: -7.280931
robot_base_yaw: 3.132275
robot_geom: robot0_wheel_left_collision
proxy_geom: scene_aabb_proxy_line_6_output_side_protrusion
judge_collision_detected:
robot_base_x: 10.369934
robot_base_y: -7.280931
robot_base_yaw: 3.132275
robot_geom: robot0_wheel_left_collision
proxy_geom: scene_aabb_proxy_output_6
judge_collision_detected:
robot_base_x: 10.369934
robot_base_y: -7.280931
robot_base_yaw: 3.132275
robot_geom: robot0_wheel_right_collision
proxy_geom: scene_aabb_proxy_line_6_output_side_protrusion
judge_collision_detected:
robot_base_x: 10.369934
robot_base_y: -7.280931
robot_base_yaw: 3.132275
robot_geom: robot0_wheel_right_collision
proxy_geom: scene_aabb_proxy_output_6
judge_collision_detected:
robot_base_x: 10.369934
robot_base_y: -7.280931
robot_base_yaw: 3.132275
robot_geom: robot0_wheel_right_collision
proxy_geom: scene_aabb_proxy_production_line_6
judge_collision_detected:
robot_base_x: 10.367486
robot_base_y: -7.281207
robot_base_yaw: 3.130810
robot_geom: robot0_back_left_caster_2
proxy_geom: scene_aabb_proxy_line_6_output_side_protrusion
judge_collision_detected:
robot_base_x: 10.367486
robot_base_y: -7.281207
robot_base_yaw: 3.130810
robot_geom: robot0_back_right_caster_2
proxy_geom: scene_aabb_proxy_line_6_output_side_protrusion
judge_collision_detected:
robot_base_x: 10.367486
robot_base_y: -7.281207
robot_base_yaw: 3.130810
robot_geom: robot0_base_collision
proxy_geom: scene_aabb_proxy_line_6_output_side_protrusion
judge_collision_detected:
robot_base_x: 10.367486
robot_base_y: -7.281207
robot_base_yaw: 3.130810
robot_geom: robot0_base_collision
proxy_geom: scene_aabb_proxy_output_6
judge_collision_detected:
robot_base_x: 10.367486
robot_base_y: -7.281207
robot_base_yaw: 3.130810
robot_geom: robot0_base_collision
proxy_geom: scene_aabb_proxy_production_line_6
judge_collision_detected:
robot_base_x: 10.367486
robot_base_y: -7.281207
robot_base_yaw: 3.130810
robot_geom: robot0_front_left_caster_2
proxy_geom: scene_aabb_proxy_output_6
judge_collision_detected:
robot_base_x: 10.367486
robot_base_y: -7.281207
robot_base_yaw: 3.130810
robot_geom: robot0_front_right_caster_2
proxy_geom: scene_aabb_proxy_output_6
judge_collision_detected:
robot_base_x: 10.367486
robot_base_y: -7.281207
robot_base_yaw: 3.130810
robot_geom: robot0_torso_fixed_collision_box_1
proxy_geom: scene_aabb_proxy_line_6_output_side_protrusion
judge_collision_detected:
robot_base_x: 10.367486
robot_base_y: -7.281207
robot_base_yaw: 3.130810
robot_geom: robot0_torso_fixed_collision_box_1
proxy_geom: scene_aabb_proxy_output_6
judge_collision_detected:
robot_base_x: 10.367486
robot_base_y: -7.281207
robot_base_yaw: 3.130810
robot_geom: robot0_torso_fixed_collision_box_1
proxy_geom: scene_aabb_proxy_production_line_6
judge_collision_detected:
robot_base_x: 10.367486
robot_base_y: -7.281207
robot_base_yaw: 3.130810
robot_geom: robot0_torso_fixed_column_collision
proxy_geom: scene_aabb_proxy_line_6_output_side_protrusion
judge_collision_detected:
robot_base_x: 10.367486
robot_base_y: -7.281207
robot_base_yaw: 3.130810
robot_geom: robot0_wheel_left_collision
proxy_geom: scene_aabb_proxy_line_6_output_side_protrusion
judge_collision_detected:
robot_base_x: 10.367486
robot_base_y: -7.281207
robot_base_yaw: 3.130810
robot_geom: robot0_wheel_left_collision
proxy_geom: scene_aabb_proxy_output_6
judge_collision_detected:
robot_base_x: 10.367486
robot_base_y: -7.281207
robot_base_yaw: 3.130810
robot_geom: robot0_wheel_right_collision
proxy_geom: scene_aabb_proxy_line_6_output_side_protrusion
judge_collision_detected:
robot_base_x: 10.367486
robot_base_y: -7.281207
robot_base_yaw: 3.130810
robot_geom: robot0_wheel_right_collision
proxy_geom: scene_aabb_proxy_output_6
judge_collision_detected:
robot_base_x: 10.367486
robot_base_y: -7.281207
robot_base_yaw: 3.130810
robot_geom: robot0_wheel_right_collision
proxy_geom: scene_aabb_proxy_production_line_6
judge_collision_detected:
robot_base_x: 10.365282
robot_base_y: -7.281423
robot_base_yaw: 3.129360
robot_geom: robot0_back_left_caster_2
proxy_geom: scene_aabb_proxy_line_6_output_side_protrusion
judge_collision_detected:
robot_base_x: 10.365282
robot_base_y: -7.281423
robot_base_yaw: 3.129360
robot_geom: robot0_back_right_caster_2
proxy_geom: scene_aabb_proxy_line_6_output_side_protrusion
judge_collision_detected:
robot_base_x: 10.365282
robot_base_y: -7.281423
robot_base_yaw: 3.129360
robot_geom: robot0_base_collision
proxy_geom: scene_aabb_proxy_line_6_output_side_protrusion
judge_collision_detected:
robot_base_x: 10.365282
robot_base_y: -7.281423
robot_base_yaw: 3.129360
robot_geom: robot0_base_collision
proxy_geom: scene_aabb_proxy_output_6
judge_collision_detected:
robot_base_x: 10.365282
robot_base_y: -7.281423
robot_base_yaw: 3.129360
robot_geom: robot0_base_collision
proxy_geom: scene_aabb_proxy_production_line_6
judge_collision_detected:
robot_base_x: 10.365282
robot_base_y: -7.281423
robot_base_yaw: 3.129360
robot_geom: robot0_front_left_caster_2
proxy_geom: scene_aabb_proxy_output_6
judge_collision_detected:
robot_base_x: 10.365282
robot_base_y: -7.281423
robot_base_yaw: 3.129360
robot_geom: robot0_front_right_caster_2
proxy_geom: scene_aabb_proxy_output_6
judge_collision_detected:
robot_base_x: 10.365282
robot_base_y: -7.281423
robot_base_yaw: 3.129360
robot_geom: robot0_torso_fixed_collision_box_1
proxy_geom: scene_aabb_proxy_line_6_output_side_protrusion
judge_collision_detected:
robot_base_x: 10.365282
robot_base_y: -7.281423
robot_base_yaw: 3.129360
robot_geom: robot0_torso_fixed_collision_box_1
proxy_geom: scene_aabb_proxy_output_6
judge_collision_detected:
robot_base_x: 10.365282
robot_base_y: -7.281423
robot_base_yaw: 3.129360
robot_geom: robot0_torso_fixed_collision_box_1
proxy_geom: scene_aabb_proxy_production_line_6
judge_collision_detected:
robot_base_x: 10.365282
robot_base_y: -7.281423
robot_base_yaw: 3.129360
robot_geom: robot0_torso_fixed_column_collision
proxy_geom: scene_aabb_proxy_line_6_output_side_protrusion
judge_collision_detected:
robot_base_x: 10.365282
robot_base_y: -7.281423
robot_base_yaw: 3.129360
robot_geom: robot0_wheel_left_collision
proxy_geom: scene_aabb_proxy_line_6_output_side_protrusion
judge_collision_detected:
robot_base_x: 10.365282
robot_base_y: -7.281423
robot_base_yaw: 3.129360
robot_geom: robot0_wheel_left_collision
proxy_geom: scene_aabb_proxy_output_6
judge_collision_detected:
robot_base_x: 10.365282
robot_base_y: -7.281423
robot_base_yaw: 3.129360
robot_geom: robot0_wheel_right_collision
proxy_geom: scene_aabb_proxy_line_6_output_side_protrusion
judge_collision_detected:
robot_base_x: 10.365282
robot_base_y: -7.281423
robot_base_yaw: 3.129360
robot_geom: robot0_wheel_right_collision
proxy_geom: scene_aabb_proxy_output_6
judge_collision_detected:
robot_base_x: 10.365282
robot_base_y: -7.281423
robot_base_yaw: 3.129360
robot_geom: robot0_wheel_right_collision
proxy_geom: scene_aabb_proxy_production_line_6
judge_collision_detected:
robot_base_x: 10.362899
robot_base_y: -7.281642
robot_base_yaw: 3.129192
robot_geom: robot0_back_left_caster_2
proxy_geom: scene_aabb_proxy_line_6_output_side_protrusion
judge_collision_detected:
robot_base_x: 10.362899
robot_base_y: -7.281642
robot_base_yaw: 3.129192
robot_geom: robot0_back_right_caster_2
proxy_geom: scene_aabb_proxy_line_6_output_side_protrusion
judge_collision_detected:
robot_base_x: 10.362899
robot_base_y: -7.281642
robot_base_yaw: 3.129192
robot_geom: robot0_base_collision
proxy_geom: scene_aabb_proxy_line_6_output_side_protrusion
judge_collision_detected:
robot_base_x: 10.362899
robot_base_y: -7.281642
robot_base_yaw: 3.129192
robot_geom: robot0_base_collision
proxy_geom: scene_aabb_proxy_output_6
judge_collision_detected:
robot_base_x: 10.362899
robot_base_y: -7.281642
robot_base_yaw: 3.129192
robot_geom: robot0_base_collision
proxy_geom: scene_aabb_proxy_production_line_6
judge_collision_detected:
robot_base_x: 10.362899
robot_base_y: -7.281642
robot_base_yaw: 3.129192
robot_geom: robot0_front_left_caster_2
proxy_geom: scene_aabb_proxy_output_6
judge_collision_detected:
robot_base_x: 10.362899
robot_base_y: -7.281642
robot_base_yaw: 3.129192
robot_geom: robot0_front_right_caster_2
proxy_geom: scene_aabb_proxy_output_6
judge_collision_detected:
robot_base_x: 10.362899
robot_base_y: -7.281642
robot_base_yaw: 3.129192
robot_geom: robot0_torso_fixed_collision_box_1
proxy_geom: scene_aabb_proxy_line_6_output_side_protrusion
judge_collision_detected:
robot_base_x: 10.362899
robot_base_y: -7.281642
robot_base_yaw: 3.129192
robot_geom: robot0_torso_fixed_collision_box_1
proxy_geom: scene_aabb_proxy_output_6
judge_collision_detected:
robot_base_x: 10.362899
robot_base_y: -7.281642
robot_base_yaw: 3.129192
robot_geom: robot0_torso_fixed_collision_box_1
proxy_geom: scene_aabb_proxy_production_line_6
judge_collision_detected:
robot_base_x: 10.362899
robot_base_y: -7.281642
robot_base_yaw: 3.129192
robot_geom: robot0_torso_fixed_column_collision
proxy_geom: scene_aabb_proxy_line_6_output_side_protrusion
judge_collision_detected:
robot_base_x: 10.362899
robot_base_y: -7.281642
robot_base_yaw: 3.129192
robot_geom: robot0_wheel_left_collision
proxy_geom: scene_aabb_proxy_line_6_output_side_protrusion
judge_collision_detected:
robot_base_x: 10.362899
robot_base_y: -7.281642
robot_base_yaw: 3.129192
robot_geom: robot0_wheel_left_collision
proxy_geom: scene_aabb_proxy_output_6
judge_collision_detected:
robot_base_x: 10.362899
robot_base_y: -7.281642
robot_base_yaw: 3.129192
robot_geom: robot0_wheel_right_collision
proxy_geom: scene_aabb_proxy_line_6_output_side_protrusion
judge_collision_detected:
robot_base_x: 10.362899
robot_base_y: -7.281642
robot_base_yaw: 3.129192
robot_geom: robot0_wheel_right_collision
proxy_geom: scene_aabb_proxy_output_6
judge_collision_detected:
robot_base_x: 10.362899
robot_base_y: -7.281642
robot_base_yaw: 3.129192
robot_geom: robot0_wheel_right_collision
proxy_geom: scene_aabb_proxy_production_line_6
judge_collision_detected:
robot_base_x: 10.360549
robot_base_y: -7.281860
robot_base_yaw: 3.129322
robot_geom: robot0_back_left_caster_2
proxy_geom: scene_aabb_proxy_line_6_output_side_protrusion
judge_collision_detected:
robot_base_x: 10.360549
robot_base_y: -7.281860
robot_base_yaw: 3.129322
robot_geom: robot0_back_right_caster_2
proxy_geom: scene_aabb_proxy_line_6_output_side_protrusion
judge_collision_detected:
robot_base_x: 10.360549
robot_base_y: -7.281860
robot_base_yaw: 3.129322
robot_geom: robot0_base_collision
proxy_geom: scene_aabb_proxy_line_6_output_side_protrusion
judge_collision_detected:
robot_base_x: 10.360549
robot_base_y: -7.281860
robot_base_yaw: 3.129322
robot_geom: robot0_base_collision
proxy_geom: scene_aabb_proxy_output_6
judge_collision_detected:
robot_base_x: 10.360549
robot_base_y: -7.281860
robot_base_yaw: 3.129322
robot_geom: robot0_base_collision
proxy_geom: scene_aabb_proxy_production_line_6
judge_collision_detected:
robot_base_x: 10.360549
robot_base_y: -7.281860
robot_base_yaw: 3.129322
robot_geom: robot0_front_left_caster_2
proxy_geom: scene_aabb_proxy_output_6
judge_collision_detected:
robot_base_x: 10.360549
robot_base_y: -7.281860
robot_base_yaw: 3.129322
robot_geom: robot0_front_right_caster_2
proxy_geom: scene_aabb_proxy_output_6
judge_collision_detected:
robot_base_x: 10.360549
robot_base_y: -7.281860
robot_base_yaw: 3.129322
robot_geom: robot0_torso_fixed_collision_box_1
proxy_geom: scene_aabb_proxy_line_6_output_side_protrusion
judge_collision_detected:
robot_base_x: 10.360549
robot_base_y: -7.281860
robot_base_yaw: 3.129322
robot_geom: robot0_torso_fixed_collision_box_1
proxy_geom: scene_aabb_proxy_output_6
judge_collision_detected:
robot_base_x: 10.360549
robot_base_y: -7.281860
robot_base_yaw: 3.129322
robot_geom: robot0_torso_fixed_collision_box_1
proxy_geom: scene_aabb_proxy_production_line_6
judge_collision_detected:
robot_base_x: 10.360549
robot_base_y: -7.281860
robot_base_yaw: 3.129322
robot_geom: robot0_torso_fixed_column_collision
proxy_geom: scene_aabb_proxy_line_6_output_side_protrusion
judge_collision_detected:
robot_base_x: 10.360549
robot_base_y: -7.281860
robot_base_yaw: 3.129322
robot_geom: robot0_wheel_left_collision
proxy_geom: scene_aabb_proxy_line_6_output_side_protrusion
judge_collision_detected:
robot_base_x: 10.360549
robot_base_y: -7.281860
robot_base_yaw: 3.129322
robot_geom: robot0_wheel_left_collision
proxy_geom: scene_aabb_proxy_output_6
judge_collision_detected:
robot_base_x: 10.360549
robot_base_y: -7.281860
robot_base_yaw: 3.129322
robot_geom: robot0_wheel_right_collision
proxy_geom: scene_aabb_proxy_line_6_output_side_protrusion
judge_collision_detected:
robot_base_x: 10.360549
robot_base_y: -7.281860
robot_base_yaw: 3.129322
robot_geom: robot0_wheel_right_collision
proxy_geom: scene_aabb_proxy_output_6
judge_collision_detected:
robot_base_x: 10.360549
robot_base_y: -7.281860
robot_base_yaw: 3.129322
robot_geom: robot0_wheel_right_collision
proxy_geom: scene_aabb_proxy_production_line_6
judge_collision_detected:
robot_base_x: 10.358303
robot_base_y: -7.282074
robot_base_yaw: 3.129474
robot_geom: robot0_back_left_caster_2
proxy_geom: scene_aabb_proxy_line_6_output_side_protrusion
judge_collision_detected:
robot_base_x: 10.358303
robot_base_y: -7.282074
robot_base_yaw: 3.129474
robot_geom: robot0_back_right_caster_2
proxy_geom: scene_aabb_proxy_line_6_output_side_protrusion
judge_collision_detected:
robot_base_x: 10.358303
robot_base_y: -7.282074
robot_base_yaw: 3.129474
robot_geom: robot0_base_collision
proxy_geom: scene_aabb_proxy_line_6_output_side_protrusion
judge_collision_detected:
robot_base_x: 10.358303
robot_base_y: -7.282074
robot_base_yaw: 3.129474
robot_geom: robot0_base_collision
proxy_geom: scene_aabb_proxy_output_6
judge_collision_detected:
robot_base_x: 10.358303
robot_base_y: -7.282074
robot_base_yaw: 3.129474
robot_geom: robot0_base_collision
proxy_geom: scene_aabb_proxy_production_line_6
judge_collision_detected:
robot_base_x: 10.358303
robot_base_y: -7.282074
robot_base_yaw: 3.129474
robot_geom: robot0_front_left_caster_2
proxy_geom: scene_aabb_proxy_output_6
judge_collision_detected:
robot_base_x: 10.358303
robot_base_y: -7.282074
robot_base_yaw: 3.129474
robot_geom: robot0_front_right_caster_2
proxy_geom: scene_aabb_proxy_output_6
judge_collision_detected:
robot_base_x: 10.358303
robot_base_y: -7.282074
robot_base_yaw: 3.129474
robot_geom: robot0_torso_fixed_collision_box_1
proxy_geom: scene_aabb_proxy_line_6_output_side_protrusion
judge_collision_detected:
robot_base_x: 10.358303
robot_base_y: -7.282074
robot_base_yaw: 3.129474
robot_geom: robot0_torso_fixed_collision_box_1
proxy_geom: scene_aabb_proxy_output_6
judge_collision_detected:
robot_base_x: 10.358303
robot_base_y: -7.282074
robot_base_yaw: 3.129474
robot_geom: robot0_torso_fixed_collision_box_1
proxy_geom: scene_aabb_proxy_production_line_6
judge_collision_detected:
robot_base_x: 10.358303
robot_base_y: -7.282074
robot_base_yaw: 3.129474
robot_geom: robot0_torso_fixed_column_collision
proxy_geom: scene_aabb_proxy_line_6_output_side_protrusion
judge_collision_detected:
robot_base_x: 10.358303
robot_base_y: -7.282074
robot_base_yaw: 3.129474
robot_geom: robot0_wheel_left_collision
proxy_geom: scene_aabb_proxy_line_6_output_side_protrusion
judge_collision_detected:
robot_base_x: 10.358303
robot_base_y: -7.282074
robot_base_yaw: 3.129474
robot_geom: robot0_wheel_left_collision
proxy_geom: scene_aabb_proxy_output_6
judge_collision_detected:
robot_base_x: 10.358303
robot_base_y: -7.282074
robot_base_yaw: 3.129474
robot_geom: robot0_wheel_right_collision
proxy_geom: scene_aabb_proxy_line_6_output_side_protrusion
judge_collision_detected:
robot_base_x: 10.358303
robot_base_y: -7.282074
robot_base_yaw: 3.129474
robot_geom: robot0_wheel_right_collision
proxy_geom: scene_aabb_proxy_output_6
judge_collision_detected:
robot_base_x: 10.358303
robot_base_y: -7.282074
robot_base_yaw: 3.129474
robot_geom: robot0_wheel_right_collision
proxy_geom: scene_aabb_proxy_production_line_6
judge_collision_detected:
robot_base_x: 10.356156
robot_base_y: -7.282285
robot_base_yaw: 3.129640
robot_geom: robot0_back_left_caster_2
proxy_geom: scene_aabb_proxy_line_6_output_side_protrusion
judge_collision_detected:
robot_base_x: 10.356156
robot_base_y: -7.282285
robot_base_yaw: 3.129640
robot_geom: robot0_back_right_caster_2
proxy_geom: scene_aabb_proxy_line_6_output_side_protrusion
judge_collision_detected:
robot_base_x: 10.356156
robot_base_y: -7.282285
robot_base_yaw: 3.129640
robot_geom: robot0_base_collision
proxy_geom: scene_aabb_proxy_line_6_output_side_protrusion
judge_collision_detected:
robot_base_x: 10.356156
robot_base_y: -7.282285
robot_base_yaw: 3.129640
robot_geom: robot0_base_collision
proxy_geom: scene_aabb_proxy_output_6
judge_collision_detected:
robot_base_x: 10.356156
robot_base_y: -7.282285
robot_base_yaw: 3.129640
robot_geom: robot0_base_collision
proxy_geom: scene_aabb_proxy_production_line_6
judge_collision_detected:
robot_base_x: 10.356156
robot_base_y: -7.282285
robot_base_yaw: 3.129640
robot_geom: robot0_front_left_caster_2
proxy_geom: scene_aabb_proxy_output_6
judge_collision_detected:
robot_base_x: 10.356156
robot_base_y: -7.282285
robot_base_yaw: 3.129640
robot_geom: robot0_front_right_caster_2
proxy_geom: scene_aabb_proxy_output_6
judge_collision_detected:
robot_base_x: 10.356156
robot_base_y: -7.282285
robot_base_yaw: 3.129640
robot_geom: robot0_torso_fixed_collision_box_1
proxy_geom: scene_aabb_proxy_line_6_output_side_protrusion
judge_collision_detected:
robot_base_x: 10.356156
robot_base_y: -7.282285
robot_base_yaw: 3.129640
robot_geom: robot0_torso_fixed_collision_box_1
proxy_geom: scene_aabb_proxy_output_6
judge_collision_detected:
robot_base_x: 10.356156
robot_base_y: -7.282285
robot_base_yaw: 3.129640
robot_geom: robot0_torso_fixed_collision_box_1
proxy_geom: scene_aabb_proxy_production_line_6
judge_collision_detected:
robot_base_x: 10.356156
robot_base_y: -7.282285
robot_base_yaw: 3.129640
robot_geom: robot0_torso_fixed_column_collision
proxy_geom: scene_aabb_proxy_line_6_output_side_protrusion
judge_collision_detected:
robot_base_x: 10.356156
robot_base_y: -7.282285
robot_base_yaw: 3.129640
robot_geom: robot0_wheel_left_collision
proxy_geom: scene_aabb_proxy_line_6_output_side_protrusion
judge_collision_detected:
robot_base_x: 10.356156
robot_base_y: -7.282285
robot_base_yaw: 3.129640
robot_geom: robot0_wheel_left_collision
proxy_geom: scene_aabb_proxy_output_6
judge_collision_detected:
robot_base_x: 10.356156
robot_base_y: -7.282285
robot_base_yaw: 3.129640
robot_geom: robot0_wheel_right_collision
proxy_geom: scene_aabb_proxy_line_6_output_side_protrusion
judge_collision_detected:
robot_base_x: 10.356156
robot_base_y: -7.282285
robot_base_yaw: 3.129640
robot_geom: robot0_wheel_right_collision
proxy_geom: scene_aabb_proxy_output_6
judge_collision_detected:
robot_base_x: 10.356156
robot_base_y: -7.282285
robot_base_yaw: 3.129640
robot_geom: robot0_wheel_right_collision
proxy_geom: scene_aabb_proxy_production_line_6
judge_collision_detected:
robot_base_x: 10.354107
robot_base_y: -7.282492
robot_base_yaw: 3.129827
robot_geom: robot0_back_left_caster_2
proxy_geom: scene_aabb_proxy_line_6_output_side_protrusion
judge_collision_detected:
robot_base_x: 10.354107
robot_base_y: -7.282492
robot_base_yaw: 3.129827
robot_geom: robot0_back_right_caster_2
proxy_geom: scene_aabb_proxy_line_6_output_side_protrusion
judge_collision_detected:
robot_base_x: 10.354107
robot_base_y: -7.282492
robot_base_yaw: 3.129827
robot_geom: robot0_base_collision
proxy_geom: scene_aabb_proxy_line_6_output_side_protrusion
judge_collision_detected:
robot_base_x: 10.354107
robot_base_y: -7.282492
robot_base_yaw: 3.129827
robot_geom: robot0_base_collision
proxy_geom: scene_aabb_proxy_output_6
judge_collision_detected:
robot_base_x: 10.354107
robot_base_y: -7.282492
robot_base_yaw: 3.129827
robot_geom: robot0_base_collision
proxy_geom: scene_aabb_proxy_production_line_6
judge_collision_detected:
robot_base_x: 10.354107
robot_base_y: -7.282492
robot_base_yaw: 3.129827
robot_geom: robot0_front_left_caster_2
proxy_geom: scene_aabb_proxy_output_6
judge_collision_detected:
robot_base_x: 10.354107
robot_base_y: -7.282492
robot_base_yaw: 3.129827
robot_geom: robot0_front_right_caster_2
proxy_geom: scene_aabb_proxy_output_6
judge_collision_detected:
robot_base_x: 10.354107
robot_base_y: -7.282492
robot_base_yaw: 3.129827
robot_geom: robot0_torso_fixed_collision_box_1
proxy_geom: scene_aabb_proxy_line_6_output_side_protrusion
judge_collision_detected:
robot_base_x: 10.354107
robot_base_y: -7.282492
robot_base_yaw: 3.129827
robot_geom: robot0_torso_fixed_collision_box_1
proxy_geom: scene_aabb_proxy_output_6
judge_collision_detected:
robot_base_x: 10.354107
robot_base_y: -7.282492
robot_base_yaw: 3.129827
robot_geom: robot0_torso_fixed_collision_box_1
proxy_geom: scene_aabb_proxy_production_line_6
judge_collision_detected:
robot_base_x: 10.354107
robot_base_y: -7.282492
robot_base_yaw: 3.129827
robot_geom: robot0_torso_fixed_column_collision
proxy_geom: scene_aabb_proxy_line_6_output_side_protrusion
judge_collision_detected:
robot_base_x: 10.354107
robot_base_y: -7.282492
robot_base_yaw: 3.129827
robot_geom: robot0_wheel_left_collision
proxy_geom: scene_aabb_proxy_line_6_output_side_protrusion
judge_collision_detected:
robot_base_x: 10.354107
robot_base_y: -7.282492
robot_base_yaw: 3.129827
robot_geom: robot0_wheel_left_collision
proxy_geom: scene_aabb_proxy_output_6
judge_collision_detected:
robot_base_x: 10.354107
robot_base_y: -7.282492
robot_base_yaw: 3.129827
robot_geom: robot0_wheel_right_collision
proxy_geom: scene_aabb_proxy_line_6_output_side_protrusion
judge_collision_detected:
robot_base_x: 10.354107
robot_base_y: -7.282492
robot_base_yaw: 3.129827
robot_geom: robot0_wheel_right_collision
proxy_geom: scene_aabb_proxy_output_6
judge_collision_detected:
robot_base_x: 10.354107
robot_base_y: -7.282492
robot_base_yaw: 3.129827
robot_geom: robot0_wheel_right_collision
proxy_geom: scene_aabb_proxy_production_line_6
judge_collision_detected:
robot_base_x: 10.352147
robot_base_y: -7.282695
robot_base_yaw: 3.130022
robot_geom: robot0_back_left_caster_2
proxy_geom: scene_aabb_proxy_line_6_output_side_protrusion
judge_collision_detected:
robot_base_x: 10.352147
robot_base_y: -7.282695
robot_base_yaw: 3.130022
robot_geom: robot0_back_right_caster_2
proxy_geom: scene_aabb_proxy_line_6_output_side_protrusion
judge_collision_detected:
robot_base_x: 10.352147
robot_base_y: -7.282695
robot_base_yaw: 3.130022
robot_geom: robot0_base_collision
proxy_geom: scene_aabb_proxy_line_6_output_side_protrusion
judge_collision_detected:
robot_base_x: 10.352147
robot_base_y: -7.282695
robot_base_yaw: 3.130022
robot_geom: robot0_base_collision
proxy_geom: scene_aabb_proxy_output_6
judge_collision_detected:
robot_base_x: 10.352147
robot_base_y: -7.282695
robot_base_yaw: 3.130022
robot_geom: robot0_base_collision
proxy_geom: scene_aabb_proxy_production_line_6
judge_collision_detected:
robot_base_x: 10.352147
robot_base_y: -7.282695
robot_base_yaw: 3.130022
robot_geom: robot0_front_left_caster_2
proxy_geom: scene_aabb_proxy_output_6
judge_collision_detected:
robot_base_x: 10.352147
robot_base_y: -7.282695
robot_base_yaw: 3.130022
robot_geom: robot0_front_right_caster_2
proxy_geom: scene_aabb_proxy_output_6
judge_collision_detected:
robot_base_x: 10.352147
robot_base_y: -7.282695
robot_base_yaw: 3.130022
robot_geom: robot0_torso_fixed_collision_box_1
proxy_geom: scene_aabb_proxy_line_6_output_side_protrusion
judge_collision_detected:
robot_base_x: 10.352147
robot_base_y: -7.282695
robot_base_yaw: 3.130022
robot_geom: robot0_torso_fixed_collision_box_1
proxy_geom: scene_aabb_proxy_output_6
judge_collision_detected:
robot_base_x: 10.352147
robot_base_y: -7.282695
robot_base_yaw: 3.130022
robot_geom: robot0_torso_fixed_collision_box_1
proxy_geom: scene_aabb_proxy_production_line_6
judge_collision_detected:
robot_base_x: 10.352147
robot_base_y: -7.282695
robot_base_yaw: 3.130022
robot_geom: robot0_torso_fixed_column_collision
proxy_geom: scene_aabb_proxy_line_6_output_side_protrusion
judge_collision_detected:
robot_base_x: 10.352147
robot_base_y: -7.282695
robot_base_yaw: 3.130022
robot_geom: robot0_wheel_left_collision
proxy_geom: scene_aabb_proxy_line_6_output_side_protrusion
judge_collision_detected:
robot_base_x: 10.352147
robot_base_y: -7.282695
robot_base_yaw: 3.130022
robot_geom: robot0_wheel_left_collision
proxy_geom: scene_aabb_proxy_output_6
judge_collision_detected:
robot_base_x: 10.352147
robot_base_y: -7.282695
robot_base_yaw: 3.130022
robot_geom: robot0_wheel_right_collision
proxy_geom: scene_aabb_proxy_line_6_output_side_protrusion
judge_collision_detected:
robot_base_x: 10.352147
robot_base_y: -7.282695
robot_base_yaw: 3.130022
robot_geom: robot0_wheel_right_collision
proxy_geom: scene_aabb_proxy_output_6
judge_collision_detected:
robot_base_x: 10.352147
robot_base_y: -7.282695
robot_base_yaw: 3.130022
robot_geom: robot0_wheel_right_collision
proxy_geom: scene_aabb_proxy_production_line_6
judge_collision_detected:
robot_base_x: 10.350267
robot_base_y: -7.282896
robot_base_yaw: 3.130238
robot_geom: robot0_back_left_caster_2
proxy_geom: scene_aabb_proxy_line_6_output_side_protrusion
judge_collision_detected:
robot_base_x: 10.350267
robot_base_y: -7.282896
robot_base_yaw: 3.130238
robot_geom: robot0_back_right_caster_2
proxy_geom: scene_aabb_proxy_line_6_output_side_protrusion
judge_collision_detected:
robot_base_x: 10.350267
robot_base_y: -7.282896
robot_base_yaw: 3.130238
robot_geom: robot0_base_collision
proxy_geom: scene_aabb_proxy_line_6_output_side_protrusion
judge_collision_detected:
robot_base_x: 10.350267
robot_base_y: -7.282896
robot_base_yaw: 3.130238
robot_geom: robot0_base_collision
proxy_geom: scene_aabb_proxy_output_6
judge_collision_detected:
robot_base_x: 10.350267
robot_base_y: -7.282896
robot_base_yaw: 3.130238
robot_geom: robot0_base_collision
proxy_geom: scene_aabb_proxy_production_line_6
judge_collision_detected:
robot_base_x: 10.350267
robot_base_y: -7.282896
robot_base_yaw: 3.130238
robot_geom: robot0_front_left_caster_2
proxy_geom: scene_aabb_proxy_output_6
judge_collision_detected:
robot_base_x: 10.350267
robot_base_y: -7.282896
robot_base_yaw: 3.130238
robot_geom: robot0_front_right_caster_2
proxy_geom: scene_aabb_proxy_output_6
judge_collision_detected:
robot_base_x: 10.350267
robot_base_y: -7.282896
robot_base_yaw: 3.130238
robot_geom: robot0_torso_fixed_collision_box_1
proxy_geom: scene_aabb_proxy_line_6_output_side_protrusion
judge_collision_detected:
robot_base_x: 10.350267
robot_base_y: -7.282896
robot_base_yaw: 3.130238
robot_geom: robot0_torso_fixed_collision_box_1
proxy_geom: scene_aabb_proxy_output_6
judge_collision_detected:
robot_base_x: 10.350267
robot_base_y: -7.282896
robot_base_yaw: 3.130238
robot_geom: robot0_torso_fixed_collision_box_1
proxy_geom: scene_aabb_proxy_production_line_6
judge_collision_detected:
robot_base_x: 10.350267
robot_base_y: -7.282896
robot_base_yaw: 3.130238
robot_geom: robot0_torso_fixed_column_collision
proxy_geom: scene_aabb_proxy_line_6_output_side_protrusion
judge_collision_detected:
robot_base_x: 10.350267
robot_base_y: -7.282896
robot_base_yaw: 3.130238
robot_geom: robot0_wheel_left_collision
proxy_geom: scene_aabb_proxy_line_6_output_side_protrusion
judge_collision_detected:
robot_base_x: 10.350267
robot_base_y: -7.282896
robot_base_yaw: 3.130238
robot_geom: robot0_wheel_left_collision
proxy_geom: scene_aabb_proxy_output_6
judge_collision_detected:
robot_base_x: 10.350267
robot_base_y: -7.282896
robot_base_yaw: 3.130238
robot_geom: robot0_wheel_right_collision
proxy_geom: scene_aabb_proxy_line_6_output_side_protrusion
judge_collision_detected:
robot_base_x: 10.350267
robot_base_y: -7.282896
robot_base_yaw: 3.130238
robot_geom: robot0_wheel_right_collision
proxy_geom: scene_aabb_proxy_output_6
judge_collision_detected:
robot_base_x: 10.350267
robot_base_y: -7.282896
robot_base_yaw: 3.130238
robot_geom: robot0_wheel_right_collision
proxy_geom: scene_aabb_proxy_production_line_6
judge_collision_detected:
robot_base_x: 10.348413
robot_base_y: -7.283098
robot_base_yaw: 3.130550
robot_geom: robot0_back_left_caster_2
proxy_geom: scene_aabb_proxy_line_6_output_side_protrusion
judge_collision_detected:
robot_base_x: 10.348413
robot_base_y: -7.283098
robot_base_yaw: 3.130550
robot_geom: robot0_back_right_caster_2
proxy_geom: scene_aabb_proxy_line_6_output_side_protrusion
judge_collision_detected:
robot_base_x: 10.348413
robot_base_y: -7.283098
robot_base_yaw: 3.130550
robot_geom: robot0_base_collision
proxy_geom: scene_aabb_proxy_line_6_output_side_protrusion
judge_collision_detected:
robot_base_x: 10.348413
robot_base_y: -7.283098
robot_base_yaw: 3.130550
robot_geom: robot0_base_collision
proxy_geom: scene_aabb_proxy_output_6
judge_collision_detected:
robot_base_x: 10.348413
robot_base_y: -7.283098
robot_base_yaw: 3.130550
robot_geom: robot0_base_collision
proxy_geom: scene_aabb_proxy_production_line_6
judge_collision_detected:
robot_base_x: 10.348413
robot_base_y: -7.283098
robot_base_yaw: 3.130550
robot_geom: robot0_front_left_caster_2
proxy_geom: scene_aabb_proxy_output_6
judge_collision_detected:
robot_base_x: 10.348413
robot_base_y: -7.283098
robot_base_yaw: 3.130550
robot_geom: robot0_front_right_caster_2
proxy_geom: scene_aabb_proxy_output_6
judge_collision_detected:
robot_base_x: 10.348413
robot_base_y: -7.283098
robot_base_yaw: 3.130550
robot_geom: robot0_torso_fixed_collision_box_1
proxy_geom: scene_aabb_proxy_line_6_output_side_protrusion
judge_collision_detected:
robot_base_x: 10.348413
robot_base_y: -7.283098
robot_base_yaw: 3.130550
robot_geom: robot0_torso_fixed_collision_box_1
proxy_geom: scene_aabb_proxy_output_6
judge_collision_detected:
robot_base_x: 10.348413
robot_base_y: -7.283098
robot_base_yaw: 3.130550
robot_geom: robot0_torso_fixed_collision_box_1
proxy_geom: scene_aabb_proxy_production_line_6
judge_collision_detected:
robot_base_x: 10.348413
robot_base_y: -7.283098
robot_base_yaw: 3.130550
robot_geom: robot0_torso_fixed_column_collision
proxy_geom: scene_aabb_proxy_line_6_output_side_protrusion
judge_collision_detected:
robot_base_x: 10.348413
robot_base_y: -7.283098
robot_base_yaw: 3.130550
robot_geom: robot0_wheel_left_collision
proxy_geom: scene_aabb_proxy_line_6_output_side_protrusion
judge_collision_detected:
robot_base_x: 10.348413
robot_base_y: -7.283098
robot_base_yaw: 3.130550
robot_geom: robot0_wheel_left_collision
proxy_geom: scene_aabb_proxy_output_6
judge_collision_detected:
robot_base_x: 10.348413
robot_base_y: -7.283098
robot_base_yaw: 3.130550
robot_geom: robot0_wheel_right_collision
proxy_geom: scene_aabb_proxy_line_6_output_side_protrusion
judge_collision_detected:
robot_base_x: 10.348413
robot_base_y: -7.283098
robot_base_yaw: 3.130550
robot_geom: robot0_wheel_right_collision
proxy_geom: scene_aabb_proxy_output_6
judge_collision_detected:
robot_base_x: 10.348413
robot_base_y: -7.283098
robot_base_yaw: 3.130550
robot_geom: robot0_wheel_right_collision
proxy_geom: scene_aabb_proxy_production_line_6
judge_collision_detected:
robot_base_x: 10.346641
robot_base_y: -7.283296
robot_base_yaw: 3.130883
robot_geom: robot0_back_left_caster_2
proxy_geom: scene_aabb_proxy_line_6_output_side_protrusion
judge_collision_detected:
robot_base_x: 10.346641
robot_base_y: -7.283296
robot_base_yaw: 3.130883
robot_geom: robot0_back_right_caster_2
proxy_geom: scene_aabb_proxy_line_6_output_side_protrusion
judge_collision_detected:
robot_base_x: 10.346641
robot_base_y: -7.283296
robot_base_yaw: 3.130883
robot_geom: robot0_base_collision
proxy_geom: scene_aabb_proxy_line_6_output_side_protrusion
judge_collision_detected:
robot_base_x: 10.346641
robot_base_y: -7.283296
robot_base_yaw: 3.130883
robot_geom: robot0_base_collision
proxy_geom: scene_aabb_proxy_output_6
judge_collision_detected:
robot_base_x: 10.346641
robot_base_y: -7.283296
robot_base_yaw: 3.130883
robot_geom: robot0_base_collision
proxy_geom: scene_aabb_proxy_production_line_6
judge_collision_detected:
robot_base_x: 10.346641
robot_base_y: -7.283296
robot_base_yaw: 3.130883
robot_geom: robot0_front_left_caster_2
proxy_geom: scene_aabb_proxy_output_6
judge_collision_detected:
robot_base_x: 10.346641
robot_base_y: -7.283296
robot_base_yaw: 3.130883
robot_geom: robot0_front_right_caster_2
proxy_geom: scene_aabb_proxy_output_6
judge_collision_detected:
robot_base_x: 10.346641
robot_base_y: -7.283296
robot_base_yaw: 3.130883
robot_geom: robot0_torso_fixed_collision_box_1
proxy_geom: scene_aabb_proxy_line_6_output_side_protrusion
judge_collision_detected:
robot_base_x: 10.346641
robot_base_y: -7.283296
robot_base_yaw: 3.130883
robot_geom: robot0_torso_fixed_collision_box_1
proxy_geom: scene_aabb_proxy_output_6
judge_collision_detected:
robot_base_x: 10.346641
robot_base_y: -7.283296
robot_base_yaw: 3.130883
robot_geom: robot0_torso_fixed_collision_box_1
proxy_geom: scene_aabb_proxy_production_line_6
judge_collision_detected:
robot_base_x: 10.346641
robot_base_y: -7.283296
robot_base_yaw: 3.130883
robot_geom: robot0_torso_fixed_column_collision
proxy_geom: scene_aabb_proxy_line_6_output_side_protrusion
judge_collision_detected:
robot_base_x: 10.346641
robot_base_y: -7.283296
robot_base_yaw: 3.130883
robot_geom: robot0_wheel_left_collision
proxy_geom: scene_aabb_proxy_line_6_output_side_protrusion
judge_collision_detected:
robot_base_x: 10.346641
robot_base_y: -7.283296
robot_base_yaw: 3.130883
robot_geom: robot0_wheel_left_collision
proxy_geom: scene_aabb_proxy_output_6
judge_collision_detected:
robot_base_x: 10.346641
robot_base_y: -7.283296
robot_base_yaw: 3.130883
robot_geom: robot0_wheel_right_collision
proxy_geom: scene_aabb_proxy_line_6_output_side_protrusion
judge_collision_detected:
robot_base_x: 10.346641
robot_base_y: -7.283296
robot_base_yaw: 3.130883
robot_geom: robot0_wheel_right_collision
proxy_geom: scene_aabb_proxy_output_6
judge_collision_detected:
robot_base_x: 10.346641
robot_base_y: -7.283296
robot_base_yaw: 3.130883
robot_geom: robot0_wheel_right_collision
proxy_geom: scene_aabb_proxy_production_line_6
judge_collision_detected:
robot_base_x: 10.344920
robot_base_y: -7.283492
robot_base_yaw: 3.131161
robot_geom: robot0_back_left_caster_2
proxy_geom: scene_aabb_proxy_line_6_output_side_protrusion
judge_collision_detected:
robot_base_x: 10.344920
robot_base_y: -7.283492
robot_base_yaw: 3.131161
robot_geom: robot0_back_right_caster_2
proxy_geom: scene_aabb_proxy_line_6_output_side_protrusion
judge_collision_detected:
robot_base_x: 10.344920
robot_base_y: -7.283492
robot_base_yaw: 3.131161
robot_geom: robot0_base_collision
proxy_geom: scene_aabb_proxy_line_6_output_side_protrusion
judge_collision_detected:
robot_base_x: 10.344920
robot_base_y: -7.283492
robot_base_yaw: 3.131161
robot_geom: robot0_base_collision
proxy_geom: scene_aabb_proxy_output_6
judge_collision_detected:
robot_base_x: 10.344920
robot_base_y: -7.283492
robot_base_yaw: 3.131161
robot_geom: robot0_base_collision
proxy_geom: scene_aabb_proxy_production_line_6
judge_collision_detected:
robot_base_x: 10.344920
robot_base_y: -7.283492
robot_base_yaw: 3.131161
robot_geom: robot0_front_left_caster_2
proxy_geom: scene_aabb_proxy_output_6
judge_collision_detected:
robot_base_x: 10.344920
robot_base_y: -7.283492
robot_base_yaw: 3.131161
robot_geom: robot0_front_right_caster_2
proxy_geom: scene_aabb_proxy_output_6
judge_collision_detected:
robot_base_x: 10.344920
robot_base_y: -7.283492
robot_base_yaw: 3.131161
robot_geom: robot0_torso_fixed_collision_box_1
proxy_geom: scene_aabb_proxy_line_6_output_side_protrusion
judge_collision_detected:
robot_base_x: 10.344920
robot_base_y: -7.283492
robot_base_yaw: 3.131161
robot_geom: robot0_torso_fixed_collision_box_1
proxy_geom: scene_aabb_proxy_output_6
judge_collision_detected:
robot_base_x: 10.344920
robot_base_y: -7.283492
robot_base_yaw: 3.131161
robot_geom: robot0_torso_fixed_collision_box_1
proxy_geom: scene_aabb_proxy_production_line_6
judge_collision_detected:
robot_base_x: 10.344920
robot_base_y: -7.283492
robot_base_yaw: 3.131161
robot_geom: robot0_torso_fixed_column_collision
proxy_geom: scene_aabb_proxy_line_6_output_side_protrusion
judge_collision_detected:
robot_base_x: 10.344920
robot_base_y: -7.283492
robot_base_yaw: 3.131161
robot_geom: robot0_wheel_left_collision
proxy_geom: scene_aabb_proxy_line_6_output_side_protrusion
judge_collision_detected:
robot_base_x: 10.344920
robot_base_y: -7.283492
robot_base_yaw: 3.131161
robot_geom: robot0_wheel_left_collision
proxy_geom: scene_aabb_proxy_output_6
judge_collision_detected:
robot_base_x: 10.344920
robot_base_y: -7.283492
robot_base_yaw: 3.131161
robot_geom: robot0_wheel_right_collision
proxy_geom: scene_aabb_proxy_line_6_output_side_protrusion
judge_collision_detected:
robot_base_x: 10.344920
robot_base_y: -7.283492
robot_base_yaw: 3.131161
robot_geom: robot0_wheel_right_collision
proxy_geom: scene_aabb_proxy_output_6
judge_collision_detected:
robot_base_x: 10.344920
robot_base_y: -7.283492
robot_base_yaw: 3.131161
robot_geom: robot0_wheel_right_collision
proxy_geom: scene_aabb_proxy_production_line_6
judge_collision_detected:
robot_base_x: 10.343241
robot_base_y: -7.283686
robot_base_yaw: 3.131383
robot_geom: robot0_back_left_caster_2
proxy_geom: scene_aabb_proxy_line_6_output_side_protrusion
judge_collision_detected:
robot_base_x: 10.343241
robot_base_y: -7.283686
robot_base_yaw: 3.131383
robot_geom: robot0_back_right_caster_2
proxy_geom: scene_aabb_proxy_line_6_output_side_protrusion
judge_collision_detected:
robot_base_x: 10.343241
robot_base_y: -7.283686
robot_base_yaw: 3.131383
robot_geom: robot0_base_collision
proxy_geom: scene_aabb_proxy_line_6_output_side_protrusion
judge_collision_detected:
robot_base_x: 10.343241
robot_base_y: -7.283686
robot_base_yaw: 3.131383
robot_geom: robot0_base_collision
proxy_geom: scene_aabb_proxy_output_6
judge_collision_detected:
robot_base_x: 10.343241
robot_base_y: -7.283686
robot_base_yaw: 3.131383
robot_geom: robot0_base_collision
proxy_geom: scene_aabb_proxy_production_line_6
judge_collision_detected:
robot_base_x: 10.343241
robot_base_y: -7.283686
robot_base_yaw: 3.131383
robot_geom: robot0_front_left_caster_2
proxy_geom: scene_aabb_proxy_output_6
judge_collision_detected:
robot_base_x: 10.343241
robot_base_y: -7.283686
robot_base_yaw: 3.131383
robot_geom: robot0_front_right_caster_2
proxy_geom: scene_aabb_proxy_output_6
judge_collision_detected:
robot_base_x: 10.343241
robot_base_y: -7.283686
robot_base_yaw: 3.131383
robot_geom: robot0_torso_fixed_collision_box_1
proxy_geom: scene_aabb_proxy_line_6_output_side_protrusion
judge_collision_detected:
robot_base_x: 10.343241
robot_base_y: -7.283686
robot_base_yaw: 3.131383
robot_geom: robot0_torso_fixed_collision_box_1
proxy_geom: scene_aabb_proxy_output_6
judge_collision_detected:
robot_base_x: 10.343241
robot_base_y: -7.283686
robot_base_yaw: 3.131383
robot_geom: robot0_torso_fixed_collision_box_1
proxy_geom: scene_aabb_proxy_production_line_6
judge_collision_detected:
robot_base_x: 10.343241
robot_base_y: -7.283686
robot_base_yaw: 3.131383
robot_geom: robot0_torso_fixed_column_collision
proxy_geom: scene_aabb_proxy_line_6_output_side_protrusion
judge_collision_detected:
robot_base_x: 10.343241
robot_base_y: -7.283686
robot_base_yaw: 3.131383
robot_geom: robot0_wheel_left_collision
proxy_geom: scene_aabb_proxy_line_6_output_side_protrusion
judge_collision_detected:
robot_base_x: 10.343241
robot_base_y: -7.283686
robot_base_yaw: 3.131383
robot_geom: robot0_wheel_left_collision
proxy_geom: scene_aabb_proxy_output_6
judge_collision_detected:
robot_base_x: 10.343241
robot_base_y: -7.283686
robot_base_yaw: 3.131383
robot_geom: robot0_wheel_right_collision
proxy_geom: scene_aabb_proxy_line_6_output_side_protrusion
judge_collision_detected:
robot_base_x: 10.343241
robot_base_y: -7.283686
robot_base_yaw: 3.131383
robot_geom: robot0_wheel_right_collision
proxy_geom: scene_aabb_proxy_output_6
judge_collision_detected:
robot_base_x: 10.343241
robot_base_y: -7.283686
robot_base_yaw: 3.131383
robot_geom: robot0_wheel_right_collision
proxy_geom: scene_aabb_proxy_production_line_6
judge_collision_detected:
robot_base_x: 10.341602
robot_base_y: -7.283890
robot_base_yaw: 3.131648
robot_geom: robot0_back_left_caster_2
proxy_geom: scene_aabb_proxy_line_6_output_side_protrusion
judge_collision_detected:
robot_base_x: 10.341602
robot_base_y: -7.283890
robot_base_yaw: 3.131648
robot_geom: robot0_back_right_caster_2
proxy_geom: scene_aabb_proxy_line_6_output_side_protrusion
judge_collision_detected:
robot_base_x: 10.341602
robot_base_y: -7.283890
robot_base_yaw: 3.131648
robot_geom: robot0_base_collision
proxy_geom: scene_aabb_proxy_line_6_output_side_protrusion
judge_collision_detected:
robot_base_x: 10.341602
robot_base_y: -7.283890
robot_base_yaw: 3.131648
robot_geom: robot0_base_collision
proxy_geom: scene_aabb_proxy_output_6
judge_collision_detected:
robot_base_x: 10.341602
robot_base_y: -7.283890
robot_base_yaw: 3.131648
robot_geom: robot0_base_collision
proxy_geom: scene_aabb_proxy_production_line_6
judge_collision_detected:
robot_base_x: 10.341602
robot_base_y: -7.283890
robot_base_yaw: 3.131648
robot_geom: robot0_front_left_caster_2
proxy_geom: scene_aabb_proxy_output_6
judge_collision_detected:
robot_base_x: 10.341602
robot_base_y: -7.283890
robot_base_yaw: 3.131648
robot_geom: robot0_front_right_caster_2
proxy_geom: scene_aabb_proxy_output_6
judge_collision_detected:
robot_base_x: 10.341602
robot_base_y: -7.283890
robot_base_yaw: 3.131648
robot_geom: robot0_torso_fixed_collision_box_1
proxy_geom: scene_aabb_proxy_line_6_output_side_protrusion
judge_collision_detected:
robot_base_x: 10.341602
robot_base_y: -7.283890
robot_base_yaw: 3.131648
robot_geom: robot0_torso_fixed_collision_box_1
proxy_geom: scene_aabb_proxy_output_6
judge_collision_detected:
robot_base_x: 10.341602
robot_base_y: -7.283890
robot_base_yaw: 3.131648
robot_geom: robot0_torso_fixed_collision_box_1
proxy_geom: scene_aabb_proxy_production_line_6
judge_collision_detected:
robot_base_x: 10.341602
robot_base_y: -7.283890
robot_base_yaw: 3.131648
robot_geom: robot0_torso_fixed_column_collision
proxy_geom: scene_aabb_proxy_line_6_output_side_protrusion
judge_collision_detected:
robot_base_x: 10.341602
robot_base_y: -7.283890
robot_base_yaw: 3.131648
robot_geom: robot0_wheel_left_collision
proxy_geom: scene_aabb_proxy_line_6_output_side_protrusion
judge_collision_detected:
robot_base_x: 10.341602
robot_base_y: -7.283890
robot_base_yaw: 3.131648
robot_geom: robot0_wheel_left_collision
proxy_geom: scene_aabb_proxy_output_6
judge_collision_detected:
robot_base_x: 10.341602
robot_base_y: -7.283890
robot_base_yaw: 3.131648
robot_geom: robot0_wheel_right_collision
proxy_geom: scene_aabb_proxy_line_6_output_side_protrusion
judge_collision_detected:
robot_base_x: 10.341602
robot_base_y: -7.283890
robot_base_yaw: 3.131648
robot_geom: robot0_wheel_right_collision
proxy_geom: scene_aabb_proxy_output_6
judge_collision_detected:
robot_base_x: 10.341602
robot_base_y: -7.283890
robot_base_yaw: 3.131648
robot_geom: robot0_wheel_right_collision
proxy_geom: scene_aabb_proxy_production_line_6
judge_collision_detected:
robot_base_x: 10.340040
robot_base_y: -7.284091
robot_base_yaw: 3.131922
robot_geom: robot0_back_left_caster_2
proxy_geom: scene_aabb_proxy_line_6_output_side_protrusion
judge_collision_detected:
robot_base_x: 10.340040
robot_base_y: -7.284091
robot_base_yaw: 3.131922
robot_geom: robot0_back_right_caster_2
proxy_geom: scene_aabb_proxy_line_6_output_side_protrusion
judge_collision_detected:
robot_base_x: 10.340040
robot_base_y: -7.284091
robot_base_yaw: 3.131922
robot_geom: robot0_base_collision
proxy_geom: scene_aabb_proxy_line_6_output_side_protrusion
judge_collision_detected:
robot_base_x: 10.340040
robot_base_y: -7.284091
robot_base_yaw: 3.131922
robot_geom: robot0_base_collision
proxy_geom: scene_aabb_proxy_output_6
judge_collision_detected:
robot_base_x: 10.340040
robot_base_y: -7.284091
robot_base_yaw: 3.131922
robot_geom: robot0_base_collision
proxy_geom: scene_aabb_proxy_production_line_6
judge_collision_detected:
robot_base_x: 10.340040
robot_base_y: -7.284091
robot_base_yaw: 3.131922
robot_geom: robot0_front_left_caster_2
proxy_geom: scene_aabb_proxy_output_6
judge_collision_detected:
robot_base_x: 10.340040
robot_base_y: -7.284091
robot_base_yaw: 3.131922
robot_geom: robot0_front_right_caster_2
proxy_geom: scene_aabb_proxy_output_6
judge_collision_detected:
robot_base_x: 10.340040
robot_base_y: -7.284091
robot_base_yaw: 3.131922
robot_geom: robot0_torso_fixed_collision_box_1
proxy_geom: scene_aabb_proxy_line_6_output_side_protrusion
judge_collision_detected:
robot_base_x: 10.340040
robot_base_y: -7.284091
robot_base_yaw: 3.131922
robot_geom: robot0_torso_fixed_collision_box_1
proxy_geom: scene_aabb_proxy_output_6
judge_collision_detected:
robot_base_x: 10.340040
robot_base_y: -7.284091
robot_base_yaw: 3.131922
robot_geom: robot0_torso_fixed_collision_box_1
proxy_geom: scene_aabb_proxy_production_line_6
judge_collision_detected:
robot_base_x: 10.340040
robot_base_y: -7.284091
robot_base_yaw: 3.131922
robot_geom: robot0_torso_fixed_column_collision
proxy_geom: scene_aabb_proxy_line_6_output_side_protrusion
judge_collision_detected:
robot_base_x: 10.340040
robot_base_y: -7.284091
robot_base_yaw: 3.131922
robot_geom: robot0_wheel_left_collision
proxy_geom: scene_aabb_proxy_line_6_output_side_protrusion
judge_collision_detected:
robot_base_x: 10.340040
robot_base_y: -7.284091
robot_base_yaw: 3.131922
robot_geom: robot0_wheel_left_collision
proxy_geom: scene_aabb_proxy_output_6
judge_collision_detected:
robot_base_x: 10.340040
robot_base_y: -7.284091
robot_base_yaw: 3.131922
robot_geom: robot0_wheel_right_collision
proxy_geom: scene_aabb_proxy_line_6_output_side_protrusion
judge_collision_detected:
robot_base_x: 10.340040
robot_base_y: -7.284091
robot_base_yaw: 3.131922
robot_geom: robot0_wheel_right_collision
proxy_geom: scene_aabb_proxy_output_6
judge_collision_detected:
robot_base_x: 10.340040
robot_base_y: -7.284091
robot_base_yaw: 3.131922
robot_geom: robot0_wheel_right_collision
proxy_geom: scene_aabb_proxy_production_line_6
judge_collision_detected:
robot_base_x: 10.338554
robot_base_y: -7.284289
robot_base_yaw: 3.132207
robot_geom: robot0_back_left_caster_2
proxy_geom: scene_aabb_proxy_line_6_output_side_protrusion
judge_collision_detected:
robot_base_x: 10.338554
robot_base_y: -7.284289
robot_base_yaw: 3.132207
robot_geom: robot0_back_right_caster_2
proxy_geom: scene_aabb_proxy_line_6_output_side_protrusion
judge_collision_detected:
robot_base_x: 10.338554
robot_base_y: -7.284289
robot_base_yaw: 3.132207
robot_geom: robot0_base_collision
proxy_geom: scene_aabb_proxy_line_6_output_side_protrusion
judge_collision_detected:
robot_base_x: 10.338554
robot_base_y: -7.284289
robot_base_yaw: 3.132207
robot_geom: robot0_base_collision
proxy_geom: scene_aabb_proxy_output_6
judge_collision_detected:
robot_base_x: 10.338554
robot_base_y: -7.284289
robot_base_yaw: 3.132207
robot_geom: robot0_base_collision
proxy_geom: scene_aabb_proxy_production_line_6
judge_collision_detected:
robot_base_x: 10.338554
robot_base_y: -7.284289
robot_base_yaw: 3.132207
robot_geom: robot0_front_left_caster_2
proxy_geom: scene_aabb_proxy_output_6
judge_collision_detected:
robot_base_x: 10.338554
robot_base_y: -7.284289
robot_base_yaw: 3.132207
robot_geom: robot0_front_right_caster_2
proxy_geom: scene_aabb_proxy_output_6
judge_collision_detected:
robot_base_x: 10.338554
robot_base_y: -7.284289
robot_base_yaw: 3.132207
robot_geom: robot0_torso_fixed_collision_box_1
proxy_geom: scene_aabb_proxy_line_6_output_side_protrusion
judge_collision_detected:
robot_base_x: 10.338554
robot_base_y: -7.284289
robot_base_yaw: 3.132207
robot_geom: robot0_torso_fixed_collision_box_1
proxy_geom: scene_aabb_proxy_output_6
judge_collision_detected:
robot_base_x: 10.338554
robot_base_y: -7.284289
robot_base_yaw: 3.132207
robot_geom: robot0_torso_fixed_collision_box_1
proxy_geom: scene_aabb_proxy_production_line_6
judge_collision_detected:
robot_base_x: 10.338554
robot_base_y: -7.284289
robot_base_yaw: 3.132207
robot_geom: robot0_torso_fixed_column_collision
proxy_geom: scene_aabb_proxy_line_6_output_side_protrusion
judge_collision_detected:
robot_base_x: 10.338554
robot_base_y: -7.284289
robot_base_yaw: 3.132207
robot_geom: robot0_wheel_left_collision
proxy_geom: scene_aabb_proxy_line_6_output_side_protrusion
judge_collision_detected:
robot_base_x: 10.338554
robot_base_y: -7.284289
robot_base_yaw: 3.132207
robot_geom: robot0_wheel_left_collision
proxy_geom: scene_aabb_proxy_output_6
judge_collision_detected:
robot_base_x: 10.338554
robot_base_y: -7.284289
robot_base_yaw: 3.132207
robot_geom: robot0_wheel_right_collision
proxy_geom: scene_aabb_proxy_line_6_output_side_protrusion
judge_collision_detected:
robot_base_x: 10.338554
robot_base_y: -7.284289
robot_base_yaw: 3.132207
robot_geom: robot0_wheel_right_collision
proxy_geom: scene_aabb_proxy_output_6
judge_collision_detected:
robot_base_x: 10.338554
robot_base_y: -7.284289
robot_base_yaw: 3.132207
robot_geom: robot0_wheel_right_collision
proxy_geom: scene_aabb_proxy_production_line_6
judge_collision_detected:
robot_base_x: 10.337139
robot_base_y: -7.284482
robot_base_yaw: 3.132501
robot_geom: robot0_back_left_caster_2
proxy_geom: scene_aabb_proxy_line_6_output_side_protrusion
judge_collision_detected:
robot_base_x: 10.337139
robot_base_y: -7.284482
robot_base_yaw: 3.132501
robot_geom: robot0_back_right_caster_2
proxy_geom: scene_aabb_proxy_line_6_output_side_protrusion
judge_collision_detected:
robot_base_x: 10.337139
robot_base_y: -7.284482
robot_base_yaw: 3.132501
robot_geom: robot0_base_collision
proxy_geom: scene_aabb_proxy_line_6_output_side_protrusion
judge_collision_detected:
robot_base_x: 10.337139
robot_base_y: -7.284482
robot_base_yaw: 3.132501
robot_geom: robot0_base_collision
proxy_geom: scene_aabb_proxy_output_6
judge_collision_detected:
robot_base_x: 10.337139
robot_base_y: -7.284482
robot_base_yaw: 3.132501
robot_geom: robot0_base_collision
proxy_geom: scene_aabb_proxy_production_line_6
judge_collision_detected:
robot_base_x: 10.337139
robot_base_y: -7.284482
robot_base_yaw: 3.132501
robot_geom: robot0_front_left_caster_2
proxy_geom: scene_aabb_proxy_output_6
judge_collision_detected:
robot_base_x: 10.337139
robot_base_y: -7.284482
robot_base_yaw: 3.132501
robot_geom: robot0_front_right_caster_2
proxy_geom: scene_aabb_proxy_output_6
judge_collision_detected:
robot_base_x: 10.337139
robot_base_y: -7.284482
robot_base_yaw: 3.132501
robot_geom: robot0_torso_fixed_collision_box_1
proxy_geom: scene_aabb_proxy_line_6_output_side_protrusion
judge_collision_detected:
robot_base_x: 10.337139
robot_base_y: -7.284482
robot_base_yaw: 3.132501
robot_geom: robot0_torso_fixed_collision_box_1
proxy_geom: scene_aabb_proxy_output_6
judge_collision_detected:
robot_base_x: 10.337139
robot_base_y: -7.284482
robot_base_yaw: 3.132501
robot_geom: robot0_torso_fixed_collision_box_1
proxy_geom: scene_aabb_proxy_production_line_6
judge_collision_detected:
robot_base_x: 10.337139
robot_base_y: -7.284482
robot_base_yaw: 3.132501
robot_geom: robot0_torso_fixed_column_collision
proxy_geom: scene_aabb_proxy_line_6_output_side_protrusion
judge_collision_detected:
robot_base_x: 10.337139
robot_base_y: -7.284482
robot_base_yaw: 3.132501
robot_geom: robot0_wheel_left_collision
proxy_geom: scene_aabb_proxy_line_6_output_side_protrusion
judge_collision_detected:
robot_base_x: 10.337139
robot_base_y: -7.284482
robot_base_yaw: 3.132501
robot_geom: robot0_wheel_left_collision
proxy_geom: scene_aabb_proxy_output_6
judge_collision_detected:
robot_base_x: 10.337139
robot_base_y: -7.284482
robot_base_yaw: 3.132501
robot_geom: robot0_wheel_right_collision
proxy_geom: scene_aabb_proxy_line_6_output_side_protrusion
judge_collision_detected:
robot_base_x: 10.337139
robot_base_y: -7.284482
robot_base_yaw: 3.132501
robot_geom: robot0_wheel_right_collision
proxy_geom: scene_aabb_proxy_output_6
judge_collision_detected:
robot_base_x: 10.337139
robot_base_y: -7.284482
robot_base_yaw: 3.132501
robot_geom: robot0_wheel_right_collision
proxy_geom: scene_aabb_proxy_production_line_6
judge_collision_detected:
robot_base_x: 10.335784
robot_base_y: -7.284667
robot_base_yaw: 3.132821
robot_geom: robot0_back_left_caster_2
proxy_geom: scene_aabb_proxy_line_6_output_side_protrusion
judge_collision_detected:
robot_base_x: 10.335784
robot_base_y: -7.284667
robot_base_yaw: 3.132821
robot_geom: robot0_back_right_caster_2
proxy_geom: scene_aabb_proxy_line_6_output_side_protrusion
judge_collision_detected:
robot_base_x: 10.335784
robot_base_y: -7.284667
robot_base_yaw: 3.132821
robot_geom: robot0_base_collision
proxy_geom: scene_aabb_proxy_line_6_output_side_protrusion
judge_collision_detected:
robot_base_x: 10.335784
robot_base_y: -7.284667
robot_base_yaw: 3.132821
robot_geom: robot0_base_collision
proxy_geom: scene_aabb_proxy_output_6
judge_collision_detected:
robot_base_x: 10.335784
robot_base_y: -7.284667
robot_base_yaw: 3.132821
robot_geom: robot0_base_collision
proxy_geom: scene_aabb_proxy_production_line_6
judge_collision_detected:
robot_base_x: 10.335784
robot_base_y: -7.284667
robot_base_yaw: 3.132821
robot_geom: robot0_front_left_caster_2
proxy_geom: scene_aabb_proxy_output_6
judge_collision_detected:
robot_base_x: 10.335784
robot_base_y: -7.284667
robot_base_yaw: 3.132821
robot_geom: robot0_front_right_caster_2
proxy_geom: scene_aabb_proxy_output_6
judge_collision_detected:
robot_base_x: 10.335784
robot_base_y: -7.284667
robot_base_yaw: 3.132821
robot_geom: robot0_torso_fixed_collision_box_1
proxy_geom: scene_aabb_proxy_line_6_output_side_protrusion
judge_collision_detected:
robot_base_x: 10.335784
robot_base_y: -7.284667
robot_base_yaw: 3.132821
robot_geom: robot0_torso_fixed_collision_box_1
proxy_geom: scene_aabb_proxy_output_6
judge_collision_detected:
robot_base_x: 10.335784
robot_base_y: -7.284667
robot_base_yaw: 3.132821
robot_geom: robot0_torso_fixed_collision_box_1
proxy_geom: scene_aabb_proxy_production_line_6
judge_collision_detected:
robot_base_x: 10.335784
robot_base_y: -7.284667
robot_base_yaw: 3.132821
robot_geom: robot0_torso_fixed_column_collision
proxy_geom: scene_aabb_proxy_line_6_output_side_protrusion
judge_collision_detected:
robot_base_x: 10.335784
robot_base_y: -7.284667
robot_base_yaw: 3.132821
robot_geom: robot0_wheel_left_collision
proxy_geom: scene_aabb_proxy_line_6_output_side_protrusion
judge_collision_detected:
robot_base_x: 10.335784
robot_base_y: -7.284667
robot_base_yaw: 3.132821
robot_geom: robot0_wheel_left_collision
proxy_geom: scene_aabb_proxy_output_6
judge_collision_detected:
robot_base_x: 10.335784
robot_base_y: -7.284667
robot_base_yaw: 3.132821
robot_geom: robot0_wheel_right_collision
proxy_geom: scene_aabb_proxy_line_6_output_side_protrusion
judge_collision_detected:
robot_base_x: 10.335784
robot_base_y: -7.284667
robot_base_yaw: 3.132821
robot_geom: robot0_wheel_right_collision
proxy_geom: scene_aabb_proxy_output_6
judge_collision_detected:
robot_base_x: 10.335784
robot_base_y: -7.284667
robot_base_yaw: 3.132821
robot_geom: robot0_wheel_right_collision
proxy_geom: scene_aabb_proxy_production_line_6
judge_collision_detected:
robot_base_x: 10.334485
robot_base_y: -7.284844
robot_base_yaw: 3.133164
robot_geom: robot0_back_left_caster_2
proxy_geom: scene_aabb_proxy_line_6_output_side_protrusion
judge_collision_detected:
robot_base_x: 10.334485
robot_base_y: -7.284844
robot_base_yaw: 3.133164
robot_geom: robot0_back_right_caster_2
proxy_geom: scene_aabb_proxy_line_6_output_side_protrusion
judge_collision_detected:
robot_base_x: 10.334485
robot_base_y: -7.284844
robot_base_yaw: 3.133164
robot_geom: robot0_base_collision
proxy_geom: scene_aabb_proxy_line_6_output_side_protrusion
judge_collision_detected:
robot_base_x: 10.334485
robot_base_y: -7.284844
robot_base_yaw: 3.133164
robot_geom: robot0_base_collision
proxy_geom: scene_aabb_proxy_output_6
judge_collision_detected:
robot_base_x: 10.334485
robot_base_y: -7.284844
robot_base_yaw: 3.133164
robot_geom: robot0_base_collision
proxy_geom: scene_aabb_proxy_production_line_6
judge_collision_detected:
robot_base_x: 10.334485
robot_base_y: -7.284844
robot_base_yaw: 3.133164
robot_geom: robot0_front_left_caster_2
proxy_geom: scene_aabb_proxy_output_6
judge_collision_detected:
robot_base_x: 10.334485
robot_base_y: -7.284844
robot_base_yaw: 3.133164
robot_geom: robot0_front_right_caster_2
proxy_geom: scene_aabb_proxy_output_6
judge_collision_detected:
robot_base_x: 10.334485
robot_base_y: -7.284844
robot_base_yaw: 3.133164
robot_geom: robot0_torso_fixed_collision_box_1
proxy_geom: scene_aabb_proxy_line_6_output_side_protrusion
judge_collision_detected:
robot_base_x: 10.334485
robot_base_y: -7.284844
robot_base_yaw: 3.133164
robot_geom: robot0_torso_fixed_collision_box_1
proxy_geom: scene_aabb_proxy_output_6
judge_collision_detected:
robot_base_x: 10.334485
robot_base_y: -7.284844
robot_base_yaw: 3.133164
robot_geom: robot0_torso_fixed_collision_box_1
proxy_geom: scene_aabb_proxy_production_line_6
judge_collision_detected:
robot_base_x: 10.334485
robot_base_y: -7.284844
robot_base_yaw: 3.133164
robot_geom: robot0_torso_fixed_column_collision
proxy_geom: scene_aabb_proxy_line_6_output_side_protrusion
judge_collision_detected:
robot_base_x: 10.334485
robot_base_y: -7.284844
robot_base_yaw: 3.133164
robot_geom: robot0_wheel_left_collision
proxy_geom: scene_aabb_proxy_line_6_output_side_protrusion
judge_collision_detected:
robot_base_x: 10.334485
robot_base_y: -7.284844
robot_base_yaw: 3.133164
robot_geom: robot0_wheel_left_collision
proxy_geom: scene_aabb_proxy_output_6
judge_collision_detected:
robot_base_x: 10.334485
robot_base_y: -7.284844
robot_base_yaw: 3.133164
robot_geom: robot0_wheel_right_collision
proxy_geom: scene_aabb_proxy_line_6_output_side_protrusion
judge_collision_detected:
robot_base_x: 10.334485
robot_base_y: -7.284844
robot_base_yaw: 3.133164
robot_geom: robot0_wheel_right_collision
proxy_geom: scene_aabb_proxy_output_6
judge_collision_detected:
robot_base_x: 10.334485
robot_base_y: -7.284844
robot_base_yaw: 3.133164
robot_geom: robot0_wheel_right_collision
proxy_geom: scene_aabb_proxy_production_line_6
judge_collision_detected:
robot_base_x: 10.333615
robot_base_y: -7.285011
robot_base_yaw: 3.133522
robot_geom: robot0_back_left_caster_2
proxy_geom: scene_aabb_proxy_line_6_output_side_protrusion
judge_collision_detected:
robot_base_x: 10.333615
robot_base_y: -7.285011
robot_base_yaw: 3.133522
robot_geom: robot0_back_right_caster_2
proxy_geom: scene_aabb_proxy_line_6_output_side_protrusion
judge_collision_detected:
robot_base_x: 10.333615
robot_base_y: -7.285011
robot_base_yaw: 3.133522
robot_geom: robot0_base_collision
proxy_geom: scene_aabb_proxy_line_6_output_side_protrusion
judge_collision_detected:
robot_base_x: 10.333615
robot_base_y: -7.285011
robot_base_yaw: 3.133522
robot_geom: robot0_base_collision
proxy_geom: scene_aabb_proxy_output_6
judge_collision_detected:
robot_base_x: 10.333615
robot_base_y: -7.285011
robot_base_yaw: 3.133522
robot_geom: robot0_base_collision
proxy_geom: scene_aabb_proxy_production_line_6
judge_collision_detected:
robot_base_x: 10.333615
robot_base_y: -7.285011
robot_base_yaw: 3.133522
robot_geom: robot0_front_left_caster_2
proxy_geom: scene_aabb_proxy_output_6
judge_collision_detected:
robot_base_x: 10.333615
robot_base_y: -7.285011
robot_base_yaw: 3.133522
robot_geom: robot0_front_right_caster_2
proxy_geom: scene_aabb_proxy_output_6
judge_collision_detected:
robot_base_x: 10.333615
robot_base_y: -7.285011
robot_base_yaw: 3.133522
robot_geom: robot0_torso_fixed_collision_box_1
proxy_geom: scene_aabb_proxy_line_6_output_side_protrusion
judge_collision_detected:
robot_base_x: 10.333615
robot_base_y: -7.285011
robot_base_yaw: 3.133522
robot_geom: robot0_torso_fixed_collision_box_1
proxy_geom: scene_aabb_proxy_output_6
judge_collision_detected:
robot_base_x: 10.333615
robot_base_y: -7.285011
robot_base_yaw: 3.133522
robot_geom: robot0_torso_fixed_collision_box_1
proxy_geom: scene_aabb_proxy_production_line_6
judge_collision_detected:
robot_base_x: 10.333615
robot_base_y: -7.285011
robot_base_yaw: 3.133522
robot_geom: robot0_torso_fixed_column_collision
proxy_geom: scene_aabb_proxy_line_6_output_side_protrusion
judge_collision_detected:
robot_base_x: 10.333615
robot_base_y: -7.285011
robot_base_yaw: 3.133522
robot_geom: robot0_wheel_left_collision
proxy_geom: scene_aabb_proxy_line_6_output_side_protrusion
judge_collision_detected:
robot_base_x: 10.333615
robot_base_y: -7.285011
robot_base_yaw: 3.133522
robot_geom: robot0_wheel_left_collision
proxy_geom: scene_aabb_proxy_output_6
judge_collision_detected:
robot_base_x: 10.333615
robot_base_y: -7.285011
robot_base_yaw: 3.133522
robot_geom: robot0_wheel_right_collision
proxy_geom: scene_aabb_proxy_line_6_output_side_protrusion
judge_collision_detected:
robot_base_x: 10.333615
robot_base_y: -7.285011
robot_base_yaw: 3.133522
robot_geom: robot0_wheel_right_collision
proxy_geom: scene_aabb_proxy_output_6
judge_collision_detected:
robot_base_x: 10.333615
robot_base_y: -7.285011
robot_base_yaw: 3.133522
robot_geom: robot0_wheel_right_collision
proxy_geom: scene_aabb_proxy_production_line_6
judge_collision_detected:
robot_base_x: 10.332977
robot_base_y: -7.285172
robot_base_yaw: 3.133896
robot_geom: robot0_back_left_caster_2
proxy_geom: scene_aabb_proxy_line_6_output_side_protrusion
judge_collision_detected:
robot_base_x: 10.332977
robot_base_y: -7.285172
robot_base_yaw: 3.133896
robot_geom: robot0_back_right_caster_2
proxy_geom: scene_aabb_proxy_line_6_output_side_protrusion
judge_collision_detected:
robot_base_x: 10.332977
robot_base_y: -7.285172
robot_base_yaw: 3.133896
robot_geom: robot0_base_collision
proxy_geom: scene_aabb_proxy_line_6_output_side_protrusion
judge_collision_detected:
robot_base_x: 10.332977
robot_base_y: -7.285172
robot_base_yaw: 3.133896
robot_geom: robot0_base_collision
proxy_geom: scene_aabb_proxy_output_6
judge_collision_detected:
robot_base_x: 10.332977
robot_base_y: -7.285172
robot_base_yaw: 3.133896
robot_geom: robot0_base_collision
proxy_geom: scene_aabb_proxy_production_line_6
judge_collision_detected:
robot_base_x: 10.332977
robot_base_y: -7.285172
robot_base_yaw: 3.133896
robot_geom: robot0_front_left_caster_2
proxy_geom: scene_aabb_proxy_output_6
judge_collision_detected:
robot_base_x: 10.332977
robot_base_y: -7.285172
robot_base_yaw: 3.133896
robot_geom: robot0_front_right_caster_2
proxy_geom: scene_aabb_proxy_output_6
judge_collision_detected:
robot_base_x: 10.332977
robot_base_y: -7.285172
robot_base_yaw: 3.133896
robot_geom: robot0_torso_fixed_collision_box_1
proxy_geom: scene_aabb_proxy_line_6_output_side_protrusion
judge_collision_detected:
robot_base_x: 10.332977
robot_base_y: -7.285172
robot_base_yaw: 3.133896
robot_geom: robot0_torso_fixed_collision_box_1
proxy_geom: scene_aabb_proxy_output_6
judge_collision_detected:
robot_base_x: 10.332977
robot_base_y: -7.285172
robot_base_yaw: 3.133896
robot_geom: robot0_torso_fixed_collision_box_1
proxy_geom: scene_aabb_proxy_production_line_6
judge_collision_detected:
robot_base_x: 10.332977
robot_base_y: -7.285172
robot_base_yaw: 3.133896
robot_geom: robot0_torso_fixed_column_collision
proxy_geom: scene_aabb_proxy_line_6_output_side_protrusion
judge_collision_detected:
robot_base_x: 10.332977
robot_base_y: -7.285172
robot_base_yaw: 3.133896
robot_geom: robot0_wheel_left_collision
proxy_geom: scene_aabb_proxy_line_6_output_side_protrusion
judge_collision_detected:
robot_base_x: 10.332977
robot_base_y: -7.285172
robot_base_yaw: 3.133896
robot_geom: robot0_wheel_left_collision
proxy_geom: scene_aabb_proxy_output_6
judge_collision_detected:
robot_base_x: 10.332977
robot_base_y: -7.285172
robot_base_yaw: 3.133896
robot_geom: robot0_wheel_right_collision
proxy_geom: scene_aabb_proxy_line_6_output_side_protrusion
judge_collision_detected:
robot_base_x: 10.332977
robot_base_y: -7.285172
robot_base_yaw: 3.133896
robot_geom: robot0_wheel_right_collision
proxy_geom: scene_aabb_proxy_output_6
judge_collision_detected:
robot_base_x: 10.332977
robot_base_y: -7.285172
robot_base_yaw: 3.133896
robot_geom: robot0_wheel_right_collision
proxy_geom: scene_aabb_proxy_production_line_6
judge_collision_detected:
robot_base_x: 10.332368
robot_base_y: -7.285330
robot_base_yaw: 3.134282
robot_geom: robot0_back_left_caster_2
proxy_geom: scene_aabb_proxy_line_6_output_side_protrusion
judge_collision_detected:
robot_base_x: 10.332368
robot_base_y: -7.285330
robot_base_yaw: 3.134282
robot_geom: robot0_back_right_caster_2
proxy_geom: scene_aabb_proxy_line_6_output_side_protrusion
judge_collision_detected:
robot_base_x: 10.332368
robot_base_y: -7.285330
robot_base_yaw: 3.134282
robot_geom: robot0_base_collision
proxy_geom: scene_aabb_proxy_line_6_output_side_protrusion
judge_collision_detected:
robot_base_x: 10.332368
robot_base_y: -7.285330
robot_base_yaw: 3.134282
robot_geom: robot0_base_collision
proxy_geom: scene_aabb_proxy_output_6
judge_collision_detected:
robot_base_x: 10.332368
robot_base_y: -7.285330
robot_base_yaw: 3.134282
robot_geom: robot0_base_collision
proxy_geom: scene_aabb_proxy_production_line_6
judge_collision_detected:
robot_base_x: 10.332368
robot_base_y: -7.285330
robot_base_yaw: 3.134282
robot_geom: robot0_front_left_caster_2
proxy_geom: scene_aabb_proxy_output_6
judge_collision_detected:
robot_base_x: 10.332368
robot_base_y: -7.285330
robot_base_yaw: 3.134282
robot_geom: robot0_front_right_caster_2
proxy_geom: scene_aabb_proxy_output_6
judge_collision_detected:
robot_base_x: 10.332368
robot_base_y: -7.285330
robot_base_yaw: 3.134282
robot_geom: robot0_torso_fixed_collision_box_1
proxy_geom: scene_aabb_proxy_line_6_output_side_protrusion
judge_collision_detected:
robot_base_x: 10.332368
robot_base_y: -7.285330
robot_base_yaw: 3.134282
robot_geom: robot0_torso_fixed_collision_box_1
proxy_geom: scene_aabb_proxy_output_6
judge_collision_detected:
robot_base_x: 10.332368
robot_base_y: -7.285330
robot_base_yaw: 3.134282
robot_geom: robot0_torso_fixed_collision_box_1
proxy_geom: scene_aabb_proxy_production_line_6
judge_collision_detected:
robot_base_x: 10.332368
robot_base_y: -7.285330
robot_base_yaw: 3.134282
robot_geom: robot0_torso_fixed_column_collision
proxy_geom: scene_aabb_proxy_line_6_output_side_protrusion
judge_collision_detected:
robot_base_x: 10.332368
robot_base_y: -7.285330
robot_base_yaw: 3.134282
robot_geom: robot0_wheel_left_collision
proxy_geom: scene_aabb_proxy_line_6_output_side_protrusion
judge_collision_detected:
robot_base_x: 10.332368
robot_base_y: -7.285330
robot_base_yaw: 3.134282
robot_geom: robot0_wheel_left_collision
proxy_geom: scene_aabb_proxy_output_6
judge_collision_detected:
robot_base_x: 10.332368
robot_base_y: -7.285330
robot_base_yaw: 3.134282
robot_geom: robot0_wheel_right_collision
proxy_geom: scene_aabb_proxy_line_6_output_side_protrusion
judge_collision_detected:
robot_base_x: 10.332368
robot_base_y: -7.285330
robot_base_yaw: 3.134282
robot_geom: robot0_wheel_right_collision
proxy_geom: scene_aabb_proxy_output_6
judge_collision_detected:
robot_base_x: 10.332368
robot_base_y: -7.285330
robot_base_yaw: 3.134282
robot_geom: robot0_wheel_right_collision
proxy_geom: scene_aabb_proxy_production_line_6
judge_collision_detected:
robot_base_x: 10.331789
robot_base_y: -7.285484
robot_base_yaw: 3.134683
robot_geom: robot0_back_left_caster_2
proxy_geom: scene_aabb_proxy_line_6_output_side_protrusion
judge_collision_detected:
robot_base_x: 10.331789
robot_base_y: -7.285484
robot_base_yaw: 3.134683
robot_geom: robot0_back_right_caster_2
proxy_geom: scene_aabb_proxy_line_6_output_side_protrusion
judge_collision_detected:
robot_base_x: 10.331789
robot_base_y: -7.285484
robot_base_yaw: 3.134683
robot_geom: robot0_base_collision
proxy_geom: scene_aabb_proxy_line_6_output_side_protrusion
judge_collision_detected:
robot_base_x: 10.331789
robot_base_y: -7.285484
robot_base_yaw: 3.134683
robot_geom: robot0_base_collision
proxy_geom: scene_aabb_proxy_output_6
judge_collision_detected:
robot_base_x: 10.331789
robot_base_y: -7.285484
robot_base_yaw: 3.134683
robot_geom: robot0_base_collision
proxy_geom: scene_aabb_proxy_production_line_6
judge_collision_detected:
robot_base_x: 10.331789
robot_base_y: -7.285484
robot_base_yaw: 3.134683
robot_geom: robot0_front_left_caster_2
proxy_geom: scene_aabb_proxy_output_6
judge_collision_detected:
robot_base_x: 10.331789
robot_base_y: -7.285484
robot_base_yaw: 3.134683
robot_geom: robot0_front_right_caster_2
proxy_geom: scene_aabb_proxy_output_6
judge_collision_detected:
robot_base_x: 10.331789
robot_base_y: -7.285484
robot_base_yaw: 3.134683
robot_geom: robot0_torso_fixed_collision_box_1
proxy_geom: scene_aabb_proxy_line_6_output_side_protrusion
judge_collision_detected:
robot_base_x: 10.331789
robot_base_y: -7.285484
robot_base_yaw: 3.134683
robot_geom: robot0_torso_fixed_collision_box_1
proxy_geom: scene_aabb_proxy_output_6
judge_collision_detected:
robot_base_x: 10.331789
robot_base_y: -7.285484
robot_base_yaw: 3.134683
robot_geom: robot0_torso_fixed_collision_box_1
proxy_geom: scene_aabb_proxy_production_line_6
judge_collision_detected:
robot_base_x: 10.331789
robot_base_y: -7.285484
robot_base_yaw: 3.134683
robot_geom: robot0_torso_fixed_column_collision
proxy_geom: scene_aabb_proxy_line_6_output_side_protrusion
judge_collision_detected:
robot_base_x: 10.331789
robot_base_y: -7.285484
robot_base_yaw: 3.134683
robot_geom: robot0_wheel_left_collision
proxy_geom: scene_aabb_proxy_line_6_output_side_protrusion
judge_collision_detected:
robot_base_x: 10.331789
robot_base_y: -7.285484
robot_base_yaw: 3.134683
robot_geom: robot0_wheel_left_collision
proxy_geom: scene_aabb_proxy_output_6
judge_collision_detected:
robot_base_x: 10.331789
robot_base_y: -7.285484
robot_base_yaw: 3.134683
robot_geom: robot0_wheel_right_collision
proxy_geom: scene_aabb_proxy_line_6_output_side_protrusion
judge_collision_detected:
robot_base_x: 10.331789
robot_base_y: -7.285484
robot_base_yaw: 3.134683
robot_geom: robot0_wheel_right_collision
proxy_geom: scene_aabb_proxy_output_6
judge_collision_detected:
robot_base_x: 10.331789
robot_base_y: -7.285484
robot_base_yaw: 3.134683
robot_geom: robot0_wheel_right_collision
proxy_geom: scene_aabb_proxy_production_line_6
judge_collision_detected:
robot_base_x: 10.331247
robot_base_y: -7.285631
robot_base_yaw: 3.135113
robot_geom: robot0_back_left_caster_2
proxy_geom: scene_aabb_proxy_line_6_output_side_protrusion
judge_collision_detected:
robot_base_x: 10.331247
robot_base_y: -7.285631
robot_base_yaw: 3.135113
robot_geom: robot0_back_right_caster_2
proxy_geom: scene_aabb_proxy_line_6_output_side_protrusion
judge_collision_detected:
robot_base_x: 10.331247
robot_base_y: -7.285631
robot_base_yaw: 3.135113
robot_geom: robot0_base_collision
proxy_geom: scene_aabb_proxy_line_6_output_side_protrusion
judge_collision_detected:
robot_base_x: 10.331247
robot_base_y: -7.285631
robot_base_yaw: 3.135113
robot_geom: robot0_base_collision
proxy_geom: scene_aabb_proxy_output_6
judge_collision_detected:
robot_base_x: 10.331247
robot_base_y: -7.285631
robot_base_yaw: 3.135113
robot_geom: robot0_base_collision
proxy_geom: scene_aabb_proxy_production_line_6
judge_collision_detected:
robot_base_x: 10.331247
robot_base_y: -7.285631
robot_base_yaw: 3.135113
robot_geom: robot0_front_left_caster_2
proxy_geom: scene_aabb_proxy_output_6
judge_collision_detected:
robot_base_x: 10.331247
robot_base_y: -7.285631
robot_base_yaw: 3.135113
robot_geom: robot0_front_right_caster_2
proxy_geom: scene_aabb_proxy_output_6
judge_collision_detected:
robot_base_x: 10.331247
robot_base_y: -7.285631
robot_base_yaw: 3.135113
robot_geom: robot0_torso_fixed_collision_box_1
proxy_geom: scene_aabb_proxy_line_6_output_side_protrusion
judge_collision_detected:
robot_base_x: 10.331247
robot_base_y: -7.285631
robot_base_yaw: 3.135113
robot_geom: robot0_torso_fixed_collision_box_1
proxy_geom: scene_aabb_proxy_output_6
judge_collision_detected:
robot_base_x: 10.331247
robot_base_y: -7.285631
robot_base_yaw: 3.135113
robot_geom: robot0_torso_fixed_collision_box_1
proxy_geom: scene_aabb_proxy_production_line_6
judge_collision_detected:
robot_base_x: 10.331247
robot_base_y: -7.285631
robot_base_yaw: 3.135113
robot_geom: robot0_torso_fixed_column_collision
proxy_geom: scene_aabb_proxy_line_6_output_side_protrusion
judge_collision_detected:
robot_base_x: 10.331247
robot_base_y: -7.285631
robot_base_yaw: 3.135113
robot_geom: robot0_wheel_left_collision
proxy_geom: scene_aabb_proxy_line_6_output_side_protrusion
judge_collision_detected:
robot_base_x: 10.331247
robot_base_y: -7.285631
robot_base_yaw: 3.135113
robot_geom: robot0_wheel_left_collision
proxy_geom: scene_aabb_proxy_output_6
judge_collision_detected:
robot_base_x: 10.331247
robot_base_y: -7.285631
robot_base_yaw: 3.135113
robot_geom: robot0_wheel_right_collision
proxy_geom: scene_aabb_proxy_line_6_output_side_protrusion
judge_collision_detected:
robot_base_x: 10.331247
robot_base_y: -7.285631
robot_base_yaw: 3.135113
robot_geom: robot0_wheel_right_collision
proxy_geom: scene_aabb_proxy_output_6
judge_collision_detected:
robot_base_x: 10.331247
robot_base_y: -7.285631
robot_base_yaw: 3.135113
robot_geom: robot0_wheel_right_collision
proxy_geom: scene_aabb_proxy_production_line_6
judge_collision_detected:
robot_base_x: 10.330728
robot_base_y: -7.285776
robot_base_yaw: 3.135551
robot_geom: robot0_back_left_caster_2
proxy_geom: scene_aabb_proxy_line_6_output_side_protrusion
judge_collision_detected:
robot_base_x: 10.330728
robot_base_y: -7.285776
robot_base_yaw: 3.135551
robot_geom: robot0_back_right_caster_2
proxy_geom: scene_aabb_proxy_line_6_output_side_protrusion
judge_collision_detected:
robot_base_x: 10.330728
robot_base_y: -7.285776
robot_base_yaw: 3.135551
robot_geom: robot0_base_collision
proxy_geom: scene_aabb_proxy_line_6_output_side_protrusion
judge_collision_detected:
robot_base_x: 10.330728
robot_base_y: -7.285776
robot_base_yaw: 3.135551
robot_geom: robot0_base_collision
proxy_geom: scene_aabb_proxy_output_6
judge_collision_detected:
robot_base_x: 10.330728
robot_base_y: -7.285776
robot_base_yaw: 3.135551
robot_geom: robot0_base_collision
proxy_geom: scene_aabb_proxy_production_line_6
judge_collision_detected:
robot_base_x: 10.330728
robot_base_y: -7.285776
robot_base_yaw: 3.135551
robot_geom: robot0_front_left_caster_2
proxy_geom: scene_aabb_proxy_output_6
judge_collision_detected:
robot_base_x: 10.330728
robot_base_y: -7.285776
robot_base_yaw: 3.135551
robot_geom: robot0_front_right_caster_2
proxy_geom: scene_aabb_proxy_output_6
judge_collision_detected:
robot_base_x: 10.330728
robot_base_y: -7.285776
robot_base_yaw: 3.135551
robot_geom: robot0_torso_fixed_collision_box_1
proxy_geom: scene_aabb_proxy_line_6_output_side_protrusion
judge_collision_detected:
robot_base_x: 10.330728
robot_base_y: -7.285776
robot_base_yaw: 3.135551
robot_geom: robot0_torso_fixed_collision_box_1
proxy_geom: scene_aabb_proxy_output_6
judge_collision_detected:
robot_base_x: 10.330728
robot_base_y: -7.285776
robot_base_yaw: 3.135551
robot_geom: robot0_torso_fixed_collision_box_1
proxy_geom: scene_aabb_proxy_production_line_6
judge_collision_detected:
robot_base_x: 10.330728
robot_base_y: -7.285776
robot_base_yaw: 3.135551
robot_geom: robot0_torso_fixed_column_collision
proxy_geom: scene_aabb_proxy_line_6_output_side_protrusion
judge_collision_detected:
robot_base_x: 10.330728
robot_base_y: -7.285776
robot_base_yaw: 3.135551
robot_geom: robot0_wheel_left_collision
proxy_geom: scene_aabb_proxy_line_6_output_side_protrusion
judge_collision_detected:
robot_base_x: 10.330728
robot_base_y: -7.285776
robot_base_yaw: 3.135551
robot_geom: robot0_wheel_left_collision
proxy_geom: scene_aabb_proxy_output_6
judge_collision_detected:
robot_base_x: 10.330728
robot_base_y: -7.285776
robot_base_yaw: 3.135551
robot_geom: robot0_wheel_right_collision
proxy_geom: scene_aabb_proxy_line_6_output_side_protrusion
judge_collision_detected:
robot_base_x: 10.330728
robot_base_y: -7.285776
robot_base_yaw: 3.135551
robot_geom: robot0_wheel_right_collision
proxy_geom: scene_aabb_proxy_output_6
judge_collision_detected:
robot_base_x: 10.330728
robot_base_y: -7.285776
robot_base_yaw: 3.135551
robot_geom: robot0_wheel_right_collision
proxy_geom: scene_aabb_proxy_production_line_6
judge_collision_detected:
robot_base_x: 10.330220
robot_base_y: -7.285920
robot_base_yaw: 3.135976
robot_geom: robot0_back_left_caster_2
proxy_geom: scene_aabb_proxy_line_6_output_side_protrusion
judge_collision_detected:
robot_base_x: 10.330220
robot_base_y: -7.285920
robot_base_yaw: 3.135976
robot_geom: robot0_back_right_caster_2
proxy_geom: scene_aabb_proxy_line_6_output_side_protrusion
judge_collision_detected:
robot_base_x: 10.330220
robot_base_y: -7.285920
robot_base_yaw: 3.135976
robot_geom: robot0_base_collision
proxy_geom: scene_aabb_proxy_line_6_output_side_protrusion
judge_collision_detected:
robot_base_x: 10.330220
robot_base_y: -7.285920
robot_base_yaw: 3.135976
robot_geom: robot0_base_collision
proxy_geom: scene_aabb_proxy_output_6
judge_collision_detected:
robot_base_x: 10.330220
robot_base_y: -7.285920
robot_base_yaw: 3.135976
robot_geom: robot0_base_collision
proxy_geom: scene_aabb_proxy_production_line_6
judge_collision_detected:
robot_base_x: 10.330220
robot_base_y: -7.285920
robot_base_yaw: 3.135976
robot_geom: robot0_front_left_caster_2
proxy_geom: scene_aabb_proxy_output_6
judge_collision_detected:
robot_base_x: 10.330220
robot_base_y: -7.285920
robot_base_yaw: 3.135976
robot_geom: robot0_front_right_caster_2
proxy_geom: scene_aabb_proxy_output_6
judge_collision_detected:
robot_base_x: 10.330220
robot_base_y: -7.285920
robot_base_yaw: 3.135976
robot_geom: robot0_torso_fixed_collision_box_1
proxy_geom: scene_aabb_proxy_line_6_output_side_protrusion
judge_collision_detected:
robot_base_x: 10.330220
robot_base_y: -7.285920
robot_base_yaw: 3.135976
robot_geom: robot0_torso_fixed_collision_box_1
proxy_geom: scene_aabb_proxy_output_6
judge_collision_detected:
robot_base_x: 10.330220
robot_base_y: -7.285920
robot_base_yaw: 3.135976
robot_geom: robot0_torso_fixed_collision_box_1
proxy_geom: scene_aabb_proxy_production_line_6
judge_collision_detected:
robot_base_x: 10.330220
robot_base_y: -7.285920
robot_base_yaw: 3.135976
robot_geom: robot0_torso_fixed_column_collision
proxy_geom: scene_aabb_proxy_line_6_output_side_protrusion
judge_collision_detected:
robot_base_x: 10.330220
robot_base_y: -7.285920
robot_base_yaw: 3.135976
robot_geom: robot0_wheel_left_collision
proxy_geom: scene_aabb_proxy_line_6_output_side_protrusion
judge_collision_detected:
robot_base_x: 10.330220
robot_base_y: -7.285920
robot_base_yaw: 3.135976
robot_geom: robot0_wheel_left_collision
proxy_geom: scene_aabb_proxy_output_6
judge_collision_detected:
robot_base_x: 10.330220
robot_base_y: -7.285920
robot_base_yaw: 3.135976
robot_geom: robot0_wheel_right_collision
proxy_geom: scene_aabb_proxy_line_6_output_side_protrusion
judge_collision_detected:
robot_base_x: 10.330220
robot_base_y: -7.285920
robot_base_yaw: 3.135976
robot_geom: robot0_wheel_right_collision
proxy_geom: scene_aabb_proxy_output_6
judge_collision_detected:
robot_base_x: 10.330220
robot_base_y: -7.285920
robot_base_yaw: 3.135976
robot_geom: robot0_wheel_right_collision
proxy_geom: scene_aabb_proxy_production_line_6
judge_collision_detected:
robot_base_x: 10.329727
robot_base_y: -7.286061
robot_base_yaw: 3.136397
robot_geom: robot0_back_left_caster_2
proxy_geom: scene_aabb_proxy_line_6_output_side_protrusion
judge_collision_detected:
robot_base_x: 10.329727
robot_base_y: -7.286061
robot_base_yaw: 3.136397
robot_geom: robot0_back_right_caster_2
proxy_geom: scene_aabb_proxy_line_6_output_side_protrusion
judge_collision_detected:
robot_base_x: 10.329727
robot_base_y: -7.286061
robot_base_yaw: 3.136397
robot_geom: robot0_base_collision
proxy_geom: scene_aabb_proxy_line_6_output_side_protrusion
judge_collision_detected:
robot_base_x: 10.329727
robot_base_y: -7.286061
robot_base_yaw: 3.136397
robot_geom: robot0_base_collision
proxy_geom: scene_aabb_proxy_output_6
judge_collision_detected:
robot_base_x: 10.329727
robot_base_y: -7.286061
robot_base_yaw: 3.136397
robot_geom: robot0_base_collision
proxy_geom: scene_aabb_proxy_production_line_6
judge_collision_detected:
robot_base_x: 10.329727
robot_base_y: -7.286061
robot_base_yaw: 3.136397
robot_geom: robot0_front_left_caster_2
proxy_geom: scene_aabb_proxy_output_6
judge_collision_detected:
robot_base_x: 10.329727
robot_base_y: -7.286061
robot_base_yaw: 3.136397
robot_geom: robot0_front_right_caster_2
proxy_geom: scene_aabb_proxy_output_6
judge_collision_detected:
robot_base_x: 10.329727
robot_base_y: -7.286061
robot_base_yaw: 3.136397
robot_geom: robot0_torso_fixed_collision_box_1
proxy_geom: scene_aabb_proxy_line_6_output_side_protrusion
judge_collision_detected:
robot_base_x: 10.329727
robot_base_y: -7.286061
robot_base_yaw: 3.136397
robot_geom: robot0_torso_fixed_collision_box_1
proxy_geom: scene_aabb_proxy_output_6
judge_collision_detected:
robot_base_x: 10.329727
robot_base_y: -7.286061
robot_base_yaw: 3.136397
robot_geom: robot0_torso_fixed_collision_box_1
proxy_geom: scene_aabb_proxy_production_line_6
judge_collision_detected:
robot_base_x: 10.329727
robot_base_y: -7.286061
robot_base_yaw: 3.136397
robot_geom: robot0_torso_fixed_column_collision
proxy_geom: scene_aabb_proxy_line_6_output_side_protrusion
judge_collision_detected:
robot_base_x: 10.329727
robot_base_y: -7.286061
robot_base_yaw: 3.136397
robot_geom: robot0_wheel_left_collision
proxy_geom: scene_aabb_proxy_line_6_output_side_protrusion
judge_collision_detected:
robot_base_x: 10.329727
robot_base_y: -7.286061
robot_base_yaw: 3.136397
robot_geom: robot0_wheel_left_collision
proxy_geom: scene_aabb_proxy_output_6
judge_collision_detected:
robot_base_x: 10.329727
robot_base_y: -7.286061
robot_base_yaw: 3.136397
robot_geom: robot0_wheel_right_collision
proxy_geom: scene_aabb_proxy_line_6_output_side_protrusion
judge_collision_detected:
robot_base_x: 10.329727
robot_base_y: -7.286061
robot_base_yaw: 3.136397
robot_geom: robot0_wheel_right_collision
proxy_geom: scene_aabb_proxy_output_6
judge_collision_detected:
robot_base_x: 10.329727
robot_base_y: -7.286061
robot_base_yaw: 3.136397
robot_geom: robot0_wheel_right_collision
proxy_geom: scene_aabb_proxy_production_line_6
judge_collision_detected:
robot_base_x: 10.328830
robot_base_y: -7.286207
robot_base_yaw: 3.136723
robot_geom: robot0_back_left_caster_2
proxy_geom: scene_aabb_proxy_line_6_output_side_protrusion
judge_collision_detected:
robot_base_x: 10.328830
robot_base_y: -7.286207
robot_base_yaw: 3.136723
robot_geom: robot0_back_right_caster_2
proxy_geom: scene_aabb_proxy_line_6_output_side_protrusion
judge_collision_detected:
robot_base_x: 10.328830
robot_base_y: -7.286207
robot_base_yaw: 3.136723
robot_geom: robot0_base_collision
proxy_geom: scene_aabb_proxy_line_6_output_side_protrusion
judge_collision_detected:
robot_base_x: 10.328830
robot_base_y: -7.286207
robot_base_yaw: 3.136723
robot_geom: robot0_base_collision
proxy_geom: scene_aabb_proxy_output_6
judge_collision_detected:
robot_base_x: 10.328830
robot_base_y: -7.286207
robot_base_yaw: 3.136723
robot_geom: robot0_base_collision
proxy_geom: scene_aabb_proxy_production_line_6
judge_collision_detected:
robot_base_x: 10.328830
robot_base_y: -7.286207
robot_base_yaw: 3.136723
robot_geom: robot0_front_left_caster_2
proxy_geom: scene_aabb_proxy_output_6
judge_collision_detected:
robot_base_x: 10.328830
robot_base_y: -7.286207
robot_base_yaw: 3.136723
robot_geom: robot0_front_right_caster_2
proxy_geom: scene_aabb_proxy_output_6
judge_collision_detected:
robot_base_x: 10.328830
robot_base_y: -7.286207
robot_base_yaw: 3.136723
robot_geom: robot0_torso_fixed_collision_box_1
proxy_geom: scene_aabb_proxy_line_6_output_side_protrusion
judge_collision_detected:
robot_base_x: 10.328830
robot_base_y: -7.286207
robot_base_yaw: 3.136723
robot_geom: robot0_torso_fixed_collision_box_1
proxy_geom: scene_aabb_proxy_output_6
judge_collision_detected:
robot_base_x: 10.328830
robot_base_y: -7.286207
robot_base_yaw: 3.136723
robot_geom: robot0_torso_fixed_collision_box_1
proxy_geom: scene_aabb_proxy_production_line_6
judge_collision_detected:
robot_base_x: 10.328830
robot_base_y: -7.286207
robot_base_yaw: 3.136723
robot_geom: robot0_torso_fixed_column_collision
proxy_geom: scene_aabb_proxy_line_6_output_side_protrusion
judge_collision_detected:
robot_base_x: 10.328830
robot_base_y: -7.286207
robot_base_yaw: 3.136723
robot_geom: robot0_wheel_left_collision
proxy_geom: scene_aabb_proxy_line_6_output_side_protrusion
judge_collision_detected:
robot_base_x: 10.328830
robot_base_y: -7.286207
robot_base_yaw: 3.136723
robot_geom: robot0_wheel_left_collision
proxy_geom: scene_aabb_proxy_output_6
judge_collision_detected:
robot_base_x: 10.328830
robot_base_y: -7.286207
robot_base_yaw: 3.136723
robot_geom: robot0_wheel_right_collision
proxy_geom: scene_aabb_proxy_line_6_output_side_protrusion
judge_collision_detected:
robot_base_x: 10.328830
robot_base_y: -7.286207
robot_base_yaw: 3.136723
robot_geom: robot0_wheel_right_collision
proxy_geom: scene_aabb_proxy_output_6
judge_collision_detected:
robot_base_x: 10.328830
robot_base_y: -7.286207
robot_base_yaw: 3.136723
robot_geom: robot0_wheel_right_collision
proxy_geom: scene_aabb_proxy_production_line_6
judge_collision_detected:
robot_base_x: 10.327830
robot_base_y: -7.286358
robot_base_yaw: 3.136996
robot_geom: robot0_back_left_caster_2
proxy_geom: scene_aabb_proxy_line_6_output_side_protrusion
judge_collision_detected:
robot_base_x: 10.327830
robot_base_y: -7.286358
robot_base_yaw: 3.136996
robot_geom: robot0_back_right_caster_2
proxy_geom: scene_aabb_proxy_line_6_output_side_protrusion
judge_collision_detected:
robot_base_x: 10.327830
robot_base_y: -7.286358
robot_base_yaw: 3.136996
robot_geom: robot0_base_collision
proxy_geom: scene_aabb_proxy_line_6_output_side_protrusion
judge_collision_detected:
robot_base_x: 10.327830
robot_base_y: -7.286358
robot_base_yaw: 3.136996
robot_geom: robot0_base_collision
proxy_geom: scene_aabb_proxy_output_6
judge_collision_detected:
robot_base_x: 10.327830
robot_base_y: -7.286358
robot_base_yaw: 3.136996
robot_geom: robot0_base_collision
proxy_geom: scene_aabb_proxy_production_line_6
judge_collision_detected:
robot_base_x: 10.327830
robot_base_y: -7.286358
robot_base_yaw: 3.136996
robot_geom: robot0_front_left_caster_2
proxy_geom: scene_aabb_proxy_output_6
judge_collision_detected:
robot_base_x: 10.327830
robot_base_y: -7.286358
robot_base_yaw: 3.136996
robot_geom: robot0_front_right_caster_2
proxy_geom: scene_aabb_proxy_output_6
judge_collision_detected:
robot_base_x: 10.327830
robot_base_y: -7.286358
robot_base_yaw: 3.136996
robot_geom: robot0_torso_fixed_collision_box_1
proxy_geom: scene_aabb_proxy_line_6_output_side_protrusion
judge_collision_detected:
robot_base_x: 10.327830
robot_base_y: -7.286358
robot_base_yaw: 3.136996
robot_geom: robot0_torso_fixed_collision_box_1
proxy_geom: scene_aabb_proxy_output_6
judge_collision_detected:
robot_base_x: 10.327830
robot_base_y: -7.286358
robot_base_yaw: 3.136996
robot_geom: robot0_torso_fixed_collision_box_1
proxy_geom: scene_aabb_proxy_production_line_6
judge_collision_detected:
robot_base_x: 10.327830
robot_base_y: -7.286358
robot_base_yaw: 3.136996
robot_geom: robot0_torso_fixed_column_collision
proxy_geom: scene_aabb_proxy_line_6_output_side_protrusion
judge_collision_detected:
robot_base_x: 10.327830
robot_base_y: -7.286358
robot_base_yaw: 3.136996
robot_geom: robot0_wheel_left_collision
proxy_geom: scene_aabb_proxy_line_6_output_side_protrusion
judge_collision_detected:
robot_base_x: 10.327830
robot_base_y: -7.286358
robot_base_yaw: 3.136996
robot_geom: robot0_wheel_left_collision
proxy_geom: scene_aabb_proxy_output_6
judge_collision_detected:
robot_base_x: 10.327830
robot_base_y: -7.286358
robot_base_yaw: 3.136996
robot_geom: robot0_wheel_right_collision
proxy_geom: scene_aabb_proxy_line_6_output_side_protrusion
judge_collision_detected:
robot_base_x: 10.327830
robot_base_y: -7.286358
robot_base_yaw: 3.136996
robot_geom: robot0_wheel_right_collision
proxy_geom: scene_aabb_proxy_output_6
judge_collision_detected:
robot_base_x: 10.327830
robot_base_y: -7.286358
robot_base_yaw: 3.136996
robot_geom: robot0_wheel_right_collision
proxy_geom: scene_aabb_proxy_production_line_6
judge_collision_detected:
robot_base_x: 10.326873
robot_base_y: -7.286512
robot_base_yaw: 3.137245
robot_geom: robot0_back_left_caster_2
proxy_geom: scene_aabb_proxy_line_6_output_side_protrusion
judge_collision_detected:
robot_base_x: 10.326873
robot_base_y: -7.286512
robot_base_yaw: 3.137245
robot_geom: robot0_back_right_caster_2
proxy_geom: scene_aabb_proxy_line_6_output_side_protrusion
judge_collision_detected:
robot_base_x: 10.326873
robot_base_y: -7.286512
robot_base_yaw: 3.137245
robot_geom: robot0_base_collision
proxy_geom: scene_aabb_proxy_line_6_output_side_protrusion
judge_collision_detected:
robot_base_x: 10.326873
robot_base_y: -7.286512
robot_base_yaw: 3.137245
robot_geom: robot0_base_collision
proxy_geom: scene_aabb_proxy_output_6
judge_collision_detected:
robot_base_x: 10.326873
robot_base_y: -7.286512
robot_base_yaw: 3.137245
robot_geom: robot0_base_collision
proxy_geom: scene_aabb_proxy_production_line_6
judge_collision_detected:
robot_base_x: 10.326873
robot_base_y: -7.286512
robot_base_yaw: 3.137245
robot_geom: robot0_front_left_caster_2
proxy_geom: scene_aabb_proxy_output_6
judge_collision_detected:
robot_base_x: 10.326873
robot_base_y: -7.286512
robot_base_yaw: 3.137245
robot_geom: robot0_front_right_caster_2
proxy_geom: scene_aabb_proxy_output_6
judge_collision_detected:
robot_base_x: 10.326873
robot_base_y: -7.286512
robot_base_yaw: 3.137245
robot_geom: robot0_torso_fixed_collision_box_1
proxy_geom: scene_aabb_proxy_line_6_output_side_protrusion
judge_collision_detected:
robot_base_x: 10.326873
robot_base_y: -7.286512
robot_base_yaw: 3.137245
robot_geom: robot0_torso_fixed_collision_box_1
proxy_geom: scene_aabb_proxy_output_6
judge_collision_detected:
robot_base_x: 10.326873
robot_base_y: -7.286512
robot_base_yaw: 3.137245
robot_geom: robot0_torso_fixed_collision_box_1
proxy_geom: scene_aabb_proxy_production_line_6
judge_collision_detected:
robot_base_x: 10.326873
robot_base_y: -7.286512
robot_base_yaw: 3.137245
robot_geom: robot0_torso_fixed_column_collision
proxy_geom: scene_aabb_proxy_line_6_output_side_protrusion
judge_collision_detected:
robot_base_x: 10.326873
robot_base_y: -7.286512
robot_base_yaw: 3.137245
robot_geom: robot0_wheel_left_collision
proxy_geom: scene_aabb_proxy_line_6_output_side_protrusion
judge_collision_detected:
robot_base_x: 10.326873
robot_base_y: -7.286512
robot_base_yaw: 3.137245
robot_geom: robot0_wheel_left_collision
proxy_geom: scene_aabb_proxy_output_6
judge_collision_detected:
robot_base_x: 10.326873
robot_base_y: -7.286512
robot_base_yaw: 3.137245
robot_geom: robot0_wheel_right_collision
proxy_geom: scene_aabb_proxy_line_6_output_side_protrusion
judge_collision_detected:
robot_base_x: 10.326873
robot_base_y: -7.286512
robot_base_yaw: 3.137245
robot_geom: robot0_wheel_right_collision
proxy_geom: scene_aabb_proxy_output_6
judge_collision_detected:
robot_base_x: 10.326873
robot_base_y: -7.286512
robot_base_yaw: 3.137245
robot_geom: robot0_wheel_right_collision
proxy_geom: scene_aabb_proxy_production_line_6
judge_collision_detected:
robot_base_x: 10.325963
robot_base_y: -7.286663
robot_base_yaw: 3.137502
robot_geom: robot0_back_left_caster_2
proxy_geom: scene_aabb_proxy_line_6_output_side_protrusion
judge_collision_detected:
robot_base_x: 10.325963
robot_base_y: -7.286663
robot_base_yaw: 3.137502
robot_geom: robot0_back_right_caster_2
proxy_geom: scene_aabb_proxy_line_6_output_side_protrusion
judge_collision_detected:
robot_base_x: 10.325963
robot_base_y: -7.286663
robot_base_yaw: 3.137502
robot_geom: robot0_base_collision
proxy_geom: scene_aabb_proxy_line_6_output_side_protrusion
judge_collision_detected:
robot_base_x: 10.325963
robot_base_y: -7.286663
robot_base_yaw: 3.137502
robot_geom: robot0_base_collision
proxy_geom: scene_aabb_proxy_output_6
judge_collision_detected:
robot_base_x: 10.325963
robot_base_y: -7.286663
robot_base_yaw: 3.137502
robot_geom: robot0_base_collision
proxy_geom: scene_aabb_proxy_production_line_6
judge_collision_detected:
robot_base_x: 10.325963
robot_base_y: -7.286663
robot_base_yaw: 3.137502
robot_geom: robot0_front_left_caster_2
proxy_geom: scene_aabb_proxy_output_6
judge_collision_detected:
robot_base_x: 10.325963
robot_base_y: -7.286663
robot_base_yaw: 3.137502
robot_geom: robot0_front_right_caster_2
proxy_geom: scene_aabb_proxy_output_6
judge_collision_detected:
robot_base_x: 10.325963
robot_base_y: -7.286663
robot_base_yaw: 3.137502
robot_geom: robot0_torso_fixed_collision_box_1
proxy_geom: scene_aabb_proxy_line_6_output_side_protrusion
judge_collision_detected:
robot_base_x: 10.325963
robot_base_y: -7.286663
robot_base_yaw: 3.137502
robot_geom: robot0_torso_fixed_collision_box_1
proxy_geom: scene_aabb_proxy_output_6
judge_collision_detected:
robot_base_x: 10.325963
robot_base_y: -7.286663
robot_base_yaw: 3.137502
robot_geom: robot0_torso_fixed_collision_box_1
proxy_geom: scene_aabb_proxy_production_line_6
judge_collision_detected:
robot_base_x: 10.325963
robot_base_y: -7.286663
robot_base_yaw: 3.137502
robot_geom: robot0_torso_fixed_column_collision
proxy_geom: scene_aabb_proxy_line_6_output_side_protrusion
judge_collision_detected:
robot_base_x: 10.325963
robot_base_y: -7.286663
robot_base_yaw: 3.137502
robot_geom: robot0_wheel_left_collision
proxy_geom: scene_aabb_proxy_line_6_output_side_protrusion
judge_collision_detected:
robot_base_x: 10.325963
robot_base_y: -7.286663
robot_base_yaw: 3.137502
robot_geom: robot0_wheel_left_collision
proxy_geom: scene_aabb_proxy_output_6
judge_collision_detected:
robot_base_x: 10.325963
robot_base_y: -7.286663
robot_base_yaw: 3.137502
robot_geom: robot0_wheel_right_collision
proxy_geom: scene_aabb_proxy_line_6_output_side_protrusion
judge_collision_detected:
robot_base_x: 10.325963
robot_base_y: -7.286663
robot_base_yaw: 3.137502
robot_geom: robot0_wheel_right_collision
proxy_geom: scene_aabb_proxy_output_6
judge_collision_detected:
robot_base_x: 10.325963
robot_base_y: -7.286663
robot_base_yaw: 3.137502
robot_geom: robot0_wheel_right_collision
proxy_geom: scene_aabb_proxy_production_line_6
judge_collision_detected:
robot_base_x: 10.325098
robot_base_y: -7.286811
robot_base_yaw: 3.137768
robot_geom: robot0_back_left_caster_2
proxy_geom: scene_aabb_proxy_line_6_output_side_protrusion
judge_collision_detected:
robot_base_x: 10.325098
robot_base_y: -7.286811
robot_base_yaw: 3.137768
robot_geom: robot0_back_right_caster_2
proxy_geom: scene_aabb_proxy_line_6_output_side_protrusion
judge_collision_detected:
robot_base_x: 10.325098
robot_base_y: -7.286811
robot_base_yaw: 3.137768
robot_geom: robot0_base_collision
proxy_geom: scene_aabb_proxy_line_6_output_side_protrusion
judge_collision_detected:
robot_base_x: 10.325098
robot_base_y: -7.286811
robot_base_yaw: 3.137768
robot_geom: robot0_base_collision
proxy_geom: scene_aabb_proxy_output_6
judge_collision_detected:
robot_base_x: 10.325098
robot_base_y: -7.286811
robot_base_yaw: 3.137768
robot_geom: robot0_base_collision
proxy_geom: scene_aabb_proxy_production_line_6
judge_collision_detected:
robot_base_x: 10.325098
robot_base_y: -7.286811
robot_base_yaw: 3.137768
robot_geom: robot0_front_left_caster_2
proxy_geom: scene_aabb_proxy_output_6
judge_collision_detected:
robot_base_x: 10.325098
robot_base_y: -7.286811
robot_base_yaw: 3.137768
robot_geom: robot0_front_right_caster_2
proxy_geom: scene_aabb_proxy_output_6
judge_collision_detected:
robot_base_x: 10.325098
robot_base_y: -7.286811
robot_base_yaw: 3.137768
robot_geom: robot0_torso_fixed_collision_box_1
proxy_geom: scene_aabb_proxy_line_6_output_side_protrusion
judge_collision_detected:
robot_base_x: 10.325098
robot_base_y: -7.286811
robot_base_yaw: 3.137768
robot_geom: robot0_torso_fixed_collision_box_1
proxy_geom: scene_aabb_proxy_output_6
judge_collision_detected:
robot_base_x: 10.325098
robot_base_y: -7.286811
robot_base_yaw: 3.137768
robot_geom: robot0_torso_fixed_collision_box_1
proxy_geom: scene_aabb_proxy_production_line_6
judge_collision_detected:
robot_base_x: 10.325098
robot_base_y: -7.286811
robot_base_yaw: 3.137768
robot_geom: robot0_torso_fixed_column_collision
proxy_geom: scene_aabb_proxy_line_6_output_side_protrusion
judge_collision_detected:
robot_base_x: 10.325098
robot_base_y: -7.286811
robot_base_yaw: 3.137768
robot_geom: robot0_wheel_left_collision
proxy_geom: scene_aabb_proxy_line_6_output_side_protrusion
judge_collision_detected:
robot_base_x: 10.325098
robot_base_y: -7.286811
robot_base_yaw: 3.137768
robot_geom: robot0_wheel_left_collision
proxy_geom: scene_aabb_proxy_output_6
judge_collision_detected:
robot_base_x: 10.325098
robot_base_y: -7.286811
robot_base_yaw: 3.137768
robot_geom: robot0_wheel_right_collision
proxy_geom: scene_aabb_proxy_line_6_output_side_protrusion
judge_collision_detected:
robot_base_x: 10.325098
robot_base_y: -7.286811
robot_base_yaw: 3.137768
robot_geom: robot0_wheel_right_collision
proxy_geom: scene_aabb_proxy_output_6
judge_collision_detected:
robot_base_x: 10.325098
robot_base_y: -7.286811
robot_base_yaw: 3.137768
robot_geom: robot0_wheel_right_collision
proxy_geom: scene_aabb_proxy_production_line_6
judge_collision_detected:
robot_base_x: 10.324262
robot_base_y: -7.286958
robot_base_yaw: 3.138033
robot_geom: robot0_back_left_caster_2
proxy_geom: scene_aabb_proxy_line_6_output_side_protrusion
judge_collision_detected:
robot_base_x: 10.324262
robot_base_y: -7.286958
robot_base_yaw: 3.138033
robot_geom: robot0_back_right_caster_2
proxy_geom: scene_aabb_proxy_line_6_output_side_protrusion
judge_collision_detected:
robot_base_x: 10.324262
robot_base_y: -7.286958
robot_base_yaw: 3.138033
robot_geom: robot0_base_collision
proxy_geom: scene_aabb_proxy_line_6_output_side_protrusion
judge_collision_detected:
robot_base_x: 10.324262
robot_base_y: -7.286958
robot_base_yaw: 3.138033
robot_geom: robot0_base_collision
proxy_geom: scene_aabb_proxy_output_6
judge_collision_detected:
robot_base_x: 10.324262
robot_base_y: -7.286958
robot_base_yaw: 3.138033
robot_geom: robot0_base_collision
proxy_geom: scene_aabb_proxy_production_line_6
judge_collision_detected:
robot_base_x: 10.324262
robot_base_y: -7.286958
robot_base_yaw: 3.138033
robot_geom: robot0_front_left_caster_2
proxy_geom: scene_aabb_proxy_output_6
judge_collision_detected:
robot_base_x: 10.324262
robot_base_y: -7.286958
robot_base_yaw: 3.138033
robot_geom: robot0_front_right_caster_2
proxy_geom: scene_aabb_proxy_output_6
judge_collision_detected:
robot_base_x: 10.324262
robot_base_y: -7.286958
robot_base_yaw: 3.138033
robot_geom: robot0_torso_fixed_collision_box_1
proxy_geom: scene_aabb_proxy_line_6_output_side_protrusion
judge_collision_detected:
robot_base_x: 10.324262
robot_base_y: -7.286958
robot_base_yaw: 3.138033
robot_geom: robot0_torso_fixed_collision_box_1
proxy_geom: scene_aabb_proxy_output_6
judge_collision_detected:
robot_base_x: 10.324262
robot_base_y: -7.286958
robot_base_yaw: 3.138033
robot_geom: robot0_torso_fixed_collision_box_1
proxy_geom: scene_aabb_proxy_production_line_6
judge_collision_detected:
robot_base_x: 10.324262
robot_base_y: -7.286958
robot_base_yaw: 3.138033
robot_geom: robot0_torso_fixed_column_collision
proxy_geom: scene_aabb_proxy_line_6_output_side_protrusion
judge_collision_detected:
robot_base_x: 10.324262
robot_base_y: -7.286958
robot_base_yaw: 3.138033
robot_geom: robot0_torso_fixed_column_collision
proxy_geom: scene_aabb_proxy_output_6
judge_collision_detected:
robot_base_x: 10.324262
robot_base_y: -7.286958
robot_base_yaw: 3.138033
robot_geom: robot0_wheel_left_collision
proxy_geom: scene_aabb_proxy_line_6_output_side_protrusion
judge_collision_detected:
robot_base_x: 10.324262
robot_base_y: -7.286958
robot_base_yaw: 3.138033
robot_geom: robot0_wheel_left_collision
proxy_geom: scene_aabb_proxy_output_6
judge_collision_detected:
robot_base_x: 10.324262
robot_base_y: -7.286958
robot_base_yaw: 3.138033
robot_geom: robot0_wheel_right_collision
proxy_geom: scene_aabb_proxy_line_6_output_side_protrusion
judge_collision_detected:
robot_base_x: 10.324262
robot_base_y: -7.286958
robot_base_yaw: 3.138033
robot_geom: robot0_wheel_right_collision
proxy_geom: scene_aabb_proxy_output_6
judge_collision_detected:
robot_base_x: 10.324262
robot_base_y: -7.286958
robot_base_yaw: 3.138033
robot_geom: robot0_wheel_right_collision
proxy_geom: scene_aabb_proxy_production_line_6
judge_collision_detected:
robot_base_x: 10.323466
robot_base_y: -7.287098
robot_base_yaw: 3.138280
robot_geom: robot0_back_left_caster_2
proxy_geom: scene_aabb_proxy_line_6_output_side_protrusion
judge_collision_detected:
robot_base_x: 10.323466
robot_base_y: -7.287098
robot_base_yaw: 3.138280
robot_geom: robot0_back_right_caster_2
proxy_geom: scene_aabb_proxy_line_6_output_side_protrusion
judge_collision_detected:
robot_base_x: 10.323466
robot_base_y: -7.287098
robot_base_yaw: 3.138280
robot_geom: robot0_base_collision
proxy_geom: scene_aabb_proxy_line_6_output_side_protrusion
judge_collision_detected:
robot_base_x: 10.323466
robot_base_y: -7.287098
robot_base_yaw: 3.138280
robot_geom: robot0_base_collision
proxy_geom: scene_aabb_proxy_output_6
judge_collision_detected:
robot_base_x: 10.323466
robot_base_y: -7.287098
robot_base_yaw: 3.138280
robot_geom: robot0_base_collision
proxy_geom: scene_aabb_proxy_production_line_6
judge_collision_detected:
robot_base_x: 10.323466
robot_base_y: -7.287098
robot_base_yaw: 3.138280
robot_geom: robot0_front_left_caster_2
proxy_geom: scene_aabb_proxy_output_6
judge_collision_detected:
robot_base_x: 10.323466
robot_base_y: -7.287098
robot_base_yaw: 3.138280
robot_geom: robot0_front_right_caster_2
proxy_geom: scene_aabb_proxy_output_6
judge_collision_detected:
robot_base_x: 10.323466
robot_base_y: -7.287098
robot_base_yaw: 3.138280
robot_geom: robot0_torso_fixed_collision_box_1
proxy_geom: scene_aabb_proxy_line_6_output_side_protrusion
judge_collision_detected:
robot_base_x: 10.323466
robot_base_y: -7.287098
robot_base_yaw: 3.138280
robot_geom: robot0_torso_fixed_collision_box_1
proxy_geom: scene_aabb_proxy_output_6
judge_collision_detected:
robot_base_x: 10.323466
robot_base_y: -7.287098
robot_base_yaw: 3.138280
robot_geom: robot0_torso_fixed_collision_box_1
proxy_geom: scene_aabb_proxy_production_line_6
judge_collision_detected:
robot_base_x: 10.323466
robot_base_y: -7.287098
robot_base_yaw: 3.138280
robot_geom: robot0_torso_fixed_column_collision
proxy_geom: scene_aabb_proxy_line_6_output_side_protrusion
judge_collision_detected:
robot_base_x: 10.323466
robot_base_y: -7.287098
robot_base_yaw: 3.138280
robot_geom: robot0_torso_fixed_column_collision
proxy_geom: scene_aabb_proxy_output_6
judge_collision_detected:
robot_base_x: 10.323466
robot_base_y: -7.287098
robot_base_yaw: 3.138280
robot_geom: robot0_wheel_left_collision
proxy_geom: scene_aabb_proxy_line_6_output_side_protrusion
judge_collision_detected:
robot_base_x: 10.323466
robot_base_y: -7.287098
robot_base_yaw: 3.138280
robot_geom: robot0_wheel_left_collision
proxy_geom: scene_aabb_proxy_output_6
judge_collision_detected:
robot_base_x: 10.323466
robot_base_y: -7.287098
robot_base_yaw: 3.138280
robot_geom: robot0_wheel_right_collision
proxy_geom: scene_aabb_proxy_line_6_output_side_protrusion
judge_collision_detected:
robot_base_x: 10.323466
robot_base_y: -7.287098
robot_base_yaw: 3.138280
robot_geom: robot0_wheel_right_collision
proxy_geom: scene_aabb_proxy_output_6
judge_collision_detected:
robot_base_x: 10.323466
robot_base_y: -7.287098
robot_base_yaw: 3.138280
robot_geom: robot0_wheel_right_collision
proxy_geom: scene_aabb_proxy_production_line_6
judge_collision_detected:
robot_base_x: 10.322752
robot_base_y: -7.287221
robot_base_yaw: 3.138490
robot_geom: robot0_back_left_caster_2
proxy_geom: scene_aabb_proxy_line_6_output_side_protrusion
judge_collision_detected:
robot_base_x: 10.322752
robot_base_y: -7.287221
robot_base_yaw: 3.138490
robot_geom: robot0_back_right_caster_2
proxy_geom: scene_aabb_proxy_line_6_output_side_protrusion
judge_collision_detected:
robot_base_x: 10.322752
robot_base_y: -7.287221
robot_base_yaw: 3.138490
robot_geom: robot0_base_collision
proxy_geom: scene_aabb_proxy_line_6_output_side_protrusion
judge_collision_detected:
robot_base_x: 10.322752
robot_base_y: -7.287221
robot_base_yaw: 3.138490
robot_geom: robot0_base_collision
proxy_geom: scene_aabb_proxy_output_6
judge_collision_detected:
robot_base_x: 10.322752
robot_base_y: -7.287221
robot_base_yaw: 3.138490
robot_geom: robot0_base_collision
proxy_geom: scene_aabb_proxy_production_line_6
judge_collision_detected:
robot_base_x: 10.322752
robot_base_y: -7.287221
robot_base_yaw: 3.138490
robot_geom: robot0_front_left_caster_2
proxy_geom: scene_aabb_proxy_output_6
judge_collision_detected:
robot_base_x: 10.322752
robot_base_y: -7.287221
robot_base_yaw: 3.138490
robot_geom: robot0_front_right_caster_2
proxy_geom: scene_aabb_proxy_output_6
judge_collision_detected:
robot_base_x: 10.322752
robot_base_y: -7.287221
robot_base_yaw: 3.138490
robot_geom: robot0_torso_fixed_collision_box_1
proxy_geom: scene_aabb_proxy_line_6_output_side_protrusion
judge_collision_detected:
robot_base_x: 10.322752
robot_base_y: -7.287221
robot_base_yaw: 3.138490
robot_geom: robot0_torso_fixed_collision_box_1
proxy_geom: scene_aabb_proxy_output_6
judge_collision_detected:
robot_base_x: 10.322752
robot_base_y: -7.287221
robot_base_yaw: 3.138490
robot_geom: robot0_torso_fixed_collision_box_1
proxy_geom: scene_aabb_proxy_production_line_6
judge_collision_detected:
robot_base_x: 10.322752
robot_base_y: -7.287221
robot_base_yaw: 3.138490
robot_geom: robot0_torso_fixed_column_collision
proxy_geom: scene_aabb_proxy_line_6_output_side_protrusion
judge_collision_detected:
robot_base_x: 10.322752
robot_base_y: -7.287221
robot_base_yaw: 3.138490
robot_geom: robot0_torso_fixed_column_collision
proxy_geom: scene_aabb_proxy_output_6
judge_collision_detected:
robot_base_x: 10.322752
robot_base_y: -7.287221
robot_base_yaw: 3.138490
robot_geom: robot0_wheel_left_collision
proxy_geom: scene_aabb_proxy_line_6_output_side_protrusion
judge_collision_detected:
robot_base_x: 10.322752
robot_base_y: -7.287221
robot_base_yaw: 3.138490
robot_geom: robot0_wheel_left_collision
proxy_geom: scene_aabb_proxy_output_6
judge_collision_detected:
robot_base_x: 10.322752
robot_base_y: -7.287221
robot_base_yaw: 3.138490
robot_geom: robot0_wheel_right_collision
proxy_geom: scene_aabb_proxy_line_6_output_side_protrusion
judge_collision_detected:
robot_base_x: 10.322752
robot_base_y: -7.287221
robot_base_yaw: 3.138490
robot_geom: robot0_wheel_right_collision
proxy_geom: scene_aabb_proxy_output_6
judge_collision_detected:
robot_base_x: 10.322752
robot_base_y: -7.287221
robot_base_yaw: 3.138490
robot_geom: robot0_wheel_right_collision
proxy_geom: scene_aabb_proxy_production_line_6
judge_collision_detected:
robot_base_x: 10.322093
robot_base_y: -7.287333
robot_base_yaw: 3.138697
robot_geom: robot0_back_left_caster_2
proxy_geom: scene_aabb_proxy_line_6_output_side_protrusion
judge_collision_detected:
robot_base_x: 10.322093
robot_base_y: -7.287333
robot_base_yaw: 3.138697
robot_geom: robot0_back_right_caster_2
proxy_geom: scene_aabb_proxy_line_6_output_side_protrusion
judge_collision_detected:
robot_base_x: 10.322093
robot_base_y: -7.287333
robot_base_yaw: 3.138697
robot_geom: robot0_base_collision
proxy_geom: scene_aabb_proxy_line_6_output_side_protrusion
judge_collision_detected:
robot_base_x: 10.322093
robot_base_y: -7.287333
robot_base_yaw: 3.138697
robot_geom: robot0_base_collision
proxy_geom: scene_aabb_proxy_output_6
judge_collision_detected:
robot_base_x: 10.322093
robot_base_y: -7.287333
robot_base_yaw: 3.138697
robot_geom: robot0_base_collision
proxy_geom: scene_aabb_proxy_production_line_6
judge_collision_detected:
robot_base_x: 10.322093
robot_base_y: -7.287333
robot_base_yaw: 3.138697
robot_geom: robot0_front_left_caster_2
proxy_geom: scene_aabb_proxy_output_6
judge_collision_detected:
robot_base_x: 10.322093
robot_base_y: -7.287333
robot_base_yaw: 3.138697
robot_geom: robot0_front_right_caster_2
proxy_geom: scene_aabb_proxy_output_6
judge_collision_detected:
robot_base_x: 10.322093
robot_base_y: -7.287333
robot_base_yaw: 3.138697
robot_geom: robot0_torso_fixed_collision_box_1
proxy_geom: scene_aabb_proxy_line_6_output_side_protrusion
judge_collision_detected:
robot_base_x: 10.322093
robot_base_y: -7.287333
robot_base_yaw: 3.138697
robot_geom: robot0_torso_fixed_collision_box_1
proxy_geom: scene_aabb_proxy_output_6
judge_collision_detected:
robot_base_x: 10.322093
robot_base_y: -7.287333
robot_base_yaw: 3.138697
robot_geom: robot0_torso_fixed_collision_box_1
proxy_geom: scene_aabb_proxy_production_line_6
judge_collision_detected:
robot_base_x: 10.322093
robot_base_y: -7.287333
robot_base_yaw: 3.138697
robot_geom: robot0_torso_fixed_column_collision
proxy_geom: scene_aabb_proxy_line_6_output_side_protrusion
judge_collision_detected:
robot_base_x: 10.322093
robot_base_y: -7.287333
robot_base_yaw: 3.138697
robot_geom: robot0_torso_fixed_column_collision
proxy_geom: scene_aabb_proxy_output_6
judge_collision_detected:
robot_base_x: 10.322093
robot_base_y: -7.287333
robot_base_yaw: 3.138697
robot_geom: robot0_wheel_left_collision
proxy_geom: scene_aabb_proxy_line_6_output_side_protrusion
judge_collision_detected:
robot_base_x: 10.322093
robot_base_y: -7.287333
robot_base_yaw: 3.138697
robot_geom: robot0_wheel_left_collision
proxy_geom: scene_aabb_proxy_output_6
judge_collision_detected:
robot_base_x: 10.322093
robot_base_y: -7.287333
robot_base_yaw: 3.138697
robot_geom: robot0_wheel_right_collision
proxy_geom: scene_aabb_proxy_line_6_output_side_protrusion
judge_collision_detected:
robot_base_x: 10.322093
robot_base_y: -7.287333
robot_base_yaw: 3.138697
robot_geom: robot0_wheel_right_collision
proxy_geom: scene_aabb_proxy_output_6
judge_collision_detected:
robot_base_x: 10.322093
robot_base_y: -7.287333
robot_base_yaw: 3.138697
robot_geom: robot0_wheel_right_collision
proxy_geom: scene_aabb_proxy_production_line_6
judge_collision_detected:
robot_base_x: 10.321478
robot_base_y: -7.287442
robot_base_yaw: 3.138920
robot_geom: robot0_back_left_caster_2
proxy_geom: scene_aabb_proxy_line_6_output_side_protrusion
judge_collision_detected:
robot_base_x: 10.321478
robot_base_y: -7.287442
robot_base_yaw: 3.138920
robot_geom: robot0_back_right_caster_2
proxy_geom: scene_aabb_proxy_line_6_output_side_protrusion
judge_collision_detected:
robot_base_x: 10.321478
robot_base_y: -7.287442
robot_base_yaw: 3.138920
robot_geom: robot0_base_collision
proxy_geom: scene_aabb_proxy_line_6_output_side_protrusion
judge_collision_detected:
robot_base_x: 10.321478
robot_base_y: -7.287442
robot_base_yaw: 3.138920
robot_geom: robot0_base_collision
proxy_geom: scene_aabb_proxy_output_6
judge_collision_detected:
robot_base_x: 10.321478
robot_base_y: -7.287442
robot_base_yaw: 3.138920
robot_geom: robot0_base_collision
proxy_geom: scene_aabb_proxy_production_line_6
judge_collision_detected:
robot_base_x: 10.321478
robot_base_y: -7.287442
robot_base_yaw: 3.138920
robot_geom: robot0_front_left_caster_2
proxy_geom: scene_aabb_proxy_output_6
judge_collision_detected:
robot_base_x: 10.321478
robot_base_y: -7.287442
robot_base_yaw: 3.138920
robot_geom: robot0_front_right_caster_2
proxy_geom: scene_aabb_proxy_output_6
judge_collision_detected:
robot_base_x: 10.321478
robot_base_y: -7.287442
robot_base_yaw: 3.138920
robot_geom: robot0_torso_fixed_collision_box_1
proxy_geom: scene_aabb_proxy_line_6_output_side_protrusion
judge_collision_detected:
robot_base_x: 10.321478
robot_base_y: -7.287442
robot_base_yaw: 3.138920
robot_geom: robot0_torso_fixed_collision_box_1
proxy_geom: scene_aabb_proxy_output_6
judge_collision_detected:
robot_base_x: 10.321478
robot_base_y: -7.287442
robot_base_yaw: 3.138920
robot_geom: robot0_torso_fixed_collision_box_1
proxy_geom: scene_aabb_proxy_production_line_6
judge_collision_detected:
robot_base_x: 10.321478
robot_base_y: -7.287442
robot_base_yaw: 3.138920
robot_geom: robot0_torso_fixed_column_collision
proxy_geom: scene_aabb_proxy_line_6_output_side_protrusion
judge_collision_detected:
robot_base_x: 10.321478
robot_base_y: -7.287442
robot_base_yaw: 3.138920
robot_geom: robot0_torso_fixed_column_collision
proxy_geom: scene_aabb_proxy_output_6
judge_collision_detected:
robot_base_x: 10.321478
robot_base_y: -7.287442
robot_base_yaw: 3.138920
robot_geom: robot0_wheel_left_collision
proxy_geom: scene_aabb_proxy_line_6_output_side_protrusion
judge_collision_detected:
robot_base_x: 10.321478
robot_base_y: -7.287442
robot_base_yaw: 3.138920
robot_geom: robot0_wheel_left_collision
proxy_geom: scene_aabb_proxy_output_6
judge_collision_detected:
robot_base_x: 10.321478
robot_base_y: -7.287442
robot_base_yaw: 3.138920
robot_geom: robot0_wheel_right_collision
proxy_geom: scene_aabb_proxy_line_6_output_side_protrusion
judge_collision_detected:
robot_base_x: 10.321478
robot_base_y: -7.287442
robot_base_yaw: 3.138920
robot_geom: robot0_wheel_right_collision
proxy_geom: scene_aabb_proxy_output_6
judge_collision_detected:
robot_base_x: 10.321478
robot_base_y: -7.287442
robot_base_yaw: 3.138920
robot_geom: robot0_wheel_right_collision
proxy_geom: scene_aabb_proxy_production_line_6
judge_collision_detected:
robot_base_x: 10.320903
robot_base_y: -7.287549
robot_base_yaw: 3.139162
robot_geom: robot0_back_left_caster_2
proxy_geom: scene_aabb_proxy_line_6_output_side_protrusion
judge_collision_detected:
robot_base_x: 10.320903
robot_base_y: -7.287549
robot_base_yaw: 3.139162
robot_geom: robot0_back_right_caster_2
proxy_geom: scene_aabb_proxy_line_6_output_side_protrusion
judge_collision_detected:
robot_base_x: 10.320903
robot_base_y: -7.287549
robot_base_yaw: 3.139162
robot_geom: robot0_base_collision
proxy_geom: scene_aabb_proxy_line_6_output_side_protrusion
judge_collision_detected:
robot_base_x: 10.320903
robot_base_y: -7.287549
robot_base_yaw: 3.139162
robot_geom: robot0_base_collision
proxy_geom: scene_aabb_proxy_output_6
judge_collision_detected:
robot_base_x: 10.320903
robot_base_y: -7.287549
robot_base_yaw: 3.139162
robot_geom: robot0_base_collision
proxy_geom: scene_aabb_proxy_production_line_6
judge_collision_detected:
robot_base_x: 10.320903
robot_base_y: -7.287549
robot_base_yaw: 3.139162
robot_geom: robot0_front_left_caster_2
proxy_geom: scene_aabb_proxy_output_6
judge_collision_detected:
robot_base_x: 10.320903
robot_base_y: -7.287549
robot_base_yaw: 3.139162
robot_geom: robot0_front_right_caster_2
proxy_geom: scene_aabb_proxy_output_6
judge_collision_detected:
robot_base_x: 10.320903
robot_base_y: -7.287549
robot_base_yaw: 3.139162
robot_geom: robot0_torso_fixed_collision_box_1
proxy_geom: scene_aabb_proxy_line_6_output_side_protrusion
judge_collision_detected:
robot_base_x: 10.320903
robot_base_y: -7.287549
robot_base_yaw: 3.139162
robot_geom: robot0_torso_fixed_collision_box_1
proxy_geom: scene_aabb_proxy_output_6
judge_collision_detected:
robot_base_x: 10.320903
robot_base_y: -7.287549
robot_base_yaw: 3.139162
robot_geom: robot0_torso_fixed_collision_box_1
proxy_geom: scene_aabb_proxy_production_line_6
judge_collision_detected:
robot_base_x: 10.320903
robot_base_y: -7.287549
robot_base_yaw: 3.139162
robot_geom: robot0_torso_fixed_column_collision
proxy_geom: scene_aabb_proxy_line_6_output_side_protrusion
judge_collision_detected:
robot_base_x: 10.320903
robot_base_y: -7.287549
robot_base_yaw: 3.139162
robot_geom: robot0_torso_fixed_column_collision
proxy_geom: scene_aabb_proxy_output_6
judge_collision_detected:
robot_base_x: 10.320903
robot_base_y: -7.287549
robot_base_yaw: 3.139162
robot_geom: robot0_wheel_left_collision
proxy_geom: scene_aabb_proxy_line_6_output_side_protrusion
judge_collision_detected:
robot_base_x: 10.320903
robot_base_y: -7.287549
robot_base_yaw: 3.139162
robot_geom: robot0_wheel_left_collision
proxy_geom: scene_aabb_proxy_output_6
judge_collision_detected:
robot_base_x: 10.320903
robot_base_y: -7.287549
robot_base_yaw: 3.139162
robot_geom: robot0_wheel_right_collision
proxy_geom: scene_aabb_proxy_line_6_output_side_protrusion
judge_collision_detected:
robot_base_x: 10.320903
robot_base_y: -7.287549
robot_base_yaw: 3.139162
robot_geom: robot0_wheel_right_collision
proxy_geom: scene_aabb_proxy_output_6
judge_collision_detected:
robot_base_x: 10.320903
robot_base_y: -7.287549
robot_base_yaw: 3.139162
robot_geom: robot0_wheel_right_collision
proxy_geom: scene_aabb_proxy_production_line_6
judge_collision_detected:
robot_base_x: 10.320365
robot_base_y: -7.287655
robot_base_yaw: 3.139426
robot_geom: robot0_back_left_caster_2
proxy_geom: scene_aabb_proxy_line_6_output_side_protrusion
judge_collision_detected:
robot_base_x: 10.320365
robot_base_y: -7.287655
robot_base_yaw: 3.139426
robot_geom: robot0_back_right_caster_2
proxy_geom: scene_aabb_proxy_line_6_output_side_protrusion
judge_collision_detected:
robot_base_x: 10.320365
robot_base_y: -7.287655
robot_base_yaw: 3.139426
robot_geom: robot0_base_collision
proxy_geom: scene_aabb_proxy_line_6_output_side_protrusion
judge_collision_detected:
robot_base_x: 10.320365
robot_base_y: -7.287655
robot_base_yaw: 3.139426
robot_geom: robot0_base_collision
proxy_geom: scene_aabb_proxy_output_6
judge_collision_detected:
robot_base_x: 10.320365
robot_base_y: -7.287655
robot_base_yaw: 3.139426
robot_geom: robot0_base_collision
proxy_geom: scene_aabb_proxy_production_line_6
judge_collision_detected:
robot_base_x: 10.320365
robot_base_y: -7.287655
robot_base_yaw: 3.139426
robot_geom: robot0_front_left_caster_2
proxy_geom: scene_aabb_proxy_output_6
judge_collision_detected:
robot_base_x: 10.320365
robot_base_y: -7.287655
robot_base_yaw: 3.139426
robot_geom: robot0_front_right_caster_2
proxy_geom: scene_aabb_proxy_output_6
judge_collision_detected:
robot_base_x: 10.320365
robot_base_y: -7.287655
robot_base_yaw: 3.139426
robot_geom: robot0_torso_fixed_collision_box_1
proxy_geom: scene_aabb_proxy_line_6_output_side_protrusion
judge_collision_detected:
robot_base_x: 10.320365
robot_base_y: -7.287655
robot_base_yaw: 3.139426
robot_geom: robot0_torso_fixed_collision_box_1
proxy_geom: scene_aabb_proxy_output_6
judge_collision_detected:
robot_base_x: 10.320365
robot_base_y: -7.287655
robot_base_yaw: 3.139426
robot_geom: robot0_torso_fixed_collision_box_1
proxy_geom: scene_aabb_proxy_production_line_6
judge_collision_detected:
robot_base_x: 10.320365
robot_base_y: -7.287655
robot_base_yaw: 3.139426
robot_geom: robot0_torso_fixed_column_collision
proxy_geom: scene_aabb_proxy_line_6_output_side_protrusion
judge_collision_detected:
robot_base_x: 10.320365
robot_base_y: -7.287655
robot_base_yaw: 3.139426
robot_geom: robot0_torso_fixed_column_collision
proxy_geom: scene_aabb_proxy_output_6
judge_collision_detected:
robot_base_x: 10.320365
robot_base_y: -7.287655
robot_base_yaw: 3.139426
robot_geom: robot0_wheel_left_collision
proxy_geom: scene_aabb_proxy_line_6_output_side_protrusion
judge_collision_detected:
robot_base_x: 10.320365
robot_base_y: -7.287655
robot_base_yaw: 3.139426
robot_geom: robot0_wheel_left_collision
proxy_geom: scene_aabb_proxy_output_6
judge_collision_detected:
robot_base_x: 10.320365
robot_base_y: -7.287655
robot_base_yaw: 3.139426
robot_geom: robot0_wheel_right_collision
proxy_geom: scene_aabb_proxy_line_6_output_side_protrusion
judge_collision_detected:
robot_base_x: 10.320365
robot_base_y: -7.287655
robot_base_yaw: 3.139426
robot_geom: robot0_wheel_right_collision
proxy_geom: scene_aabb_proxy_output_6
judge_collision_detected:
robot_base_x: 10.320365
robot_base_y: -7.287655
robot_base_yaw: 3.139426
robot_geom: robot0_wheel_right_collision
proxy_geom: scene_aabb_proxy_production_line_6
judge_collision_detected:
robot_base_x: 10.319892
robot_base_y: -7.287756
robot_base_yaw: 3.139685
robot_geom: robot0_back_left_caster_2
proxy_geom: scene_aabb_proxy_line_6_output_side_protrusion
judge_collision_detected:
robot_base_x: 10.319892
robot_base_y: -7.287756
robot_base_yaw: 3.139685
robot_geom: robot0_back_right_caster_2
proxy_geom: scene_aabb_proxy_line_6_output_side_protrusion
judge_collision_detected:
robot_base_x: 10.319892
robot_base_y: -7.287756
robot_base_yaw: 3.139685
robot_geom: robot0_base_collision
proxy_geom: scene_aabb_proxy_line_6_output_side_protrusion
judge_collision_detected:
robot_base_x: 10.319892
robot_base_y: -7.287756
robot_base_yaw: 3.139685
robot_geom: robot0_base_collision
proxy_geom: scene_aabb_proxy_output_6
judge_collision_detected:
robot_base_x: 10.319892
robot_base_y: -7.287756
robot_base_yaw: 3.139685
robot_geom: robot0_base_collision
proxy_geom: scene_aabb_proxy_production_line_6
judge_collision_detected:
robot_base_x: 10.319892
robot_base_y: -7.287756
robot_base_yaw: 3.139685
robot_geom: robot0_front_left_caster_2
proxy_geom: scene_aabb_proxy_output_6
judge_collision_detected:
robot_base_x: 10.319892
robot_base_y: -7.287756
robot_base_yaw: 3.139685
robot_geom: robot0_front_right_caster_2
proxy_geom: scene_aabb_proxy_output_6
judge_collision_detected:
robot_base_x: 10.319892
robot_base_y: -7.287756
robot_base_yaw: 3.139685
robot_geom: robot0_torso_fixed_collision_box_1
proxy_geom: scene_aabb_proxy_line_6_output_side_protrusion
judge_collision_detected:
robot_base_x: 10.319892
robot_base_y: -7.287756
robot_base_yaw: 3.139685
robot_geom: robot0_torso_fixed_collision_box_1
proxy_geom: scene_aabb_proxy_output_6
judge_collision_detected:
robot_base_x: 10.319892
robot_base_y: -7.287756
robot_base_yaw: 3.139685
robot_geom: robot0_torso_fixed_collision_box_1
proxy_geom: scene_aabb_proxy_production_line_6
judge_collision_detected:
robot_base_x: 10.319892
robot_base_y: -7.287756
robot_base_yaw: 3.139685
robot_geom: robot0_torso_fixed_column_collision
proxy_geom: scene_aabb_proxy_line_6_output_side_protrusion
judge_collision_detected:
robot_base_x: 10.319892
robot_base_y: -7.287756
robot_base_yaw: 3.139685
robot_geom: robot0_torso_fixed_column_collision
proxy_geom: scene_aabb_proxy_output_6
judge_collision_detected:
robot_base_x: 10.319892
robot_base_y: -7.287756
robot_base_yaw: 3.139685
robot_geom: robot0_wheel_left_collision
proxy_geom: scene_aabb_proxy_line_6_output_side_protrusion
judge_collision_detected:
robot_base_x: 10.319892
robot_base_y: -7.287756
robot_base_yaw: 3.139685
robot_geom: robot0_wheel_left_collision
proxy_geom: scene_aabb_proxy_output_6
judge_collision_detected:
robot_base_x: 10.319892
robot_base_y: -7.287756
robot_base_yaw: 3.139685
robot_geom: robot0_wheel_right_collision
proxy_geom: scene_aabb_proxy_line_6_output_side_protrusion
judge_collision_detected:
robot_base_x: 10.319892
robot_base_y: -7.287756
robot_base_yaw: 3.139685
robot_geom: robot0_wheel_right_collision
proxy_geom: scene_aabb_proxy_output_6
judge_collision_detected:
robot_base_x: 10.319892
robot_base_y: -7.287756
robot_base_yaw: 3.139685
robot_geom: robot0_wheel_right_collision
proxy_geom: scene_aabb_proxy_production_line_6
judge_collision_detected:
robot_base_x: 10.319502
robot_base_y: -7.287848
robot_base_yaw: 3.139791
robot_geom: robot0_back_left_caster_2
proxy_geom: scene_aabb_proxy_line_6_output_side_protrusion
judge_collision_detected:
robot_base_x: 10.319502
robot_base_y: -7.287848
robot_base_yaw: 3.139791
robot_geom: robot0_back_right_caster_2
proxy_geom: scene_aabb_proxy_line_6_output_side_protrusion
judge_collision_detected:
robot_base_x: 10.319502
robot_base_y: -7.287848
robot_base_yaw: 3.139791
robot_geom: robot0_base_collision
proxy_geom: scene_aabb_proxy_line_6_output_side_protrusion
judge_collision_detected:
robot_base_x: 10.319502
robot_base_y: -7.287848
robot_base_yaw: 3.139791
robot_geom: robot0_base_collision
proxy_geom: scene_aabb_proxy_output_6
judge_collision_detected:
robot_base_x: 10.319502
robot_base_y: -7.287848
robot_base_yaw: 3.139791
robot_geom: robot0_base_collision
proxy_geom: scene_aabb_proxy_production_line_6
judge_collision_detected:
robot_base_x: 10.319502
robot_base_y: -7.287848
robot_base_yaw: 3.139791
robot_geom: robot0_front_left_caster_2
proxy_geom: scene_aabb_proxy_output_6
judge_collision_detected:
robot_base_x: 10.319502
robot_base_y: -7.287848
robot_base_yaw: 3.139791
robot_geom: robot0_front_right_caster_2
proxy_geom: scene_aabb_proxy_output_6
judge_collision_detected:
robot_base_x: 10.319502
robot_base_y: -7.287848
robot_base_yaw: 3.139791
robot_geom: robot0_torso_fixed_collision_box_1
proxy_geom: scene_aabb_proxy_line_6_output_side_protrusion
judge_collision_detected:
robot_base_x: 10.319502
robot_base_y: -7.287848
robot_base_yaw: 3.139791
robot_geom: robot0_torso_fixed_collision_box_1
proxy_geom: scene_aabb_proxy_output_6
judge_collision_detected:
robot_base_x: 10.319502
robot_base_y: -7.287848
robot_base_yaw: 3.139791
robot_geom: robot0_torso_fixed_collision_box_1
proxy_geom: scene_aabb_proxy_production_line_6
judge_collision_detected:
robot_base_x: 10.319502
robot_base_y: -7.287848
robot_base_yaw: 3.139791
robot_geom: robot0_torso_fixed_column_collision
proxy_geom: scene_aabb_proxy_line_6_output_side_protrusion
judge_collision_detected:
robot_base_x: 10.319502
robot_base_y: -7.287848
robot_base_yaw: 3.139791
robot_geom: robot0_torso_fixed_column_collision
proxy_geom: scene_aabb_proxy_output_6
judge_collision_detected:
robot_base_x: 10.319502
robot_base_y: -7.287848
robot_base_yaw: 3.139791
robot_geom: robot0_wheel_left_collision
proxy_geom: scene_aabb_proxy_line_6_output_side_protrusion
judge_collision_detected:
robot_base_x: 10.319502
robot_base_y: -7.287848
robot_base_yaw: 3.139791
robot_geom: robot0_wheel_left_collision
proxy_geom: scene_aabb_proxy_output_6
judge_collision_detected:
robot_base_x: 10.319502
robot_base_y: -7.287848
robot_base_yaw: 3.139791
robot_geom: robot0_wheel_right_collision
proxy_geom: scene_aabb_proxy_line_6_output_side_protrusion
judge_collision_detected:
robot_base_x: 10.319502
robot_base_y: -7.287848
robot_base_yaw: 3.139791
robot_geom: robot0_wheel_right_collision
proxy_geom: scene_aabb_proxy_output_6
judge_collision_detected:
robot_base_x: 10.319502
robot_base_y: -7.287848
robot_base_yaw: 3.139791
robot_geom: robot0_wheel_right_collision
proxy_geom: scene_aabb_proxy_production_line_6
judge_collision_detected:
robot_base_x: 10.319141
robot_base_y: -7.287939
robot_base_yaw: 3.139913
robot_geom: robot0_back_left_caster_2
proxy_geom: scene_aabb_proxy_line_6_output_side_protrusion
judge_collision_detected:
robot_base_x: 10.319141
robot_base_y: -7.287939
robot_base_yaw: 3.139913
robot_geom: robot0_back_right_caster_2
proxy_geom: scene_aabb_proxy_line_6_output_side_protrusion
judge_collision_detected:
robot_base_x: 10.319141
robot_base_y: -7.287939
robot_base_yaw: 3.139913
robot_geom: robot0_base_collision
proxy_geom: scene_aabb_proxy_line_6_output_side_protrusion
judge_collision_detected:
robot_base_x: 10.319141
robot_base_y: -7.287939
robot_base_yaw: 3.139913
robot_geom: robot0_base_collision
proxy_geom: scene_aabb_proxy_output_6
judge_collision_detected:
robot_base_x: 10.319141
robot_base_y: -7.287939
robot_base_yaw: 3.139913
robot_geom: robot0_base_collision
proxy_geom: scene_aabb_proxy_production_line_6
judge_collision_detected:
robot_base_x: 10.319141
robot_base_y: -7.287939
robot_base_yaw: 3.139913
robot_geom: robot0_front_left_caster_2
proxy_geom: scene_aabb_proxy_output_6
judge_collision_detected:
robot_base_x: 10.319141
robot_base_y: -7.287939
robot_base_yaw: 3.139913
robot_geom: robot0_front_right_caster_2
proxy_geom: scene_aabb_proxy_output_6
judge_collision_detected:
robot_base_x: 10.319141
robot_base_y: -7.287939
robot_base_yaw: 3.139913
robot_geom: robot0_torso_fixed_collision_box_1
proxy_geom: scene_aabb_proxy_line_6_output_side_protrusion
judge_collision_detected:
robot_base_x: 10.319141
robot_base_y: -7.287939
robot_base_yaw: 3.139913
robot_geom: robot0_torso_fixed_collision_box_1
proxy_geom: scene_aabb_proxy_output_6
judge_collision_detected:
robot_base_x: 10.319141
robot_base_y: -7.287939
robot_base_yaw: 3.139913
robot_geom: robot0_torso_fixed_collision_box_1
proxy_geom: scene_aabb_proxy_production_line_6
judge_collision_detected:
robot_base_x: 10.319141
robot_base_y: -7.287939
robot_base_yaw: 3.139913
robot_geom: robot0_torso_fixed_column_collision
proxy_geom: scene_aabb_proxy_line_6_output_side_protrusion
judge_collision_detected:
robot_base_x: 10.319141
robot_base_y: -7.287939
robot_base_yaw: 3.139913
robot_geom: robot0_torso_fixed_column_collision
proxy_geom: scene_aabb_proxy_output_6
judge_collision_detected:
robot_base_x: 10.319141
robot_base_y: -7.287939
robot_base_yaw: 3.139913
robot_geom: robot0_wheel_left_collision
proxy_geom: scene_aabb_proxy_line_6_output_side_protrusion
judge_collision_detected:
robot_base_x: 10.319141
robot_base_y: -7.287939
robot_base_yaw: 3.139913
robot_geom: robot0_wheel_left_collision
proxy_geom: scene_aabb_proxy_output_6
judge_collision_detected:
robot_base_x: 10.319141
robot_base_y: -7.287939
robot_base_yaw: 3.139913
robot_geom: robot0_wheel_right_collision
proxy_geom: scene_aabb_proxy_line_6_output_side_protrusion
judge_collision_detected:
robot_base_x: 10.319141
robot_base_y: -7.287939
robot_base_yaw: 3.139913
robot_geom: robot0_wheel_right_collision
proxy_geom: scene_aabb_proxy_output_6
judge_collision_detected:
robot_base_x: 10.319141
robot_base_y: -7.287939
robot_base_yaw: 3.139913
robot_geom: robot0_wheel_right_collision
proxy_geom: scene_aabb_proxy_production_line_6
[L5] place_skill result for white_tote_b01_left_front: success=True msg=Physics place OK: output_6
[L5] synced white_tote_b01_left_front to output_6 in nav env
[BACKEND v4] grasp_object_physics called
[robosuite INFO] Loading controller configuration from: /mnt/workspace/JCIIOT2026/JCIIOT/robosuite/robosuite/controllers/config/robots/default_tiago.json (composite_controller_factory.py:121)
Evaluation factory scene: FactorySorting9_3FO3ERT2C5FP
[STANCE_FIX] obj=(-14.674,5.521) base=(-13.824,5.521) OK
[BC_INPUT] robot_base_pos=(-13.824088,5.520614,0.000000)
[BC_INPUT] robot_base_ori=[0.000000,0.000000,3.141592] (yaw=1.0000*pi)
[BC_INPUT] actual_base_pose=(-13.824088,5.520614) yaw=3.141592
[BC_INPUT] object_name=white_tote_b01_left_back
[BC_INPUT] torso_lift=0.3500
[BC_INPUT] arm_right_1=0.7426
[BC_INPUT] arm_right_3=2.1378
[BC_INPUT] arm_right_4=2.1057
[BC_INPUT] gripper_r=0.0120
[BC_INPUT] scene=FactorySorting9_3FO3ERT2C5FP
[BC_INPUT] object dark_tote_b01_lower: pos=(-4.4877,4.4961,1.2890)
[BC_INPUT] object dark_tote_b01_upper: pos=(-4.4877,5.1895,1.2890)
[BC_INPUT] object blue_container_h01_back_left: pos=(-9.9453,4.4392,1.2140)
[BC_INPUT] object blue_container_h01_back_center: pos=(-9.9453,4.9181,1.2140)
[BC_INPUT] object blue_container_h01_back_right: pos=(-9.9453,5.4052,1.2140)
[BC_INPUT] object white_tote_b01_left_front: pos=(-14.6741,4.4149,1.2890)
[BC_INPUT] object white_tote_b01_left_center: pos=(-14.6741,4.9547,1.2890)
[BC_INPUT] object white_tote_b01_left_back: pos=(-14.6741,5.5210,1.2890)
[BC_INPUT] object white_tote_b01_right_left: pos=(-6.2060,8.4731,1.2890)
[BC_INPUT] object white_tote_b01_right_right: pos=(-5.5060,8.4731,1.2890)
Target object: white_tote_b01_left_back
Robot base xy at reset: (-13.824088, 5.520614)
Tracking sites: {'right': 'white_tote_b01_left_back_right_grasp_site', 'left': 'white_tote_b01_left_back_left_grasp_site'}
Below-site grasp targets: {'right': array([ 0.165, -0.215,  0.165]), 'left': array([-0.165, -0.215,  0.165])}
wrapped_env_grasp_start_pose: x=-13.824088, y=5.520614, yaw=3.141592
Executing scripted grasp policy (deterministic OSC waypoint servo)
[SCRIPTED] site_positions (world): {'right': 'white_tote_b01_left_back_right_grasp_site', 'left': 'white_tote_b01_left_back_left_grasp_site'}
[SCRIPTED] right site world pos: [-14.509088   5.305966   1.489   ], below_target: [-14.509088   5.305966   1.454   ]
[SCRIPTED] left site world pos: [-14.839088   5.305966   1.489   ], below_target: [-14.839088   5.305966   1.454   ]
[SCRIPTED] eef starts: right=[-14.19211783   5.78935973   1.1359892 ], left=[-14.20842048   5.33570312   1.1086439 ]
[SCRIPTED] xwall-grasp: obj=(-14.674,5.521) targets: right=[-14.374088   5.640966   1.454   ], left=[-14.374088   5.400966   1.454   ]
[SCRIPTED] contact rejection disabled (approach phases)
[SCRIPTED] Phase 1: safe vertical lift (60 steps, safe_z=1.739)
[SCRIPTED] Phase 2: XY approach (120 steps)
[SCRIPTED] Phase 3: vertical descent (80 steps)
[SCRIPTED] Phase 4: settle gripper end centers (max 150 steps)
gripper end center arrival distances before grasp: {'right': 0.023527678209323104, 'left': 0.02589452633082453}
[SCRIPTED] Phase 5: grasp close (40 steps)
After scripted grasp close object collision geoms: ['white_tote_b01_left_back_tote_b01_col_bottom', 'white_tote_b01_left_back_tote_b01_col_front', 'white_tote_b01_left_back_tote_b01_col_back', 'white_tote_b01_left_back_tote_b01_col_left', 'white_tote_b01_left_back_tote_b01_col_right']
After scripted grasp close gripper end targets: {'right': [-14.3741, 5.641, 1.454], 'left': [-14.3741, 5.401, 1.454]}
After scripted grasp close gripper end positions: {'right': [-14.3649, 5.6384, 1.4701], 'left': [-14.364, 5.4024, 1.4725]}
After scripted grasp close gripper end deltas current-minus-target: {'right': [0.0092, -0.0026, 0.0161], 'left': [0.0101, 0.0014, 0.0185]}
After scripted grasp close gripper end distances: {'right': 0.01868602425816621, 'left': 0.021142403056520927}
After scripted grasp close fingerpad contact status: {'right': {'left_fingerpad': True, 'right_fingerpad': True}, 'left': {'left_fingerpad': True, 'right_fingerpad': True}}
After scripted grasp close fingerpad contact pairs: {'right': {'left_fingerpad': [('gripper0_right_left_fingerpad_collision', 'white_tote_b01_left_back_tote_b01_col_right')], 'right_fingerpad': [('gripper0_right_right_fingerpad_collision', 'white_tote_b01_left_back_tote_b01_col_right')]}, 'left': {'left_fingerpad': [('gripper0_left_left_fingerpad_collision', 'white_tote_b01_left_back_tote_b01_col_right')], 'right_fingerpad': [('gripper0_left_right_fingerpad_collision', 'white_tote_b01_left_back_tote_b01_col_right')]}}
After scripted grasp close grasp status: {'right': True, 'left': True}
[SCRIPTED] Phase 6: post-success hold (10 steps)
Holding final grasp action for 12 steps
After same-env wrapped policy execution object collision geoms: ['white_tote_b01_left_back_tote_b01_col_bottom', 'white_tote_b01_left_back_tote_b01_col_front', 'white_tote_b01_left_back_tote_b01_col_back', 'white_tote_b01_left_back_tote_b01_col_left', 'white_tote_b01_left_back_tote_b01_col_right']
After same-env wrapped policy execution gripper end targets: {'right': [-14.3741, 5.641, 1.454], 'left': [-14.3741, 5.401, 1.454]}
After same-env wrapped policy execution gripper end positions: {'right': [-14.3598, 5.6382, 1.4704], 'left': [-14.359, 5.4025, 1.4729]}
After same-env wrapped policy execution gripper end deltas current-minus-target: {'right': [0.0143, -0.0028, 0.0164], 'left': [0.0151, 0.0016, 0.0189]}
After same-env wrapped policy execution gripper end distances: {'right': 0.02188569132376107, 'left': 0.024242072188779076}
After same-env wrapped policy execution fingerpad contact status: {'right': {'left_fingerpad': True, 'right_fingerpad': True}, 'left': {'left_fingerpad': True, 'right_fingerpad': True}}
After same-env wrapped policy execution fingerpad contact pairs: {'right': {'left_fingerpad': [('gripper0_right_left_fingerpad_collision', 'white_tote_b01_left_back_tote_b01_col_right')], 'right_fingerpad': [('gripper0_right_right_fingerpad_collision', 'white_tote_b01_left_back_tote_b01_col_right')]}, 'left': {'left_fingerpad': [('gripper0_left_left_fingerpad_collision', 'white_tote_b01_left_back_tote_b01_col_right')], 'right_fingerpad': [('gripper0_left_right_fingerpad_collision', 'white_tote_b01_left_back_tote_b01_col_right')]}}
After same-env wrapped policy execution grasp status: {'right': True, 'left': True}
Scripted grasp total_steps=310
Same-env wrapped grasp success: True
lift_initial_grasp_status: {'right': True, 'left': True}
lift_start: object=white_tote_b01_left_back, start_object_z=1.501874, target_object_z=1.651874, lift_height=0.150000
lift_result: success=True, final_object_z=1.611387, lifted=0.109513, target_lift=0.150000, final_grasp_status={'right': True, 'left': True}
[BACKEND] grasp and lift succeeded, proceeding with transport
transport_attachment_enabled: object=white_tote_b01_left_back, joint=white_tote_b01_left_back_joint0, relative_xy=[0.8491, -0.0024], world_z=1.413480, held_gripper_joints=12
[L5] teleported to dest (10.532, -7.267)
[L5] calling place_skill for white_tote_b01_left_back at output_6
judge_collision_detected:
robot_base_x: 10.527214
robot_base_y: -7.267347
robot_base_yaw: 3.140316
robot_geom: robot0_back_left_caster_2
proxy_geom: scene_aabb_proxy_line_6_belt
judge_collision_detected:
robot_base_x: 10.527214
robot_base_y: -7.267347
robot_base_yaw: 3.140316
robot_geom: robot0_back_left_caster_2
proxy_geom: scene_aabb_proxy_line_6_output_side_protrusion
judge_collision_detected:
robot_base_x: 10.527214
robot_base_y: -7.267347
robot_base_yaw: 3.140316
robot_geom: robot0_back_right_caster_2
proxy_geom: scene_aabb_proxy_line_6_belt
judge_collision_detected:
robot_base_x: 10.527214
robot_base_y: -7.267347
robot_base_yaw: 3.140316
robot_geom: robot0_back_right_caster_2
proxy_geom: scene_aabb_proxy_line_6_output_side_protrusion
judge_collision_detected:
robot_base_x: 10.527214
robot_base_y: -7.267347
robot_base_yaw: 3.140316
robot_geom: robot0_base_collision
proxy_geom: scene_aabb_proxy_line_6_belt
judge_collision_detected:
robot_base_x: 10.527214
robot_base_y: -7.267347
robot_base_yaw: 3.140316
robot_geom: robot0_base_collision
proxy_geom: scene_aabb_proxy_line_6_output_side_protrusion
judge_collision_detected:
robot_base_x: 10.527214
robot_base_y: -7.267347
robot_base_yaw: 3.140316
robot_geom: robot0_base_collision
proxy_geom: scene_aabb_proxy_output_6
judge_collision_detected:
robot_base_x: 10.527214
robot_base_y: -7.267347
robot_base_yaw: 3.140316
robot_geom: robot0_base_collision
proxy_geom: scene_aabb_proxy_production_line_6
judge_collision_detected:
robot_base_x: 10.527214
robot_base_y: -7.267347
robot_base_yaw: 3.140316
robot_geom: robot0_front_left_caster_2
proxy_geom: scene_aabb_proxy_line_6_output_side_protrusion
judge_collision_detected:
robot_base_x: 10.527214
robot_base_y: -7.267347
robot_base_yaw: 3.140316
robot_geom: robot0_front_right_caster_2
proxy_geom: scene_aabb_proxy_line_6_output_side_protrusion
judge_collision_detected:
robot_base_x: 10.527214
robot_base_y: -7.267347
robot_base_yaw: 3.140316
robot_geom: robot0_torso_fixed_collision_box_1
proxy_geom: scene_aabb_proxy_line_6_belt
judge_collision_detected:
robot_base_x: 10.527214
robot_base_y: -7.267347
robot_base_yaw: 3.140316
robot_geom: robot0_torso_fixed_collision_box_1
proxy_geom: scene_aabb_proxy_line_6_output_side_protrusion
judge_collision_detected:
robot_base_x: 10.527214
robot_base_y: -7.267347
robot_base_yaw: 3.140316
robot_geom: robot0_torso_fixed_collision_box_1
proxy_geom: scene_aabb_proxy_output_6
judge_collision_detected:
robot_base_x: 10.527214
robot_base_y: -7.267347
robot_base_yaw: 3.140316
robot_geom: robot0_torso_fixed_collision_box_1
proxy_geom: scene_aabb_proxy_production_line_6
judge_collision_detected:
robot_base_x: 10.527214
robot_base_y: -7.267347
robot_base_yaw: 3.140316
robot_geom: robot0_torso_fixed_column_collision
proxy_geom: scene_aabb_proxy_line_6_belt
judge_collision_detected:
robot_base_x: 10.527214
robot_base_y: -7.267347
robot_base_yaw: 3.140316
robot_geom: robot0_torso_fixed_column_collision
proxy_geom: scene_aabb_proxy_line_6_output_side_protrusion
judge_collision_detected:
robot_base_x: 10.527214
robot_base_y: -7.267347
robot_base_yaw: 3.140316
robot_geom: robot0_wheel_left_collision
proxy_geom: scene_aabb_proxy_line_6_output_side_protrusion
judge_collision_detected:
robot_base_x: 10.527214
robot_base_y: -7.267347
robot_base_yaw: 3.140316
robot_geom: robot0_wheel_right_collision
proxy_geom: scene_aabb_proxy_line_6_belt
judge_collision_detected:
robot_base_x: 10.527214
robot_base_y: -7.267347
robot_base_yaw: 3.140316
robot_geom: robot0_wheel_right_collision
proxy_geom: scene_aabb_proxy_line_6_output_side_protrusion
judge_collision_detected:
robot_base_x: 10.527214
robot_base_y: -7.267347
robot_base_yaw: 3.140316
robot_geom: robot0_wheel_right_collision
proxy_geom: scene_aabb_proxy_production_line_6
judge_collision_detected:
robot_base_x: 10.524076
robot_base_y: -7.267559
robot_base_yaw: 3.139417
robot_geom: robot0_back_left_caster_2
proxy_geom: scene_aabb_proxy_line_6_belt
judge_collision_detected:
robot_base_x: 10.524076
robot_base_y: -7.267559
robot_base_yaw: 3.139417
robot_geom: robot0_back_left_caster_2
proxy_geom: scene_aabb_proxy_line_6_output_side_protrusion
judge_collision_detected:
robot_base_x: 10.524076
robot_base_y: -7.267559
robot_base_yaw: 3.139417
robot_geom: robot0_back_right_caster_2
proxy_geom: scene_aabb_proxy_line_6_belt
judge_collision_detected:
robot_base_x: 10.524076
robot_base_y: -7.267559
robot_base_yaw: 3.139417
robot_geom: robot0_back_right_caster_2
proxy_geom: scene_aabb_proxy_line_6_output_side_protrusion
judge_collision_detected:
robot_base_x: 10.524076
robot_base_y: -7.267559
robot_base_yaw: 3.139417
robot_geom: robot0_base_collision
proxy_geom: scene_aabb_proxy_line_6_belt
judge_collision_detected:
robot_base_x: 10.524076
robot_base_y: -7.267559
robot_base_yaw: 3.139417
robot_geom: robot0_base_collision
proxy_geom: scene_aabb_proxy_line_6_output_side_protrusion
judge_collision_detected:
robot_base_x: 10.524076
robot_base_y: -7.267559
robot_base_yaw: 3.139417
robot_geom: robot0_base_collision
proxy_geom: scene_aabb_proxy_output_6
judge_collision_detected:
robot_base_x: 10.524076
robot_base_y: -7.267559
robot_base_yaw: 3.139417
robot_geom: robot0_base_collision
proxy_geom: scene_aabb_proxy_production_line_6
judge_collision_detected:
robot_base_x: 10.524076
robot_base_y: -7.267559
robot_base_yaw: 3.139417
robot_geom: robot0_front_left_caster_2
proxy_geom: scene_aabb_proxy_line_6_output_side_protrusion
judge_collision_detected:
robot_base_x: 10.524076
robot_base_y: -7.267559
robot_base_yaw: 3.139417
robot_geom: robot0_front_right_caster_2
proxy_geom: scene_aabb_proxy_line_6_output_side_protrusion
judge_collision_detected:
robot_base_x: 10.524076
robot_base_y: -7.267559
robot_base_yaw: 3.139417
robot_geom: robot0_torso_fixed_collision_box_1
proxy_geom: scene_aabb_proxy_line_6_belt
judge_collision_detected:
robot_base_x: 10.524076
robot_base_y: -7.267559
robot_base_yaw: 3.139417
robot_geom: robot0_torso_fixed_collision_box_1
proxy_geom: scene_aabb_proxy_line_6_output_side_protrusion
judge_collision_detected:
robot_base_x: 10.524076
robot_base_y: -7.267559
robot_base_yaw: 3.139417
robot_geom: robot0_torso_fixed_collision_box_1
proxy_geom: scene_aabb_proxy_output_6
judge_collision_detected:
robot_base_x: 10.524076
robot_base_y: -7.267559
robot_base_yaw: 3.139417
robot_geom: robot0_torso_fixed_collision_box_1
proxy_geom: scene_aabb_proxy_production_line_6
judge_collision_detected:
robot_base_x: 10.524076
robot_base_y: -7.267559
robot_base_yaw: 3.139417
robot_geom: robot0_torso_fixed_column_collision
proxy_geom: scene_aabb_proxy_line_6_belt
judge_collision_detected:
robot_base_x: 10.524076
robot_base_y: -7.267559
robot_base_yaw: 3.139417
robot_geom: robot0_torso_fixed_column_collision
proxy_geom: scene_aabb_proxy_line_6_output_side_protrusion
judge_collision_detected:
robot_base_x: 10.524076
robot_base_y: -7.267559
robot_base_yaw: 3.139417
robot_geom: robot0_wheel_left_collision
proxy_geom: scene_aabb_proxy_line_6_output_side_protrusion
judge_collision_detected:
robot_base_x: 10.524076
robot_base_y: -7.267559
robot_base_yaw: 3.139417
robot_geom: robot0_wheel_right_collision
proxy_geom: scene_aabb_proxy_line_6_output_side_protrusion
judge_collision_detected:
robot_base_x: 10.524076
robot_base_y: -7.267559
robot_base_yaw: 3.139417
robot_geom: robot0_wheel_right_collision
proxy_geom: scene_aabb_proxy_production_line_6
judge_collision_detected:
robot_base_x: 10.522048
robot_base_y: -7.267687
robot_base_yaw: 3.138708
robot_geom: robot0_back_left_caster_2
proxy_geom: scene_aabb_proxy_line_6_belt
judge_collision_detected:
robot_base_x: 10.522048
robot_base_y: -7.267687
robot_base_yaw: 3.138708
robot_geom: robot0_back_left_caster_2
proxy_geom: scene_aabb_proxy_line_6_output_side_protrusion
judge_collision_detected:
robot_base_x: 10.522048
robot_base_y: -7.267687
robot_base_yaw: 3.138708
robot_geom: robot0_back_right_caster_2
proxy_geom: scene_aabb_proxy_line_6_belt
judge_collision_detected:
robot_base_x: 10.522048
robot_base_y: -7.267687
robot_base_yaw: 3.138708
robot_geom: robot0_back_right_caster_2
proxy_geom: scene_aabb_proxy_line_6_output_side_protrusion
judge_collision_detected:
robot_base_x: 10.522048
robot_base_y: -7.267687
robot_base_yaw: 3.138708
robot_geom: robot0_base_collision
proxy_geom: scene_aabb_proxy_line_6_belt
judge_collision_detected:
robot_base_x: 10.522048
robot_base_y: -7.267687
robot_base_yaw: 3.138708
robot_geom: robot0_base_collision
proxy_geom: scene_aabb_proxy_line_6_output_side_protrusion
judge_collision_detected:
robot_base_x: 10.522048
robot_base_y: -7.267687
robot_base_yaw: 3.138708
robot_geom: robot0_base_collision
proxy_geom: scene_aabb_proxy_output_6
judge_collision_detected:
robot_base_x: 10.522048
robot_base_y: -7.267687
robot_base_yaw: 3.138708
robot_geom: robot0_base_collision
proxy_geom: scene_aabb_proxy_production_line_6
judge_collision_detected:
robot_base_x: 10.522048
robot_base_y: -7.267687
robot_base_yaw: 3.138708
robot_geom: robot0_front_left_caster_2
proxy_geom: scene_aabb_proxy_line_6_output_side_protrusion
judge_collision_detected:
robot_base_x: 10.522048
robot_base_y: -7.267687
robot_base_yaw: 3.138708
robot_geom: robot0_front_right_caster_2
proxy_geom: scene_aabb_proxy_line_6_output_side_protrusion
judge_collision_detected:
robot_base_x: 10.522048
robot_base_y: -7.267687
robot_base_yaw: 3.138708
robot_geom: robot0_torso_fixed_collision_box_1
proxy_geom: scene_aabb_proxy_line_6_belt
judge_collision_detected:
robot_base_x: 10.522048
robot_base_y: -7.267687
robot_base_yaw: 3.138708
robot_geom: robot0_torso_fixed_collision_box_1
proxy_geom: scene_aabb_proxy_line_6_output_side_protrusion
judge_collision_detected:
robot_base_x: 10.522048
robot_base_y: -7.267687
robot_base_yaw: 3.138708
robot_geom: robot0_torso_fixed_collision_box_1
proxy_geom: scene_aabb_proxy_output_6
judge_collision_detected:
robot_base_x: 10.522048
robot_base_y: -7.267687
robot_base_yaw: 3.138708
robot_geom: robot0_torso_fixed_collision_box_1
proxy_geom: scene_aabb_proxy_production_line_6
judge_collision_detected:
robot_base_x: 10.522048
robot_base_y: -7.267687
robot_base_yaw: 3.138708
robot_geom: robot0_torso_fixed_column_collision
proxy_geom: scene_aabb_proxy_line_6_belt
judge_collision_detected:
robot_base_x: 10.522048
robot_base_y: -7.267687
robot_base_yaw: 3.138708
robot_geom: robot0_torso_fixed_column_collision
proxy_geom: scene_aabb_proxy_line_6_output_side_protrusion
judge_collision_detected:
robot_base_x: 10.522048
robot_base_y: -7.267687
robot_base_yaw: 3.138708
robot_geom: robot0_wheel_left_collision
proxy_geom: scene_aabb_proxy_line_6_output_side_protrusion
judge_collision_detected:
robot_base_x: 10.522048
robot_base_y: -7.267687
robot_base_yaw: 3.138708
robot_geom: robot0_wheel_right_collision
proxy_geom: scene_aabb_proxy_line_6_output_side_protrusion
judge_collision_detected:
robot_base_x: 10.522048
robot_base_y: -7.267687
robot_base_yaw: 3.138708
robot_geom: robot0_wheel_right_collision
proxy_geom: scene_aabb_proxy_production_line_6
judge_collision_detected:
robot_base_x: 10.520881
robot_base_y: -7.267829
robot_base_yaw: 3.137989
robot_geom: robot0_back_left_caster_2
proxy_geom: scene_aabb_proxy_line_6_belt
judge_collision_detected:
robot_base_x: 10.520881
robot_base_y: -7.267829
robot_base_yaw: 3.137989
robot_geom: robot0_back_left_caster_2
proxy_geom: scene_aabb_proxy_line_6_output_side_protrusion
judge_collision_detected:
robot_base_x: 10.520881
robot_base_y: -7.267829
robot_base_yaw: 3.137989
robot_geom: robot0_back_right_caster_2
proxy_geom: scene_aabb_proxy_line_6_belt
judge_collision_detected:
robot_base_x: 10.520881
robot_base_y: -7.267829
robot_base_yaw: 3.137989
robot_geom: robot0_back_right_caster_2
proxy_geom: scene_aabb_proxy_line_6_output_side_protrusion
judge_collision_detected:
robot_base_x: 10.520881
robot_base_y: -7.267829
robot_base_yaw: 3.137989
robot_geom: robot0_base_collision
proxy_geom: scene_aabb_proxy_line_6_belt
judge_collision_detected:
robot_base_x: 10.520881
robot_base_y: -7.267829
robot_base_yaw: 3.137989
robot_geom: robot0_base_collision
proxy_geom: scene_aabb_proxy_line_6_output_side_protrusion
judge_collision_detected:
robot_base_x: 10.520881
robot_base_y: -7.267829
robot_base_yaw: 3.137989
robot_geom: robot0_base_collision
proxy_geom: scene_aabb_proxy_output_6
judge_collision_detected:
robot_base_x: 10.520881
robot_base_y: -7.267829
robot_base_yaw: 3.137989
robot_geom: robot0_base_collision
proxy_geom: scene_aabb_proxy_production_line_6
judge_collision_detected:
robot_base_x: 10.520881
robot_base_y: -7.267829
robot_base_yaw: 3.137989
robot_geom: robot0_front_left_caster_2
proxy_geom: scene_aabb_proxy_line_6_output_side_protrusion
judge_collision_detected:
robot_base_x: 10.520881
robot_base_y: -7.267829
robot_base_yaw: 3.137989
robot_geom: robot0_front_right_caster_2
proxy_geom: scene_aabb_proxy_line_6_output_side_protrusion
judge_collision_detected:
robot_base_x: 10.520881
robot_base_y: -7.267829
robot_base_yaw: 3.137989
robot_geom: robot0_torso_fixed_collision_box_1
proxy_geom: scene_aabb_proxy_line_6_belt
judge_collision_detected:
robot_base_x: 10.520881
robot_base_y: -7.267829
robot_base_yaw: 3.137989
robot_geom: robot0_torso_fixed_collision_box_1
proxy_geom: scene_aabb_proxy_line_6_output_side_protrusion
judge_collision_detected:
robot_base_x: 10.520881
robot_base_y: -7.267829
robot_base_yaw: 3.137989
robot_geom: robot0_torso_fixed_collision_box_1
proxy_geom: scene_aabb_proxy_output_6
judge_collision_detected:
robot_base_x: 10.520881
robot_base_y: -7.267829
robot_base_yaw: 3.137989
robot_geom: robot0_torso_fixed_collision_box_1
proxy_geom: scene_aabb_proxy_production_line_6
judge_collision_detected:
robot_base_x: 10.520881
robot_base_y: -7.267829
robot_base_yaw: 3.137989
robot_geom: robot0_torso_fixed_column_collision
proxy_geom: scene_aabb_proxy_line_6_belt
judge_collision_detected:
robot_base_x: 10.520881
robot_base_y: -7.267829
robot_base_yaw: 3.137989
robot_geom: robot0_torso_fixed_column_collision
proxy_geom: scene_aabb_proxy_line_6_output_side_protrusion
judge_collision_detected:
robot_base_x: 10.520881
robot_base_y: -7.267829
robot_base_yaw: 3.137989
robot_geom: robot0_wheel_left_collision
proxy_geom: scene_aabb_proxy_line_6_output_side_protrusion
judge_collision_detected:
robot_base_x: 10.520881
robot_base_y: -7.267829
robot_base_yaw: 3.137989
robot_geom: robot0_wheel_right_collision
proxy_geom: scene_aabb_proxy_line_6_output_side_protrusion
judge_collision_detected:
robot_base_x: 10.520881
robot_base_y: -7.267829
robot_base_yaw: 3.137989
robot_geom: robot0_wheel_right_collision
proxy_geom: scene_aabb_proxy_production_line_6
judge_collision_detected:
robot_base_x: 10.520065
robot_base_y: -7.267847
robot_base_yaw: 3.137351
robot_geom: robot0_back_left_caster_2
proxy_geom: scene_aabb_proxy_line_6_belt
judge_collision_detected:
robot_base_x: 10.520065
robot_base_y: -7.267847
robot_base_yaw: 3.137351
robot_geom: robot0_back_left_caster_2
proxy_geom: scene_aabb_proxy_line_6_output_side_protrusion
judge_collision_detected:
robot_base_x: 10.520065
robot_base_y: -7.267847
robot_base_yaw: 3.137351
robot_geom: robot0_back_right_caster_2
proxy_geom: scene_aabb_proxy_line_6_belt
judge_collision_detected:
robot_base_x: 10.520065
robot_base_y: -7.267847
robot_base_yaw: 3.137351
robot_geom: robot0_back_right_caster_2
proxy_geom: scene_aabb_proxy_line_6_output_side_protrusion
judge_collision_detected:
robot_base_x: 10.520065
robot_base_y: -7.267847
robot_base_yaw: 3.137351
robot_geom: robot0_base_collision
proxy_geom: scene_aabb_proxy_line_6_belt
judge_collision_detected:
robot_base_x: 10.520065
robot_base_y: -7.267847
robot_base_yaw: 3.137351
robot_geom: robot0_base_collision
proxy_geom: scene_aabb_proxy_line_6_output_side_protrusion
judge_collision_detected:
robot_base_x: 10.520065
robot_base_y: -7.267847
robot_base_yaw: 3.137351
robot_geom: robot0_base_collision
proxy_geom: scene_aabb_proxy_output_6
judge_collision_detected:
robot_base_x: 10.520065
robot_base_y: -7.267847
robot_base_yaw: 3.137351
robot_geom: robot0_base_collision
proxy_geom: scene_aabb_proxy_production_line_6
judge_collision_detected:
robot_base_x: 10.520065
robot_base_y: -7.267847
robot_base_yaw: 3.137351
robot_geom: robot0_front_left_caster_2
proxy_geom: scene_aabb_proxy_line_6_output_side_protrusion
judge_collision_detected:
robot_base_x: 10.520065
robot_base_y: -7.267847
robot_base_yaw: 3.137351
robot_geom: robot0_front_right_caster_2
proxy_geom: scene_aabb_proxy_line_6_output_side_protrusion
judge_collision_detected:
robot_base_x: 10.520065
robot_base_y: -7.267847
robot_base_yaw: 3.137351
robot_geom: robot0_torso_fixed_collision_box_1
proxy_geom: scene_aabb_proxy_line_6_belt
judge_collision_detected:
robot_base_x: 10.520065
robot_base_y: -7.267847
robot_base_yaw: 3.137351
robot_geom: robot0_torso_fixed_collision_box_1
proxy_geom: scene_aabb_proxy_line_6_output_side_protrusion
judge_collision_detected:
robot_base_x: 10.520065
robot_base_y: -7.267847
robot_base_yaw: 3.137351
robot_geom: robot0_torso_fixed_collision_box_1
proxy_geom: scene_aabb_proxy_output_6
judge_collision_detected:
robot_base_x: 10.520065
robot_base_y: -7.267847
robot_base_yaw: 3.137351
robot_geom: robot0_torso_fixed_collision_box_1
proxy_geom: scene_aabb_proxy_production_line_6
judge_collision_detected:
robot_base_x: 10.520065
robot_base_y: -7.267847
robot_base_yaw: 3.137351
robot_geom: robot0_torso_fixed_column_collision
proxy_geom: scene_aabb_proxy_line_6_belt
judge_collision_detected:
robot_base_x: 10.520065
robot_base_y: -7.267847
robot_base_yaw: 3.137351
robot_geom: robot0_torso_fixed_column_collision
proxy_geom: scene_aabb_proxy_line_6_output_side_protrusion
judge_collision_detected:
robot_base_x: 10.520065
robot_base_y: -7.267847
robot_base_yaw: 3.137351
robot_geom: robot0_wheel_left_collision
proxy_geom: scene_aabb_proxy_line_6_output_side_protrusion
judge_collision_detected:
robot_base_x: 10.520065
robot_base_y: -7.267847
robot_base_yaw: 3.137351
robot_geom: robot0_wheel_right_collision
proxy_geom: scene_aabb_proxy_line_6_output_side_protrusion
judge_collision_detected:
robot_base_x: 10.520065
robot_base_y: -7.267847
robot_base_yaw: 3.137351
robot_geom: robot0_wheel_right_collision
proxy_geom: scene_aabb_proxy_production_line_6
judge_collision_detected:
robot_base_x: 10.519613
robot_base_y: -7.267884
robot_base_yaw: 3.136740
robot_geom: robot0_back_left_caster_2
proxy_geom: scene_aabb_proxy_line_6_belt
judge_collision_detected:
robot_base_x: 10.519613
robot_base_y: -7.267884
robot_base_yaw: 3.136740
robot_geom: robot0_back_left_caster_2
proxy_geom: scene_aabb_proxy_line_6_output_side_protrusion
judge_collision_detected:
robot_base_x: 10.519613
robot_base_y: -7.267884
robot_base_yaw: 3.136740
robot_geom: robot0_back_right_caster_2
proxy_geom: scene_aabb_proxy_line_6_belt
judge_collision_detected:
robot_base_x: 10.519613
robot_base_y: -7.267884
robot_base_yaw: 3.136740
robot_geom: robot0_back_right_caster_2
proxy_geom: scene_aabb_proxy_line_6_output_side_protrusion
judge_collision_detected:
robot_base_x: 10.519613
robot_base_y: -7.267884
robot_base_yaw: 3.136740
robot_geom: robot0_base_collision
proxy_geom: scene_aabb_proxy_line_6_belt
judge_collision_detected:
robot_base_x: 10.519613
robot_base_y: -7.267884
robot_base_yaw: 3.136740
robot_geom: robot0_base_collision
proxy_geom: scene_aabb_proxy_line_6_output_side_protrusion
judge_collision_detected:
robot_base_x: 10.519613
robot_base_y: -7.267884
robot_base_yaw: 3.136740
robot_geom: robot0_base_collision
proxy_geom: scene_aabb_proxy_output_6
judge_collision_detected:
robot_base_x: 10.519613
robot_base_y: -7.267884
robot_base_yaw: 3.136740
robot_geom: robot0_base_collision
proxy_geom: scene_aabb_proxy_production_line_6
judge_collision_detected:
robot_base_x: 10.519613
robot_base_y: -7.267884
robot_base_yaw: 3.136740
robot_geom: robot0_front_left_caster_2
proxy_geom: scene_aabb_proxy_line_6_output_side_protrusion
judge_collision_detected:
robot_base_x: 10.519613
robot_base_y: -7.267884
robot_base_yaw: 3.136740
robot_geom: robot0_front_right_caster_2
proxy_geom: scene_aabb_proxy_line_6_output_side_protrusion
judge_collision_detected:
robot_base_x: 10.519613
robot_base_y: -7.267884
robot_base_yaw: 3.136740
robot_geom: robot0_torso_fixed_collision_box_1
proxy_geom: scene_aabb_proxy_line_6_belt
judge_collision_detected:
robot_base_x: 10.519613
robot_base_y: -7.267884
robot_base_yaw: 3.136740
robot_geom: robot0_torso_fixed_collision_box_1
proxy_geom: scene_aabb_proxy_line_6_output_side_protrusion
judge_collision_detected:
robot_base_x: 10.519613
robot_base_y: -7.267884
robot_base_yaw: 3.136740
robot_geom: robot0_torso_fixed_collision_box_1
proxy_geom: scene_aabb_proxy_output_6
judge_collision_detected:
robot_base_x: 10.519613
robot_base_y: -7.267884
robot_base_yaw: 3.136740
robot_geom: robot0_torso_fixed_collision_box_1
proxy_geom: scene_aabb_proxy_production_line_6
judge_collision_detected:
robot_base_x: 10.519613
robot_base_y: -7.267884
robot_base_yaw: 3.136740
robot_geom: robot0_torso_fixed_column_collision
proxy_geom: scene_aabb_proxy_line_6_belt
judge_collision_detected:
robot_base_x: 10.519613
robot_base_y: -7.267884
robot_base_yaw: 3.136740
robot_geom: robot0_torso_fixed_column_collision
proxy_geom: scene_aabb_proxy_line_6_output_side_protrusion
judge_collision_detected:
robot_base_x: 10.519613
robot_base_y: -7.267884
robot_base_yaw: 3.136740
robot_geom: robot0_wheel_left_collision
proxy_geom: scene_aabb_proxy_line_6_output_side_protrusion
judge_collision_detected:
robot_base_x: 10.519613
robot_base_y: -7.267884
robot_base_yaw: 3.136740
robot_geom: robot0_wheel_right_collision
proxy_geom: scene_aabb_proxy_line_6_output_side_protrusion
judge_collision_detected:
robot_base_x: 10.519613
robot_base_y: -7.267884
robot_base_yaw: 3.136740
robot_geom: robot0_wheel_right_collision
proxy_geom: scene_aabb_proxy_production_line_6
judge_collision_detected:
robot_base_x: 10.519370
robot_base_y: -7.267906
robot_base_yaw: 3.136133
robot_geom: robot0_back_left_caster_2
proxy_geom: scene_aabb_proxy_line_6_belt
judge_collision_detected:
robot_base_x: 10.519370
robot_base_y: -7.267906
robot_base_yaw: 3.136133
robot_geom: robot0_back_left_caster_2
proxy_geom: scene_aabb_proxy_line_6_output_side_protrusion
judge_collision_detected:
robot_base_x: 10.519370
robot_base_y: -7.267906
robot_base_yaw: 3.136133
robot_geom: robot0_back_right_caster_2
proxy_geom: scene_aabb_proxy_line_6_belt
judge_collision_detected:
robot_base_x: 10.519370
robot_base_y: -7.267906
robot_base_yaw: 3.136133
robot_geom: robot0_back_right_caster_2
proxy_geom: scene_aabb_proxy_line_6_output_side_protrusion
judge_collision_detected:
robot_base_x: 10.519370
robot_base_y: -7.267906
robot_base_yaw: 3.136133
robot_geom: robot0_base_collision
proxy_geom: scene_aabb_proxy_line_6_belt
judge_collision_detected:
robot_base_x: 10.519370
robot_base_y: -7.267906
robot_base_yaw: 3.136133
robot_geom: robot0_base_collision
proxy_geom: scene_aabb_proxy_line_6_output_side_protrusion
judge_collision_detected:
robot_base_x: 10.519370
robot_base_y: -7.267906
robot_base_yaw: 3.136133
robot_geom: robot0_base_collision
proxy_geom: scene_aabb_proxy_output_6
judge_collision_detected:
robot_base_x: 10.519370
robot_base_y: -7.267906
robot_base_yaw: 3.136133
robot_geom: robot0_base_collision
proxy_geom: scene_aabb_proxy_production_line_6
judge_collision_detected:
robot_base_x: 10.519370
robot_base_y: -7.267906
robot_base_yaw: 3.136133
robot_geom: robot0_front_left_caster_2
proxy_geom: scene_aabb_proxy_line_6_output_side_protrusion
judge_collision_detected:
robot_base_x: 10.519370
robot_base_y: -7.267906
robot_base_yaw: 3.136133
robot_geom: robot0_front_right_caster_2
proxy_geom: scene_aabb_proxy_line_6_output_side_protrusion
judge_collision_detected:
robot_base_x: 10.519370
robot_base_y: -7.267906
robot_base_yaw: 3.136133
robot_geom: robot0_torso_fixed_collision_box_1
proxy_geom: scene_aabb_proxy_line_6_belt
judge_collision_detected:
robot_base_x: 10.519370
robot_base_y: -7.267906
robot_base_yaw: 3.136133
robot_geom: robot0_torso_fixed_collision_box_1
proxy_geom: scene_aabb_proxy_line_6_output_side_protrusion
judge_collision_detected:
robot_base_x: 10.519370
robot_base_y: -7.267906
robot_base_yaw: 3.136133
robot_geom: robot0_torso_fixed_collision_box_1
proxy_geom: scene_aabb_proxy_output_6
judge_collision_detected:
robot_base_x: 10.519370
robot_base_y: -7.267906
robot_base_yaw: 3.136133
robot_geom: robot0_torso_fixed_collision_box_1
proxy_geom: scene_aabb_proxy_production_line_6
judge_collision_detected:
robot_base_x: 10.519370
robot_base_y: -7.267906
robot_base_yaw: 3.136133
robot_geom: robot0_torso_fixed_column_collision
proxy_geom: scene_aabb_proxy_line_6_belt
judge_collision_detected:
robot_base_x: 10.519370
robot_base_y: -7.267906
robot_base_yaw: 3.136133
robot_geom: robot0_torso_fixed_column_collision
proxy_geom: scene_aabb_proxy_line_6_output_side_protrusion
judge_collision_detected:
robot_base_x: 10.519370
robot_base_y: -7.267906
robot_base_yaw: 3.136133
robot_geom: robot0_wheel_left_collision
proxy_geom: scene_aabb_proxy_line_6_output_side_protrusion
judge_collision_detected:
robot_base_x: 10.519370
robot_base_y: -7.267906
robot_base_yaw: 3.136133
robot_geom: robot0_wheel_right_collision
proxy_geom: scene_aabb_proxy_line_6_output_side_protrusion
judge_collision_detected:
robot_base_x: 10.519370
robot_base_y: -7.267906
robot_base_yaw: 3.136133
robot_geom: robot0_wheel_right_collision
proxy_geom: scene_aabb_proxy_production_line_6
judge_collision_detected:
robot_base_x: 10.519304
robot_base_y: -7.267913
robot_base_yaw: 3.135520
robot_geom: robot0_back_left_caster_2
proxy_geom: scene_aabb_proxy_line_6_belt
judge_collision_detected:
robot_base_x: 10.519304
robot_base_y: -7.267913
robot_base_yaw: 3.135520
robot_geom: robot0_back_left_caster_2
proxy_geom: scene_aabb_proxy_line_6_output_side_protrusion
judge_collision_detected:
robot_base_x: 10.519304
robot_base_y: -7.267913
robot_base_yaw: 3.135520
robot_geom: robot0_back_right_caster_2
proxy_geom: scene_aabb_proxy_line_6_belt
judge_collision_detected:
robot_base_x: 10.519304
robot_base_y: -7.267913
robot_base_yaw: 3.135520
robot_geom: robot0_back_right_caster_2
proxy_geom: scene_aabb_proxy_line_6_output_side_protrusion
judge_collision_detected:
robot_base_x: 10.519304
robot_base_y: -7.267913
robot_base_yaw: 3.135520
robot_geom: robot0_base_collision
proxy_geom: scene_aabb_proxy_line_6_belt
judge_collision_detected:
robot_base_x: 10.519304
robot_base_y: -7.267913
robot_base_yaw: 3.135520
robot_geom: robot0_base_collision
proxy_geom: scene_aabb_proxy_line_6_output_side_protrusion
judge_collision_detected:
robot_base_x: 10.519304
robot_base_y: -7.267913
robot_base_yaw: 3.135520
robot_geom: robot0_base_collision
proxy_geom: scene_aabb_proxy_output_6
judge_collision_detected:
robot_base_x: 10.519304
robot_base_y: -7.267913
robot_base_yaw: 3.135520
robot_geom: robot0_base_collision
proxy_geom: scene_aabb_proxy_production_line_6
judge_collision_detected:
robot_base_x: 10.519304
robot_base_y: -7.267913
robot_base_yaw: 3.135520
robot_geom: robot0_front_left_caster_2
proxy_geom: scene_aabb_proxy_line_6_output_side_protrusion
judge_collision_detected:
robot_base_x: 10.519304
robot_base_y: -7.267913
robot_base_yaw: 3.135520
robot_geom: robot0_front_right_caster_2
proxy_geom: scene_aabb_proxy_line_6_output_side_protrusion
judge_collision_detected:
robot_base_x: 10.519304
robot_base_y: -7.267913
robot_base_yaw: 3.135520
robot_geom: robot0_torso_fixed_collision_box_1
proxy_geom: scene_aabb_proxy_line_6_belt
judge_collision_detected:
robot_base_x: 10.519304
robot_base_y: -7.267913
robot_base_yaw: 3.135520
robot_geom: robot0_torso_fixed_collision_box_1
proxy_geom: scene_aabb_proxy_line_6_output_side_protrusion
judge_collision_detected:
robot_base_x: 10.519304
robot_base_y: -7.267913
robot_base_yaw: 3.135520
robot_geom: robot0_torso_fixed_collision_box_1
proxy_geom: scene_aabb_proxy_output_6
judge_collision_detected:
robot_base_x: 10.519304
robot_base_y: -7.267913
robot_base_yaw: 3.135520
robot_geom: robot0_torso_fixed_collision_box_1
proxy_geom: scene_aabb_proxy_production_line_6
judge_collision_detected:
robot_base_x: 10.519304
robot_base_y: -7.267913
robot_base_yaw: 3.135520
robot_geom: robot0_torso_fixed_column_collision
proxy_geom: scene_aabb_proxy_line_6_belt
judge_collision_detected:
robot_base_x: 10.519304
robot_base_y: -7.267913
robot_base_yaw: 3.135520
robot_geom: robot0_torso_fixed_column_collision
proxy_geom: scene_aabb_proxy_line_6_output_side_protrusion
judge_collision_detected:
robot_base_x: 10.519304
robot_base_y: -7.267913
robot_base_yaw: 3.135520
robot_geom: robot0_wheel_left_collision
proxy_geom: scene_aabb_proxy_line_6_output_side_protrusion
judge_collision_detected:
robot_base_x: 10.519304
robot_base_y: -7.267913
robot_base_yaw: 3.135520
robot_geom: robot0_wheel_right_collision
proxy_geom: scene_aabb_proxy_line_6_output_side_protrusion
judge_collision_detected:
robot_base_x: 10.519304
robot_base_y: -7.267913
robot_base_yaw: 3.135520
robot_geom: robot0_wheel_right_collision
proxy_geom: scene_aabb_proxy_production_line_6
judge_collision_detected:
robot_base_x: 10.519854
robot_base_y: -7.267891
robot_base_yaw: 3.134825
robot_geom: robot0_back_left_caster_2
proxy_geom: scene_aabb_proxy_line_6_belt
judge_collision_detected:
robot_base_x: 10.519854
robot_base_y: -7.267891
robot_base_yaw: 3.134825
robot_geom: robot0_back_left_caster_2
proxy_geom: scene_aabb_proxy_line_6_output_side_protrusion
judge_collision_detected:
robot_base_x: 10.519854
robot_base_y: -7.267891
robot_base_yaw: 3.134825
robot_geom: robot0_back_right_caster_2
proxy_geom: scene_aabb_proxy_line_6_belt
judge_collision_detected:
robot_base_x: 10.519854
robot_base_y: -7.267891
robot_base_yaw: 3.134825
robot_geom: robot0_back_right_caster_2
proxy_geom: scene_aabb_proxy_line_6_output_side_protrusion
judge_collision_detected:
robot_base_x: 10.519854
robot_base_y: -7.267891
robot_base_yaw: 3.134825
robot_geom: robot0_base_collision
proxy_geom: scene_aabb_proxy_line_6_belt
judge_collision_detected:
robot_base_x: 10.519854
robot_base_y: -7.267891
robot_base_yaw: 3.134825
robot_geom: robot0_base_collision
proxy_geom: scene_aabb_proxy_line_6_output_side_protrusion
judge_collision_detected:
robot_base_x: 10.519854
robot_base_y: -7.267891
robot_base_yaw: 3.134825
robot_geom: robot0_base_collision
proxy_geom: scene_aabb_proxy_output_6
judge_collision_detected:
robot_base_x: 10.519854
robot_base_y: -7.267891
robot_base_yaw: 3.134825
robot_geom: robot0_base_collision
proxy_geom: scene_aabb_proxy_production_line_6
judge_collision_detected:
robot_base_x: 10.519854
robot_base_y: -7.267891
robot_base_yaw: 3.134825
robot_geom: robot0_front_left_caster_2
proxy_geom: scene_aabb_proxy_line_6_output_side_protrusion
judge_collision_detected:
robot_base_x: 10.519854
robot_base_y: -7.267891
robot_base_yaw: 3.134825
robot_geom: robot0_front_right_caster_2
proxy_geom: scene_aabb_proxy_line_6_output_side_protrusion
judge_collision_detected:
robot_base_x: 10.519854
robot_base_y: -7.267891
robot_base_yaw: 3.134825
robot_geom: robot0_torso_fixed_collision_box_1
proxy_geom: scene_aabb_proxy_line_6_belt
judge_collision_detected:
robot_base_x: 10.519854
robot_base_y: -7.267891
robot_base_yaw: 3.134825
robot_geom: robot0_torso_fixed_collision_box_1
proxy_geom: scene_aabb_proxy_line_6_output_side_protrusion
judge_collision_detected:
robot_base_x: 10.519854
robot_base_y: -7.267891
robot_base_yaw: 3.134825
robot_geom: robot0_torso_fixed_collision_box_1
proxy_geom: scene_aabb_proxy_output_6
judge_collision_detected:
robot_base_x: 10.519854
robot_base_y: -7.267891
robot_base_yaw: 3.134825
robot_geom: robot0_torso_fixed_collision_box_1
proxy_geom: scene_aabb_proxy_production_line_6
judge_collision_detected:
robot_base_x: 10.519854
robot_base_y: -7.267891
robot_base_yaw: 3.134825
robot_geom: robot0_torso_fixed_column_collision
proxy_geom: scene_aabb_proxy_line_6_belt
judge_collision_detected:
robot_base_x: 10.519854
robot_base_y: -7.267891
robot_base_yaw: 3.134825
robot_geom: robot0_torso_fixed_column_collision
proxy_geom: scene_aabb_proxy_line_6_output_side_protrusion
judge_collision_detected:
robot_base_x: 10.519854
robot_base_y: -7.267891
robot_base_yaw: 3.134825
robot_geom: robot0_wheel_left_collision
proxy_geom: scene_aabb_proxy_line_6_output_side_protrusion
judge_collision_detected:
robot_base_x: 10.519854
robot_base_y: -7.267891
robot_base_yaw: 3.134825
robot_geom: robot0_wheel_right_collision
proxy_geom: scene_aabb_proxy_line_6_output_side_protrusion
judge_collision_detected:
robot_base_x: 10.519854
robot_base_y: -7.267891
robot_base_yaw: 3.134825
robot_geom: robot0_wheel_right_collision
proxy_geom: scene_aabb_proxy_production_line_6
judge_collision_detected:
robot_base_x: 10.521940
robot_base_y: -7.267872
robot_base_yaw: 3.134697
robot_geom: robot0_back_left_caster_2
proxy_geom: scene_aabb_proxy_line_6_belt
judge_collision_detected:
robot_base_x: 10.521940
robot_base_y: -7.267872
robot_base_yaw: 3.134697
robot_geom: robot0_back_left_caster_2
proxy_geom: scene_aabb_proxy_line_6_output_side_protrusion
judge_collision_detected:
robot_base_x: 10.521940
robot_base_y: -7.267872
robot_base_yaw: 3.134697
robot_geom: robot0_back_right_caster_2
proxy_geom: scene_aabb_proxy_line_6_belt
judge_collision_detected:
robot_base_x: 10.521940
robot_base_y: -7.267872
robot_base_yaw: 3.134697
robot_geom: robot0_back_right_caster_2
proxy_geom: scene_aabb_proxy_line_6_output_side_protrusion
judge_collision_detected:
robot_base_x: 10.521940
robot_base_y: -7.267872
robot_base_yaw: 3.134697
robot_geom: robot0_base_collision
proxy_geom: scene_aabb_proxy_line_6_belt
judge_collision_detected:
robot_base_x: 10.521940
robot_base_y: -7.267872
robot_base_yaw: 3.134697
robot_geom: robot0_base_collision
proxy_geom: scene_aabb_proxy_line_6_output_side_protrusion
judge_collision_detected:
robot_base_x: 10.521940
robot_base_y: -7.267872
robot_base_yaw: 3.134697
robot_geom: robot0_base_collision
proxy_geom: scene_aabb_proxy_output_6
judge_collision_detected:
robot_base_x: 10.521940
robot_base_y: -7.267872
robot_base_yaw: 3.134697
robot_geom: robot0_base_collision
proxy_geom: scene_aabb_proxy_production_line_6
judge_collision_detected:
robot_base_x: 10.521940
robot_base_y: -7.267872
robot_base_yaw: 3.134697
robot_geom: robot0_front_left_caster_2
proxy_geom: scene_aabb_proxy_line_6_output_side_protrusion
judge_collision_detected:
robot_base_x: 10.521940
robot_base_y: -7.267872
robot_base_yaw: 3.134697
robot_geom: robot0_front_right_caster_2
proxy_geom: scene_aabb_proxy_line_6_output_side_protrusion
judge_collision_detected:
robot_base_x: 10.521940
robot_base_y: -7.267872
robot_base_yaw: 3.134697
robot_geom: robot0_torso_fixed_collision_box_1
proxy_geom: scene_aabb_proxy_line_6_belt
judge_collision_detected:
robot_base_x: 10.521940
robot_base_y: -7.267872
robot_base_yaw: 3.134697
robot_geom: robot0_torso_fixed_collision_box_1
proxy_geom: scene_aabb_proxy_line_6_output_side_protrusion
judge_collision_detected:
robot_base_x: 10.521940
robot_base_y: -7.267872
robot_base_yaw: 3.134697
robot_geom: robot0_torso_fixed_collision_box_1
proxy_geom: scene_aabb_proxy_output_6
judge_collision_detected:
robot_base_x: 10.521940
robot_base_y: -7.267872
robot_base_yaw: 3.134697
robot_geom: robot0_torso_fixed_collision_box_1
proxy_geom: scene_aabb_proxy_production_line_6
judge_collision_detected:
robot_base_x: 10.521940
robot_base_y: -7.267872
robot_base_yaw: 3.134697
robot_geom: robot0_torso_fixed_column_collision
proxy_geom: scene_aabb_proxy_line_6_belt
judge_collision_detected:
robot_base_x: 10.521940
robot_base_y: -7.267872
robot_base_yaw: 3.134697
robot_geom: robot0_torso_fixed_column_collision
proxy_geom: scene_aabb_proxy_line_6_output_side_protrusion
judge_collision_detected:
robot_base_x: 10.521940
robot_base_y: -7.267872
robot_base_yaw: 3.134697
robot_geom: robot0_wheel_left_collision
proxy_geom: scene_aabb_proxy_line_6_output_side_protrusion
judge_collision_detected:
robot_base_x: 10.521940
robot_base_y: -7.267872
robot_base_yaw: 3.134697
robot_geom: robot0_wheel_right_collision
proxy_geom: scene_aabb_proxy_line_6_output_side_protrusion
judge_collision_detected:
robot_base_x: 10.521940
robot_base_y: -7.267872
robot_base_yaw: 3.134697
robot_geom: robot0_wheel_right_collision
proxy_geom: scene_aabb_proxy_production_line_6
turn_to_output_result: success=True, turn_steps=0, target_yaw=3.141593, final_yaw=3.134694, final_error=0.006899, xy_drift=0.006143
judge_collision_detected:
robot_base_x: 10.522983
robot_base_y: -7.267768
robot_base_yaw: 3.134532
robot_geom: robot0_back_left_caster_2
proxy_geom: scene_aabb_proxy_line_6_belt
judge_collision_detected:
robot_base_x: 10.522983
robot_base_y: -7.267768
robot_base_yaw: 3.134532
robot_geom: robot0_back_left_caster_2
proxy_geom: scene_aabb_proxy_line_6_output_side_protrusion
judge_collision_detected:
robot_base_x: 10.522983
robot_base_y: -7.267768
robot_base_yaw: 3.134532
robot_geom: robot0_back_right_caster_2
proxy_geom: scene_aabb_proxy_line_6_belt
judge_collision_detected:
robot_base_x: 10.522983
robot_base_y: -7.267768
robot_base_yaw: 3.134532
robot_geom: robot0_back_right_caster_2
proxy_geom: scene_aabb_proxy_line_6_output_side_protrusion
judge_collision_detected:
robot_base_x: 10.522983
robot_base_y: -7.267768
robot_base_yaw: 3.134532
robot_geom: robot0_base_collision
proxy_geom: scene_aabb_proxy_line_6_belt
judge_collision_detected:
robot_base_x: 10.522983
robot_base_y: -7.267768
robot_base_yaw: 3.134532
robot_geom: robot0_base_collision
proxy_geom: scene_aabb_proxy_line_6_output_side_protrusion
judge_collision_detected:
robot_base_x: 10.522983
robot_base_y: -7.267768
robot_base_yaw: 3.134532
robot_geom: robot0_base_collision
proxy_geom: scene_aabb_proxy_output_6
judge_collision_detected:
robot_base_x: 10.522983
robot_base_y: -7.267768
robot_base_yaw: 3.134532
robot_geom: robot0_base_collision
proxy_geom: scene_aabb_proxy_production_line_6
judge_collision_detected:
robot_base_x: 10.522983
robot_base_y: -7.267768
robot_base_yaw: 3.134532
robot_geom: robot0_front_left_caster_2
proxy_geom: scene_aabb_proxy_line_6_output_side_protrusion
judge_collision_detected:
robot_base_x: 10.522983
robot_base_y: -7.267768
robot_base_yaw: 3.134532
robot_geom: robot0_front_right_caster_2
proxy_geom: scene_aabb_proxy_line_6_output_side_protrusion
judge_collision_detected:
robot_base_x: 10.522983
robot_base_y: -7.267768
robot_base_yaw: 3.134532
robot_geom: robot0_torso_fixed_collision_box_1
proxy_geom: scene_aabb_proxy_line_6_belt
judge_collision_detected:
robot_base_x: 10.522983
robot_base_y: -7.267768
robot_base_yaw: 3.134532
robot_geom: robot0_torso_fixed_collision_box_1
proxy_geom: scene_aabb_proxy_line_6_output_side_protrusion
judge_collision_detected:
robot_base_x: 10.522983
robot_base_y: -7.267768
robot_base_yaw: 3.134532
robot_geom: robot0_torso_fixed_collision_box_1
proxy_geom: scene_aabb_proxy_output_6
judge_collision_detected:
robot_base_x: 10.522983
robot_base_y: -7.267768
robot_base_yaw: 3.134532
robot_geom: robot0_torso_fixed_collision_box_1
proxy_geom: scene_aabb_proxy_production_line_6
judge_collision_detected:
robot_base_x: 10.522983
robot_base_y: -7.267768
robot_base_yaw: 3.134532
robot_geom: robot0_torso_fixed_column_collision
proxy_geom: scene_aabb_proxy_line_6_belt
judge_collision_detected:
robot_base_x: 10.522983
robot_base_y: -7.267768
robot_base_yaw: 3.134532
robot_geom: robot0_torso_fixed_column_collision
proxy_geom: scene_aabb_proxy_line_6_output_side_protrusion
judge_collision_detected:
robot_base_x: 10.522983
robot_base_y: -7.267768
robot_base_yaw: 3.134532
robot_geom: robot0_wheel_left_collision
proxy_geom: scene_aabb_proxy_line_6_output_side_protrusion
judge_collision_detected:
robot_base_x: 10.522983
robot_base_y: -7.267768
robot_base_yaw: 3.134532
robot_geom: robot0_wheel_right_collision
proxy_geom: scene_aabb_proxy_line_6_output_side_protrusion
judge_collision_detected:
robot_base_x: 10.522983
robot_base_y: -7.267768
robot_base_yaw: 3.134532
robot_geom: robot0_wheel_right_collision
proxy_geom: scene_aabb_proxy_production_line_6
judge_collision_detected:
robot_base_x: 10.519582
robot_base_y: -7.268062
robot_base_yaw: 3.134447
robot_geom: robot0_back_left_caster_2
proxy_geom: scene_aabb_proxy_line_6_belt
judge_collision_detected:
robot_base_x: 10.519582
robot_base_y: -7.268062
robot_base_yaw: 3.134447
robot_geom: robot0_back_left_caster_2
proxy_geom: scene_aabb_proxy_line_6_output_side_protrusion
judge_collision_detected:
robot_base_x: 10.519582
robot_base_y: -7.268062
robot_base_yaw: 3.134447
robot_geom: robot0_back_right_caster_2
proxy_geom: scene_aabb_proxy_line_6_belt
judge_collision_detected:
robot_base_x: 10.519582
robot_base_y: -7.268062
robot_base_yaw: 3.134447
robot_geom: robot0_back_right_caster_2
proxy_geom: scene_aabb_proxy_line_6_output_side_protrusion
judge_collision_detected:
robot_base_x: 10.519582
robot_base_y: -7.268062
robot_base_yaw: 3.134447
robot_geom: robot0_base_collision
proxy_geom: scene_aabb_proxy_line_6_belt
judge_collision_detected:
robot_base_x: 10.519582
robot_base_y: -7.268062
robot_base_yaw: 3.134447
robot_geom: robot0_base_collision
proxy_geom: scene_aabb_proxy_line_6_output_side_protrusion
judge_collision_detected:
robot_base_x: 10.519582
robot_base_y: -7.268062
robot_base_yaw: 3.134447
robot_geom: robot0_base_collision
proxy_geom: scene_aabb_proxy_output_6
judge_collision_detected:
robot_base_x: 10.519582
robot_base_y: -7.268062
robot_base_yaw: 3.134447
robot_geom: robot0_base_collision
proxy_geom: scene_aabb_proxy_production_line_6
judge_collision_detected:
robot_base_x: 10.519582
robot_base_y: -7.268062
robot_base_yaw: 3.134447
robot_geom: robot0_front_left_caster_2
proxy_geom: scene_aabb_proxy_line_6_output_side_protrusion
judge_collision_detected:
robot_base_x: 10.519582
robot_base_y: -7.268062
robot_base_yaw: 3.134447
robot_geom: robot0_front_right_caster_2
proxy_geom: scene_aabb_proxy_line_6_output_side_protrusion
judge_collision_detected:
robot_base_x: 10.519582
robot_base_y: -7.268062
robot_base_yaw: 3.134447
robot_geom: robot0_torso_fixed_collision_box_1
proxy_geom: scene_aabb_proxy_line_6_belt
judge_collision_detected:
robot_base_x: 10.519582
robot_base_y: -7.268062
robot_base_yaw: 3.134447
robot_geom: robot0_torso_fixed_collision_box_1
proxy_geom: scene_aabb_proxy_line_6_output_side_protrusion
judge_collision_detected:
robot_base_x: 10.519582
robot_base_y: -7.268062
robot_base_yaw: 3.134447
robot_geom: robot0_torso_fixed_collision_box_1
proxy_geom: scene_aabb_proxy_output_6
judge_collision_detected:
robot_base_x: 10.519582
robot_base_y: -7.268062
robot_base_yaw: 3.134447
robot_geom: robot0_torso_fixed_collision_box_1
proxy_geom: scene_aabb_proxy_production_line_6
judge_collision_detected:
robot_base_x: 10.519582
robot_base_y: -7.268062
robot_base_yaw: 3.134447
robot_geom: robot0_torso_fixed_column_collision
proxy_geom: scene_aabb_proxy_line_6_belt
judge_collision_detected:
robot_base_x: 10.519582
robot_base_y: -7.268062
robot_base_yaw: 3.134447
robot_geom: robot0_torso_fixed_column_collision
proxy_geom: scene_aabb_proxy_line_6_output_side_protrusion
judge_collision_detected:
robot_base_x: 10.519582
robot_base_y: -7.268062
robot_base_yaw: 3.134447
robot_geom: robot0_wheel_left_collision
proxy_geom: scene_aabb_proxy_line_6_output_side_protrusion
judge_collision_detected:
robot_base_x: 10.519582
robot_base_y: -7.268062
robot_base_yaw: 3.134447
robot_geom: robot0_wheel_right_collision
proxy_geom: scene_aabb_proxy_line_6_output_side_protrusion
judge_collision_detected:
robot_base_x: 10.519582
robot_base_y: -7.268062
robot_base_yaw: 3.134447
robot_geom: robot0_wheel_right_collision
proxy_geom: scene_aabb_proxy_production_line_6
judge_collision_detected:
robot_base_x: 10.516437
robot_base_y: -7.268347
robot_base_yaw: 3.134387
robot_geom: robot0_back_left_caster_2
proxy_geom: scene_aabb_proxy_line_6_belt
judge_collision_detected:
robot_base_x: 10.516437
robot_base_y: -7.268347
robot_base_yaw: 3.134387
robot_geom: robot0_back_left_caster_2
proxy_geom: scene_aabb_proxy_line_6_output_side_protrusion
judge_collision_detected:
robot_base_x: 10.516437
robot_base_y: -7.268347
robot_base_yaw: 3.134387
robot_geom: robot0_back_right_caster_2
proxy_geom: scene_aabb_proxy_line_6_belt
judge_collision_detected:
robot_base_x: 10.516437
robot_base_y: -7.268347
robot_base_yaw: 3.134387
robot_geom: robot0_back_right_caster_2
proxy_geom: scene_aabb_proxy_line_6_output_side_protrusion
judge_collision_detected:
robot_base_x: 10.516437
robot_base_y: -7.268347
robot_base_yaw: 3.134387
robot_geom: robot0_base_collision
proxy_geom: scene_aabb_proxy_line_6_belt
judge_collision_detected:
robot_base_x: 10.516437
robot_base_y: -7.268347
robot_base_yaw: 3.134387
robot_geom: robot0_base_collision
proxy_geom: scene_aabb_proxy_line_6_output_side_protrusion
judge_collision_detected:
robot_base_x: 10.516437
robot_base_y: -7.268347
robot_base_yaw: 3.134387
robot_geom: robot0_base_collision
proxy_geom: scene_aabb_proxy_output_6
judge_collision_detected:
robot_base_x: 10.516437
robot_base_y: -7.268347
robot_base_yaw: 3.134387
robot_geom: robot0_base_collision
proxy_geom: scene_aabb_proxy_production_line_6
judge_collision_detected:
robot_base_x: 10.516437
robot_base_y: -7.268347
robot_base_yaw: 3.134387
robot_geom: robot0_front_left_caster_2
proxy_geom: scene_aabb_proxy_line_6_output_side_protrusion
judge_collision_detected:
robot_base_x: 10.516437
robot_base_y: -7.268347
robot_base_yaw: 3.134387
robot_geom: robot0_front_right_caster_2
proxy_geom: scene_aabb_proxy_line_6_output_side_protrusion
judge_collision_detected:
robot_base_x: 10.516437
robot_base_y: -7.268347
robot_base_yaw: 3.134387
robot_geom: robot0_torso_fixed_collision_box_1
proxy_geom: scene_aabb_proxy_line_6_belt
judge_collision_detected:
robot_base_x: 10.516437
robot_base_y: -7.268347
robot_base_yaw: 3.134387
robot_geom: robot0_torso_fixed_collision_box_1
proxy_geom: scene_aabb_proxy_line_6_output_side_protrusion
judge_collision_detected:
robot_base_x: 10.516437
robot_base_y: -7.268347
robot_base_yaw: 3.134387
robot_geom: robot0_torso_fixed_collision_box_1
proxy_geom: scene_aabb_proxy_output_6
judge_collision_detected:
robot_base_x: 10.516437
robot_base_y: -7.268347
robot_base_yaw: 3.134387
robot_geom: robot0_torso_fixed_collision_box_1
proxy_geom: scene_aabb_proxy_production_line_6
judge_collision_detected:
robot_base_x: 10.516437
robot_base_y: -7.268347
robot_base_yaw: 3.134387
robot_geom: robot0_torso_fixed_column_collision
proxy_geom: scene_aabb_proxy_line_6_belt
judge_collision_detected:
robot_base_x: 10.516437
robot_base_y: -7.268347
robot_base_yaw: 3.134387
robot_geom: robot0_torso_fixed_column_collision
proxy_geom: scene_aabb_proxy_line_6_output_side_protrusion
judge_collision_detected:
robot_base_x: 10.516437
robot_base_y: -7.268347
robot_base_yaw: 3.134387
robot_geom: robot0_wheel_left_collision
proxy_geom: scene_aabb_proxy_line_6_output_side_protrusion
judge_collision_detected:
robot_base_x: 10.516437
robot_base_y: -7.268347
robot_base_yaw: 3.134387
robot_geom: robot0_wheel_right_collision
proxy_geom: scene_aabb_proxy_line_6_output_side_protrusion
judge_collision_detected:
robot_base_x: 10.516437
robot_base_y: -7.268347
robot_base_yaw: 3.134387
robot_geom: robot0_wheel_right_collision
proxy_geom: scene_aabb_proxy_production_line_6
judge_collision_detected:
robot_base_x: 10.513462
robot_base_y: -7.268628
robot_base_yaw: 3.134345
robot_geom: robot0_back_left_caster_2
proxy_geom: scene_aabb_proxy_line_6_belt
judge_collision_detected:
robot_base_x: 10.513462
robot_base_y: -7.268628
robot_base_yaw: 3.134345
robot_geom: robot0_back_left_caster_2
proxy_geom: scene_aabb_proxy_line_6_output_side_protrusion
judge_collision_detected:
robot_base_x: 10.513462
robot_base_y: -7.268628
robot_base_yaw: 3.134345
robot_geom: robot0_back_right_caster_2
proxy_geom: scene_aabb_proxy_line_6_belt
judge_collision_detected:
robot_base_x: 10.513462
robot_base_y: -7.268628
robot_base_yaw: 3.134345
robot_geom: robot0_back_right_caster_2
proxy_geom: scene_aabb_proxy_line_6_output_side_protrusion
judge_collision_detected:
robot_base_x: 10.513462
robot_base_y: -7.268628
robot_base_yaw: 3.134345
robot_geom: robot0_base_collision
proxy_geom: scene_aabb_proxy_line_6_belt
judge_collision_detected:
robot_base_x: 10.513462
robot_base_y: -7.268628
robot_base_yaw: 3.134345
robot_geom: robot0_base_collision
proxy_geom: scene_aabb_proxy_line_6_output_side_protrusion
judge_collision_detected:
robot_base_x: 10.513462
robot_base_y: -7.268628
robot_base_yaw: 3.134345
robot_geom: robot0_base_collision
proxy_geom: scene_aabb_proxy_output_6
judge_collision_detected:
robot_base_x: 10.513462
robot_base_y: -7.268628
robot_base_yaw: 3.134345
robot_geom: robot0_base_collision
proxy_geom: scene_aabb_proxy_production_line_6
judge_collision_detected:
robot_base_x: 10.513462
robot_base_y: -7.268628
robot_base_yaw: 3.134345
robot_geom: robot0_front_left_caster_2
proxy_geom: scene_aabb_proxy_line_6_output_side_protrusion
judge_collision_detected:
robot_base_x: 10.513462
robot_base_y: -7.268628
robot_base_yaw: 3.134345
robot_geom: robot0_front_right_caster_2
proxy_geom: scene_aabb_proxy_line_6_output_side_protrusion
judge_collision_detected:
robot_base_x: 10.513462
robot_base_y: -7.268628
robot_base_yaw: 3.134345
robot_geom: robot0_torso_fixed_collision_box_1
proxy_geom: scene_aabb_proxy_line_6_belt
judge_collision_detected:
robot_base_x: 10.513462
robot_base_y: -7.268628
robot_base_yaw: 3.134345
robot_geom: robot0_torso_fixed_collision_box_1
proxy_geom: scene_aabb_proxy_line_6_output_side_protrusion
judge_collision_detected:
robot_base_x: 10.513462
robot_base_y: -7.268628
robot_base_yaw: 3.134345
robot_geom: robot0_torso_fixed_collision_box_1
proxy_geom: scene_aabb_proxy_output_6
judge_collision_detected:
robot_base_x: 10.513462
robot_base_y: -7.268628
robot_base_yaw: 3.134345
robot_geom: robot0_torso_fixed_collision_box_1
proxy_geom: scene_aabb_proxy_production_line_6
judge_collision_detected:
robot_base_x: 10.513462
robot_base_y: -7.268628
robot_base_yaw: 3.134345
robot_geom: robot0_torso_fixed_column_collision
proxy_geom: scene_aabb_proxy_line_6_belt
judge_collision_detected:
robot_base_x: 10.513462
robot_base_y: -7.268628
robot_base_yaw: 3.134345
robot_geom: robot0_torso_fixed_column_collision
proxy_geom: scene_aabb_proxy_line_6_output_side_protrusion
judge_collision_detected:
robot_base_x: 10.513462
robot_base_y: -7.268628
robot_base_yaw: 3.134345
robot_geom: robot0_wheel_left_collision
proxy_geom: scene_aabb_proxy_line_6_output_side_protrusion
judge_collision_detected:
robot_base_x: 10.513462
robot_base_y: -7.268628
robot_base_yaw: 3.134345
robot_geom: robot0_wheel_right_collision
proxy_geom: scene_aabb_proxy_line_6_output_side_protrusion
judge_collision_detected:
robot_base_x: 10.513462
robot_base_y: -7.268628
robot_base_yaw: 3.134345
robot_geom: robot0_wheel_right_collision
proxy_geom: scene_aabb_proxy_production_line_6
judge_collision_detected:
robot_base_x: 10.510638
robot_base_y: -7.268905
robot_base_yaw: 3.134300
robot_geom: robot0_back_left_caster_2
proxy_geom: scene_aabb_proxy_line_6_belt
judge_collision_detected:
robot_base_x: 10.510638
robot_base_y: -7.268905
robot_base_yaw: 3.134300
robot_geom: robot0_back_left_caster_2
proxy_geom: scene_aabb_proxy_line_6_output_side_protrusion
judge_collision_detected:
robot_base_x: 10.510638
robot_base_y: -7.268905
robot_base_yaw: 3.134300
robot_geom: robot0_back_right_caster_2
proxy_geom: scene_aabb_proxy_line_6_belt
judge_collision_detected:
robot_base_x: 10.510638
robot_base_y: -7.268905
robot_base_yaw: 3.134300
robot_geom: robot0_back_right_caster_2
proxy_geom: scene_aabb_proxy_line_6_output_side_protrusion
judge_collision_detected:
robot_base_x: 10.510638
robot_base_y: -7.268905
robot_base_yaw: 3.134300
robot_geom: robot0_base_collision
proxy_geom: scene_aabb_proxy_line_6_belt
judge_collision_detected:
robot_base_x: 10.510638
robot_base_y: -7.268905
robot_base_yaw: 3.134300
robot_geom: robot0_base_collision
proxy_geom: scene_aabb_proxy_line_6_output_side_protrusion
judge_collision_detected:
robot_base_x: 10.510638
robot_base_y: -7.268905
robot_base_yaw: 3.134300
robot_geom: robot0_base_collision
proxy_geom: scene_aabb_proxy_output_6
judge_collision_detected:
robot_base_x: 10.510638
robot_base_y: -7.268905
robot_base_yaw: 3.134300
robot_geom: robot0_base_collision
proxy_geom: scene_aabb_proxy_production_line_6
judge_collision_detected:
robot_base_x: 10.510638
robot_base_y: -7.268905
robot_base_yaw: 3.134300
robot_geom: robot0_front_left_caster_2
proxy_geom: scene_aabb_proxy_line_6_output_side_protrusion
judge_collision_detected:
robot_base_x: 10.510638
robot_base_y: -7.268905
robot_base_yaw: 3.134300
robot_geom: robot0_front_right_caster_2
proxy_geom: scene_aabb_proxy_line_6_output_side_protrusion
judge_collision_detected:
robot_base_x: 10.510638
robot_base_y: -7.268905
robot_base_yaw: 3.134300
robot_geom: robot0_torso_fixed_collision_box_1
proxy_geom: scene_aabb_proxy_line_6_belt
judge_collision_detected:
robot_base_x: 10.510638
robot_base_y: -7.268905
robot_base_yaw: 3.134300
robot_geom: robot0_torso_fixed_collision_box_1
proxy_geom: scene_aabb_proxy_line_6_output_side_protrusion
judge_collision_detected:
robot_base_x: 10.510638
robot_base_y: -7.268905
robot_base_yaw: 3.134300
robot_geom: robot0_torso_fixed_collision_box_1
proxy_geom: scene_aabb_proxy_output_6
judge_collision_detected:
robot_base_x: 10.510638
robot_base_y: -7.268905
robot_base_yaw: 3.134300
robot_geom: robot0_torso_fixed_collision_box_1
proxy_geom: scene_aabb_proxy_production_line_6
judge_collision_detected:
robot_base_x: 10.510638
robot_base_y: -7.268905
robot_base_yaw: 3.134300
robot_geom: robot0_torso_fixed_column_collision
proxy_geom: scene_aabb_proxy_line_6_belt
judge_collision_detected:
robot_base_x: 10.510638
robot_base_y: -7.268905
robot_base_yaw: 3.134300
robot_geom: robot0_torso_fixed_column_collision
proxy_geom: scene_aabb_proxy_line_6_output_side_protrusion
judge_collision_detected:
robot_base_x: 10.510638
robot_base_y: -7.268905
robot_base_yaw: 3.134300
robot_geom: robot0_wheel_left_collision
proxy_geom: scene_aabb_proxy_line_6_output_side_protrusion
judge_collision_detected:
robot_base_x: 10.510638
robot_base_y: -7.268905
robot_base_yaw: 3.134300
robot_geom: robot0_wheel_right_collision
proxy_geom: scene_aabb_proxy_line_6_output_side_protrusion
judge_collision_detected:
robot_base_x: 10.510638
robot_base_y: -7.268905
robot_base_yaw: 3.134300
robot_geom: robot0_wheel_right_collision
proxy_geom: scene_aabb_proxy_production_line_6
judge_collision_detected:
robot_base_x: 10.507951
robot_base_y: -7.269187
robot_base_yaw: 3.134283
robot_geom: robot0_back_left_caster_2
proxy_geom: scene_aabb_proxy_line_6_belt
judge_collision_detected:
robot_base_x: 10.507951
robot_base_y: -7.269187
robot_base_yaw: 3.134283
robot_geom: robot0_back_left_caster_2
proxy_geom: scene_aabb_proxy_line_6_output_side_protrusion
judge_collision_detected:
robot_base_x: 10.507951
robot_base_y: -7.269187
robot_base_yaw: 3.134283
robot_geom: robot0_back_right_caster_2
proxy_geom: scene_aabb_proxy_line_6_belt
judge_collision_detected:
robot_base_x: 10.507951
robot_base_y: -7.269187
robot_base_yaw: 3.134283
robot_geom: robot0_back_right_caster_2
proxy_geom: scene_aabb_proxy_line_6_output_side_protrusion
judge_collision_detected:
robot_base_x: 10.507951
robot_base_y: -7.269187
robot_base_yaw: 3.134283
robot_geom: robot0_base_collision
proxy_geom: scene_aabb_proxy_line_6_belt
judge_collision_detected:
robot_base_x: 10.507951
robot_base_y: -7.269187
robot_base_yaw: 3.134283
robot_geom: robot0_base_collision
proxy_geom: scene_aabb_proxy_line_6_output_side_protrusion
judge_collision_detected:
robot_base_x: 10.507951
robot_base_y: -7.269187
robot_base_yaw: 3.134283
robot_geom: robot0_base_collision
proxy_geom: scene_aabb_proxy_output_6
judge_collision_detected:
robot_base_x: 10.507951
robot_base_y: -7.269187
robot_base_yaw: 3.134283
robot_geom: robot0_base_collision
proxy_geom: scene_aabb_proxy_production_line_6
judge_collision_detected:
robot_base_x: 10.507951
robot_base_y: -7.269187
robot_base_yaw: 3.134283
robot_geom: robot0_front_left_caster_2
proxy_geom: scene_aabb_proxy_line_6_output_side_protrusion
judge_collision_detected:
robot_base_x: 10.507951
robot_base_y: -7.269187
robot_base_yaw: 3.134283
robot_geom: robot0_front_right_caster_2
proxy_geom: scene_aabb_proxy_line_6_output_side_protrusion
judge_collision_detected:
robot_base_x: 10.507951
robot_base_y: -7.269187
robot_base_yaw: 3.134283
robot_geom: robot0_torso_fixed_collision_box_1
proxy_geom: scene_aabb_proxy_line_6_belt
judge_collision_detected:
robot_base_x: 10.507951
robot_base_y: -7.269187
robot_base_yaw: 3.134283
robot_geom: robot0_torso_fixed_collision_box_1
proxy_geom: scene_aabb_proxy_line_6_output_side_protrusion
judge_collision_detected:
robot_base_x: 10.507951
robot_base_y: -7.269187
robot_base_yaw: 3.134283
robot_geom: robot0_torso_fixed_collision_box_1
proxy_geom: scene_aabb_proxy_output_6
judge_collision_detected:
robot_base_x: 10.507951
robot_base_y: -7.269187
robot_base_yaw: 3.134283
robot_geom: robot0_torso_fixed_collision_box_1
proxy_geom: scene_aabb_proxy_production_line_6
judge_collision_detected:
robot_base_x: 10.507951
robot_base_y: -7.269187
robot_base_yaw: 3.134283
robot_geom: robot0_torso_fixed_column_collision
proxy_geom: scene_aabb_proxy_line_6_belt
judge_collision_detected:
robot_base_x: 10.507951
robot_base_y: -7.269187
robot_base_yaw: 3.134283
robot_geom: robot0_torso_fixed_column_collision
proxy_geom: scene_aabb_proxy_line_6_output_side_protrusion
judge_collision_detected:
robot_base_x: 10.507951
robot_base_y: -7.269187
robot_base_yaw: 3.134283
robot_geom: robot0_wheel_left_collision
proxy_geom: scene_aabb_proxy_line_6_output_side_protrusion
judge_collision_detected:
robot_base_x: 10.507951
robot_base_y: -7.269187
robot_base_yaw: 3.134283
robot_geom: robot0_wheel_right_collision
proxy_geom: scene_aabb_proxy_line_6_output_side_protrusion
judge_collision_detected:
robot_base_x: 10.507951
robot_base_y: -7.269187
robot_base_yaw: 3.134283
robot_geom: robot0_wheel_right_collision
proxy_geom: scene_aabb_proxy_production_line_6
judge_collision_detected:
robot_base_x: 10.505394
robot_base_y: -7.269482
robot_base_yaw: 3.134322
robot_geom: robot0_back_left_caster_2
proxy_geom: scene_aabb_proxy_line_6_belt
judge_collision_detected:
robot_base_x: 10.505394
robot_base_y: -7.269482
robot_base_yaw: 3.134322
robot_geom: robot0_back_left_caster_2
proxy_geom: scene_aabb_proxy_line_6_output_side_protrusion
judge_collision_detected:
robot_base_x: 10.505394
robot_base_y: -7.269482
robot_base_yaw: 3.134322
robot_geom: robot0_back_right_caster_2
proxy_geom: scene_aabb_proxy_line_6_belt
judge_collision_detected:
robot_base_x: 10.505394
robot_base_y: -7.269482
robot_base_yaw: 3.134322
robot_geom: robot0_back_right_caster_2
proxy_geom: scene_aabb_proxy_line_6_output_side_protrusion
judge_collision_detected:
robot_base_x: 10.505394
robot_base_y: -7.269482
robot_base_yaw: 3.134322
robot_geom: robot0_base_collision
proxy_geom: scene_aabb_proxy_line_6_belt
judge_collision_detected:
robot_base_x: 10.505394
robot_base_y: -7.269482
robot_base_yaw: 3.134322
robot_geom: robot0_base_collision
proxy_geom: scene_aabb_proxy_line_6_output_side_protrusion
judge_collision_detected:
robot_base_x: 10.505394
robot_base_y: -7.269482
robot_base_yaw: 3.134322
robot_geom: robot0_base_collision
proxy_geom: scene_aabb_proxy_output_6
judge_collision_detected:
robot_base_x: 10.505394
robot_base_y: -7.269482
robot_base_yaw: 3.134322
robot_geom: robot0_base_collision
proxy_geom: scene_aabb_proxy_production_line_6
judge_collision_detected:
robot_base_x: 10.505394
robot_base_y: -7.269482
robot_base_yaw: 3.134322
robot_geom: robot0_front_left_caster_2
proxy_geom: scene_aabb_proxy_line_6_output_side_protrusion
judge_collision_detected:
robot_base_x: 10.505394
robot_base_y: -7.269482
robot_base_yaw: 3.134322
robot_geom: robot0_front_right_caster_2
proxy_geom: scene_aabb_proxy_line_6_output_side_protrusion
judge_collision_detected:
robot_base_x: 10.505394
robot_base_y: -7.269482
robot_base_yaw: 3.134322
robot_geom: robot0_torso_fixed_collision_box_1
proxy_geom: scene_aabb_proxy_line_6_belt
judge_collision_detected:
robot_base_x: 10.505394
robot_base_y: -7.269482
robot_base_yaw: 3.134322
robot_geom: robot0_torso_fixed_collision_box_1
proxy_geom: scene_aabb_proxy_line_6_output_side_protrusion
judge_collision_detected:
robot_base_x: 10.505394
robot_base_y: -7.269482
robot_base_yaw: 3.134322
robot_geom: robot0_torso_fixed_collision_box_1
proxy_geom: scene_aabb_proxy_output_6
judge_collision_detected:
robot_base_x: 10.505394
robot_base_y: -7.269482
robot_base_yaw: 3.134322
robot_geom: robot0_torso_fixed_collision_box_1
proxy_geom: scene_aabb_proxy_production_line_6
judge_collision_detected:
robot_base_x: 10.505394
robot_base_y: -7.269482
robot_base_yaw: 3.134322
robot_geom: robot0_torso_fixed_column_collision
proxy_geom: scene_aabb_proxy_line_6_belt
judge_collision_detected:
robot_base_x: 10.505394
robot_base_y: -7.269482
robot_base_yaw: 3.134322
robot_geom: robot0_torso_fixed_column_collision
proxy_geom: scene_aabb_proxy_line_6_output_side_protrusion
judge_collision_detected:
robot_base_x: 10.505394
robot_base_y: -7.269482
robot_base_yaw: 3.134322
robot_geom: robot0_wheel_left_collision
proxy_geom: scene_aabb_proxy_line_6_output_side_protrusion
judge_collision_detected:
robot_base_x: 10.505394
robot_base_y: -7.269482
robot_base_yaw: 3.134322
robot_geom: robot0_wheel_right_collision
proxy_geom: scene_aabb_proxy_line_6_output_side_protrusion
judge_collision_detected:
robot_base_x: 10.505394
robot_base_y: -7.269482
robot_base_yaw: 3.134322
robot_geom: robot0_wheel_right_collision
proxy_geom: scene_aabb_proxy_production_line_6
judge_collision_detected:
robot_base_x: 10.502946
robot_base_y: -7.269781
robot_base_yaw: 3.134381
robot_geom: robot0_back_left_caster_2
proxy_geom: scene_aabb_proxy_line_6_belt
judge_collision_detected:
robot_base_x: 10.502946
robot_base_y: -7.269781
robot_base_yaw: 3.134381
robot_geom: robot0_back_left_caster_2
proxy_geom: scene_aabb_proxy_line_6_output_side_protrusion
judge_collision_detected:
robot_base_x: 10.502946
robot_base_y: -7.269781
robot_base_yaw: 3.134381
robot_geom: robot0_back_right_caster_2
proxy_geom: scene_aabb_proxy_line_6_belt
judge_collision_detected:
robot_base_x: 10.502946
robot_base_y: -7.269781
robot_base_yaw: 3.134381
robot_geom: robot0_back_right_caster_2
proxy_geom: scene_aabb_proxy_line_6_output_side_protrusion
judge_collision_detected:
robot_base_x: 10.502946
robot_base_y: -7.269781
robot_base_yaw: 3.134381
robot_geom: robot0_base_collision
proxy_geom: scene_aabb_proxy_line_6_belt
judge_collision_detected:
robot_base_x: 10.502946
robot_base_y: -7.269781
robot_base_yaw: 3.134381
robot_geom: robot0_base_collision
proxy_geom: scene_aabb_proxy_line_6_output_side_protrusion
judge_collision_detected:
robot_base_x: 10.502946
robot_base_y: -7.269781
robot_base_yaw: 3.134381
robot_geom: robot0_base_collision
proxy_geom: scene_aabb_proxy_output_6
judge_collision_detected:
robot_base_x: 10.502946
robot_base_y: -7.269781
robot_base_yaw: 3.134381
robot_geom: robot0_base_collision
proxy_geom: scene_aabb_proxy_production_line_6
judge_collision_detected:
robot_base_x: 10.502946
robot_base_y: -7.269781
robot_base_yaw: 3.134381
robot_geom: robot0_torso_fixed_collision_box_1
proxy_geom: scene_aabb_proxy_line_6_belt
judge_collision_detected:
robot_base_x: 10.502946
robot_base_y: -7.269781
robot_base_yaw: 3.134381
robot_geom: robot0_torso_fixed_collision_box_1
proxy_geom: scene_aabb_proxy_line_6_output_side_protrusion
judge_collision_detected:
robot_base_x: 10.502946
robot_base_y: -7.269781
robot_base_yaw: 3.134381
robot_geom: robot0_torso_fixed_collision_box_1
proxy_geom: scene_aabb_proxy_output_6
judge_collision_detected:
robot_base_x: 10.502946
robot_base_y: -7.269781
robot_base_yaw: 3.134381
robot_geom: robot0_torso_fixed_collision_box_1
proxy_geom: scene_aabb_proxy_production_line_6
judge_collision_detected:
robot_base_x: 10.502946
robot_base_y: -7.269781
robot_base_yaw: 3.134381
robot_geom: robot0_torso_fixed_column_collision
proxy_geom: scene_aabb_proxy_line_6_belt
judge_collision_detected:
robot_base_x: 10.502946
robot_base_y: -7.269781
robot_base_yaw: 3.134381
robot_geom: robot0_torso_fixed_column_collision
proxy_geom: scene_aabb_proxy_line_6_output_side_protrusion
judge_collision_detected:
robot_base_x: 10.502946
robot_base_y: -7.269781
robot_base_yaw: 3.134381
robot_geom: robot0_wheel_left_collision
proxy_geom: scene_aabb_proxy_line_6_output_side_protrusion
judge_collision_detected:
robot_base_x: 10.502946
robot_base_y: -7.269781
robot_base_yaw: 3.134381
robot_geom: robot0_wheel_right_collision
proxy_geom: scene_aabb_proxy_line_6_output_side_protrusion
judge_collision_detected:
robot_base_x: 10.502946
robot_base_y: -7.269781
robot_base_yaw: 3.134381
robot_geom: robot0_wheel_right_collision
proxy_geom: scene_aabb_proxy_production_line_6
judge_collision_detected:
robot_base_x: 10.500593
robot_base_y: -7.270076
robot_base_yaw: 3.134442
robot_geom: robot0_back_left_caster_2
proxy_geom: scene_aabb_proxy_line_6_belt
judge_collision_detected:
robot_base_x: 10.500593
robot_base_y: -7.270076
robot_base_yaw: 3.134442
robot_geom: robot0_back_left_caster_2
proxy_geom: scene_aabb_proxy_line_6_output_side_protrusion
judge_collision_detected:
robot_base_x: 10.500593
robot_base_y: -7.270076
robot_base_yaw: 3.134442
robot_geom: robot0_back_right_caster_2
proxy_geom: scene_aabb_proxy_line_6_belt
judge_collision_detected:
robot_base_x: 10.500593
robot_base_y: -7.270076
robot_base_yaw: 3.134442
robot_geom: robot0_back_right_caster_2
proxy_geom: scene_aabb_proxy_line_6_output_side_protrusion
judge_collision_detected:
robot_base_x: 10.500593
robot_base_y: -7.270076
robot_base_yaw: 3.134442
robot_geom: robot0_base_collision
proxy_geom: scene_aabb_proxy_line_6_belt
judge_collision_detected:
robot_base_x: 10.500593
robot_base_y: -7.270076
robot_base_yaw: 3.134442
robot_geom: robot0_base_collision
proxy_geom: scene_aabb_proxy_line_6_output_side_protrusion
judge_collision_detected:
robot_base_x: 10.500593
robot_base_y: -7.270076
robot_base_yaw: 3.134442
robot_geom: robot0_base_collision
proxy_geom: scene_aabb_proxy_output_6
judge_collision_detected:
robot_base_x: 10.500593
robot_base_y: -7.270076
robot_base_yaw: 3.134442
robot_geom: robot0_base_collision
proxy_geom: scene_aabb_proxy_production_line_6
judge_collision_detected:
robot_base_x: 10.500593
robot_base_y: -7.270076
robot_base_yaw: 3.134442
robot_geom: robot0_torso_fixed_collision_box_1
proxy_geom: scene_aabb_proxy_line_6_belt
judge_collision_detected:
robot_base_x: 10.500593
robot_base_y: -7.270076
robot_base_yaw: 3.134442
robot_geom: robot0_torso_fixed_collision_box_1
proxy_geom: scene_aabb_proxy_line_6_output_side_protrusion
judge_collision_detected:
robot_base_x: 10.500593
robot_base_y: -7.270076
robot_base_yaw: 3.134442
robot_geom: robot0_torso_fixed_collision_box_1
proxy_geom: scene_aabb_proxy_output_6
judge_collision_detected:
robot_base_x: 10.500593
robot_base_y: -7.270076
robot_base_yaw: 3.134442
robot_geom: robot0_torso_fixed_collision_box_1
proxy_geom: scene_aabb_proxy_production_line_6
judge_collision_detected:
robot_base_x: 10.500593
robot_base_y: -7.270076
robot_base_yaw: 3.134442
robot_geom: robot0_torso_fixed_column_collision
proxy_geom: scene_aabb_proxy_line_6_belt
judge_collision_detected:
robot_base_x: 10.500593
robot_base_y: -7.270076
robot_base_yaw: 3.134442
robot_geom: robot0_torso_fixed_column_collision
proxy_geom: scene_aabb_proxy_line_6_output_side_protrusion
judge_collision_detected:
robot_base_x: 10.500593
robot_base_y: -7.270076
robot_base_yaw: 3.134442
robot_geom: robot0_wheel_left_collision
proxy_geom: scene_aabb_proxy_line_6_output_side_protrusion
judge_collision_detected:
robot_base_x: 10.500593
robot_base_y: -7.270076
robot_base_yaw: 3.134442
robot_geom: robot0_wheel_right_collision
proxy_geom: scene_aabb_proxy_line_6_output_side_protrusion
judge_collision_detected:
robot_base_x: 10.500593
robot_base_y: -7.270076
robot_base_yaw: 3.134442
robot_geom: robot0_wheel_right_collision
proxy_geom: scene_aabb_proxy_production_line_6
judge_collision_detected:
robot_base_x: 10.498348
robot_base_y: -7.270364
robot_base_yaw: 3.134468
robot_geom: robot0_back_left_caster_2
proxy_geom: scene_aabb_proxy_line_6_belt
judge_collision_detected:
robot_base_x: 10.498348
robot_base_y: -7.270364
robot_base_yaw: 3.134468
robot_geom: robot0_back_left_caster_2
proxy_geom: scene_aabb_proxy_line_6_output_side_protrusion
judge_collision_detected:
robot_base_x: 10.498348
robot_base_y: -7.270364
robot_base_yaw: 3.134468
robot_geom: robot0_back_right_caster_2
proxy_geom: scene_aabb_proxy_line_6_belt
judge_collision_detected:
robot_base_x: 10.498348
robot_base_y: -7.270364
robot_base_yaw: 3.134468
robot_geom: robot0_back_right_caster_2
proxy_geom: scene_aabb_proxy_line_6_output_side_protrusion
judge_collision_detected:
robot_base_x: 10.498348
robot_base_y: -7.270364
robot_base_yaw: 3.134468
robot_geom: robot0_base_collision
proxy_geom: scene_aabb_proxy_line_6_belt
judge_collision_detected:
robot_base_x: 10.498348
robot_base_y: -7.270364
robot_base_yaw: 3.134468
robot_geom: robot0_base_collision
proxy_geom: scene_aabb_proxy_line_6_output_side_protrusion
judge_collision_detected:
robot_base_x: 10.498348
robot_base_y: -7.270364
robot_base_yaw: 3.134468
robot_geom: robot0_base_collision
proxy_geom: scene_aabb_proxy_output_6
judge_collision_detected:
robot_base_x: 10.498348
robot_base_y: -7.270364
robot_base_yaw: 3.134468
robot_geom: robot0_base_collision
proxy_geom: scene_aabb_proxy_production_line_6
judge_collision_detected:
robot_base_x: 10.498348
robot_base_y: -7.270364
robot_base_yaw: 3.134468
robot_geom: robot0_torso_fixed_collision_box_1
proxy_geom: scene_aabb_proxy_line_6_belt
judge_collision_detected:
robot_base_x: 10.498348
robot_base_y: -7.270364
robot_base_yaw: 3.134468
robot_geom: robot0_torso_fixed_collision_box_1
proxy_geom: scene_aabb_proxy_line_6_output_side_protrusion
judge_collision_detected:
robot_base_x: 10.498348
robot_base_y: -7.270364
robot_base_yaw: 3.134468
robot_geom: robot0_torso_fixed_collision_box_1
proxy_geom: scene_aabb_proxy_output_6
judge_collision_detected:
robot_base_x: 10.498348
robot_base_y: -7.270364
robot_base_yaw: 3.134468
robot_geom: robot0_torso_fixed_collision_box_1
proxy_geom: scene_aabb_proxy_production_line_6
judge_collision_detected:
robot_base_x: 10.498348
robot_base_y: -7.270364
robot_base_yaw: 3.134468
robot_geom: robot0_torso_fixed_column_collision
proxy_geom: scene_aabb_proxy_line_6_belt
judge_collision_detected:
robot_base_x: 10.498348
robot_base_y: -7.270364
robot_base_yaw: 3.134468
robot_geom: robot0_torso_fixed_column_collision
proxy_geom: scene_aabb_proxy_line_6_output_side_protrusion
judge_collision_detected:
robot_base_x: 10.498348
robot_base_y: -7.270364
robot_base_yaw: 3.134468
robot_geom: robot0_wheel_left_collision
proxy_geom: scene_aabb_proxy_line_6_output_side_protrusion
judge_collision_detected:
robot_base_x: 10.498348
robot_base_y: -7.270364
robot_base_yaw: 3.134468
robot_geom: robot0_wheel_right_collision
proxy_geom: scene_aabb_proxy_line_6_output_side_protrusion
judge_collision_detected:
robot_base_x: 10.498348
robot_base_y: -7.270364
robot_base_yaw: 3.134468
robot_geom: robot0_wheel_right_collision
proxy_geom: scene_aabb_proxy_production_line_6
judge_collision_detected:
robot_base_x: 10.496233
robot_base_y: -7.270641
robot_base_yaw: 3.134429
robot_geom: robot0_back_left_caster_2
proxy_geom: scene_aabb_proxy_line_6_belt
judge_collision_detected:
robot_base_x: 10.496233
robot_base_y: -7.270641
robot_base_yaw: 3.134429
robot_geom: robot0_back_left_caster_2
proxy_geom: scene_aabb_proxy_line_6_output_side_protrusion
judge_collision_detected:
robot_base_x: 10.496233
robot_base_y: -7.270641
robot_base_yaw: 3.134429
robot_geom: robot0_back_right_caster_2
proxy_geom: scene_aabb_proxy_line_6_belt
judge_collision_detected:
robot_base_x: 10.496233
robot_base_y: -7.270641
robot_base_yaw: 3.134429
robot_geom: robot0_back_right_caster_2
proxy_geom: scene_aabb_proxy_line_6_output_side_protrusion
judge_collision_detected:
robot_base_x: 10.496233
robot_base_y: -7.270641
robot_base_yaw: 3.134429
robot_geom: robot0_base_collision
proxy_geom: scene_aabb_proxy_line_6_belt
judge_collision_detected:
robot_base_x: 10.496233
robot_base_y: -7.270641
robot_base_yaw: 3.134429
robot_geom: robot0_base_collision
proxy_geom: scene_aabb_proxy_line_6_output_side_protrusion
judge_collision_detected:
robot_base_x: 10.496233
robot_base_y: -7.270641
robot_base_yaw: 3.134429
robot_geom: robot0_base_collision
proxy_geom: scene_aabb_proxy_output_6
judge_collision_detected:
robot_base_x: 10.496233
robot_base_y: -7.270641
robot_base_yaw: 3.134429
robot_geom: robot0_base_collision
proxy_geom: scene_aabb_proxy_production_line_6
judge_collision_detected:
robot_base_x: 10.496233
robot_base_y: -7.270641
robot_base_yaw: 3.134429
robot_geom: robot0_torso_fixed_collision_box_1
proxy_geom: scene_aabb_proxy_line_6_belt
judge_collision_detected:
robot_base_x: 10.496233
robot_base_y: -7.270641
robot_base_yaw: 3.134429
robot_geom: robot0_torso_fixed_collision_box_1
proxy_geom: scene_aabb_proxy_line_6_output_side_protrusion
judge_collision_detected:
robot_base_x: 10.496233
robot_base_y: -7.270641
robot_base_yaw: 3.134429
robot_geom: robot0_torso_fixed_collision_box_1
proxy_geom: scene_aabb_proxy_output_6
judge_collision_detected:
robot_base_x: 10.496233
robot_base_y: -7.270641
robot_base_yaw: 3.134429
robot_geom: robot0_torso_fixed_collision_box_1
proxy_geom: scene_aabb_proxy_production_line_6
judge_collision_detected:
robot_base_x: 10.496233
robot_base_y: -7.270641
robot_base_yaw: 3.134429
robot_geom: robot0_torso_fixed_column_collision
proxy_geom: scene_aabb_proxy_line_6_belt
judge_collision_detected:
robot_base_x: 10.496233
robot_base_y: -7.270641
robot_base_yaw: 3.134429
robot_geom: robot0_torso_fixed_column_collision
proxy_geom: scene_aabb_proxy_line_6_output_side_protrusion
judge_collision_detected:
robot_base_x: 10.496233
robot_base_y: -7.270641
robot_base_yaw: 3.134429
robot_geom: robot0_wheel_left_collision
proxy_geom: scene_aabb_proxy_line_6_output_side_protrusion
judge_collision_detected:
robot_base_x: 10.496233
robot_base_y: -7.270641
robot_base_yaw: 3.134429
robot_geom: robot0_wheel_right_collision
proxy_geom: scene_aabb_proxy_line_6_output_side_protrusion
judge_collision_detected:
robot_base_x: 10.496233
robot_base_y: -7.270641
robot_base_yaw: 3.134429
robot_geom: robot0_wheel_right_collision
proxy_geom: scene_aabb_proxy_production_line_6
judge_collision_detected:
robot_base_x: 10.494198
robot_base_y: -7.270914
robot_base_yaw: 3.134378
robot_geom: robot0_back_left_caster_2
proxy_geom: scene_aabb_proxy_line_6_belt
judge_collision_detected:
robot_base_x: 10.494198
robot_base_y: -7.270914
robot_base_yaw: 3.134378
robot_geom: robot0_back_left_caster_2
proxy_geom: scene_aabb_proxy_line_6_output_side_protrusion
judge_collision_detected:
robot_base_x: 10.494198
robot_base_y: -7.270914
robot_base_yaw: 3.134378
robot_geom: robot0_back_right_caster_2
proxy_geom: scene_aabb_proxy_line_6_belt
judge_collision_detected:
robot_base_x: 10.494198
robot_base_y: -7.270914
robot_base_yaw: 3.134378
robot_geom: robot0_back_right_caster_2
proxy_geom: scene_aabb_proxy_line_6_output_side_protrusion
judge_collision_detected:
robot_base_x: 10.494198
robot_base_y: -7.270914
robot_base_yaw: 3.134378
robot_geom: robot0_base_collision
proxy_geom: scene_aabb_proxy_line_6_belt
judge_collision_detected:
robot_base_x: 10.494198
robot_base_y: -7.270914
robot_base_yaw: 3.134378
robot_geom: robot0_base_collision
proxy_geom: scene_aabb_proxy_line_6_output_side_protrusion
judge_collision_detected:
robot_base_x: 10.494198
robot_base_y: -7.270914
robot_base_yaw: 3.134378
robot_geom: robot0_base_collision
proxy_geom: scene_aabb_proxy_output_6
judge_collision_detected:
robot_base_x: 10.494198
robot_base_y: -7.270914
robot_base_yaw: 3.134378
robot_geom: robot0_base_collision
proxy_geom: scene_aabb_proxy_production_line_6
judge_collision_detected:
robot_base_x: 10.494198
robot_base_y: -7.270914
robot_base_yaw: 3.134378
robot_geom: robot0_torso_fixed_collision_box_1
proxy_geom: scene_aabb_proxy_line_6_belt
judge_collision_detected:
robot_base_x: 10.494198
robot_base_y: -7.270914
robot_base_yaw: 3.134378
robot_geom: robot0_torso_fixed_collision_box_1
proxy_geom: scene_aabb_proxy_line_6_output_side_protrusion
judge_collision_detected:
robot_base_x: 10.494198
robot_base_y: -7.270914
robot_base_yaw: 3.134378
robot_geom: robot0_torso_fixed_collision_box_1
proxy_geom: scene_aabb_proxy_output_6
judge_collision_detected:
robot_base_x: 10.494198
robot_base_y: -7.270914
robot_base_yaw: 3.134378
robot_geom: robot0_torso_fixed_collision_box_1
proxy_geom: scene_aabb_proxy_production_line_6
judge_collision_detected:
robot_base_x: 10.494198
robot_base_y: -7.270914
robot_base_yaw: 3.134378
robot_geom: robot0_torso_fixed_column_collision
proxy_geom: scene_aabb_proxy_line_6_belt
judge_collision_detected:
robot_base_x: 10.494198
robot_base_y: -7.270914
robot_base_yaw: 3.134378
robot_geom: robot0_torso_fixed_column_collision
proxy_geom: scene_aabb_proxy_line_6_output_side_protrusion
judge_collision_detected:
robot_base_x: 10.494198
robot_base_y: -7.270914
robot_base_yaw: 3.134378
robot_geom: robot0_wheel_left_collision
proxy_geom: scene_aabb_proxy_line_6_output_side_protrusion
judge_collision_detected:
robot_base_x: 10.494198
robot_base_y: -7.270914
robot_base_yaw: 3.134378
robot_geom: robot0_wheel_right_collision
proxy_geom: scene_aabb_proxy_line_6_output_side_protrusion
judge_collision_detected:
robot_base_x: 10.494198
robot_base_y: -7.270914
robot_base_yaw: 3.134378
robot_geom: robot0_wheel_right_collision
proxy_geom: scene_aabb_proxy_production_line_6
judge_collision_detected:
robot_base_x: 10.492240
robot_base_y: -7.271183
robot_base_yaw: 3.134336
robot_geom: robot0_back_left_caster_2
proxy_geom: scene_aabb_proxy_line_6_belt
judge_collision_detected:
robot_base_x: 10.492240
robot_base_y: -7.271183
robot_base_yaw: 3.134336
robot_geom: robot0_back_left_caster_2
proxy_geom: scene_aabb_proxy_line_6_output_side_protrusion
judge_collision_detected:
robot_base_x: 10.492240
robot_base_y: -7.271183
robot_base_yaw: 3.134336
robot_geom: robot0_back_right_caster_2
proxy_geom: scene_aabb_proxy_line_6_belt
judge_collision_detected:
robot_base_x: 10.492240
robot_base_y: -7.271183
robot_base_yaw: 3.134336
robot_geom: robot0_back_right_caster_2
proxy_geom: scene_aabb_proxy_line_6_output_side_protrusion
judge_collision_detected:
robot_base_x: 10.492240
robot_base_y: -7.271183
robot_base_yaw: 3.134336
robot_geom: robot0_base_collision
proxy_geom: scene_aabb_proxy_line_6_belt
judge_collision_detected:
robot_base_x: 10.492240
robot_base_y: -7.271183
robot_base_yaw: 3.134336
robot_geom: robot0_base_collision
proxy_geom: scene_aabb_proxy_line_6_output_side_protrusion
judge_collision_detected:
robot_base_x: 10.492240
robot_base_y: -7.271183
robot_base_yaw: 3.134336
robot_geom: robot0_base_collision
proxy_geom: scene_aabb_proxy_output_6
judge_collision_detected:
robot_base_x: 10.492240
robot_base_y: -7.271183
robot_base_yaw: 3.134336
robot_geom: robot0_base_collision
proxy_geom: scene_aabb_proxy_production_line_6
judge_collision_detected:
robot_base_x: 10.492240
robot_base_y: -7.271183
robot_base_yaw: 3.134336
robot_geom: robot0_torso_fixed_collision_box_1
proxy_geom: scene_aabb_proxy_line_6_belt
judge_collision_detected:
robot_base_x: 10.492240
robot_base_y: -7.271183
robot_base_yaw: 3.134336
robot_geom: robot0_torso_fixed_collision_box_1
proxy_geom: scene_aabb_proxy_line_6_output_side_protrusion
judge_collision_detected:
robot_base_x: 10.492240
robot_base_y: -7.271183
robot_base_yaw: 3.134336
robot_geom: robot0_torso_fixed_collision_box_1
proxy_geom: scene_aabb_proxy_output_6
judge_collision_detected:
robot_base_x: 10.492240
robot_base_y: -7.271183
robot_base_yaw: 3.134336
robot_geom: robot0_torso_fixed_collision_box_1
proxy_geom: scene_aabb_proxy_production_line_6
judge_collision_detected:
robot_base_x: 10.492240
robot_base_y: -7.271183
robot_base_yaw: 3.134336
robot_geom: robot0_torso_fixed_column_collision
proxy_geom: scene_aabb_proxy_line_6_belt
judge_collision_detected:
robot_base_x: 10.492240
robot_base_y: -7.271183
robot_base_yaw: 3.134336
robot_geom: robot0_torso_fixed_column_collision
proxy_geom: scene_aabb_proxy_line_6_output_side_protrusion
judge_collision_detected:
robot_base_x: 10.492240
robot_base_y: -7.271183
robot_base_yaw: 3.134336
robot_geom: robot0_wheel_left_collision
proxy_geom: scene_aabb_proxy_line_6_output_side_protrusion
judge_collision_detected:
robot_base_x: 10.492240
robot_base_y: -7.271183
robot_base_yaw: 3.134336
robot_geom: robot0_wheel_right_collision
proxy_geom: scene_aabb_proxy_line_6_output_side_protrusion
judge_collision_detected:
robot_base_x: 10.492240
robot_base_y: -7.271183
robot_base_yaw: 3.134336
robot_geom: robot0_wheel_right_collision
proxy_geom: scene_aabb_proxy_production_line_6
judge_collision_detected:
robot_base_x: 10.490294
robot_base_y: -7.271455
robot_base_yaw: 3.134330
robot_geom: robot0_back_left_caster_2
proxy_geom: scene_aabb_proxy_line_6_belt
judge_collision_detected:
robot_base_x: 10.490294
robot_base_y: -7.271455
robot_base_yaw: 3.134330
robot_geom: robot0_back_left_caster_2
proxy_geom: scene_aabb_proxy_line_6_output_side_protrusion
judge_collision_detected:
robot_base_x: 10.490294
robot_base_y: -7.271455
robot_base_yaw: 3.134330
robot_geom: robot0_back_right_caster_2
proxy_geom: scene_aabb_proxy_line_6_belt
judge_collision_detected:
robot_base_x: 10.490294
robot_base_y: -7.271455
robot_base_yaw: 3.134330
robot_geom: robot0_back_right_caster_2
proxy_geom: scene_aabb_proxy_line_6_output_side_protrusion
judge_collision_detected:
robot_base_x: 10.490294
robot_base_y: -7.271455
robot_base_yaw: 3.134330
robot_geom: robot0_base_collision
proxy_geom: scene_aabb_proxy_line_6_belt
judge_collision_detected:
robot_base_x: 10.490294
robot_base_y: -7.271455
robot_base_yaw: 3.134330
robot_geom: robot0_base_collision
proxy_geom: scene_aabb_proxy_line_6_output_side_protrusion
judge_collision_detected:
robot_base_x: 10.490294
robot_base_y: -7.271455
robot_base_yaw: 3.134330
robot_geom: robot0_base_collision
proxy_geom: scene_aabb_proxy_output_6
judge_collision_detected:
robot_base_x: 10.490294
robot_base_y: -7.271455
robot_base_yaw: 3.134330
robot_geom: robot0_base_collision
proxy_geom: scene_aabb_proxy_production_line_6
judge_collision_detected:
robot_base_x: 10.490294
robot_base_y: -7.271455
robot_base_yaw: 3.134330
robot_geom: robot0_torso_fixed_collision_box_1
proxy_geom: scene_aabb_proxy_line_6_belt
judge_collision_detected:
robot_base_x: 10.490294
robot_base_y: -7.271455
robot_base_yaw: 3.134330
robot_geom: robot0_torso_fixed_collision_box_1
proxy_geom: scene_aabb_proxy_line_6_output_side_protrusion
judge_collision_detected:
robot_base_x: 10.490294
robot_base_y: -7.271455
robot_base_yaw: 3.134330
robot_geom: robot0_torso_fixed_collision_box_1
proxy_geom: scene_aabb_proxy_output_6
judge_collision_detected:
robot_base_x: 10.490294
robot_base_y: -7.271455
robot_base_yaw: 3.134330
robot_geom: robot0_torso_fixed_collision_box_1
proxy_geom: scene_aabb_proxy_production_line_6
judge_collision_detected:
robot_base_x: 10.490294
robot_base_y: -7.271455
robot_base_yaw: 3.134330
robot_geom: robot0_torso_fixed_column_collision
proxy_geom: scene_aabb_proxy_line_6_belt
judge_collision_detected:
robot_base_x: 10.490294
robot_base_y: -7.271455
robot_base_yaw: 3.134330
robot_geom: robot0_torso_fixed_column_collision
proxy_geom: scene_aabb_proxy_line_6_output_side_protrusion
judge_collision_detected:
robot_base_x: 10.490294
robot_base_y: -7.271455
robot_base_yaw: 3.134330
robot_geom: robot0_wheel_left_collision
proxy_geom: scene_aabb_proxy_line_6_output_side_protrusion
judge_collision_detected:
robot_base_x: 10.490294
robot_base_y: -7.271455
robot_base_yaw: 3.134330
robot_geom: robot0_wheel_right_collision
proxy_geom: scene_aabb_proxy_line_6_output_side_protrusion
judge_collision_detected:
robot_base_x: 10.490294
robot_base_y: -7.271455
robot_base_yaw: 3.134330
robot_geom: robot0_wheel_right_collision
proxy_geom: scene_aabb_proxy_production_line_6
judge_collision_detected:
robot_base_x: 10.488184
robot_base_y: -7.271723
robot_base_yaw: 3.134278
robot_geom: robot0_back_left_caster_2
proxy_geom: scene_aabb_proxy_line_6_belt
judge_collision_detected:
robot_base_x: 10.488184
robot_base_y: -7.271723
robot_base_yaw: 3.134278
robot_geom: robot0_back_left_caster_2
proxy_geom: scene_aabb_proxy_line_6_output_side_protrusion
judge_collision_detected:
robot_base_x: 10.488184
robot_base_y: -7.271723
robot_base_yaw: 3.134278
robot_geom: robot0_back_right_caster_2
proxy_geom: scene_aabb_proxy_line_6_belt
judge_collision_detected:
robot_base_x: 10.488184
robot_base_y: -7.271723
robot_base_yaw: 3.134278
robot_geom: robot0_back_right_caster_2
proxy_geom: scene_aabb_proxy_line_6_output_side_protrusion
judge_collision_detected:
robot_base_x: 10.488184
robot_base_y: -7.271723
robot_base_yaw: 3.134278
robot_geom: robot0_base_collision
proxy_geom: scene_aabb_proxy_line_6_belt
judge_collision_detected:
robot_base_x: 10.488184
robot_base_y: -7.271723
robot_base_yaw: 3.134278
robot_geom: robot0_base_collision
proxy_geom: scene_aabb_proxy_line_6_output_side_protrusion
judge_collision_detected:
robot_base_x: 10.488184
robot_base_y: -7.271723
robot_base_yaw: 3.134278
robot_geom: robot0_base_collision
proxy_geom: scene_aabb_proxy_output_6
judge_collision_detected:
robot_base_x: 10.488184
robot_base_y: -7.271723
robot_base_yaw: 3.134278
robot_geom: robot0_base_collision
proxy_geom: scene_aabb_proxy_production_line_6
judge_collision_detected:
robot_base_x: 10.488184
robot_base_y: -7.271723
robot_base_yaw: 3.134278
robot_geom: robot0_torso_fixed_collision_box_1
proxy_geom: scene_aabb_proxy_line_6_belt
judge_collision_detected:
robot_base_x: 10.488184
robot_base_y: -7.271723
robot_base_yaw: 3.134278
robot_geom: robot0_torso_fixed_collision_box_1
proxy_geom: scene_aabb_proxy_line_6_output_side_protrusion
judge_collision_detected:
robot_base_x: 10.488184
robot_base_y: -7.271723
robot_base_yaw: 3.134278
robot_geom: robot0_torso_fixed_collision_box_1
proxy_geom: scene_aabb_proxy_output_6
judge_collision_detected:
robot_base_x: 10.488184
robot_base_y: -7.271723
robot_base_yaw: 3.134278
robot_geom: robot0_torso_fixed_collision_box_1
proxy_geom: scene_aabb_proxy_production_line_6
judge_collision_detected:
robot_base_x: 10.488184
robot_base_y: -7.271723
robot_base_yaw: 3.134278
robot_geom: robot0_torso_fixed_column_collision
proxy_geom: scene_aabb_proxy_line_6_belt
judge_collision_detected:
robot_base_x: 10.488184
robot_base_y: -7.271723
robot_base_yaw: 3.134278
robot_geom: robot0_torso_fixed_column_collision
proxy_geom: scene_aabb_proxy_line_6_output_side_protrusion
judge_collision_detected:
robot_base_x: 10.488184
robot_base_y: -7.271723
robot_base_yaw: 3.134278
robot_geom: robot0_wheel_left_collision
proxy_geom: scene_aabb_proxy_line_6_output_side_protrusion
judge_collision_detected:
robot_base_x: 10.488184
robot_base_y: -7.271723
robot_base_yaw: 3.134278
robot_geom: robot0_wheel_right_collision
proxy_geom: scene_aabb_proxy_line_6_output_side_protrusion
judge_collision_detected:
robot_base_x: 10.488184
robot_base_y: -7.271723
robot_base_yaw: 3.134278
robot_geom: robot0_wheel_right_collision
proxy_geom: scene_aabb_proxy_production_line_6
judge_collision_detected:
robot_base_x: 10.486101
robot_base_y: -7.271986
robot_base_yaw: 3.134222
robot_geom: robot0_back_left_caster_2
proxy_geom: scene_aabb_proxy_line_6_belt
judge_collision_detected:
robot_base_x: 10.486101
robot_base_y: -7.271986
robot_base_yaw: 3.134222
robot_geom: robot0_back_left_caster_2
proxy_geom: scene_aabb_proxy_line_6_output_side_protrusion
judge_collision_detected:
robot_base_x: 10.486101
robot_base_y: -7.271986
robot_base_yaw: 3.134222
robot_geom: robot0_back_right_caster_2
proxy_geom: scene_aabb_proxy_line_6_belt
judge_collision_detected:
robot_base_x: 10.486101
robot_base_y: -7.271986
robot_base_yaw: 3.134222
robot_geom: robot0_back_right_caster_2
proxy_geom: scene_aabb_proxy_line_6_output_side_protrusion
judge_collision_detected:
robot_base_x: 10.486101
robot_base_y: -7.271986
robot_base_yaw: 3.134222
robot_geom: robot0_base_collision
proxy_geom: scene_aabb_proxy_line_6_belt
judge_collision_detected:
robot_base_x: 10.486101
robot_base_y: -7.271986
robot_base_yaw: 3.134222
robot_geom: robot0_base_collision
proxy_geom: scene_aabb_proxy_line_6_output_side_protrusion
judge_collision_detected:
robot_base_x: 10.486101
robot_base_y: -7.271986
robot_base_yaw: 3.134222
robot_geom: robot0_base_collision
proxy_geom: scene_aabb_proxy_output_6
judge_collision_detected:
robot_base_x: 10.486101
robot_base_y: -7.271986
robot_base_yaw: 3.134222
robot_geom: robot0_base_collision
proxy_geom: scene_aabb_proxy_production_line_6
judge_collision_detected:
robot_base_x: 10.486101
robot_base_y: -7.271986
robot_base_yaw: 3.134222
robot_geom: robot0_torso_fixed_collision_box_1
proxy_geom: scene_aabb_proxy_line_6_belt
judge_collision_detected:
robot_base_x: 10.486101
robot_base_y: -7.271986
robot_base_yaw: 3.134222
robot_geom: robot0_torso_fixed_collision_box_1
proxy_geom: scene_aabb_proxy_line_6_output_side_protrusion
judge_collision_detected:
robot_base_x: 10.486101
robot_base_y: -7.271986
robot_base_yaw: 3.134222
robot_geom: robot0_torso_fixed_collision_box_1
proxy_geom: scene_aabb_proxy_output_6
judge_collision_detected:
robot_base_x: 10.486101
robot_base_y: -7.271986
robot_base_yaw: 3.134222
robot_geom: robot0_torso_fixed_collision_box_1
proxy_geom: scene_aabb_proxy_production_line_6
judge_collision_detected:
robot_base_x: 10.486101
robot_base_y: -7.271986
robot_base_yaw: 3.134222
robot_geom: robot0_torso_fixed_column_collision
proxy_geom: scene_aabb_proxy_line_6_belt
judge_collision_detected:
robot_base_x: 10.486101
robot_base_y: -7.271986
robot_base_yaw: 3.134222
robot_geom: robot0_torso_fixed_column_collision
proxy_geom: scene_aabb_proxy_line_6_output_side_protrusion
judge_collision_detected:
robot_base_x: 10.486101
robot_base_y: -7.271986
robot_base_yaw: 3.134222
robot_geom: robot0_wheel_left_collision
proxy_geom: scene_aabb_proxy_line_6_output_side_protrusion
judge_collision_detected:
robot_base_x: 10.486101
robot_base_y: -7.271986
robot_base_yaw: 3.134222
robot_geom: robot0_wheel_right_collision
proxy_geom: scene_aabb_proxy_line_6_output_side_protrusion
judge_collision_detected:
robot_base_x: 10.486101
robot_base_y: -7.271986
robot_base_yaw: 3.134222
robot_geom: robot0_wheel_right_collision
proxy_geom: scene_aabb_proxy_production_line_6
judge_collision_detected:
robot_base_x: 10.484103
robot_base_y: -7.272247
robot_base_yaw: 3.134167
robot_geom: robot0_back_left_caster_2
proxy_geom: scene_aabb_proxy_line_6_belt
judge_collision_detected:
robot_base_x: 10.484103
robot_base_y: -7.272247
robot_base_yaw: 3.134167
robot_geom: robot0_back_left_caster_2
proxy_geom: scene_aabb_proxy_line_6_output_side_protrusion
judge_collision_detected:
robot_base_x: 10.484103
robot_base_y: -7.272247
robot_base_yaw: 3.134167
robot_geom: robot0_back_right_caster_2
proxy_geom: scene_aabb_proxy_line_6_belt
judge_collision_detected:
robot_base_x: 10.484103
robot_base_y: -7.272247
robot_base_yaw: 3.134167
robot_geom: robot0_back_right_caster_2
proxy_geom: scene_aabb_proxy_line_6_output_side_protrusion
judge_collision_detected:
robot_base_x: 10.484103
robot_base_y: -7.272247
robot_base_yaw: 3.134167
robot_geom: robot0_base_collision
proxy_geom: scene_aabb_proxy_line_6_belt
judge_collision_detected:
robot_base_x: 10.484103
robot_base_y: -7.272247
robot_base_yaw: 3.134167
robot_geom: robot0_base_collision
proxy_geom: scene_aabb_proxy_line_6_output_side_protrusion
judge_collision_detected:
robot_base_x: 10.484103
robot_base_y: -7.272247
robot_base_yaw: 3.134167
robot_geom: robot0_base_collision
proxy_geom: scene_aabb_proxy_output_6
judge_collision_detected:
robot_base_x: 10.484103
robot_base_y: -7.272247
robot_base_yaw: 3.134167
robot_geom: robot0_base_collision
proxy_geom: scene_aabb_proxy_production_line_6
judge_collision_detected:
robot_base_x: 10.484103
robot_base_y: -7.272247
robot_base_yaw: 3.134167
robot_geom: robot0_torso_fixed_collision_box_1
proxy_geom: scene_aabb_proxy_line_6_belt
judge_collision_detected:
robot_base_x: 10.484103
robot_base_y: -7.272247
robot_base_yaw: 3.134167
robot_geom: robot0_torso_fixed_collision_box_1
proxy_geom: scene_aabb_proxy_line_6_output_side_protrusion
judge_collision_detected:
robot_base_x: 10.484103
robot_base_y: -7.272247
robot_base_yaw: 3.134167
robot_geom: robot0_torso_fixed_collision_box_1
proxy_geom: scene_aabb_proxy_output_6
judge_collision_detected:
robot_base_x: 10.484103
robot_base_y: -7.272247
robot_base_yaw: 3.134167
robot_geom: robot0_torso_fixed_collision_box_1
proxy_geom: scene_aabb_proxy_production_line_6
judge_collision_detected:
robot_base_x: 10.484103
robot_base_y: -7.272247
robot_base_yaw: 3.134167
robot_geom: robot0_torso_fixed_column_collision
proxy_geom: scene_aabb_proxy_line_6_belt
judge_collision_detected:
robot_base_x: 10.484103
robot_base_y: -7.272247
robot_base_yaw: 3.134167
robot_geom: robot0_torso_fixed_column_collision
proxy_geom: scene_aabb_proxy_line_6_output_side_protrusion
judge_collision_detected:
robot_base_x: 10.484103
robot_base_y: -7.272247
robot_base_yaw: 3.134167
robot_geom: robot0_wheel_left_collision
proxy_geom: scene_aabb_proxy_line_6_output_side_protrusion
judge_collision_detected:
robot_base_x: 10.484103
robot_base_y: -7.272247
robot_base_yaw: 3.134167
robot_geom: robot0_wheel_right_collision
proxy_geom: scene_aabb_proxy_line_6_output_side_protrusion
judge_collision_detected:
robot_base_x: 10.484103
robot_base_y: -7.272247
robot_base_yaw: 3.134167
robot_geom: robot0_wheel_right_collision
proxy_geom: scene_aabb_proxy_production_line_6
judge_collision_detected:
robot_base_x: 10.482185
robot_base_y: -7.272504
robot_base_yaw: 3.134110
robot_geom: robot0_back_left_caster_2
proxy_geom: scene_aabb_proxy_line_6_belt
judge_collision_detected:
robot_base_x: 10.482185
robot_base_y: -7.272504
robot_base_yaw: 3.134110
robot_geom: robot0_back_left_caster_2
proxy_geom: scene_aabb_proxy_line_6_output_side_protrusion
judge_collision_detected:
robot_base_x: 10.482185
robot_base_y: -7.272504
robot_base_yaw: 3.134110
robot_geom: robot0_back_right_caster_2
proxy_geom: scene_aabb_proxy_line_6_belt
judge_collision_detected:
robot_base_x: 10.482185
robot_base_y: -7.272504
robot_base_yaw: 3.134110
robot_geom: robot0_back_right_caster_2
proxy_geom: scene_aabb_proxy_line_6_output_side_protrusion
judge_collision_detected:
robot_base_x: 10.482185
robot_base_y: -7.272504
robot_base_yaw: 3.134110
robot_geom: robot0_base_collision
proxy_geom: scene_aabb_proxy_line_6_belt
judge_collision_detected:
robot_base_x: 10.482185
robot_base_y: -7.272504
robot_base_yaw: 3.134110
robot_geom: robot0_base_collision
proxy_geom: scene_aabb_proxy_line_6_output_side_protrusion
judge_collision_detected:
robot_base_x: 10.482185
robot_base_y: -7.272504
robot_base_yaw: 3.134110
robot_geom: robot0_base_collision
proxy_geom: scene_aabb_proxy_output_6
judge_collision_detected:
robot_base_x: 10.482185
robot_base_y: -7.272504
robot_base_yaw: 3.134110
robot_geom: robot0_base_collision
proxy_geom: scene_aabb_proxy_production_line_6
judge_collision_detected:
robot_base_x: 10.482185
robot_base_y: -7.272504
robot_base_yaw: 3.134110
robot_geom: robot0_torso_fixed_collision_box_1
proxy_geom: scene_aabb_proxy_line_6_belt
judge_collision_detected:
robot_base_x: 10.482185
robot_base_y: -7.272504
robot_base_yaw: 3.134110
robot_geom: robot0_torso_fixed_collision_box_1
proxy_geom: scene_aabb_proxy_line_6_output_side_protrusion
judge_collision_detected:
robot_base_x: 10.482185
robot_base_y: -7.272504
robot_base_yaw: 3.134110
robot_geom: robot0_torso_fixed_collision_box_1
proxy_geom: scene_aabb_proxy_output_6
judge_collision_detected:
robot_base_x: 10.482185
robot_base_y: -7.272504
robot_base_yaw: 3.134110
robot_geom: robot0_torso_fixed_collision_box_1
proxy_geom: scene_aabb_proxy_production_line_6
judge_collision_detected:
robot_base_x: 10.482185
robot_base_y: -7.272504
robot_base_yaw: 3.134110
robot_geom: robot0_torso_fixed_column_collision
proxy_geom: scene_aabb_proxy_line_6_belt
judge_collision_detected:
robot_base_x: 10.482185
robot_base_y: -7.272504
robot_base_yaw: 3.134110
robot_geom: robot0_torso_fixed_column_collision
proxy_geom: scene_aabb_proxy_line_6_output_side_protrusion
judge_collision_detected:
robot_base_x: 10.482185
robot_base_y: -7.272504
robot_base_yaw: 3.134110
robot_geom: robot0_wheel_left_collision
proxy_geom: scene_aabb_proxy_line_6_output_side_protrusion
judge_collision_detected:
robot_base_x: 10.482185
robot_base_y: -7.272504
robot_base_yaw: 3.134110
robot_geom: robot0_wheel_right_collision
proxy_geom: scene_aabb_proxy_line_6_output_side_protrusion
judge_collision_detected:
robot_base_x: 10.482185
robot_base_y: -7.272504
robot_base_yaw: 3.134110
robot_geom: robot0_wheel_right_collision
proxy_geom: scene_aabb_proxy_production_line_6
judge_collision_detected:
robot_base_x: 10.480344
robot_base_y: -7.272758
robot_base_yaw: 3.134060
robot_geom: robot0_back_left_caster_2
proxy_geom: scene_aabb_proxy_line_6_belt
judge_collision_detected:
robot_base_x: 10.480344
robot_base_y: -7.272758
robot_base_yaw: 3.134060
robot_geom: robot0_back_left_caster_2
proxy_geom: scene_aabb_proxy_line_6_output_side_protrusion
judge_collision_detected:
robot_base_x: 10.480344
robot_base_y: -7.272758
robot_base_yaw: 3.134060
robot_geom: robot0_back_right_caster_2
proxy_geom: scene_aabb_proxy_line_6_belt
judge_collision_detected:
robot_base_x: 10.480344
robot_base_y: -7.272758
robot_base_yaw: 3.134060
robot_geom: robot0_back_right_caster_2
proxy_geom: scene_aabb_proxy_line_6_output_side_protrusion
judge_collision_detected:
robot_base_x: 10.480344
robot_base_y: -7.272758
robot_base_yaw: 3.134060
robot_geom: robot0_base_collision
proxy_geom: scene_aabb_proxy_line_6_belt
judge_collision_detected:
robot_base_x: 10.480344
robot_base_y: -7.272758
robot_base_yaw: 3.134060
robot_geom: robot0_base_collision
proxy_geom: scene_aabb_proxy_line_6_output_side_protrusion
judge_collision_detected:
robot_base_x: 10.480344
robot_base_y: -7.272758
robot_base_yaw: 3.134060
robot_geom: robot0_base_collision
proxy_geom: scene_aabb_proxy_output_6
judge_collision_detected:
robot_base_x: 10.480344
robot_base_y: -7.272758
robot_base_yaw: 3.134060
robot_geom: robot0_base_collision
proxy_geom: scene_aabb_proxy_production_line_6
judge_collision_detected:
robot_base_x: 10.480344
robot_base_y: -7.272758
robot_base_yaw: 3.134060
robot_geom: robot0_torso_fixed_collision_box_1
proxy_geom: scene_aabb_proxy_line_6_belt
judge_collision_detected:
robot_base_x: 10.480344
robot_base_y: -7.272758
robot_base_yaw: 3.134060
robot_geom: robot0_torso_fixed_collision_box_1
proxy_geom: scene_aabb_proxy_line_6_output_side_protrusion
judge_collision_detected:
robot_base_x: 10.480344
robot_base_y: -7.272758
robot_base_yaw: 3.134060
robot_geom: robot0_torso_fixed_collision_box_1
proxy_geom: scene_aabb_proxy_output_6
judge_collision_detected:
robot_base_x: 10.480344
robot_base_y: -7.272758
robot_base_yaw: 3.134060
robot_geom: robot0_torso_fixed_collision_box_1
proxy_geom: scene_aabb_proxy_production_line_6
judge_collision_detected:
robot_base_x: 10.480344
robot_base_y: -7.272758
robot_base_yaw: 3.134060
robot_geom: robot0_torso_fixed_column_collision
proxy_geom: scene_aabb_proxy_line_6_belt
judge_collision_detected:
robot_base_x: 10.480344
robot_base_y: -7.272758
robot_base_yaw: 3.134060
robot_geom: robot0_torso_fixed_column_collision
proxy_geom: scene_aabb_proxy_line_6_output_side_protrusion
judge_collision_detected:
robot_base_x: 10.480344
robot_base_y: -7.272758
robot_base_yaw: 3.134060
robot_geom: robot0_wheel_left_collision
proxy_geom: scene_aabb_proxy_line_6_output_side_protrusion
judge_collision_detected:
robot_base_x: 10.480344
robot_base_y: -7.272758
robot_base_yaw: 3.134060
robot_geom: robot0_wheel_right_collision
proxy_geom: scene_aabb_proxy_line_6_output_side_protrusion
judge_collision_detected:
robot_base_x: 10.480344
robot_base_y: -7.272758
robot_base_yaw: 3.134060
robot_geom: robot0_wheel_right_collision
proxy_geom: scene_aabb_proxy_production_line_6
judge_collision_detected:
robot_base_x: 10.478577
robot_base_y: -7.273009
robot_base_yaw: 3.134015
robot_geom: robot0_back_left_caster_2
proxy_geom: scene_aabb_proxy_line_6_belt
judge_collision_detected:
robot_base_x: 10.478577
robot_base_y: -7.273009
robot_base_yaw: 3.134015
robot_geom: robot0_back_left_caster_2
proxy_geom: scene_aabb_proxy_line_6_output_side_protrusion
judge_collision_detected:
robot_base_x: 10.478577
robot_base_y: -7.273009
robot_base_yaw: 3.134015
robot_geom: robot0_back_right_caster_2
proxy_geom: scene_aabb_proxy_line_6_belt
judge_collision_detected:
robot_base_x: 10.478577
robot_base_y: -7.273009
robot_base_yaw: 3.134015
robot_geom: robot0_back_right_caster_2
proxy_geom: scene_aabb_proxy_line_6_output_side_protrusion
judge_collision_detected:
robot_base_x: 10.478577
robot_base_y: -7.273009
robot_base_yaw: 3.134015
robot_geom: robot0_base_collision
proxy_geom: scene_aabb_proxy_line_6_belt
judge_collision_detected:
robot_base_x: 10.478577
robot_base_y: -7.273009
robot_base_yaw: 3.134015
robot_geom: robot0_base_collision
proxy_geom: scene_aabb_proxy_line_6_output_side_protrusion
judge_collision_detected:
robot_base_x: 10.478577
robot_base_y: -7.273009
robot_base_yaw: 3.134015
robot_geom: robot0_base_collision
proxy_geom: scene_aabb_proxy_output_6
judge_collision_detected:
robot_base_x: 10.478577
robot_base_y: -7.273009
robot_base_yaw: 3.134015
robot_geom: robot0_base_collision
proxy_geom: scene_aabb_proxy_production_line_6
judge_collision_detected:
robot_base_x: 10.478577
robot_base_y: -7.273009
robot_base_yaw: 3.134015
robot_geom: robot0_torso_fixed_collision_box_1
proxy_geom: scene_aabb_proxy_line_6_belt
judge_collision_detected:
robot_base_x: 10.478577
robot_base_y: -7.273009
robot_base_yaw: 3.134015
robot_geom: robot0_torso_fixed_collision_box_1
proxy_geom: scene_aabb_proxy_line_6_output_side_protrusion
judge_collision_detected:
robot_base_x: 10.478577
robot_base_y: -7.273009
robot_base_yaw: 3.134015
robot_geom: robot0_torso_fixed_collision_box_1
proxy_geom: scene_aabb_proxy_output_6
judge_collision_detected:
robot_base_x: 10.478577
robot_base_y: -7.273009
robot_base_yaw: 3.134015
robot_geom: robot0_torso_fixed_collision_box_1
proxy_geom: scene_aabb_proxy_production_line_6
judge_collision_detected:
robot_base_x: 10.478577
robot_base_y: -7.273009
robot_base_yaw: 3.134015
robot_geom: robot0_torso_fixed_column_collision
proxy_geom: scene_aabb_proxy_line_6_belt
judge_collision_detected:
robot_base_x: 10.478577
robot_base_y: -7.273009
robot_base_yaw: 3.134015
robot_geom: robot0_torso_fixed_column_collision
proxy_geom: scene_aabb_proxy_line_6_output_side_protrusion
judge_collision_detected:
robot_base_x: 10.478577
robot_base_y: -7.273009
robot_base_yaw: 3.134015
robot_geom: robot0_wheel_left_collision
proxy_geom: scene_aabb_proxy_line_6_output_side_protrusion
judge_collision_detected:
robot_base_x: 10.478577
robot_base_y: -7.273009
robot_base_yaw: 3.134015
robot_geom: robot0_wheel_right_collision
proxy_geom: scene_aabb_proxy_line_6_output_side_protrusion
judge_collision_detected:
robot_base_x: 10.478577
robot_base_y: -7.273009
robot_base_yaw: 3.134015
robot_geom: robot0_wheel_right_collision
proxy_geom: scene_aabb_proxy_production_line_6
judge_collision_detected:
robot_base_x: 10.476864
robot_base_y: -7.273256
robot_base_yaw: 3.133955
robot_geom: robot0_back_left_caster_2
proxy_geom: scene_aabb_proxy_line_6_belt
judge_collision_detected:
robot_base_x: 10.476864
robot_base_y: -7.273256
robot_base_yaw: 3.133955
robot_geom: robot0_back_left_caster_2
proxy_geom: scene_aabb_proxy_line_6_output_side_protrusion
judge_collision_detected:
robot_base_x: 10.476864
robot_base_y: -7.273256
robot_base_yaw: 3.133955
robot_geom: robot0_back_right_caster_2
proxy_geom: scene_aabb_proxy_line_6_belt
judge_collision_detected:
robot_base_x: 10.476864
robot_base_y: -7.273256
robot_base_yaw: 3.133955
robot_geom: robot0_back_right_caster_2
proxy_geom: scene_aabb_proxy_line_6_output_side_protrusion
judge_collision_detected:
robot_base_x: 10.476864
robot_base_y: -7.273256
robot_base_yaw: 3.133955
robot_geom: robot0_base_collision
proxy_geom: scene_aabb_proxy_line_6_belt
judge_collision_detected:
robot_base_x: 10.476864
robot_base_y: -7.273256
robot_base_yaw: 3.133955
robot_geom: robot0_base_collision
proxy_geom: scene_aabb_proxy_line_6_output_side_protrusion
judge_collision_detected:
robot_base_x: 10.476864
robot_base_y: -7.273256
robot_base_yaw: 3.133955
robot_geom: robot0_base_collision
proxy_geom: scene_aabb_proxy_output_6
judge_collision_detected:
robot_base_x: 10.476864
robot_base_y: -7.273256
robot_base_yaw: 3.133955
robot_geom: robot0_base_collision
proxy_geom: scene_aabb_proxy_production_line_6
judge_collision_detected:
robot_base_x: 10.476864
robot_base_y: -7.273256
robot_base_yaw: 3.133955
robot_geom: robot0_torso_fixed_collision_box_1
proxy_geom: scene_aabb_proxy_line_6_belt
judge_collision_detected:
robot_base_x: 10.476864
robot_base_y: -7.273256
robot_base_yaw: 3.133955
robot_geom: robot0_torso_fixed_collision_box_1
proxy_geom: scene_aabb_proxy_line_6_output_side_protrusion
judge_collision_detected:
robot_base_x: 10.476864
robot_base_y: -7.273256
robot_base_yaw: 3.133955
robot_geom: robot0_torso_fixed_collision_box_1
proxy_geom: scene_aabb_proxy_output_6
judge_collision_detected:
robot_base_x: 10.476864
robot_base_y: -7.273256
robot_base_yaw: 3.133955
robot_geom: robot0_torso_fixed_collision_box_1
proxy_geom: scene_aabb_proxy_production_line_6
judge_collision_detected:
robot_base_x: 10.476864
robot_base_y: -7.273256
robot_base_yaw: 3.133955
robot_geom: robot0_torso_fixed_column_collision
proxy_geom: scene_aabb_proxy_line_6_belt
judge_collision_detected:
robot_base_x: 10.476864
robot_base_y: -7.273256
robot_base_yaw: 3.133955
robot_geom: robot0_torso_fixed_column_collision
proxy_geom: scene_aabb_proxy_line_6_output_side_protrusion
judge_collision_detected:
robot_base_x: 10.476864
robot_base_y: -7.273256
robot_base_yaw: 3.133955
robot_geom: robot0_wheel_left_collision
proxy_geom: scene_aabb_proxy_line_6_output_side_protrusion
judge_collision_detected:
robot_base_x: 10.476864
robot_base_y: -7.273256
robot_base_yaw: 3.133955
robot_geom: robot0_wheel_right_collision
proxy_geom: scene_aabb_proxy_line_6_output_side_protrusion
judge_collision_detected:
robot_base_x: 10.476864
robot_base_y: -7.273256
robot_base_yaw: 3.133955
robot_geom: robot0_wheel_right_collision
proxy_geom: scene_aabb_proxy_production_line_6
judge_collision_detected:
robot_base_x: 10.474996
robot_base_y: -7.273464
robot_base_yaw: 3.133253
robot_geom: robot0_back_left_caster_2
proxy_geom: scene_aabb_proxy_line_6_belt
judge_collision_detected:
robot_base_x: 10.474996
robot_base_y: -7.273464
robot_base_yaw: 3.133253
robot_geom: robot0_back_left_caster_2
proxy_geom: scene_aabb_proxy_line_6_output_side_protrusion
judge_collision_detected:
robot_base_x: 10.474996
robot_base_y: -7.273464
robot_base_yaw: 3.133253
robot_geom: robot0_back_right_caster_2
proxy_geom: scene_aabb_proxy_line_6_belt
judge_collision_detected:
robot_base_x: 10.474996
robot_base_y: -7.273464
robot_base_yaw: 3.133253
robot_geom: robot0_back_right_caster_2
proxy_geom: scene_aabb_proxy_line_6_output_side_protrusion
judge_collision_detected:
robot_base_x: 10.474996
robot_base_y: -7.273464
robot_base_yaw: 3.133253
robot_geom: robot0_base_collision
proxy_geom: scene_aabb_proxy_line_6_belt
judge_collision_detected:
robot_base_x: 10.474996
robot_base_y: -7.273464
robot_base_yaw: 3.133253
robot_geom: robot0_base_collision
proxy_geom: scene_aabb_proxy_line_6_output_side_protrusion
judge_collision_detected:
robot_base_x: 10.474996
robot_base_y: -7.273464
robot_base_yaw: 3.133253
robot_geom: robot0_base_collision
proxy_geom: scene_aabb_proxy_output_6
judge_collision_detected:
robot_base_x: 10.474996
robot_base_y: -7.273464
robot_base_yaw: 3.133253
robot_geom: robot0_base_collision
proxy_geom: scene_aabb_proxy_production_line_6
judge_collision_detected:
robot_base_x: 10.474996
robot_base_y: -7.273464
robot_base_yaw: 3.133253
robot_geom: robot0_torso_fixed_collision_box_1
proxy_geom: scene_aabb_proxy_line_6_belt
judge_collision_detected:
robot_base_x: 10.474996
robot_base_y: -7.273464
robot_base_yaw: 3.133253
robot_geom: robot0_torso_fixed_collision_box_1
proxy_geom: scene_aabb_proxy_line_6_output_side_protrusion
judge_collision_detected:
robot_base_x: 10.474996
robot_base_y: -7.273464
robot_base_yaw: 3.133253
robot_geom: robot0_torso_fixed_collision_box_1
proxy_geom: scene_aabb_proxy_output_6
judge_collision_detected:
robot_base_x: 10.474996
robot_base_y: -7.273464
robot_base_yaw: 3.133253
robot_geom: robot0_torso_fixed_collision_box_1
proxy_geom: scene_aabb_proxy_production_line_6
judge_collision_detected:
robot_base_x: 10.474996
robot_base_y: -7.273464
robot_base_yaw: 3.133253
robot_geom: robot0_torso_fixed_column_collision
proxy_geom: scene_aabb_proxy_line_6_belt
judge_collision_detected:
robot_base_x: 10.474996
robot_base_y: -7.273464
robot_base_yaw: 3.133253
robot_geom: robot0_torso_fixed_column_collision
proxy_geom: scene_aabb_proxy_line_6_output_side_protrusion
judge_collision_detected:
robot_base_x: 10.474996
robot_base_y: -7.273464
robot_base_yaw: 3.133253
robot_geom: robot0_wheel_left_collision
proxy_geom: scene_aabb_proxy_line_6_output_side_protrusion
judge_collision_detected:
robot_base_x: 10.474996
robot_base_y: -7.273464
robot_base_yaw: 3.133253
robot_geom: robot0_wheel_right_collision
proxy_geom: scene_aabb_proxy_line_6_output_side_protrusion
judge_collision_detected:
robot_base_x: 10.474996
robot_base_y: -7.273464
robot_base_yaw: 3.133253
robot_geom: robot0_wheel_right_collision
proxy_geom: scene_aabb_proxy_production_line_6
judge_collision_detected:
robot_base_x: 10.472283
robot_base_y: -7.273512
robot_base_yaw: 3.130014
robot_geom: robot0_back_left_caster_2
proxy_geom: scene_aabb_proxy_line_6_belt
judge_collision_detected:
robot_base_x: 10.472283
robot_base_y: -7.273512
robot_base_yaw: 3.130014
robot_geom: robot0_back_left_caster_2
proxy_geom: scene_aabb_proxy_line_6_output_side_protrusion
judge_collision_detected:
robot_base_x: 10.472283
robot_base_y: -7.273512
robot_base_yaw: 3.130014
robot_geom: robot0_back_right_caster_2
proxy_geom: scene_aabb_proxy_line_6_belt
judge_collision_detected:
robot_base_x: 10.472283
robot_base_y: -7.273512
robot_base_yaw: 3.130014
robot_geom: robot0_back_right_caster_2
proxy_geom: scene_aabb_proxy_line_6_output_side_protrusion
judge_collision_detected:
robot_base_x: 10.472283
robot_base_y: -7.273512
robot_base_yaw: 3.130014
robot_geom: robot0_base_collision
proxy_geom: scene_aabb_proxy_line_6_belt
judge_collision_detected:
robot_base_x: 10.472283
robot_base_y: -7.273512
robot_base_yaw: 3.130014
robot_geom: robot0_base_collision
proxy_geom: scene_aabb_proxy_line_6_output_side_protrusion
judge_collision_detected:
robot_base_x: 10.472283
robot_base_y: -7.273512
robot_base_yaw: 3.130014
robot_geom: robot0_base_collision
proxy_geom: scene_aabb_proxy_output_6
judge_collision_detected:
robot_base_x: 10.472283
robot_base_y: -7.273512
robot_base_yaw: 3.130014
robot_geom: robot0_base_collision
proxy_geom: scene_aabb_proxy_production_line_6
judge_collision_detected:
robot_base_x: 10.472283
robot_base_y: -7.273512
robot_base_yaw: 3.130014
robot_geom: robot0_torso_fixed_collision_box_1
proxy_geom: scene_aabb_proxy_line_6_belt
judge_collision_detected:
robot_base_x: 10.472283
robot_base_y: -7.273512
robot_base_yaw: 3.130014
robot_geom: robot0_torso_fixed_collision_box_1
proxy_geom: scene_aabb_proxy_line_6_output_side_protrusion
judge_collision_detected:
robot_base_x: 10.472283
robot_base_y: -7.273512
robot_base_yaw: 3.130014
robot_geom: robot0_torso_fixed_collision_box_1
proxy_geom: scene_aabb_proxy_output_6
judge_collision_detected:
robot_base_x: 10.472283
robot_base_y: -7.273512
robot_base_yaw: 3.130014
robot_geom: robot0_torso_fixed_collision_box_1
proxy_geom: scene_aabb_proxy_production_line_6
judge_collision_detected:
robot_base_x: 10.472283
robot_base_y: -7.273512
robot_base_yaw: 3.130014
robot_geom: robot0_torso_fixed_column_collision
proxy_geom: scene_aabb_proxy_line_6_belt
judge_collision_detected:
robot_base_x: 10.472283
robot_base_y: -7.273512
robot_base_yaw: 3.130014
robot_geom: robot0_torso_fixed_column_collision
proxy_geom: scene_aabb_proxy_line_6_output_side_protrusion
judge_collision_detected:
robot_base_x: 10.472283
robot_base_y: -7.273512
robot_base_yaw: 3.130014
robot_geom: robot0_wheel_left_collision
proxy_geom: scene_aabb_proxy_line_6_output_side_protrusion
judge_collision_detected:
robot_base_x: 10.472283
robot_base_y: -7.273512
robot_base_yaw: 3.130014
robot_geom: robot0_wheel_right_collision
proxy_geom: scene_aabb_proxy_line_6_output_side_protrusion
judge_collision_detected:
robot_base_x: 10.472283
robot_base_y: -7.273512
robot_base_yaw: 3.130014
robot_geom: robot0_wheel_right_collision
proxy_geom: scene_aabb_proxy_production_line_6
judge_collision_detected:
robot_base_x: 10.468270
robot_base_y: -7.273807
robot_base_yaw: 3.130193
robot_geom: robot0_back_left_caster_2
proxy_geom: scene_aabb_proxy_line_6_belt
judge_collision_detected:
robot_base_x: 10.468270
robot_base_y: -7.273807
robot_base_yaw: 3.130193
robot_geom: robot0_back_left_caster_2
proxy_geom: scene_aabb_proxy_line_6_output_side_protrusion
judge_collision_detected:
robot_base_x: 10.468270
robot_base_y: -7.273807
robot_base_yaw: 3.130193
robot_geom: robot0_back_right_caster_2
proxy_geom: scene_aabb_proxy_line_6_belt
judge_collision_detected:
robot_base_x: 10.468270
robot_base_y: -7.273807
robot_base_yaw: 3.130193
robot_geom: robot0_back_right_caster_2
proxy_geom: scene_aabb_proxy_line_6_output_side_protrusion
judge_collision_detected:
robot_base_x: 10.468270
robot_base_y: -7.273807
robot_base_yaw: 3.130193
robot_geom: robot0_base_collision
proxy_geom: scene_aabb_proxy_line_6_belt
judge_collision_detected:
robot_base_x: 10.468270
robot_base_y: -7.273807
robot_base_yaw: 3.130193
robot_geom: robot0_base_collision
proxy_geom: scene_aabb_proxy_line_6_output_side_protrusion
judge_collision_detected:
robot_base_x: 10.468270
robot_base_y: -7.273807
robot_base_yaw: 3.130193
robot_geom: robot0_base_collision
proxy_geom: scene_aabb_proxy_output_6
judge_collision_detected:
robot_base_x: 10.468270
robot_base_y: -7.273807
robot_base_yaw: 3.130193
robot_geom: robot0_base_collision
proxy_geom: scene_aabb_proxy_production_line_6
judge_collision_detected:
robot_base_x: 10.468270
robot_base_y: -7.273807
robot_base_yaw: 3.130193
robot_geom: robot0_torso_fixed_collision_box_1
proxy_geom: scene_aabb_proxy_line_6_belt
judge_collision_detected:
robot_base_x: 10.468270
robot_base_y: -7.273807
robot_base_yaw: 3.130193
robot_geom: robot0_torso_fixed_collision_box_1
proxy_geom: scene_aabb_proxy_line_6_output_side_protrusion
judge_collision_detected:
robot_base_x: 10.468270
robot_base_y: -7.273807
robot_base_yaw: 3.130193
robot_geom: robot0_torso_fixed_collision_box_1
proxy_geom: scene_aabb_proxy_output_6
judge_collision_detected:
robot_base_x: 10.468270
robot_base_y: -7.273807
robot_base_yaw: 3.130193
robot_geom: robot0_torso_fixed_collision_box_1
proxy_geom: scene_aabb_proxy_production_line_6
judge_collision_detected:
robot_base_x: 10.468270
robot_base_y: -7.273807
robot_base_yaw: 3.130193
robot_geom: robot0_torso_fixed_column_collision
proxy_geom: scene_aabb_proxy_line_6_belt
judge_collision_detected:
robot_base_x: 10.468270
robot_base_y: -7.273807
robot_base_yaw: 3.130193
robot_geom: robot0_torso_fixed_column_collision
proxy_geom: scene_aabb_proxy_line_6_output_side_protrusion
judge_collision_detected:
robot_base_x: 10.468270
robot_base_y: -7.273807
robot_base_yaw: 3.130193
robot_geom: robot0_wheel_left_collision
proxy_geom: scene_aabb_proxy_line_6_output_side_protrusion
judge_collision_detected:
robot_base_x: 10.468270
robot_base_y: -7.273807
robot_base_yaw: 3.130193
robot_geom: robot0_wheel_right_collision
proxy_geom: scene_aabb_proxy_line_6_output_side_protrusion
judge_collision_detected:
robot_base_x: 10.468270
robot_base_y: -7.273807
robot_base_yaw: 3.130193
robot_geom: robot0_wheel_right_collision
proxy_geom: scene_aabb_proxy_production_line_6
judge_collision_detected:
robot_base_x: 10.463204
robot_base_y: -7.274314
robot_base_yaw: 3.133110
robot_geom: robot0_back_left_caster_2
proxy_geom: scene_aabb_proxy_line_6_belt
judge_collision_detected:
robot_base_x: 10.463204
robot_base_y: -7.274314
robot_base_yaw: 3.133110
robot_geom: robot0_back_left_caster_2
proxy_geom: scene_aabb_proxy_line_6_output_side_protrusion
judge_collision_detected:
robot_base_x: 10.463204
robot_base_y: -7.274314
robot_base_yaw: 3.133110
robot_geom: robot0_back_right_caster_2
proxy_geom: scene_aabb_proxy_line_6_belt
judge_collision_detected:
robot_base_x: 10.463204
robot_base_y: -7.274314
robot_base_yaw: 3.133110
robot_geom: robot0_back_right_caster_2
proxy_geom: scene_aabb_proxy_line_6_output_side_protrusion
judge_collision_detected:
robot_base_x: 10.463204
robot_base_y: -7.274314
robot_base_yaw: 3.133110
robot_geom: robot0_base_collision
proxy_geom: scene_aabb_proxy_line_6_belt
judge_collision_detected:
robot_base_x: 10.463204
robot_base_y: -7.274314
robot_base_yaw: 3.133110
robot_geom: robot0_base_collision
proxy_geom: scene_aabb_proxy_line_6_output_side_protrusion
judge_collision_detected:
robot_base_x: 10.463204
robot_base_y: -7.274314
robot_base_yaw: 3.133110
robot_geom: robot0_base_collision
proxy_geom: scene_aabb_proxy_output_6
judge_collision_detected:
robot_base_x: 10.463204
robot_base_y: -7.274314
robot_base_yaw: 3.133110
robot_geom: robot0_base_collision
proxy_geom: scene_aabb_proxy_production_line_6
judge_collision_detected:
robot_base_x: 10.463204
robot_base_y: -7.274314
robot_base_yaw: 3.133110
robot_geom: robot0_front_left_caster_2
proxy_geom: scene_aabb_proxy_output_6
judge_collision_detected:
robot_base_x: 10.463204
robot_base_y: -7.274314
robot_base_yaw: 3.133110
robot_geom: robot0_front_right_caster_2
proxy_geom: scene_aabb_proxy_output_6
judge_collision_detected:
robot_base_x: 10.463204
robot_base_y: -7.274314
robot_base_yaw: 3.133110
robot_geom: robot0_torso_fixed_collision_box_1
proxy_geom: scene_aabb_proxy_line_6_belt
judge_collision_detected:
robot_base_x: 10.463204
robot_base_y: -7.274314
robot_base_yaw: 3.133110
robot_geom: robot0_torso_fixed_collision_box_1
proxy_geom: scene_aabb_proxy_line_6_output_side_protrusion
judge_collision_detected:
robot_base_x: 10.463204
robot_base_y: -7.274314
robot_base_yaw: 3.133110
robot_geom: robot0_torso_fixed_collision_box_1
proxy_geom: scene_aabb_proxy_output_6
judge_collision_detected:
robot_base_x: 10.463204
robot_base_y: -7.274314
robot_base_yaw: 3.133110
robot_geom: robot0_torso_fixed_collision_box_1
proxy_geom: scene_aabb_proxy_production_line_6
judge_collision_detected:
robot_base_x: 10.463204
robot_base_y: -7.274314
robot_base_yaw: 3.133110
robot_geom: robot0_torso_fixed_column_collision
proxy_geom: scene_aabb_proxy_line_6_belt
judge_collision_detected:
robot_base_x: 10.463204
robot_base_y: -7.274314
robot_base_yaw: 3.133110
robot_geom: robot0_torso_fixed_column_collision
proxy_geom: scene_aabb_proxy_line_6_output_side_protrusion
judge_collision_detected:
robot_base_x: 10.463204
robot_base_y: -7.274314
robot_base_yaw: 3.133110
robot_geom: robot0_wheel_left_collision
proxy_geom: scene_aabb_proxy_line_6_output_side_protrusion
judge_collision_detected:
robot_base_x: 10.463204
robot_base_y: -7.274314
robot_base_yaw: 3.133110
robot_geom: robot0_wheel_right_collision
proxy_geom: scene_aabb_proxy_line_6_output_side_protrusion
judge_collision_detected:
robot_base_x: 10.463204
robot_base_y: -7.274314
robot_base_yaw: 3.133110
robot_geom: robot0_wheel_right_collision
proxy_geom: scene_aabb_proxy_production_line_6
judge_collision_detected:
robot_base_x: 10.456381
robot_base_y: -7.274706
robot_base_yaw: 3.135107
robot_geom: robot0_back_left_caster_2
proxy_geom: scene_aabb_proxy_line_6_belt
judge_collision_detected:
robot_base_x: 10.456381
robot_base_y: -7.274706
robot_base_yaw: 3.135107
robot_geom: robot0_back_left_caster_2
proxy_geom: scene_aabb_proxy_line_6_output_side_protrusion
judge_collision_detected:
robot_base_x: 10.456381
robot_base_y: -7.274706
robot_base_yaw: 3.135107
robot_geom: robot0_back_right_caster_2
proxy_geom: scene_aabb_proxy_line_6_belt
judge_collision_detected:
robot_base_x: 10.456381
robot_base_y: -7.274706
robot_base_yaw: 3.135107
robot_geom: robot0_back_right_caster_2
proxy_geom: scene_aabb_proxy_line_6_output_side_protrusion
judge_collision_detected:
robot_base_x: 10.456381
robot_base_y: -7.274706
robot_base_yaw: 3.135107
robot_geom: robot0_base_collision
proxy_geom: scene_aabb_proxy_line_6_belt
judge_collision_detected:
robot_base_x: 10.456381
robot_base_y: -7.274706
robot_base_yaw: 3.135107
robot_geom: robot0_base_collision
proxy_geom: scene_aabb_proxy_line_6_output_side_protrusion
judge_collision_detected:
robot_base_x: 10.456381
robot_base_y: -7.274706
robot_base_yaw: 3.135107
robot_geom: robot0_base_collision
proxy_geom: scene_aabb_proxy_output_6
judge_collision_detected:
robot_base_x: 10.456381
robot_base_y: -7.274706
robot_base_yaw: 3.135107
robot_geom: robot0_base_collision
proxy_geom: scene_aabb_proxy_production_line_6
judge_collision_detected:
robot_base_x: 10.456381
robot_base_y: -7.274706
robot_base_yaw: 3.135107
robot_geom: robot0_front_left_caster_2
proxy_geom: scene_aabb_proxy_output_6
judge_collision_detected:
robot_base_x: 10.456381
robot_base_y: -7.274706
robot_base_yaw: 3.135107
robot_geom: robot0_front_right_caster_2
proxy_geom: scene_aabb_proxy_output_6
judge_collision_detected:
robot_base_x: 10.456381
robot_base_y: -7.274706
robot_base_yaw: 3.135107
robot_geom: robot0_torso_fixed_collision_box_1
proxy_geom: scene_aabb_proxy_line_6_belt
judge_collision_detected:
robot_base_x: 10.456381
robot_base_y: -7.274706
robot_base_yaw: 3.135107
robot_geom: robot0_torso_fixed_collision_box_1
proxy_geom: scene_aabb_proxy_line_6_output_side_protrusion
judge_collision_detected:
robot_base_x: 10.456381
robot_base_y: -7.274706
robot_base_yaw: 3.135107
robot_geom: robot0_torso_fixed_collision_box_1
proxy_geom: scene_aabb_proxy_output_6
judge_collision_detected:
robot_base_x: 10.456381
robot_base_y: -7.274706
robot_base_yaw: 3.135107
robot_geom: robot0_torso_fixed_collision_box_1
proxy_geom: scene_aabb_proxy_production_line_6
judge_collision_detected:
robot_base_x: 10.456381
robot_base_y: -7.274706
robot_base_yaw: 3.135107
robot_geom: robot0_torso_fixed_column_collision
proxy_geom: scene_aabb_proxy_line_6_output_side_protrusion
judge_collision_detected:
robot_base_x: 10.456381
robot_base_y: -7.274706
robot_base_yaw: 3.135107
robot_geom: robot0_wheel_left_collision
proxy_geom: scene_aabb_proxy_line_6_output_side_protrusion
judge_collision_detected:
robot_base_x: 10.456381
robot_base_y: -7.274706
robot_base_yaw: 3.135107
robot_geom: robot0_wheel_right_collision
proxy_geom: scene_aabb_proxy_line_6_output_side_protrusion
judge_collision_detected:
robot_base_x: 10.456381
robot_base_y: -7.274706
robot_base_yaw: 3.135107
robot_geom: robot0_wheel_right_collision
proxy_geom: scene_aabb_proxy_production_line_6
judge_collision_detected:
robot_base_x: 10.448408
robot_base_y: -7.275109
robot_base_yaw: 3.137379
robot_geom: robot0_back_left_caster_2
proxy_geom: scene_aabb_proxy_line_6_belt
judge_collision_detected:
robot_base_x: 10.448408
robot_base_y: -7.275109
robot_base_yaw: 3.137379
robot_geom: robot0_back_left_caster_2
proxy_geom: scene_aabb_proxy_line_6_output_side_protrusion
judge_collision_detected:
robot_base_x: 10.448408
robot_base_y: -7.275109
robot_base_yaw: 3.137379
robot_geom: robot0_back_right_caster_2
proxy_geom: scene_aabb_proxy_line_6_belt
judge_collision_detected:
robot_base_x: 10.448408
robot_base_y: -7.275109
robot_base_yaw: 3.137379
robot_geom: robot0_back_right_caster_2
proxy_geom: scene_aabb_proxy_line_6_output_side_protrusion
judge_collision_detected:
robot_base_x: 10.448408
robot_base_y: -7.275109
robot_base_yaw: 3.137379
robot_geom: robot0_base_collision
proxy_geom: scene_aabb_proxy_line_6_belt
judge_collision_detected:
robot_base_x: 10.448408
robot_base_y: -7.275109
robot_base_yaw: 3.137379
robot_geom: robot0_base_collision
proxy_geom: scene_aabb_proxy_line_6_output_side_protrusion
judge_collision_detected:
robot_base_x: 10.448408
robot_base_y: -7.275109
robot_base_yaw: 3.137379
robot_geom: robot0_base_collision
proxy_geom: scene_aabb_proxy_output_6
judge_collision_detected:
robot_base_x: 10.448408
robot_base_y: -7.275109
robot_base_yaw: 3.137379
robot_geom: robot0_base_collision
proxy_geom: scene_aabb_proxy_production_line_6
judge_collision_detected:
robot_base_x: 10.448408
robot_base_y: -7.275109
robot_base_yaw: 3.137379
robot_geom: robot0_front_left_caster_2
proxy_geom: scene_aabb_proxy_output_6
judge_collision_detected:
robot_base_x: 10.448408
robot_base_y: -7.275109
robot_base_yaw: 3.137379
robot_geom: robot0_front_right_caster_2
proxy_geom: scene_aabb_proxy_output_6
judge_collision_detected:
robot_base_x: 10.448408
robot_base_y: -7.275109
robot_base_yaw: 3.137379
robot_geom: robot0_torso_fixed_collision_box_1
proxy_geom: scene_aabb_proxy_line_6_belt
judge_collision_detected:
robot_base_x: 10.448408
robot_base_y: -7.275109
robot_base_yaw: 3.137379
robot_geom: robot0_torso_fixed_collision_box_1
proxy_geom: scene_aabb_proxy_line_6_output_side_protrusion
judge_collision_detected:
robot_base_x: 10.448408
robot_base_y: -7.275109
robot_base_yaw: 3.137379
robot_geom: robot0_torso_fixed_collision_box_1
proxy_geom: scene_aabb_proxy_output_6
judge_collision_detected:
robot_base_x: 10.448408
robot_base_y: -7.275109
robot_base_yaw: 3.137379
robot_geom: robot0_torso_fixed_collision_box_1
proxy_geom: scene_aabb_proxy_production_line_6
judge_collision_detected:
robot_base_x: 10.448408
robot_base_y: -7.275109
robot_base_yaw: 3.137379
robot_geom: robot0_torso_fixed_column_collision
proxy_geom: scene_aabb_proxy_line_6_output_side_protrusion
judge_collision_detected:
robot_base_x: 10.448408
robot_base_y: -7.275109
robot_base_yaw: 3.137379
robot_geom: robot0_wheel_left_collision
proxy_geom: scene_aabb_proxy_line_6_output_side_protrusion
judge_collision_detected:
robot_base_x: 10.448408
robot_base_y: -7.275109
robot_base_yaw: 3.137379
robot_geom: robot0_wheel_right_collision
proxy_geom: scene_aabb_proxy_line_6_output_side_protrusion
judge_collision_detected:
robot_base_x: 10.448408
robot_base_y: -7.275109
robot_base_yaw: 3.137379
robot_geom: robot0_wheel_right_collision
proxy_geom: scene_aabb_proxy_production_line_6
judge_collision_detected:
robot_base_x: 10.441448
robot_base_y: -7.275547
robot_base_yaw: 3.139338
robot_geom: robot0_back_left_caster_2
proxy_geom: scene_aabb_proxy_line_6_belt
judge_collision_detected:
robot_base_x: 10.441448
robot_base_y: -7.275547
robot_base_yaw: 3.139338
robot_geom: robot0_back_left_caster_2
proxy_geom: scene_aabb_proxy_line_6_output_side_protrusion
judge_collision_detected:
robot_base_x: 10.441448
robot_base_y: -7.275547
robot_base_yaw: 3.139338
robot_geom: robot0_back_right_caster_2
proxy_geom: scene_aabb_proxy_line_6_belt
judge_collision_detected:
robot_base_x: 10.441448
robot_base_y: -7.275547
robot_base_yaw: 3.139338
robot_geom: robot0_back_right_caster_2
proxy_geom: scene_aabb_proxy_line_6_output_side_protrusion
judge_collision_detected:
robot_base_x: 10.441448
robot_base_y: -7.275547
robot_base_yaw: 3.139338
robot_geom: robot0_base_collision
proxy_geom: scene_aabb_proxy_line_6_belt
judge_collision_detected:
robot_base_x: 10.441448
robot_base_y: -7.275547
robot_base_yaw: 3.139338
robot_geom: robot0_base_collision
proxy_geom: scene_aabb_proxy_line_6_output_side_protrusion
judge_collision_detected:
robot_base_x: 10.441448
robot_base_y: -7.275547
robot_base_yaw: 3.139338
robot_geom: robot0_base_collision
proxy_geom: scene_aabb_proxy_output_6
judge_collision_detected:
robot_base_x: 10.441448
robot_base_y: -7.275547
robot_base_yaw: 3.139338
robot_geom: robot0_base_collision
proxy_geom: scene_aabb_proxy_production_line_6
judge_collision_detected:
robot_base_x: 10.441448
robot_base_y: -7.275547
robot_base_yaw: 3.139338
robot_geom: robot0_front_left_caster_2
proxy_geom: scene_aabb_proxy_output_6
judge_collision_detected:
robot_base_x: 10.441448
robot_base_y: -7.275547
robot_base_yaw: 3.139338
robot_geom: robot0_front_right_caster_2
proxy_geom: scene_aabb_proxy_output_6
judge_collision_detected:
robot_base_x: 10.441448
robot_base_y: -7.275547
robot_base_yaw: 3.139338
robot_geom: robot0_torso_fixed_collision_box_1
proxy_geom: scene_aabb_proxy_line_6_belt
judge_collision_detected:
robot_base_x: 10.441448
robot_base_y: -7.275547
robot_base_yaw: 3.139338
robot_geom: robot0_torso_fixed_collision_box_1
proxy_geom: scene_aabb_proxy_line_6_output_side_protrusion
judge_collision_detected:
robot_base_x: 10.441448
robot_base_y: -7.275547
robot_base_yaw: 3.139338
robot_geom: robot0_torso_fixed_collision_box_1
proxy_geom: scene_aabb_proxy_output_6
judge_collision_detected:
robot_base_x: 10.441448
robot_base_y: -7.275547
robot_base_yaw: 3.139338
robot_geom: robot0_torso_fixed_collision_box_1
proxy_geom: scene_aabb_proxy_production_line_6
judge_collision_detected:
robot_base_x: 10.441448
robot_base_y: -7.275547
robot_base_yaw: 3.139338
robot_geom: robot0_torso_fixed_column_collision
proxy_geom: scene_aabb_proxy_line_6_output_side_protrusion
judge_collision_detected:
robot_base_x: 10.441448
robot_base_y: -7.275547
robot_base_yaw: 3.139338
robot_geom: robot0_wheel_left_collision
proxy_geom: scene_aabb_proxy_line_6_output_side_protrusion
judge_collision_detected:
robot_base_x: 10.441448
robot_base_y: -7.275547
robot_base_yaw: 3.139338
robot_geom: robot0_wheel_right_collision
proxy_geom: scene_aabb_proxy_line_6_output_side_protrusion
judge_collision_detected:
robot_base_x: 10.441448
robot_base_y: -7.275547
robot_base_yaw: 3.139338
robot_geom: robot0_wheel_right_collision
proxy_geom: scene_aabb_proxy_production_line_6
judge_collision_detected:
robot_base_x: 10.435638
robot_base_y: -7.275959
robot_base_yaw: 3.140278
robot_geom: robot0_back_left_caster_2
proxy_geom: scene_aabb_proxy_line_6_belt
judge_collision_detected:
robot_base_x: 10.435638
robot_base_y: -7.275959
robot_base_yaw: 3.140278
robot_geom: robot0_back_left_caster_2
proxy_geom: scene_aabb_proxy_line_6_output_side_protrusion
judge_collision_detected:
robot_base_x: 10.435638
robot_base_y: -7.275959
robot_base_yaw: 3.140278
robot_geom: robot0_back_right_caster_2
proxy_geom: scene_aabb_proxy_line_6_belt
judge_collision_detected:
robot_base_x: 10.435638
robot_base_y: -7.275959
robot_base_yaw: 3.140278
robot_geom: robot0_back_right_caster_2
proxy_geom: scene_aabb_proxy_line_6_output_side_protrusion
judge_collision_detected:
robot_base_x: 10.435638
robot_base_y: -7.275959
robot_base_yaw: 3.140278
robot_geom: robot0_base_collision
proxy_geom: scene_aabb_proxy_line_6_belt
judge_collision_detected:
robot_base_x: 10.435638
robot_base_y: -7.275959
robot_base_yaw: 3.140278
robot_geom: robot0_base_collision
proxy_geom: scene_aabb_proxy_line_6_output_side_protrusion
judge_collision_detected:
robot_base_x: 10.435638
robot_base_y: -7.275959
robot_base_yaw: 3.140278
robot_geom: robot0_base_collision
proxy_geom: scene_aabb_proxy_output_6
judge_collision_detected:
robot_base_x: 10.435638
robot_base_y: -7.275959
robot_base_yaw: 3.140278
robot_geom: robot0_base_collision
proxy_geom: scene_aabb_proxy_production_line_6
judge_collision_detected:
robot_base_x: 10.435638
robot_base_y: -7.275959
robot_base_yaw: 3.140278
robot_geom: robot0_front_left_caster_2
proxy_geom: scene_aabb_proxy_output_6
judge_collision_detected:
robot_base_x: 10.435638
robot_base_y: -7.275959
robot_base_yaw: 3.140278
robot_geom: robot0_front_right_caster_2
proxy_geom: scene_aabb_proxy_output_6
judge_collision_detected:
robot_base_x: 10.435638
robot_base_y: -7.275959
robot_base_yaw: 3.140278
robot_geom: robot0_torso_fixed_collision_box_1
proxy_geom: scene_aabb_proxy_line_6_belt
judge_collision_detected:
robot_base_x: 10.435638
robot_base_y: -7.275959
robot_base_yaw: 3.140278
robot_geom: robot0_torso_fixed_collision_box_1
proxy_geom: scene_aabb_proxy_line_6_output_side_protrusion
judge_collision_detected:
robot_base_x: 10.435638
robot_base_y: -7.275959
robot_base_yaw: 3.140278
robot_geom: robot0_torso_fixed_collision_box_1
proxy_geom: scene_aabb_proxy_output_6
judge_collision_detected:
robot_base_x: 10.435638
robot_base_y: -7.275959
robot_base_yaw: 3.140278
robot_geom: robot0_torso_fixed_collision_box_1
proxy_geom: scene_aabb_proxy_production_line_6
judge_collision_detected:
robot_base_x: 10.435638
robot_base_y: -7.275959
robot_base_yaw: 3.140278
robot_geom: robot0_torso_fixed_column_collision
proxy_geom: scene_aabb_proxy_line_6_output_side_protrusion
judge_collision_detected:
robot_base_x: 10.435638
robot_base_y: -7.275959
robot_base_yaw: 3.140278
robot_geom: robot0_wheel_left_collision
proxy_geom: scene_aabb_proxy_line_6_output_side_protrusion
judge_collision_detected:
robot_base_x: 10.435638
robot_base_y: -7.275959
robot_base_yaw: 3.140278
robot_geom: robot0_wheel_right_collision
proxy_geom: scene_aabb_proxy_line_6_output_side_protrusion
judge_collision_detected:
robot_base_x: 10.435638
robot_base_y: -7.275959
robot_base_yaw: 3.140278
robot_geom: robot0_wheel_right_collision
proxy_geom: scene_aabb_proxy_production_line_6
judge_collision_detected:
robot_base_x: 10.431125
robot_base_y: -7.276295
robot_base_yaw: 3.140536
robot_geom: robot0_back_left_caster_2
proxy_geom: scene_aabb_proxy_line_6_belt
judge_collision_detected:
robot_base_x: 10.431125
robot_base_y: -7.276295
robot_base_yaw: 3.140536
robot_geom: robot0_back_left_caster_2
proxy_geom: scene_aabb_proxy_line_6_output_side_protrusion
judge_collision_detected:
robot_base_x: 10.431125
robot_base_y: -7.276295
robot_base_yaw: 3.140536
robot_geom: robot0_back_right_caster_2
proxy_geom: scene_aabb_proxy_line_6_belt
judge_collision_detected:
robot_base_x: 10.431125
robot_base_y: -7.276295
robot_base_yaw: 3.140536
robot_geom: robot0_back_right_caster_2
proxy_geom: scene_aabb_proxy_line_6_output_side_protrusion
judge_collision_detected:
robot_base_x: 10.431125
robot_base_y: -7.276295
robot_base_yaw: 3.140536
robot_geom: robot0_base_collision
proxy_geom: scene_aabb_proxy_line_6_belt
judge_collision_detected:
robot_base_x: 10.431125
robot_base_y: -7.276295
robot_base_yaw: 3.140536
robot_geom: robot0_base_collision
proxy_geom: scene_aabb_proxy_line_6_output_side_protrusion
judge_collision_detected:
robot_base_x: 10.431125
robot_base_y: -7.276295
robot_base_yaw: 3.140536
robot_geom: robot0_base_collision
proxy_geom: scene_aabb_proxy_output_6
judge_collision_detected:
robot_base_x: 10.431125
robot_base_y: -7.276295
robot_base_yaw: 3.140536
robot_geom: robot0_base_collision
proxy_geom: scene_aabb_proxy_production_line_6
judge_collision_detected:
robot_base_x: 10.431125
robot_base_y: -7.276295
robot_base_yaw: 3.140536
robot_geom: robot0_front_left_caster_2
proxy_geom: scene_aabb_proxy_output_6
judge_collision_detected:
robot_base_x: 10.431125
robot_base_y: -7.276295
robot_base_yaw: 3.140536
robot_geom: robot0_front_right_caster_2
proxy_geom: scene_aabb_proxy_output_6
judge_collision_detected:
robot_base_x: 10.431125
robot_base_y: -7.276295
robot_base_yaw: 3.140536
robot_geom: robot0_torso_fixed_collision_box_1
proxy_geom: scene_aabb_proxy_line_6_belt
judge_collision_detected:
robot_base_x: 10.431125
robot_base_y: -7.276295
robot_base_yaw: 3.140536
robot_geom: robot0_torso_fixed_collision_box_1
proxy_geom: scene_aabb_proxy_line_6_output_side_protrusion
judge_collision_detected:
robot_base_x: 10.431125
robot_base_y: -7.276295
robot_base_yaw: 3.140536
robot_geom: robot0_torso_fixed_collision_box_1
proxy_geom: scene_aabb_proxy_output_6
judge_collision_detected:
robot_base_x: 10.431125
robot_base_y: -7.276295
robot_base_yaw: 3.140536
robot_geom: robot0_torso_fixed_collision_box_1
proxy_geom: scene_aabb_proxy_production_line_6
judge_collision_detected:
robot_base_x: 10.431125
robot_base_y: -7.276295
robot_base_yaw: 3.140536
robot_geom: robot0_torso_fixed_column_collision
proxy_geom: scene_aabb_proxy_line_6_output_side_protrusion
judge_collision_detected:
robot_base_x: 10.431125
robot_base_y: -7.276295
robot_base_yaw: 3.140536
robot_geom: robot0_wheel_left_collision
proxy_geom: scene_aabb_proxy_line_6_output_side_protrusion
judge_collision_detected:
robot_base_x: 10.431125
robot_base_y: -7.276295
robot_base_yaw: 3.140536
robot_geom: robot0_wheel_right_collision
proxy_geom: scene_aabb_proxy_line_6_output_side_protrusion
judge_collision_detected:
robot_base_x: 10.431125
robot_base_y: -7.276295
robot_base_yaw: 3.140536
robot_geom: robot0_wheel_right_collision
proxy_geom: scene_aabb_proxy_production_line_6
judge_collision_detected:
robot_base_x: 10.426300
robot_base_y: -7.276617
robot_base_yaw: 3.140903
robot_geom: robot0_back_left_caster_2
proxy_geom: scene_aabb_proxy_line_6_belt
judge_collision_detected:
robot_base_x: 10.426300
robot_base_y: -7.276617
robot_base_yaw: 3.140903
robot_geom: robot0_back_left_caster_2
proxy_geom: scene_aabb_proxy_line_6_output_side_protrusion
judge_collision_detected:
robot_base_x: 10.426300
robot_base_y: -7.276617
robot_base_yaw: 3.140903
robot_geom: robot0_back_right_caster_2
proxy_geom: scene_aabb_proxy_line_6_belt
judge_collision_detected:
robot_base_x: 10.426300
robot_base_y: -7.276617
robot_base_yaw: 3.140903
robot_geom: robot0_back_right_caster_2
proxy_geom: scene_aabb_proxy_line_6_output_side_protrusion
judge_collision_detected:
robot_base_x: 10.426300
robot_base_y: -7.276617
robot_base_yaw: 3.140903
robot_geom: robot0_base_collision
proxy_geom: scene_aabb_proxy_line_6_belt
judge_collision_detected:
robot_base_x: 10.426300
robot_base_y: -7.276617
robot_base_yaw: 3.140903
robot_geom: robot0_base_collision
proxy_geom: scene_aabb_proxy_line_6_output_side_protrusion
judge_collision_detected:
robot_base_x: 10.426300
robot_base_y: -7.276617
robot_base_yaw: 3.140903
robot_geom: robot0_base_collision
proxy_geom: scene_aabb_proxy_output_6
judge_collision_detected:
robot_base_x: 10.426300
robot_base_y: -7.276617
robot_base_yaw: 3.140903
robot_geom: robot0_base_collision
proxy_geom: scene_aabb_proxy_production_line_6
judge_collision_detected:
robot_base_x: 10.426300
robot_base_y: -7.276617
robot_base_yaw: 3.140903
robot_geom: robot0_front_left_caster_2
proxy_geom: scene_aabb_proxy_output_6
judge_collision_detected:
robot_base_x: 10.426300
robot_base_y: -7.276617
robot_base_yaw: 3.140903
robot_geom: robot0_front_right_caster_2
proxy_geom: scene_aabb_proxy_output_6
judge_collision_detected:
robot_base_x: 10.426300
robot_base_y: -7.276617
robot_base_yaw: 3.140903
robot_geom: robot0_torso_fixed_collision_box_1
proxy_geom: scene_aabb_proxy_line_6_belt
judge_collision_detected:
robot_base_x: 10.426300
robot_base_y: -7.276617
robot_base_yaw: 3.140903
robot_geom: robot0_torso_fixed_collision_box_1
proxy_geom: scene_aabb_proxy_line_6_output_side_protrusion
judge_collision_detected:
robot_base_x: 10.426300
robot_base_y: -7.276617
robot_base_yaw: 3.140903
robot_geom: robot0_torso_fixed_collision_box_1
proxy_geom: scene_aabb_proxy_output_6
judge_collision_detected:
robot_base_x: 10.426300
robot_base_y: -7.276617
robot_base_yaw: 3.140903
robot_geom: robot0_torso_fixed_collision_box_1
proxy_geom: scene_aabb_proxy_production_line_6
judge_collision_detected:
robot_base_x: 10.426300
robot_base_y: -7.276617
robot_base_yaw: 3.140903
robot_geom: robot0_torso_fixed_column_collision
proxy_geom: scene_aabb_proxy_line_6_output_side_protrusion
judge_collision_detected:
robot_base_x: 10.426300
robot_base_y: -7.276617
robot_base_yaw: 3.140903
robot_geom: robot0_wheel_left_collision
proxy_geom: scene_aabb_proxy_line_6_output_side_protrusion
judge_collision_detected:
robot_base_x: 10.426300
robot_base_y: -7.276617
robot_base_yaw: 3.140903
robot_geom: robot0_wheel_right_collision
proxy_geom: scene_aabb_proxy_line_6_output_side_protrusion
judge_collision_detected:
robot_base_x: 10.426300
robot_base_y: -7.276617
robot_base_yaw: 3.140903
robot_geom: robot0_wheel_right_collision
proxy_geom: scene_aabb_proxy_production_line_6
judge_collision_detected:
robot_base_x: 10.415304
robot_base_y: -7.277083
robot_base_yaw: 3.138860
robot_geom: robot0_back_left_caster_2
proxy_geom: scene_aabb_proxy_line_6_belt
judge_collision_detected:
robot_base_x: 10.415304
robot_base_y: -7.277083
robot_base_yaw: 3.138860
robot_geom: robot0_back_left_caster_2
proxy_geom: scene_aabb_proxy_line_6_output_side_protrusion
judge_collision_detected:
robot_base_x: 10.415304
robot_base_y: -7.277083
robot_base_yaw: 3.138860
robot_geom: robot0_back_right_caster_2
proxy_geom: scene_aabb_proxy_line_6_belt
judge_collision_detected:
robot_base_x: 10.415304
robot_base_y: -7.277083
robot_base_yaw: 3.138860
robot_geom: robot0_back_right_caster_2
proxy_geom: scene_aabb_proxy_line_6_output_side_protrusion
judge_collision_detected:
robot_base_x: 10.415304
robot_base_y: -7.277083
robot_base_yaw: 3.138860
robot_geom: robot0_base_collision
proxy_geom: scene_aabb_proxy_line_6_belt
judge_collision_detected:
robot_base_x: 10.415304
robot_base_y: -7.277083
robot_base_yaw: 3.138860
robot_geom: robot0_base_collision
proxy_geom: scene_aabb_proxy_line_6_output_side_protrusion
judge_collision_detected:
robot_base_x: 10.415304
robot_base_y: -7.277083
robot_base_yaw: 3.138860
robot_geom: robot0_base_collision
proxy_geom: scene_aabb_proxy_output_6
judge_collision_detected:
robot_base_x: 10.415304
robot_base_y: -7.277083
robot_base_yaw: 3.138860
robot_geom: robot0_base_collision
proxy_geom: scene_aabb_proxy_production_line_6
judge_collision_detected:
robot_base_x: 10.415304
robot_base_y: -7.277083
robot_base_yaw: 3.138860
robot_geom: robot0_front_left_caster_2
proxy_geom: scene_aabb_proxy_output_6
judge_collision_detected:
robot_base_x: 10.415304
robot_base_y: -7.277083
robot_base_yaw: 3.138860
robot_geom: robot0_front_right_caster_2
proxy_geom: scene_aabb_proxy_output_6
judge_collision_detected:
robot_base_x: 10.415304
robot_base_y: -7.277083
robot_base_yaw: 3.138860
robot_geom: robot0_torso_fixed_collision_box_1
proxy_geom: scene_aabb_proxy_line_6_belt
judge_collision_detected:
robot_base_x: 10.415304
robot_base_y: -7.277083
robot_base_yaw: 3.138860
robot_geom: robot0_torso_fixed_collision_box_1
proxy_geom: scene_aabb_proxy_line_6_output_side_protrusion
judge_collision_detected:
robot_base_x: 10.415304
robot_base_y: -7.277083
robot_base_yaw: 3.138860
robot_geom: robot0_torso_fixed_collision_box_1
proxy_geom: scene_aabb_proxy_output_6
judge_collision_detected:
robot_base_x: 10.415304
robot_base_y: -7.277083
robot_base_yaw: 3.138860
robot_geom: robot0_torso_fixed_collision_box_1
proxy_geom: scene_aabb_proxy_production_line_6
judge_collision_detected:
robot_base_x: 10.415304
robot_base_y: -7.277083
robot_base_yaw: 3.138860
robot_geom: robot0_torso_fixed_column_collision
proxy_geom: scene_aabb_proxy_line_6_output_side_protrusion
judge_collision_detected:
robot_base_x: 10.415304
robot_base_y: -7.277083
robot_base_yaw: 3.138860
robot_geom: robot0_wheel_left_collision
proxy_geom: scene_aabb_proxy_line_6_output_side_protrusion
judge_collision_detected:
robot_base_x: 10.415304
robot_base_y: -7.277083
robot_base_yaw: 3.138860
robot_geom: robot0_wheel_right_collision
proxy_geom: scene_aabb_proxy_line_6_output_side_protrusion
judge_collision_detected:
robot_base_x: 10.415304
robot_base_y: -7.277083
robot_base_yaw: 3.138860
robot_geom: robot0_wheel_right_collision
proxy_geom: scene_aabb_proxy_production_line_6
judge_collision_detected:
robot_base_x: 10.407086
robot_base_y: -7.277537
robot_base_yaw: 3.138166
robot_geom: robot0_back_left_caster_2
proxy_geom: scene_aabb_proxy_line_6_output_side_protrusion
judge_collision_detected:
robot_base_x: 10.407086
robot_base_y: -7.277537
robot_base_yaw: 3.138166
robot_geom: robot0_back_right_caster_2
proxy_geom: scene_aabb_proxy_line_6_output_side_protrusion
judge_collision_detected:
robot_base_x: 10.407086
robot_base_y: -7.277537
robot_base_yaw: 3.138166
robot_geom: robot0_base_collision
proxy_geom: scene_aabb_proxy_line_6_belt
judge_collision_detected:
robot_base_x: 10.407086
robot_base_y: -7.277537
robot_base_yaw: 3.138166
robot_geom: robot0_base_collision
proxy_geom: scene_aabb_proxy_line_6_output_side_protrusion
judge_collision_detected:
robot_base_x: 10.407086
robot_base_y: -7.277537
robot_base_yaw: 3.138166
robot_geom: robot0_base_collision
proxy_geom: scene_aabb_proxy_output_6
judge_collision_detected:
robot_base_x: 10.407086
robot_base_y: -7.277537
robot_base_yaw: 3.138166
robot_geom: robot0_base_collision
proxy_geom: scene_aabb_proxy_production_line_6
judge_collision_detected:
robot_base_x: 10.407086
robot_base_y: -7.277537
robot_base_yaw: 3.138166
robot_geom: robot0_front_left_caster_2
proxy_geom: scene_aabb_proxy_output_6
judge_collision_detected:
robot_base_x: 10.407086
robot_base_y: -7.277537
robot_base_yaw: 3.138166
robot_geom: robot0_front_right_caster_2
proxy_geom: scene_aabb_proxy_output_6
judge_collision_detected:
robot_base_x: 10.407086
robot_base_y: -7.277537
robot_base_yaw: 3.138166
robot_geom: robot0_torso_fixed_collision_box_1
proxy_geom: scene_aabb_proxy_line_6_belt
judge_collision_detected:
robot_base_x: 10.407086
robot_base_y: -7.277537
robot_base_yaw: 3.138166
robot_geom: robot0_torso_fixed_collision_box_1
proxy_geom: scene_aabb_proxy_line_6_output_side_protrusion
judge_collision_detected:
robot_base_x: 10.407086
robot_base_y: -7.277537
robot_base_yaw: 3.138166
robot_geom: robot0_torso_fixed_collision_box_1
proxy_geom: scene_aabb_proxy_output_6
judge_collision_detected:
robot_base_x: 10.407086
robot_base_y: -7.277537
robot_base_yaw: 3.138166
robot_geom: robot0_torso_fixed_collision_box_1
proxy_geom: scene_aabb_proxy_production_line_6
judge_collision_detected:
robot_base_x: 10.407086
robot_base_y: -7.277537
robot_base_yaw: 3.138166
robot_geom: robot0_torso_fixed_column_collision
proxy_geom: scene_aabb_proxy_line_6_output_side_protrusion
judge_collision_detected:
robot_base_x: 10.407086
robot_base_y: -7.277537
robot_base_yaw: 3.138166
robot_geom: robot0_wheel_left_collision
proxy_geom: scene_aabb_proxy_line_6_output_side_protrusion
judge_collision_detected:
robot_base_x: 10.407086
robot_base_y: -7.277537
robot_base_yaw: 3.138166
robot_geom: robot0_wheel_right_collision
proxy_geom: scene_aabb_proxy_line_6_output_side_protrusion
judge_collision_detected:
robot_base_x: 10.407086
robot_base_y: -7.277537
robot_base_yaw: 3.138166
robot_geom: robot0_wheel_right_collision
proxy_geom: scene_aabb_proxy_production_line_6
judge_collision_detected:
robot_base_x: 10.400189
robot_base_y: -7.278000
robot_base_yaw: 3.137627
robot_geom: robot0_back_left_caster_2
proxy_geom: scene_aabb_proxy_line_6_output_side_protrusion
judge_collision_detected:
robot_base_x: 10.400189
robot_base_y: -7.278000
robot_base_yaw: 3.137627
robot_geom: robot0_back_right_caster_2
proxy_geom: scene_aabb_proxy_line_6_output_side_protrusion
judge_collision_detected:
robot_base_x: 10.400189
robot_base_y: -7.278000
robot_base_yaw: 3.137627
robot_geom: robot0_base_collision
proxy_geom: scene_aabb_proxy_line_6_belt
judge_collision_detected:
robot_base_x: 10.400189
robot_base_y: -7.278000
robot_base_yaw: 3.137627
robot_geom: robot0_base_collision
proxy_geom: scene_aabb_proxy_line_6_output_side_protrusion
judge_collision_detected:
robot_base_x: 10.400189
robot_base_y: -7.278000
robot_base_yaw: 3.137627
robot_geom: robot0_base_collision
proxy_geom: scene_aabb_proxy_output_6
judge_collision_detected:
robot_base_x: 10.400189
robot_base_y: -7.278000
robot_base_yaw: 3.137627
robot_geom: robot0_base_collision
proxy_geom: scene_aabb_proxy_production_line_6
judge_collision_detected:
robot_base_x: 10.400189
robot_base_y: -7.278000
robot_base_yaw: 3.137627
robot_geom: robot0_front_left_caster_2
proxy_geom: scene_aabb_proxy_output_6
judge_collision_detected:
robot_base_x: 10.400189
robot_base_y: -7.278000
robot_base_yaw: 3.137627
robot_geom: robot0_front_right_caster_2
proxy_geom: scene_aabb_proxy_output_6
judge_collision_detected:
robot_base_x: 10.400189
robot_base_y: -7.278000
robot_base_yaw: 3.137627
robot_geom: robot0_torso_fixed_collision_box_1
proxy_geom: scene_aabb_proxy_line_6_belt
judge_collision_detected:
robot_base_x: 10.400189
robot_base_y: -7.278000
robot_base_yaw: 3.137627
robot_geom: robot0_torso_fixed_collision_box_1
proxy_geom: scene_aabb_proxy_line_6_output_side_protrusion
judge_collision_detected:
robot_base_x: 10.400189
robot_base_y: -7.278000
robot_base_yaw: 3.137627
robot_geom: robot0_torso_fixed_collision_box_1
proxy_geom: scene_aabb_proxy_output_6
judge_collision_detected:
robot_base_x: 10.400189
robot_base_y: -7.278000
robot_base_yaw: 3.137627
robot_geom: robot0_torso_fixed_collision_box_1
proxy_geom: scene_aabb_proxy_production_line_6
judge_collision_detected:
robot_base_x: 10.400189
robot_base_y: -7.278000
robot_base_yaw: 3.137627
robot_geom: robot0_torso_fixed_column_collision
proxy_geom: scene_aabb_proxy_line_6_output_side_protrusion
judge_collision_detected:
robot_base_x: 10.400189
robot_base_y: -7.278000
robot_base_yaw: 3.137627
robot_geom: robot0_wheel_left_collision
proxy_geom: scene_aabb_proxy_line_6_output_side_protrusion
judge_collision_detected:
robot_base_x: 10.400189
robot_base_y: -7.278000
robot_base_yaw: 3.137627
robot_geom: robot0_wheel_right_collision
proxy_geom: scene_aabb_proxy_line_6_output_side_protrusion
judge_collision_detected:
robot_base_x: 10.400189
robot_base_y: -7.278000
robot_base_yaw: 3.137627
robot_geom: robot0_wheel_right_collision
proxy_geom: scene_aabb_proxy_production_line_6
judge_collision_detected:
robot_base_x: 10.394054
robot_base_y: -7.278440
robot_base_yaw: 3.137174
robot_geom: robot0_back_left_caster_2
proxy_geom: scene_aabb_proxy_line_6_output_side_protrusion
judge_collision_detected:
robot_base_x: 10.394054
robot_base_y: -7.278440
robot_base_yaw: 3.137174
robot_geom: robot0_back_right_caster_2
proxy_geom: scene_aabb_proxy_line_6_output_side_protrusion
judge_collision_detected:
robot_base_x: 10.394054
robot_base_y: -7.278440
robot_base_yaw: 3.137174
robot_geom: robot0_base_collision
proxy_geom: scene_aabb_proxy_line_6_belt
judge_collision_detected:
robot_base_x: 10.394054
robot_base_y: -7.278440
robot_base_yaw: 3.137174
robot_geom: robot0_base_collision
proxy_geom: scene_aabb_proxy_line_6_output_side_protrusion
judge_collision_detected:
robot_base_x: 10.394054
robot_base_y: -7.278440
robot_base_yaw: 3.137174
robot_geom: robot0_base_collision
proxy_geom: scene_aabb_proxy_output_6
judge_collision_detected:
robot_base_x: 10.394054
robot_base_y: -7.278440
robot_base_yaw: 3.137174
robot_geom: robot0_base_collision
proxy_geom: scene_aabb_proxy_production_line_6
judge_collision_detected:
robot_base_x: 10.394054
robot_base_y: -7.278440
robot_base_yaw: 3.137174
robot_geom: robot0_front_left_caster_2
proxy_geom: scene_aabb_proxy_output_6
judge_collision_detected:
robot_base_x: 10.394054
robot_base_y: -7.278440
robot_base_yaw: 3.137174
robot_geom: robot0_front_right_caster_2
proxy_geom: scene_aabb_proxy_output_6
judge_collision_detected:
robot_base_x: 10.394054
robot_base_y: -7.278440
robot_base_yaw: 3.137174
robot_geom: robot0_torso_fixed_collision_box_1
proxy_geom: scene_aabb_proxy_line_6_output_side_protrusion
judge_collision_detected:
robot_base_x: 10.394054
robot_base_y: -7.278440
robot_base_yaw: 3.137174
robot_geom: robot0_torso_fixed_collision_box_1
proxy_geom: scene_aabb_proxy_output_6
judge_collision_detected:
robot_base_x: 10.394054
robot_base_y: -7.278440
robot_base_yaw: 3.137174
robot_geom: robot0_torso_fixed_collision_box_1
proxy_geom: scene_aabb_proxy_production_line_6
judge_collision_detected:
robot_base_x: 10.394054
robot_base_y: -7.278440
robot_base_yaw: 3.137174
robot_geom: robot0_torso_fixed_column_collision
proxy_geom: scene_aabb_proxy_line_6_output_side_protrusion
judge_collision_detected:
robot_base_x: 10.394054
robot_base_y: -7.278440
robot_base_yaw: 3.137174
robot_geom: robot0_wheel_left_collision
proxy_geom: scene_aabb_proxy_line_6_output_side_protrusion
judge_collision_detected:
robot_base_x: 10.394054
robot_base_y: -7.278440
robot_base_yaw: 3.137174
robot_geom: robot0_wheel_right_collision
proxy_geom: scene_aabb_proxy_line_6_output_side_protrusion
judge_collision_detected:
robot_base_x: 10.394054
robot_base_y: -7.278440
robot_base_yaw: 3.137174
robot_geom: robot0_wheel_right_collision
proxy_geom: scene_aabb_proxy_production_line_6
judge_collision_detected:
robot_base_x: 10.388444
robot_base_y: -7.278851
robot_base_yaw: 3.136776
robot_geom: robot0_back_left_caster_2
proxy_geom: scene_aabb_proxy_line_6_output_side_protrusion
judge_collision_detected:
robot_base_x: 10.388444
robot_base_y: -7.278851
robot_base_yaw: 3.136776
robot_geom: robot0_back_right_caster_2
proxy_geom: scene_aabb_proxy_line_6_output_side_protrusion
judge_collision_detected:
robot_base_x: 10.388444
robot_base_y: -7.278851
robot_base_yaw: 3.136776
robot_geom: robot0_base_collision
proxy_geom: scene_aabb_proxy_line_6_belt
judge_collision_detected:
robot_base_x: 10.388444
robot_base_y: -7.278851
robot_base_yaw: 3.136776
robot_geom: robot0_base_collision
proxy_geom: scene_aabb_proxy_line_6_output_side_protrusion
judge_collision_detected:
robot_base_x: 10.388444
robot_base_y: -7.278851
robot_base_yaw: 3.136776
robot_geom: robot0_base_collision
proxy_geom: scene_aabb_proxy_output_6
judge_collision_detected:
robot_base_x: 10.388444
robot_base_y: -7.278851
robot_base_yaw: 3.136776
robot_geom: robot0_base_collision
proxy_geom: scene_aabb_proxy_production_line_6
judge_collision_detected:
robot_base_x: 10.388444
robot_base_y: -7.278851
robot_base_yaw: 3.136776
robot_geom: robot0_front_left_caster_2
proxy_geom: scene_aabb_proxy_output_6
judge_collision_detected:
robot_base_x: 10.388444
robot_base_y: -7.278851
robot_base_yaw: 3.136776
robot_geom: robot0_front_right_caster_2
proxy_geom: scene_aabb_proxy_output_6
judge_collision_detected:
robot_base_x: 10.388444
robot_base_y: -7.278851
robot_base_yaw: 3.136776
robot_geom: robot0_torso_fixed_collision_box_1
proxy_geom: scene_aabb_proxy_line_6_output_side_protrusion
judge_collision_detected:
robot_base_x: 10.388444
robot_base_y: -7.278851
robot_base_yaw: 3.136776
robot_geom: robot0_torso_fixed_collision_box_1
proxy_geom: scene_aabb_proxy_output_6
judge_collision_detected:
robot_base_x: 10.388444
robot_base_y: -7.278851
robot_base_yaw: 3.136776
robot_geom: robot0_torso_fixed_collision_box_1
proxy_geom: scene_aabb_proxy_production_line_6
judge_collision_detected:
robot_base_x: 10.388444
robot_base_y: -7.278851
robot_base_yaw: 3.136776
robot_geom: robot0_torso_fixed_column_collision
proxy_geom: scene_aabb_proxy_line_6_output_side_protrusion
judge_collision_detected:
robot_base_x: 10.388444
robot_base_y: -7.278851
robot_base_yaw: 3.136776
robot_geom: robot0_wheel_left_collision
proxy_geom: scene_aabb_proxy_line_6_output_side_protrusion
judge_collision_detected:
robot_base_x: 10.388444
robot_base_y: -7.278851
robot_base_yaw: 3.136776
robot_geom: robot0_wheel_right_collision
proxy_geom: scene_aabb_proxy_line_6_output_side_protrusion
judge_collision_detected:
robot_base_x: 10.388444
robot_base_y: -7.278851
robot_base_yaw: 3.136776
robot_geom: robot0_wheel_right_collision
proxy_geom: scene_aabb_proxy_production_line_6
judge_collision_detected:
robot_base_x: 10.383435
robot_base_y: -7.279218
robot_base_yaw: 3.136649
robot_geom: robot0_back_left_caster_2
proxy_geom: scene_aabb_proxy_line_6_output_side_protrusion
judge_collision_detected:
robot_base_x: 10.383435
robot_base_y: -7.279218
robot_base_yaw: 3.136649
robot_geom: robot0_back_right_caster_2
proxy_geom: scene_aabb_proxy_line_6_output_side_protrusion
judge_collision_detected:
robot_base_x: 10.383435
robot_base_y: -7.279218
robot_base_yaw: 3.136649
robot_geom: robot0_base_collision
proxy_geom: scene_aabb_proxy_line_6_belt
judge_collision_detected:
robot_base_x: 10.383435
robot_base_y: -7.279218
robot_base_yaw: 3.136649
robot_geom: robot0_base_collision
proxy_geom: scene_aabb_proxy_line_6_output_side_protrusion
judge_collision_detected:
robot_base_x: 10.383435
robot_base_y: -7.279218
robot_base_yaw: 3.136649
robot_geom: robot0_base_collision
proxy_geom: scene_aabb_proxy_output_6
judge_collision_detected:
robot_base_x: 10.383435
robot_base_y: -7.279218
robot_base_yaw: 3.136649
robot_geom: robot0_base_collision
proxy_geom: scene_aabb_proxy_production_line_6
judge_collision_detected:
robot_base_x: 10.383435
robot_base_y: -7.279218
robot_base_yaw: 3.136649
robot_geom: robot0_front_left_caster_2
proxy_geom: scene_aabb_proxy_output_6
judge_collision_detected:
robot_base_x: 10.383435
robot_base_y: -7.279218
robot_base_yaw: 3.136649
robot_geom: robot0_front_right_caster_2
proxy_geom: scene_aabb_proxy_output_6
judge_collision_detected:
robot_base_x: 10.383435
robot_base_y: -7.279218
robot_base_yaw: 3.136649
robot_geom: robot0_torso_fixed_collision_box_1
proxy_geom: scene_aabb_proxy_line_6_output_side_protrusion
judge_collision_detected:
robot_base_x: 10.383435
robot_base_y: -7.279218
robot_base_yaw: 3.136649
robot_geom: robot0_torso_fixed_collision_box_1
proxy_geom: scene_aabb_proxy_output_6
judge_collision_detected:
robot_base_x: 10.383435
robot_base_y: -7.279218
robot_base_yaw: 3.136649
robot_geom: robot0_torso_fixed_collision_box_1
proxy_geom: scene_aabb_proxy_production_line_6
judge_collision_detected:
robot_base_x: 10.383435
robot_base_y: -7.279218
robot_base_yaw: 3.136649
robot_geom: robot0_torso_fixed_column_collision
proxy_geom: scene_aabb_proxy_line_6_output_side_protrusion
judge_collision_detected:
robot_base_x: 10.383435
robot_base_y: -7.279218
robot_base_yaw: 3.136649
robot_geom: robot0_wheel_left_collision
proxy_geom: scene_aabb_proxy_line_6_output_side_protrusion
judge_collision_detected:
robot_base_x: 10.383435
robot_base_y: -7.279218
robot_base_yaw: 3.136649
robot_geom: robot0_wheel_left_collision
proxy_geom: scene_aabb_proxy_output_6
judge_collision_detected:
robot_base_x: 10.383435
robot_base_y: -7.279218
robot_base_yaw: 3.136649
robot_geom: robot0_wheel_right_collision
proxy_geom: scene_aabb_proxy_line_6_output_side_protrusion
judge_collision_detected:
robot_base_x: 10.383435
robot_base_y: -7.279218
robot_base_yaw: 3.136649
robot_geom: robot0_wheel_right_collision
proxy_geom: scene_aabb_proxy_output_6
judge_collision_detected:
robot_base_x: 10.383435
robot_base_y: -7.279218
robot_base_yaw: 3.136649
robot_geom: robot0_wheel_right_collision
proxy_geom: scene_aabb_proxy_production_line_6
judge_collision_detected:
robot_base_x: 10.380307
robot_base_y: -7.279524
robot_base_yaw: 3.136475
robot_geom: robot0_back_left_caster_2
proxy_geom: scene_aabb_proxy_line_6_output_side_protrusion
judge_collision_detected:
robot_base_x: 10.380307
robot_base_y: -7.279524
robot_base_yaw: 3.136475
robot_geom: robot0_back_right_caster_2
proxy_geom: scene_aabb_proxy_line_6_output_side_protrusion
judge_collision_detected:
robot_base_x: 10.380307
robot_base_y: -7.279524
robot_base_yaw: 3.136475
robot_geom: robot0_base_collision
proxy_geom: scene_aabb_proxy_line_6_belt
judge_collision_detected:
robot_base_x: 10.380307
robot_base_y: -7.279524
robot_base_yaw: 3.136475
robot_geom: robot0_base_collision
proxy_geom: scene_aabb_proxy_line_6_output_side_protrusion
judge_collision_detected:
robot_base_x: 10.380307
robot_base_y: -7.279524
robot_base_yaw: 3.136475
robot_geom: robot0_base_collision
proxy_geom: scene_aabb_proxy_output_6
judge_collision_detected:
robot_base_x: 10.380307
robot_base_y: -7.279524
robot_base_yaw: 3.136475
robot_geom: robot0_base_collision
proxy_geom: scene_aabb_proxy_production_line_6
judge_collision_detected:
robot_base_x: 10.380307
robot_base_y: -7.279524
robot_base_yaw: 3.136475
robot_geom: robot0_front_left_caster_2
proxy_geom: scene_aabb_proxy_output_6
judge_collision_detected:
robot_base_x: 10.380307
robot_base_y: -7.279524
robot_base_yaw: 3.136475
robot_geom: robot0_front_right_caster_2
proxy_geom: scene_aabb_proxy_output_6
judge_collision_detected:
robot_base_x: 10.380307
robot_base_y: -7.279524
robot_base_yaw: 3.136475
robot_geom: robot0_torso_fixed_collision_box_1
proxy_geom: scene_aabb_proxy_line_6_output_side_protrusion
judge_collision_detected:
robot_base_x: 10.380307
robot_base_y: -7.279524
robot_base_yaw: 3.136475
robot_geom: robot0_torso_fixed_collision_box_1
proxy_geom: scene_aabb_proxy_output_6
judge_collision_detected:
robot_base_x: 10.380307
robot_base_y: -7.279524
robot_base_yaw: 3.136475
robot_geom: robot0_torso_fixed_collision_box_1
proxy_geom: scene_aabb_proxy_production_line_6
judge_collision_detected:
robot_base_x: 10.380307
robot_base_y: -7.279524
robot_base_yaw: 3.136475
robot_geom: robot0_torso_fixed_column_collision
proxy_geom: scene_aabb_proxy_line_6_output_side_protrusion
judge_collision_detected:
robot_base_x: 10.380307
robot_base_y: -7.279524
robot_base_yaw: 3.136475
robot_geom: robot0_wheel_left_collision
proxy_geom: scene_aabb_proxy_line_6_output_side_protrusion
judge_collision_detected:
robot_base_x: 10.380307
robot_base_y: -7.279524
robot_base_yaw: 3.136475
robot_geom: robot0_wheel_left_collision
proxy_geom: scene_aabb_proxy_output_6
judge_collision_detected:
robot_base_x: 10.380307
robot_base_y: -7.279524
robot_base_yaw: 3.136475
robot_geom: robot0_wheel_right_collision
proxy_geom: scene_aabb_proxy_line_6_output_side_protrusion
judge_collision_detected:
robot_base_x: 10.380307
robot_base_y: -7.279524
robot_base_yaw: 3.136475
robot_geom: robot0_wheel_right_collision
proxy_geom: scene_aabb_proxy_output_6
judge_collision_detected:
robot_base_x: 10.380307
robot_base_y: -7.279524
robot_base_yaw: 3.136475
robot_geom: robot0_wheel_right_collision
proxy_geom: scene_aabb_proxy_production_line_6
judge_collision_detected:
robot_base_x: 10.378048
robot_base_y: -7.279809
robot_base_yaw: 3.135592
robot_geom: robot0_back_left_caster_2
proxy_geom: scene_aabb_proxy_line_6_output_side_protrusion
judge_collision_detected:
robot_base_x: 10.378048
robot_base_y: -7.279809
robot_base_yaw: 3.135592
robot_geom: robot0_back_right_caster_2
proxy_geom: scene_aabb_proxy_line_6_output_side_protrusion
judge_collision_detected:
robot_base_x: 10.378048
robot_base_y: -7.279809
robot_base_yaw: 3.135592
robot_geom: robot0_base_collision
proxy_geom: scene_aabb_proxy_line_6_belt
judge_collision_detected:
robot_base_x: 10.378048
robot_base_y: -7.279809
robot_base_yaw: 3.135592
robot_geom: robot0_base_collision
proxy_geom: scene_aabb_proxy_line_6_output_side_protrusion
judge_collision_detected:
robot_base_x: 10.378048
robot_base_y: -7.279809
robot_base_yaw: 3.135592
robot_geom: robot0_base_collision
proxy_geom: scene_aabb_proxy_output_6
judge_collision_detected:
robot_base_x: 10.378048
robot_base_y: -7.279809
robot_base_yaw: 3.135592
robot_geom: robot0_base_collision
proxy_geom: scene_aabb_proxy_production_line_6
judge_collision_detected:
robot_base_x: 10.378048
robot_base_y: -7.279809
robot_base_yaw: 3.135592
robot_geom: robot0_front_left_caster_2
proxy_geom: scene_aabb_proxy_output_6
judge_collision_detected:
robot_base_x: 10.378048
robot_base_y: -7.279809
robot_base_yaw: 3.135592
robot_geom: robot0_front_right_caster_2
proxy_geom: scene_aabb_proxy_output_6
judge_collision_detected:
robot_base_x: 10.378048
robot_base_y: -7.279809
robot_base_yaw: 3.135592
robot_geom: robot0_torso_fixed_collision_box_1
proxy_geom: scene_aabb_proxy_line_6_output_side_protrusion
judge_collision_detected:
robot_base_x: 10.378048
robot_base_y: -7.279809
robot_base_yaw: 3.135592
robot_geom: robot0_torso_fixed_collision_box_1
proxy_geom: scene_aabb_proxy_output_6
judge_collision_detected:
robot_base_x: 10.378048
robot_base_y: -7.279809
robot_base_yaw: 3.135592
robot_geom: robot0_torso_fixed_collision_box_1
proxy_geom: scene_aabb_proxy_production_line_6
judge_collision_detected:
robot_base_x: 10.378048
robot_base_y: -7.279809
robot_base_yaw: 3.135592
robot_geom: robot0_torso_fixed_column_collision
proxy_geom: scene_aabb_proxy_line_6_output_side_protrusion
judge_collision_detected:
robot_base_x: 10.378048
robot_base_y: -7.279809
robot_base_yaw: 3.135592
robot_geom: robot0_wheel_left_collision
proxy_geom: scene_aabb_proxy_line_6_output_side_protrusion
judge_collision_detected:
robot_base_x: 10.378048
robot_base_y: -7.279809
robot_base_yaw: 3.135592
robot_geom: robot0_wheel_left_collision
proxy_geom: scene_aabb_proxy_output_6
judge_collision_detected:
robot_base_x: 10.378048
robot_base_y: -7.279809
robot_base_yaw: 3.135592
robot_geom: robot0_wheel_right_collision
proxy_geom: scene_aabb_proxy_line_6_output_side_protrusion
judge_collision_detected:
robot_base_x: 10.378048
robot_base_y: -7.279809
robot_base_yaw: 3.135592
robot_geom: robot0_wheel_right_collision
proxy_geom: scene_aabb_proxy_output_6
judge_collision_detected:
robot_base_x: 10.378048
robot_base_y: -7.279809
robot_base_yaw: 3.135592
robot_geom: robot0_wheel_right_collision
proxy_geom: scene_aabb_proxy_production_line_6
judge_collision_detected:
robot_base_x: 10.376015
robot_base_y: -7.280095
robot_base_yaw: 3.134705
robot_geom: robot0_back_left_caster_2
proxy_geom: scene_aabb_proxy_line_6_output_side_protrusion
judge_collision_detected:
robot_base_x: 10.376015
robot_base_y: -7.280095
robot_base_yaw: 3.134705
robot_geom: robot0_back_right_caster_2
proxy_geom: scene_aabb_proxy_line_6_output_side_protrusion
judge_collision_detected:
robot_base_x: 10.376015
robot_base_y: -7.280095
robot_base_yaw: 3.134705
robot_geom: robot0_base_collision
proxy_geom: scene_aabb_proxy_line_6_belt
judge_collision_detected:
robot_base_x: 10.376015
robot_base_y: -7.280095
robot_base_yaw: 3.134705
robot_geom: robot0_base_collision
proxy_geom: scene_aabb_proxy_line_6_output_side_protrusion
judge_collision_detected:
robot_base_x: 10.376015
robot_base_y: -7.280095
robot_base_yaw: 3.134705
robot_geom: robot0_base_collision
proxy_geom: scene_aabb_proxy_output_6
judge_collision_detected:
robot_base_x: 10.376015
robot_base_y: -7.280095
robot_base_yaw: 3.134705
robot_geom: robot0_base_collision
proxy_geom: scene_aabb_proxy_production_line_6
judge_collision_detected:
robot_base_x: 10.376015
robot_base_y: -7.280095
robot_base_yaw: 3.134705
robot_geom: robot0_front_left_caster_2
proxy_geom: scene_aabb_proxy_output_6
judge_collision_detected:
robot_base_x: 10.376015
robot_base_y: -7.280095
robot_base_yaw: 3.134705
robot_geom: robot0_front_right_caster_2
proxy_geom: scene_aabb_proxy_output_6
judge_collision_detected:
robot_base_x: 10.376015
robot_base_y: -7.280095
robot_base_yaw: 3.134705
robot_geom: robot0_torso_fixed_collision_box_1
proxy_geom: scene_aabb_proxy_line_6_output_side_protrusion
judge_collision_detected:
robot_base_x: 10.376015
robot_base_y: -7.280095
robot_base_yaw: 3.134705
robot_geom: robot0_torso_fixed_collision_box_1
proxy_geom: scene_aabb_proxy_output_6
judge_collision_detected:
robot_base_x: 10.376015
robot_base_y: -7.280095
robot_base_yaw: 3.134705
robot_geom: robot0_torso_fixed_collision_box_1
proxy_geom: scene_aabb_proxy_production_line_6
judge_collision_detected:
robot_base_x: 10.376015
robot_base_y: -7.280095
robot_base_yaw: 3.134705
robot_geom: robot0_torso_fixed_column_collision
proxy_geom: scene_aabb_proxy_line_6_output_side_protrusion
judge_collision_detected:
robot_base_x: 10.376015
robot_base_y: -7.280095
robot_base_yaw: 3.134705
robot_geom: robot0_wheel_left_collision
proxy_geom: scene_aabb_proxy_line_6_output_side_protrusion
judge_collision_detected:
robot_base_x: 10.376015
robot_base_y: -7.280095
robot_base_yaw: 3.134705
robot_geom: robot0_wheel_left_collision
proxy_geom: scene_aabb_proxy_output_6
judge_collision_detected:
robot_base_x: 10.376015
robot_base_y: -7.280095
robot_base_yaw: 3.134705
robot_geom: robot0_wheel_right_collision
proxy_geom: scene_aabb_proxy_line_6_output_side_protrusion
judge_collision_detected:
robot_base_x: 10.376015
robot_base_y: -7.280095
robot_base_yaw: 3.134705
robot_geom: robot0_wheel_right_collision
proxy_geom: scene_aabb_proxy_output_6
judge_collision_detected:
robot_base_x: 10.376015
robot_base_y: -7.280095
robot_base_yaw: 3.134705
robot_geom: robot0_wheel_right_collision
proxy_geom: scene_aabb_proxy_production_line_6
judge_collision_detected:
robot_base_x: 10.374068
robot_base_y: -7.280373
robot_base_yaw: 3.133866
robot_geom: robot0_back_left_caster_2
proxy_geom: scene_aabb_proxy_line_6_output_side_protrusion
judge_collision_detected:
robot_base_x: 10.374068
robot_base_y: -7.280373
robot_base_yaw: 3.133866
robot_geom: robot0_back_right_caster_2
proxy_geom: scene_aabb_proxy_line_6_output_side_protrusion
judge_collision_detected:
robot_base_x: 10.374068
robot_base_y: -7.280373
robot_base_yaw: 3.133866
robot_geom: robot0_base_collision
proxy_geom: scene_aabb_proxy_line_6_output_side_protrusion
judge_collision_detected:
robot_base_x: 10.374068
robot_base_y: -7.280373
robot_base_yaw: 3.133866
robot_geom: robot0_base_collision
proxy_geom: scene_aabb_proxy_output_6
judge_collision_detected:
robot_base_x: 10.374068
robot_base_y: -7.280373
robot_base_yaw: 3.133866
robot_geom: robot0_base_collision
proxy_geom: scene_aabb_proxy_production_line_6
judge_collision_detected:
robot_base_x: 10.374068
robot_base_y: -7.280373
robot_base_yaw: 3.133866
robot_geom: robot0_front_left_caster_2
proxy_geom: scene_aabb_proxy_output_6
judge_collision_detected:
robot_base_x: 10.374068
robot_base_y: -7.280373
robot_base_yaw: 3.133866
robot_geom: robot0_front_right_caster_2
proxy_geom: scene_aabb_proxy_output_6
judge_collision_detected:
robot_base_x: 10.374068
robot_base_y: -7.280373
robot_base_yaw: 3.133866
robot_geom: robot0_torso_fixed_collision_box_1
proxy_geom: scene_aabb_proxy_line_6_output_side_protrusion
judge_collision_detected:
robot_base_x: 10.374068
robot_base_y: -7.280373
robot_base_yaw: 3.133866
robot_geom: robot0_torso_fixed_collision_box_1
proxy_geom: scene_aabb_proxy_output_6
judge_collision_detected:
robot_base_x: 10.374068
robot_base_y: -7.280373
robot_base_yaw: 3.133866
robot_geom: robot0_torso_fixed_collision_box_1
proxy_geom: scene_aabb_proxy_production_line_6
judge_collision_detected:
robot_base_x: 10.374068
robot_base_y: -7.280373
robot_base_yaw: 3.133866
robot_geom: robot0_torso_fixed_column_collision
proxy_geom: scene_aabb_proxy_line_6_output_side_protrusion
judge_collision_detected:
robot_base_x: 10.374068
robot_base_y: -7.280373
robot_base_yaw: 3.133866
robot_geom: robot0_wheel_left_collision
proxy_geom: scene_aabb_proxy_line_6_output_side_protrusion
judge_collision_detected:
robot_base_x: 10.374068
robot_base_y: -7.280373
robot_base_yaw: 3.133866
robot_geom: robot0_wheel_left_collision
proxy_geom: scene_aabb_proxy_output_6
judge_collision_detected:
robot_base_x: 10.374068
robot_base_y: -7.280373
robot_base_yaw: 3.133866
robot_geom: robot0_wheel_right_collision
proxy_geom: scene_aabb_proxy_line_6_output_side_protrusion
judge_collision_detected:
robot_base_x: 10.374068
robot_base_y: -7.280373
robot_base_yaw: 3.133866
robot_geom: robot0_wheel_right_collision
proxy_geom: scene_aabb_proxy_output_6
judge_collision_detected:
robot_base_x: 10.374068
robot_base_y: -7.280373
robot_base_yaw: 3.133866
robot_geom: robot0_wheel_right_collision
proxy_geom: scene_aabb_proxy_production_line_6
judge_collision_detected:
robot_base_x: 10.372159
robot_base_y: -7.280646
robot_base_yaw: 3.133074
robot_geom: robot0_back_left_caster_2
proxy_geom: scene_aabb_proxy_line_6_output_side_protrusion
judge_collision_detected:
robot_base_x: 10.372159
robot_base_y: -7.280646
robot_base_yaw: 3.133074
robot_geom: robot0_back_right_caster_2
proxy_geom: scene_aabb_proxy_line_6_output_side_protrusion
judge_collision_detected:
robot_base_x: 10.372159
robot_base_y: -7.280646
robot_base_yaw: 3.133074
robot_geom: robot0_base_collision
proxy_geom: scene_aabb_proxy_line_6_output_side_protrusion
judge_collision_detected:
robot_base_x: 10.372159
robot_base_y: -7.280646
robot_base_yaw: 3.133074
robot_geom: robot0_base_collision
proxy_geom: scene_aabb_proxy_output_6
judge_collision_detected:
robot_base_x: 10.372159
robot_base_y: -7.280646
robot_base_yaw: 3.133074
robot_geom: robot0_base_collision
proxy_geom: scene_aabb_proxy_production_line_6
judge_collision_detected:
robot_base_x: 10.372159
robot_base_y: -7.280646
robot_base_yaw: 3.133074
robot_geom: robot0_front_left_caster_2
proxy_geom: scene_aabb_proxy_output_6
judge_collision_detected:
robot_base_x: 10.372159
robot_base_y: -7.280646
robot_base_yaw: 3.133074
robot_geom: robot0_front_right_caster_2
proxy_geom: scene_aabb_proxy_output_6
judge_collision_detected:
robot_base_x: 10.372159
robot_base_y: -7.280646
robot_base_yaw: 3.133074
robot_geom: robot0_torso_fixed_collision_box_1
proxy_geom: scene_aabb_proxy_line_6_output_side_protrusion
judge_collision_detected:
robot_base_x: 10.372159
robot_base_y: -7.280646
robot_base_yaw: 3.133074
robot_geom: robot0_torso_fixed_collision_box_1
proxy_geom: scene_aabb_proxy_output_6
judge_collision_detected:
robot_base_x: 10.372159
robot_base_y: -7.280646
robot_base_yaw: 3.133074
robot_geom: robot0_torso_fixed_collision_box_1
proxy_geom: scene_aabb_proxy_production_line_6
judge_collision_detected:
robot_base_x: 10.372159
robot_base_y: -7.280646
robot_base_yaw: 3.133074
robot_geom: robot0_torso_fixed_column_collision
proxy_geom: scene_aabb_proxy_line_6_output_side_protrusion
judge_collision_detected:
robot_base_x: 10.372159
robot_base_y: -7.280646
robot_base_yaw: 3.133074
robot_geom: robot0_wheel_left_collision
proxy_geom: scene_aabb_proxy_line_6_output_side_protrusion
judge_collision_detected:
robot_base_x: 10.372159
robot_base_y: -7.280646
robot_base_yaw: 3.133074
robot_geom: robot0_wheel_left_collision
proxy_geom: scene_aabb_proxy_output_6
judge_collision_detected:
robot_base_x: 10.372159
robot_base_y: -7.280646
robot_base_yaw: 3.133074
robot_geom: robot0_wheel_right_collision
proxy_geom: scene_aabb_proxy_line_6_output_side_protrusion
judge_collision_detected:
robot_base_x: 10.372159
robot_base_y: -7.280646
robot_base_yaw: 3.133074
robot_geom: robot0_wheel_right_collision
proxy_geom: scene_aabb_proxy_output_6
judge_collision_detected:
robot_base_x: 10.372159
robot_base_y: -7.280646
robot_base_yaw: 3.133074
robot_geom: robot0_wheel_right_collision
proxy_geom: scene_aabb_proxy_production_line_6
judge_collision_detected:
robot_base_x: 10.369923
robot_base_y: -7.280932
robot_base_yaw: 3.132309
robot_geom: robot0_back_left_caster_2
proxy_geom: scene_aabb_proxy_line_6_output_side_protrusion
judge_collision_detected:
robot_base_x: 10.369923
robot_base_y: -7.280932
robot_base_yaw: 3.132309
robot_geom: robot0_back_right_caster_2
proxy_geom: scene_aabb_proxy_line_6_output_side_protrusion
judge_collision_detected:
robot_base_x: 10.369923
robot_base_y: -7.280932
robot_base_yaw: 3.132309
robot_geom: robot0_base_collision
proxy_geom: scene_aabb_proxy_line_6_output_side_protrusion
judge_collision_detected:
robot_base_x: 10.369923
robot_base_y: -7.280932
robot_base_yaw: 3.132309
robot_geom: robot0_base_collision
proxy_geom: scene_aabb_proxy_output_6
judge_collision_detected:
robot_base_x: 10.369923
robot_base_y: -7.280932
robot_base_yaw: 3.132309
robot_geom: robot0_base_collision
proxy_geom: scene_aabb_proxy_production_line_6
judge_collision_detected:
robot_base_x: 10.369923
robot_base_y: -7.280932
robot_base_yaw: 3.132309
robot_geom: robot0_front_left_caster_2
proxy_geom: scene_aabb_proxy_output_6
judge_collision_detected:
robot_base_x: 10.369923
robot_base_y: -7.280932
robot_base_yaw: 3.132309
robot_geom: robot0_front_right_caster_2
proxy_geom: scene_aabb_proxy_output_6
judge_collision_detected:
robot_base_x: 10.369923
robot_base_y: -7.280932
robot_base_yaw: 3.132309
robot_geom: robot0_torso_fixed_collision_box_1
proxy_geom: scene_aabb_proxy_line_6_output_side_protrusion
judge_collision_detected:
robot_base_x: 10.369923
robot_base_y: -7.280932
robot_base_yaw: 3.132309
robot_geom: robot0_torso_fixed_collision_box_1
proxy_geom: scene_aabb_proxy_output_6
judge_collision_detected:
robot_base_x: 10.369923
robot_base_y: -7.280932
robot_base_yaw: 3.132309
robot_geom: robot0_torso_fixed_collision_box_1
proxy_geom: scene_aabb_proxy_production_line_6
judge_collision_detected:
robot_base_x: 10.369923
robot_base_y: -7.280932
robot_base_yaw: 3.132309
robot_geom: robot0_torso_fixed_column_collision
proxy_geom: scene_aabb_proxy_line_6_output_side_protrusion
judge_collision_detected:
robot_base_x: 10.369923
robot_base_y: -7.280932
robot_base_yaw: 3.132309
robot_geom: robot0_wheel_left_collision
proxy_geom: scene_aabb_proxy_line_6_output_side_protrusion
judge_collision_detected:
robot_base_x: 10.369923
robot_base_y: -7.280932
robot_base_yaw: 3.132309
robot_geom: robot0_wheel_left_collision
proxy_geom: scene_aabb_proxy_output_6
judge_collision_detected:
robot_base_x: 10.369923
robot_base_y: -7.280932
robot_base_yaw: 3.132309
robot_geom: robot0_wheel_right_collision
proxy_geom: scene_aabb_proxy_line_6_output_side_protrusion
judge_collision_detected:
robot_base_x: 10.369923
robot_base_y: -7.280932
robot_base_yaw: 3.132309
robot_geom: robot0_wheel_right_collision
proxy_geom: scene_aabb_proxy_output_6
judge_collision_detected:
robot_base_x: 10.369923
robot_base_y: -7.280932
robot_base_yaw: 3.132309
robot_geom: robot0_wheel_right_collision
proxy_geom: scene_aabb_proxy_production_line_6
judge_collision_detected:
robot_base_x: 10.367475
robot_base_y: -7.281208
robot_base_yaw: 3.130843
robot_geom: robot0_back_left_caster_2
proxy_geom: scene_aabb_proxy_line_6_output_side_protrusion
judge_collision_detected:
robot_base_x: 10.367475
robot_base_y: -7.281208
robot_base_yaw: 3.130843
robot_geom: robot0_back_right_caster_2
proxy_geom: scene_aabb_proxy_line_6_output_side_protrusion
judge_collision_detected:
robot_base_x: 10.367475
robot_base_y: -7.281208
robot_base_yaw: 3.130843
robot_geom: robot0_base_collision
proxy_geom: scene_aabb_proxy_line_6_output_side_protrusion
judge_collision_detected:
robot_base_x: 10.367475
robot_base_y: -7.281208
robot_base_yaw: 3.130843
robot_geom: robot0_base_collision
proxy_geom: scene_aabb_proxy_output_6
judge_collision_detected:
robot_base_x: 10.367475
robot_base_y: -7.281208
robot_base_yaw: 3.130843
robot_geom: robot0_base_collision
proxy_geom: scene_aabb_proxy_production_line_6
judge_collision_detected:
robot_base_x: 10.367475
robot_base_y: -7.281208
robot_base_yaw: 3.130843
robot_geom: robot0_front_left_caster_2
proxy_geom: scene_aabb_proxy_output_6
judge_collision_detected:
robot_base_x: 10.367475
robot_base_y: -7.281208
robot_base_yaw: 3.130843
robot_geom: robot0_front_right_caster_2
proxy_geom: scene_aabb_proxy_output_6
judge_collision_detected:
robot_base_x: 10.367475
robot_base_y: -7.281208
robot_base_yaw: 3.130843
robot_geom: robot0_torso_fixed_collision_box_1
proxy_geom: scene_aabb_proxy_line_6_output_side_protrusion
judge_collision_detected:
robot_base_x: 10.367475
robot_base_y: -7.281208
robot_base_yaw: 3.130843
robot_geom: robot0_torso_fixed_collision_box_1
proxy_geom: scene_aabb_proxy_output_6
judge_collision_detected:
robot_base_x: 10.367475
robot_base_y: -7.281208
robot_base_yaw: 3.130843
robot_geom: robot0_torso_fixed_collision_box_1
proxy_geom: scene_aabb_proxy_production_line_6
judge_collision_detected:
robot_base_x: 10.367475
robot_base_y: -7.281208
robot_base_yaw: 3.130843
robot_geom: robot0_torso_fixed_column_collision
proxy_geom: scene_aabb_proxy_line_6_output_side_protrusion
judge_collision_detected:
robot_base_x: 10.367475
robot_base_y: -7.281208
robot_base_yaw: 3.130843
robot_geom: robot0_wheel_left_collision
proxy_geom: scene_aabb_proxy_line_6_output_side_protrusion
judge_collision_detected:
robot_base_x: 10.367475
robot_base_y: -7.281208
robot_base_yaw: 3.130843
robot_geom: robot0_wheel_left_collision
proxy_geom: scene_aabb_proxy_output_6
judge_collision_detected:
robot_base_x: 10.367475
robot_base_y: -7.281208
robot_base_yaw: 3.130843
robot_geom: robot0_wheel_right_collision
proxy_geom: scene_aabb_proxy_line_6_output_side_protrusion
judge_collision_detected:
robot_base_x: 10.367475
robot_base_y: -7.281208
robot_base_yaw: 3.130843
robot_geom: robot0_wheel_right_collision
proxy_geom: scene_aabb_proxy_output_6
judge_collision_detected:
robot_base_x: 10.367475
robot_base_y: -7.281208
robot_base_yaw: 3.130843
robot_geom: robot0_wheel_right_collision
proxy_geom: scene_aabb_proxy_production_line_6
judge_collision_detected:
robot_base_x: 10.365268
robot_base_y: -7.281425
robot_base_yaw: 3.129396
robot_geom: robot0_back_left_caster_2
proxy_geom: scene_aabb_proxy_line_6_output_side_protrusion
judge_collision_detected:
robot_base_x: 10.365268
robot_base_y: -7.281425
robot_base_yaw: 3.129396
robot_geom: robot0_back_right_caster_2
proxy_geom: scene_aabb_proxy_line_6_output_side_protrusion
judge_collision_detected:
robot_base_x: 10.365268
robot_base_y: -7.281425
robot_base_yaw: 3.129396
robot_geom: robot0_base_collision
proxy_geom: scene_aabb_proxy_line_6_output_side_protrusion
judge_collision_detected:
robot_base_x: 10.365268
robot_base_y: -7.281425
robot_base_yaw: 3.129396
robot_geom: robot0_base_collision
proxy_geom: scene_aabb_proxy_output_6
judge_collision_detected:
robot_base_x: 10.365268
robot_base_y: -7.281425
robot_base_yaw: 3.129396
robot_geom: robot0_base_collision
proxy_geom: scene_aabb_proxy_production_line_6
judge_collision_detected:
robot_base_x: 10.365268
robot_base_y: -7.281425
robot_base_yaw: 3.129396
robot_geom: robot0_front_left_caster_2
proxy_geom: scene_aabb_proxy_output_6
judge_collision_detected:
robot_base_x: 10.365268
robot_base_y: -7.281425
robot_base_yaw: 3.129396
robot_geom: robot0_front_right_caster_2
proxy_geom: scene_aabb_proxy_output_6
judge_collision_detected:
robot_base_x: 10.365268
robot_base_y: -7.281425
robot_base_yaw: 3.129396
robot_geom: robot0_torso_fixed_collision_box_1
proxy_geom: scene_aabb_proxy_line_6_output_side_protrusion
judge_collision_detected:
robot_base_x: 10.365268
robot_base_y: -7.281425
robot_base_yaw: 3.129396
robot_geom: robot0_torso_fixed_collision_box_1
proxy_geom: scene_aabb_proxy_output_6
judge_collision_detected:
robot_base_x: 10.365268
robot_base_y: -7.281425
robot_base_yaw: 3.129396
robot_geom: robot0_torso_fixed_collision_box_1
proxy_geom: scene_aabb_proxy_production_line_6
judge_collision_detected:
robot_base_x: 10.365268
robot_base_y: -7.281425
robot_base_yaw: 3.129396
robot_geom: robot0_torso_fixed_column_collision
proxy_geom: scene_aabb_proxy_line_6_output_side_protrusion
judge_collision_detected:
robot_base_x: 10.365268
robot_base_y: -7.281425
robot_base_yaw: 3.129396
robot_geom: robot0_wheel_left_collision
proxy_geom: scene_aabb_proxy_line_6_output_side_protrusion
judge_collision_detected:
robot_base_x: 10.365268
robot_base_y: -7.281425
robot_base_yaw: 3.129396
robot_geom: robot0_wheel_left_collision
proxy_geom: scene_aabb_proxy_output_6
judge_collision_detected:
robot_base_x: 10.365268
robot_base_y: -7.281425
robot_base_yaw: 3.129396
robot_geom: robot0_wheel_right_collision
proxy_geom: scene_aabb_proxy_line_6_output_side_protrusion
judge_collision_detected:
robot_base_x: 10.365268
robot_base_y: -7.281425
robot_base_yaw: 3.129396
robot_geom: robot0_wheel_right_collision
proxy_geom: scene_aabb_proxy_output_6
judge_collision_detected:
robot_base_x: 10.365268
robot_base_y: -7.281425
robot_base_yaw: 3.129396
robot_geom: robot0_wheel_right_collision
proxy_geom: scene_aabb_proxy_production_line_6
judge_collision_detected:
robot_base_x: 10.362886
robot_base_y: -7.281644
robot_base_yaw: 3.129228
robot_geom: robot0_back_left_caster_2
proxy_geom: scene_aabb_proxy_line_6_output_side_protrusion
judge_collision_detected:
robot_base_x: 10.362886
robot_base_y: -7.281644
robot_base_yaw: 3.129228
robot_geom: robot0_back_right_caster_2
proxy_geom: scene_aabb_proxy_line_6_output_side_protrusion
judge_collision_detected:
robot_base_x: 10.362886
robot_base_y: -7.281644
robot_base_yaw: 3.129228
robot_geom: robot0_base_collision
proxy_geom: scene_aabb_proxy_line_6_output_side_protrusion
judge_collision_detected:
robot_base_x: 10.362886
robot_base_y: -7.281644
robot_base_yaw: 3.129228
robot_geom: robot0_base_collision
proxy_geom: scene_aabb_proxy_output_6
judge_collision_detected:
robot_base_x: 10.362886
robot_base_y: -7.281644
robot_base_yaw: 3.129228
robot_geom: robot0_base_collision
proxy_geom: scene_aabb_proxy_production_line_6
judge_collision_detected:
robot_base_x: 10.362886
robot_base_y: -7.281644
robot_base_yaw: 3.129228
robot_geom: robot0_front_left_caster_2
proxy_geom: scene_aabb_proxy_output_6
judge_collision_detected:
robot_base_x: 10.362886
robot_base_y: -7.281644
robot_base_yaw: 3.129228
robot_geom: robot0_front_right_caster_2
proxy_geom: scene_aabb_proxy_output_6
judge_collision_detected:
robot_base_x: 10.362886
robot_base_y: -7.281644
robot_base_yaw: 3.129228
robot_geom: robot0_torso_fixed_collision_box_1
proxy_geom: scene_aabb_proxy_line_6_output_side_protrusion
judge_collision_detected:
robot_base_x: 10.362886
robot_base_y: -7.281644
robot_base_yaw: 3.129228
robot_geom: robot0_torso_fixed_collision_box_1
proxy_geom: scene_aabb_proxy_output_6
judge_collision_detected:
robot_base_x: 10.362886
robot_base_y: -7.281644
robot_base_yaw: 3.129228
robot_geom: robot0_torso_fixed_collision_box_1
proxy_geom: scene_aabb_proxy_production_line_6
judge_collision_detected:
robot_base_x: 10.362886
robot_base_y: -7.281644
robot_base_yaw: 3.129228
robot_geom: robot0_torso_fixed_column_collision
proxy_geom: scene_aabb_proxy_line_6_output_side_protrusion
judge_collision_detected:
robot_base_x: 10.362886
robot_base_y: -7.281644
robot_base_yaw: 3.129228
robot_geom: robot0_wheel_left_collision
proxy_geom: scene_aabb_proxy_line_6_output_side_protrusion
judge_collision_detected:
robot_base_x: 10.362886
robot_base_y: -7.281644
robot_base_yaw: 3.129228
robot_geom: robot0_wheel_left_collision
proxy_geom: scene_aabb_proxy_output_6
judge_collision_detected:
robot_base_x: 10.362886
robot_base_y: -7.281644
robot_base_yaw: 3.129228
robot_geom: robot0_wheel_right_collision
proxy_geom: scene_aabb_proxy_line_6_output_side_protrusion
judge_collision_detected:
robot_base_x: 10.362886
robot_base_y: -7.281644
robot_base_yaw: 3.129228
robot_geom: robot0_wheel_right_collision
proxy_geom: scene_aabb_proxy_output_6
judge_collision_detected:
robot_base_x: 10.362886
robot_base_y: -7.281644
robot_base_yaw: 3.129228
robot_geom: robot0_wheel_right_collision
proxy_geom: scene_aabb_proxy_production_line_6
judge_collision_detected:
robot_base_x: 10.360537
robot_base_y: -7.281861
robot_base_yaw: 3.129358
robot_geom: robot0_back_left_caster_2
proxy_geom: scene_aabb_proxy_line_6_output_side_protrusion
judge_collision_detected:
robot_base_x: 10.360537
robot_base_y: -7.281861
robot_base_yaw: 3.129358
robot_geom: robot0_back_right_caster_2
proxy_geom: scene_aabb_proxy_line_6_output_side_protrusion
judge_collision_detected:
robot_base_x: 10.360537
robot_base_y: -7.281861
robot_base_yaw: 3.129358
robot_geom: robot0_base_collision
proxy_geom: scene_aabb_proxy_line_6_output_side_protrusion
judge_collision_detected:
robot_base_x: 10.360537
robot_base_y: -7.281861
robot_base_yaw: 3.129358
robot_geom: robot0_base_collision
proxy_geom: scene_aabb_proxy_output_6
judge_collision_detected:
robot_base_x: 10.360537
robot_base_y: -7.281861
robot_base_yaw: 3.129358
robot_geom: robot0_base_collision
proxy_geom: scene_aabb_proxy_production_line_6
judge_collision_detected:
robot_base_x: 10.360537
robot_base_y: -7.281861
robot_base_yaw: 3.129358
robot_geom: robot0_front_left_caster_2
proxy_geom: scene_aabb_proxy_output_6
judge_collision_detected:
robot_base_x: 10.360537
robot_base_y: -7.281861
robot_base_yaw: 3.129358
robot_geom: robot0_front_right_caster_2
proxy_geom: scene_aabb_proxy_output_6
judge_collision_detected:
robot_base_x: 10.360537
robot_base_y: -7.281861
robot_base_yaw: 3.129358
robot_geom: robot0_torso_fixed_collision_box_1
proxy_geom: scene_aabb_proxy_line_6_output_side_protrusion
judge_collision_detected:
robot_base_x: 10.360537
robot_base_y: -7.281861
robot_base_yaw: 3.129358
robot_geom: robot0_torso_fixed_collision_box_1
proxy_geom: scene_aabb_proxy_output_6
judge_collision_detected:
robot_base_x: 10.360537
robot_base_y: -7.281861
robot_base_yaw: 3.129358
robot_geom: robot0_torso_fixed_collision_box_1
proxy_geom: scene_aabb_proxy_production_line_6
judge_collision_detected:
robot_base_x: 10.360537
robot_base_y: -7.281861
robot_base_yaw: 3.129358
robot_geom: robot0_torso_fixed_column_collision
proxy_geom: scene_aabb_proxy_line_6_output_side_protrusion
judge_collision_detected:
robot_base_x: 10.360537
robot_base_y: -7.281861
robot_base_yaw: 3.129358
robot_geom: robot0_wheel_left_collision
proxy_geom: scene_aabb_proxy_line_6_output_side_protrusion
judge_collision_detected:
robot_base_x: 10.360537
robot_base_y: -7.281861
robot_base_yaw: 3.129358
robot_geom: robot0_wheel_left_collision
proxy_geom: scene_aabb_proxy_output_6
judge_collision_detected:
robot_base_x: 10.360537
robot_base_y: -7.281861
robot_base_yaw: 3.129358
robot_geom: robot0_wheel_right_collision
proxy_geom: scene_aabb_proxy_line_6_output_side_protrusion
judge_collision_detected:
robot_base_x: 10.360537
robot_base_y: -7.281861
robot_base_yaw: 3.129358
robot_geom: robot0_wheel_right_collision
proxy_geom: scene_aabb_proxy_output_6
judge_collision_detected:
robot_base_x: 10.360537
robot_base_y: -7.281861
robot_base_yaw: 3.129358
robot_geom: robot0_wheel_right_collision
proxy_geom: scene_aabb_proxy_production_line_6
judge_collision_detected:
robot_base_x: 10.358291
robot_base_y: -7.282076
robot_base_yaw: 3.129509
robot_geom: robot0_back_left_caster_2
proxy_geom: scene_aabb_proxy_line_6_output_side_protrusion
judge_collision_detected:
robot_base_x: 10.358291
robot_base_y: -7.282076
robot_base_yaw: 3.129509
robot_geom: robot0_back_right_caster_2
proxy_geom: scene_aabb_proxy_line_6_output_side_protrusion
judge_collision_detected:
robot_base_x: 10.358291
robot_base_y: -7.282076
robot_base_yaw: 3.129509
robot_geom: robot0_base_collision
proxy_geom: scene_aabb_proxy_line_6_output_side_protrusion
judge_collision_detected:
robot_base_x: 10.358291
robot_base_y: -7.282076
robot_base_yaw: 3.129509
robot_geom: robot0_base_collision
proxy_geom: scene_aabb_proxy_output_6
judge_collision_detected:
robot_base_x: 10.358291
robot_base_y: -7.282076
robot_base_yaw: 3.129509
robot_geom: robot0_base_collision
proxy_geom: scene_aabb_proxy_production_line_6
judge_collision_detected:
robot_base_x: 10.358291
robot_base_y: -7.282076
robot_base_yaw: 3.129509
robot_geom: robot0_front_left_caster_2
proxy_geom: scene_aabb_proxy_output_6
judge_collision_detected:
robot_base_x: 10.358291
robot_base_y: -7.282076
robot_base_yaw: 3.129509
robot_geom: robot0_front_right_caster_2
proxy_geom: scene_aabb_proxy_output_6
judge_collision_detected:
robot_base_x: 10.358291
robot_base_y: -7.282076
robot_base_yaw: 3.129509
robot_geom: robot0_torso_fixed_collision_box_1
proxy_geom: scene_aabb_proxy_line_6_output_side_protrusion
judge_collision_detected:
robot_base_x: 10.358291
robot_base_y: -7.282076
robot_base_yaw: 3.129509
robot_geom: robot0_torso_fixed_collision_box_1
proxy_geom: scene_aabb_proxy_output_6
judge_collision_detected:
robot_base_x: 10.358291
robot_base_y: -7.282076
robot_base_yaw: 3.129509
robot_geom: robot0_torso_fixed_collision_box_1
proxy_geom: scene_aabb_proxy_production_line_6
judge_collision_detected:
robot_base_x: 10.358291
robot_base_y: -7.282076
robot_base_yaw: 3.129509
robot_geom: robot0_torso_fixed_column_collision
proxy_geom: scene_aabb_proxy_line_6_output_side_protrusion
judge_collision_detected:
robot_base_x: 10.358291
robot_base_y: -7.282076
robot_base_yaw: 3.129509
robot_geom: robot0_wheel_left_collision
proxy_geom: scene_aabb_proxy_line_6_output_side_protrusion
judge_collision_detected:
robot_base_x: 10.358291
robot_base_y: -7.282076
robot_base_yaw: 3.129509
robot_geom: robot0_wheel_left_collision
proxy_geom: scene_aabb_proxy_output_6
judge_collision_detected:
robot_base_x: 10.358291
robot_base_y: -7.282076
robot_base_yaw: 3.129509
robot_geom: robot0_wheel_right_collision
proxy_geom: scene_aabb_proxy_line_6_output_side_protrusion
judge_collision_detected:
robot_base_x: 10.358291
robot_base_y: -7.282076
robot_base_yaw: 3.129509
robot_geom: robot0_wheel_right_collision
proxy_geom: scene_aabb_proxy_output_6
judge_collision_detected:
robot_base_x: 10.358291
robot_base_y: -7.282076
robot_base_yaw: 3.129509
robot_geom: robot0_wheel_right_collision
proxy_geom: scene_aabb_proxy_production_line_6
judge_collision_detected:
robot_base_x: 10.356145
robot_base_y: -7.282286
robot_base_yaw: 3.129675
robot_geom: robot0_back_left_caster_2
proxy_geom: scene_aabb_proxy_line_6_output_side_protrusion
judge_collision_detected:
robot_base_x: 10.356145
robot_base_y: -7.282286
robot_base_yaw: 3.129675
robot_geom: robot0_back_right_caster_2
proxy_geom: scene_aabb_proxy_line_6_output_side_protrusion
judge_collision_detected:
robot_base_x: 10.356145
robot_base_y: -7.282286
robot_base_yaw: 3.129675
robot_geom: robot0_base_collision
proxy_geom: scene_aabb_proxy_line_6_output_side_protrusion
judge_collision_detected:
robot_base_x: 10.356145
robot_base_y: -7.282286
robot_base_yaw: 3.129675
robot_geom: robot0_base_collision
proxy_geom: scene_aabb_proxy_output_6
judge_collision_detected:
robot_base_x: 10.356145
robot_base_y: -7.282286
robot_base_yaw: 3.129675
robot_geom: robot0_base_collision
proxy_geom: scene_aabb_proxy_production_line_6
judge_collision_detected:
robot_base_x: 10.356145
robot_base_y: -7.282286
robot_base_yaw: 3.129675
robot_geom: robot0_front_left_caster_2
proxy_geom: scene_aabb_proxy_output_6
judge_collision_detected:
robot_base_x: 10.356145
robot_base_y: -7.282286
robot_base_yaw: 3.129675
robot_geom: robot0_front_right_caster_2
proxy_geom: scene_aabb_proxy_output_6
judge_collision_detected:
robot_base_x: 10.356145
robot_base_y: -7.282286
robot_base_yaw: 3.129675
robot_geom: robot0_torso_fixed_collision_box_1
proxy_geom: scene_aabb_proxy_line_6_output_side_protrusion
judge_collision_detected:
robot_base_x: 10.356145
robot_base_y: -7.282286
robot_base_yaw: 3.129675
robot_geom: robot0_torso_fixed_collision_box_1
proxy_geom: scene_aabb_proxy_output_6
judge_collision_detected:
robot_base_x: 10.356145
robot_base_y: -7.282286
robot_base_yaw: 3.129675
robot_geom: robot0_torso_fixed_collision_box_1
proxy_geom: scene_aabb_proxy_production_line_6
judge_collision_detected:
robot_base_x: 10.356145
robot_base_y: -7.282286
robot_base_yaw: 3.129675
robot_geom: robot0_torso_fixed_column_collision
proxy_geom: scene_aabb_proxy_line_6_output_side_protrusion
judge_collision_detected:
robot_base_x: 10.356145
robot_base_y: -7.282286
robot_base_yaw: 3.129675
robot_geom: robot0_wheel_left_collision
proxy_geom: scene_aabb_proxy_line_6_output_side_protrusion
judge_collision_detected:
robot_base_x: 10.356145
robot_base_y: -7.282286
robot_base_yaw: 3.129675
robot_geom: robot0_wheel_left_collision
proxy_geom: scene_aabb_proxy_output_6
judge_collision_detected:
robot_base_x: 10.356145
robot_base_y: -7.282286
robot_base_yaw: 3.129675
robot_geom: robot0_wheel_right_collision
proxy_geom: scene_aabb_proxy_line_6_output_side_protrusion
judge_collision_detected:
robot_base_x: 10.356145
robot_base_y: -7.282286
robot_base_yaw: 3.129675
robot_geom: robot0_wheel_right_collision
proxy_geom: scene_aabb_proxy_output_6
judge_collision_detected:
robot_base_x: 10.356145
robot_base_y: -7.282286
robot_base_yaw: 3.129675
robot_geom: robot0_wheel_right_collision
proxy_geom: scene_aabb_proxy_production_line_6
judge_collision_detected:
robot_base_x: 10.354094
robot_base_y: -7.282493
robot_base_yaw: 3.129854
robot_geom: robot0_back_left_caster_2
proxy_geom: scene_aabb_proxy_line_6_output_side_protrusion
judge_collision_detected:
robot_base_x: 10.354094
robot_base_y: -7.282493
robot_base_yaw: 3.129854
robot_geom: robot0_back_right_caster_2
proxy_geom: scene_aabb_proxy_line_6_output_side_protrusion
judge_collision_detected:
robot_base_x: 10.354094
robot_base_y: -7.282493
robot_base_yaw: 3.129854
robot_geom: robot0_base_collision
proxy_geom: scene_aabb_proxy_line_6_output_side_protrusion
judge_collision_detected:
robot_base_x: 10.354094
robot_base_y: -7.282493
robot_base_yaw: 3.129854
robot_geom: robot0_base_collision
proxy_geom: scene_aabb_proxy_output_6
judge_collision_detected:
robot_base_x: 10.354094
robot_base_y: -7.282493
robot_base_yaw: 3.129854
robot_geom: robot0_base_collision
proxy_geom: scene_aabb_proxy_production_line_6
judge_collision_detected:
robot_base_x: 10.354094
robot_base_y: -7.282493
robot_base_yaw: 3.129854
robot_geom: robot0_front_left_caster_2
proxy_geom: scene_aabb_proxy_output_6
judge_collision_detected:
robot_base_x: 10.354094
robot_base_y: -7.282493
robot_base_yaw: 3.129854
robot_geom: robot0_front_right_caster_2
proxy_geom: scene_aabb_proxy_output_6
judge_collision_detected:
robot_base_x: 10.354094
robot_base_y: -7.282493
robot_base_yaw: 3.129854
robot_geom: robot0_torso_fixed_collision_box_1
proxy_geom: scene_aabb_proxy_line_6_output_side_protrusion
judge_collision_detected:
robot_base_x: 10.354094
robot_base_y: -7.282493
robot_base_yaw: 3.129854
robot_geom: robot0_torso_fixed_collision_box_1
proxy_geom: scene_aabb_proxy_output_6
judge_collision_detected:
robot_base_x: 10.354094
robot_base_y: -7.282493
robot_base_yaw: 3.129854
robot_geom: robot0_torso_fixed_collision_box_1
proxy_geom: scene_aabb_proxy_production_line_6
judge_collision_detected:
robot_base_x: 10.354094
robot_base_y: -7.282493
robot_base_yaw: 3.129854
robot_geom: robot0_torso_fixed_column_collision
proxy_geom: scene_aabb_proxy_line_6_output_side_protrusion
judge_collision_detected:
robot_base_x: 10.354094
robot_base_y: -7.282493
robot_base_yaw: 3.129854
robot_geom: robot0_wheel_left_collision
proxy_geom: scene_aabb_proxy_line_6_output_side_protrusion
judge_collision_detected:
robot_base_x: 10.354094
robot_base_y: -7.282493
robot_base_yaw: 3.129854
robot_geom: robot0_wheel_left_collision
proxy_geom: scene_aabb_proxy_output_6
judge_collision_detected:
robot_base_x: 10.354094
robot_base_y: -7.282493
robot_base_yaw: 3.129854
robot_geom: robot0_wheel_right_collision
proxy_geom: scene_aabb_proxy_line_6_output_side_protrusion
judge_collision_detected:
robot_base_x: 10.354094
robot_base_y: -7.282493
robot_base_yaw: 3.129854
robot_geom: robot0_wheel_right_collision
proxy_geom: scene_aabb_proxy_output_6
judge_collision_detected:
robot_base_x: 10.354094
robot_base_y: -7.282493
robot_base_yaw: 3.129854
robot_geom: robot0_wheel_right_collision
proxy_geom: scene_aabb_proxy_production_line_6
judge_collision_detected:
robot_base_x: 10.352133
robot_base_y: -7.282696
robot_base_yaw: 3.130047
robot_geom: robot0_back_left_caster_2
proxy_geom: scene_aabb_proxy_line_6_output_side_protrusion
judge_collision_detected:
robot_base_x: 10.352133
robot_base_y: -7.282696
robot_base_yaw: 3.130047
robot_geom: robot0_back_right_caster_2
proxy_geom: scene_aabb_proxy_line_6_output_side_protrusion
judge_collision_detected:
robot_base_x: 10.352133
robot_base_y: -7.282696
robot_base_yaw: 3.130047
robot_geom: robot0_base_collision
proxy_geom: scene_aabb_proxy_line_6_output_side_protrusion
judge_collision_detected:
robot_base_x: 10.352133
robot_base_y: -7.282696
robot_base_yaw: 3.130047
robot_geom: robot0_base_collision
proxy_geom: scene_aabb_proxy_output_6
judge_collision_detected:
robot_base_x: 10.352133
robot_base_y: -7.282696
robot_base_yaw: 3.130047
robot_geom: robot0_base_collision
proxy_geom: scene_aabb_proxy_production_line_6
judge_collision_detected:
robot_base_x: 10.352133
robot_base_y: -7.282696
robot_base_yaw: 3.130047
robot_geom: robot0_front_left_caster_2
proxy_geom: scene_aabb_proxy_output_6
judge_collision_detected:
robot_base_x: 10.352133
robot_base_y: -7.282696
robot_base_yaw: 3.130047
robot_geom: robot0_front_right_caster_2
proxy_geom: scene_aabb_proxy_output_6
judge_collision_detected:
robot_base_x: 10.352133
robot_base_y: -7.282696
robot_base_yaw: 3.130047
robot_geom: robot0_torso_fixed_collision_box_1
proxy_geom: scene_aabb_proxy_line_6_output_side_protrusion
judge_collision_detected:
robot_base_x: 10.352133
robot_base_y: -7.282696
robot_base_yaw: 3.130047
robot_geom: robot0_torso_fixed_collision_box_1
proxy_geom: scene_aabb_proxy_output_6
judge_collision_detected:
robot_base_x: 10.352133
robot_base_y: -7.282696
robot_base_yaw: 3.130047
robot_geom: robot0_torso_fixed_collision_box_1
proxy_geom: scene_aabb_proxy_production_line_6
judge_collision_detected:
robot_base_x: 10.352133
robot_base_y: -7.282696
robot_base_yaw: 3.130047
robot_geom: robot0_torso_fixed_column_collision
proxy_geom: scene_aabb_proxy_line_6_output_side_protrusion
judge_collision_detected:
robot_base_x: 10.352133
robot_base_y: -7.282696
robot_base_yaw: 3.130047
robot_geom: robot0_wheel_left_collision
proxy_geom: scene_aabb_proxy_line_6_output_side_protrusion
judge_collision_detected:
robot_base_x: 10.352133
robot_base_y: -7.282696
robot_base_yaw: 3.130047
robot_geom: robot0_wheel_left_collision
proxy_geom: scene_aabb_proxy_output_6
judge_collision_detected:
robot_base_x: 10.352133
robot_base_y: -7.282696
robot_base_yaw: 3.130047
robot_geom: robot0_wheel_right_collision
proxy_geom: scene_aabb_proxy_line_6_output_side_protrusion
judge_collision_detected:
robot_base_x: 10.352133
robot_base_y: -7.282696
robot_base_yaw: 3.130047
robot_geom: robot0_wheel_right_collision
proxy_geom: scene_aabb_proxy_output_6
judge_collision_detected:
robot_base_x: 10.352133
robot_base_y: -7.282696
robot_base_yaw: 3.130047
robot_geom: robot0_wheel_right_collision
proxy_geom: scene_aabb_proxy_production_line_6
judge_collision_detected:
robot_base_x: 10.350250
robot_base_y: -7.282897
robot_base_yaw: 3.130267
robot_geom: robot0_back_left_caster_2
proxy_geom: scene_aabb_proxy_line_6_output_side_protrusion
judge_collision_detected:
robot_base_x: 10.350250
robot_base_y: -7.282897
robot_base_yaw: 3.130267
robot_geom: robot0_back_right_caster_2
proxy_geom: scene_aabb_proxy_line_6_output_side_protrusion
judge_collision_detected:
robot_base_x: 10.350250
robot_base_y: -7.282897
robot_base_yaw: 3.130267
robot_geom: robot0_base_collision
proxy_geom: scene_aabb_proxy_line_6_output_side_protrusion
judge_collision_detected:
robot_base_x: 10.350250
robot_base_y: -7.282897
robot_base_yaw: 3.130267
robot_geom: robot0_base_collision
proxy_geom: scene_aabb_proxy_output_6
judge_collision_detected:
robot_base_x: 10.350250
robot_base_y: -7.282897
robot_base_yaw: 3.130267
robot_geom: robot0_base_collision
proxy_geom: scene_aabb_proxy_production_line_6
judge_collision_detected:
robot_base_x: 10.350250
robot_base_y: -7.282897
robot_base_yaw: 3.130267
robot_geom: robot0_front_left_caster_2
proxy_geom: scene_aabb_proxy_output_6
judge_collision_detected:
robot_base_x: 10.350250
robot_base_y: -7.282897
robot_base_yaw: 3.130267
robot_geom: robot0_front_right_caster_2
proxy_geom: scene_aabb_proxy_output_6
judge_collision_detected:
robot_base_x: 10.350250
robot_base_y: -7.282897
robot_base_yaw: 3.130267
robot_geom: robot0_torso_fixed_collision_box_1
proxy_geom: scene_aabb_proxy_line_6_output_side_protrusion
judge_collision_detected:
robot_base_x: 10.350250
robot_base_y: -7.282897
robot_base_yaw: 3.130267
robot_geom: robot0_torso_fixed_collision_box_1
proxy_geom: scene_aabb_proxy_output_6
judge_collision_detected:
robot_base_x: 10.350250
robot_base_y: -7.282897
robot_base_yaw: 3.130267
robot_geom: robot0_torso_fixed_collision_box_1
proxy_geom: scene_aabb_proxy_production_line_6
judge_collision_detected:
robot_base_x: 10.350250
robot_base_y: -7.282897
robot_base_yaw: 3.130267
robot_geom: robot0_torso_fixed_column_collision
proxy_geom: scene_aabb_proxy_line_6_output_side_protrusion
judge_collision_detected:
robot_base_x: 10.350250
robot_base_y: -7.282897
robot_base_yaw: 3.130267
robot_geom: robot0_wheel_left_collision
proxy_geom: scene_aabb_proxy_line_6_output_side_protrusion
judge_collision_detected:
robot_base_x: 10.350250
robot_base_y: -7.282897
robot_base_yaw: 3.130267
robot_geom: robot0_wheel_left_collision
proxy_geom: scene_aabb_proxy_output_6
judge_collision_detected:
robot_base_x: 10.350250
robot_base_y: -7.282897
robot_base_yaw: 3.130267
robot_geom: robot0_wheel_right_collision
proxy_geom: scene_aabb_proxy_line_6_output_side_protrusion
judge_collision_detected:
robot_base_x: 10.350250
robot_base_y: -7.282897
robot_base_yaw: 3.130267
robot_geom: robot0_wheel_right_collision
proxy_geom: scene_aabb_proxy_output_6
judge_collision_detected:
robot_base_x: 10.350250
robot_base_y: -7.282897
robot_base_yaw: 3.130267
robot_geom: robot0_wheel_right_collision
proxy_geom: scene_aabb_proxy_production_line_6
judge_collision_detected:
robot_base_x: 10.348395
robot_base_y: -7.283099
robot_base_yaw: 3.130581
robot_geom: robot0_back_left_caster_2
proxy_geom: scene_aabb_proxy_line_6_output_side_protrusion
judge_collision_detected:
robot_base_x: 10.348395
robot_base_y: -7.283099
robot_base_yaw: 3.130581
robot_geom: robot0_back_right_caster_2
proxy_geom: scene_aabb_proxy_line_6_output_side_protrusion
judge_collision_detected:
robot_base_x: 10.348395
robot_base_y: -7.283099
robot_base_yaw: 3.130581
robot_geom: robot0_base_collision
proxy_geom: scene_aabb_proxy_line_6_output_side_protrusion
judge_collision_detected:
robot_base_x: 10.348395
robot_base_y: -7.283099
robot_base_yaw: 3.130581
robot_geom: robot0_base_collision
proxy_geom: scene_aabb_proxy_output_6
judge_collision_detected:
robot_base_x: 10.348395
robot_base_y: -7.283099
robot_base_yaw: 3.130581
robot_geom: robot0_base_collision
proxy_geom: scene_aabb_proxy_production_line_6
judge_collision_detected:
robot_base_x: 10.348395
robot_base_y: -7.283099
robot_base_yaw: 3.130581
robot_geom: robot0_front_left_caster_2
proxy_geom: scene_aabb_proxy_output_6
judge_collision_detected:
robot_base_x: 10.348395
robot_base_y: -7.283099
robot_base_yaw: 3.130581
robot_geom: robot0_front_right_caster_2
proxy_geom: scene_aabb_proxy_output_6
judge_collision_detected:
robot_base_x: 10.348395
robot_base_y: -7.283099
robot_base_yaw: 3.130581
robot_geom: robot0_torso_fixed_collision_box_1
proxy_geom: scene_aabb_proxy_line_6_output_side_protrusion
judge_collision_detected:
robot_base_x: 10.348395
robot_base_y: -7.283099
robot_base_yaw: 3.130581
robot_geom: robot0_torso_fixed_collision_box_1
proxy_geom: scene_aabb_proxy_output_6
judge_collision_detected:
robot_base_x: 10.348395
robot_base_y: -7.283099
robot_base_yaw: 3.130581
robot_geom: robot0_torso_fixed_collision_box_1
proxy_geom: scene_aabb_proxy_production_line_6
judge_collision_detected:
robot_base_x: 10.348395
robot_base_y: -7.283099
robot_base_yaw: 3.130581
robot_geom: robot0_torso_fixed_column_collision
proxy_geom: scene_aabb_proxy_line_6_output_side_protrusion
judge_collision_detected:
robot_base_x: 10.348395
robot_base_y: -7.283099
robot_base_yaw: 3.130581
robot_geom: robot0_wheel_left_collision
proxy_geom: scene_aabb_proxy_line_6_output_side_protrusion
judge_collision_detected:
robot_base_x: 10.348395
robot_base_y: -7.283099
robot_base_yaw: 3.130581
robot_geom: robot0_wheel_left_collision
proxy_geom: scene_aabb_proxy_output_6
judge_collision_detected:
robot_base_x: 10.348395
robot_base_y: -7.283099
robot_base_yaw: 3.130581
robot_geom: robot0_wheel_right_collision
proxy_geom: scene_aabb_proxy_line_6_output_side_protrusion
judge_collision_detected:
robot_base_x: 10.348395
robot_base_y: -7.283099
robot_base_yaw: 3.130581
robot_geom: robot0_wheel_right_collision
proxy_geom: scene_aabb_proxy_output_6
judge_collision_detected:
robot_base_x: 10.348395
robot_base_y: -7.283099
robot_base_yaw: 3.130581
robot_geom: robot0_wheel_right_collision
proxy_geom: scene_aabb_proxy_production_line_6
judge_collision_detected:
robot_base_x: 10.346624
robot_base_y: -7.283298
robot_base_yaw: 3.130914
robot_geom: robot0_back_left_caster_2
proxy_geom: scene_aabb_proxy_line_6_output_side_protrusion
judge_collision_detected:
robot_base_x: 10.346624
robot_base_y: -7.283298
robot_base_yaw: 3.130914
robot_geom: robot0_back_right_caster_2
proxy_geom: scene_aabb_proxy_line_6_output_side_protrusion
judge_collision_detected:
robot_base_x: 10.346624
robot_base_y: -7.283298
robot_base_yaw: 3.130914
robot_geom: robot0_base_collision
proxy_geom: scene_aabb_proxy_line_6_output_side_protrusion
judge_collision_detected:
robot_base_x: 10.346624
robot_base_y: -7.283298
robot_base_yaw: 3.130914
robot_geom: robot0_base_collision
proxy_geom: scene_aabb_proxy_output_6
judge_collision_detected:
robot_base_x: 10.346624
robot_base_y: -7.283298
robot_base_yaw: 3.130914
robot_geom: robot0_base_collision
proxy_geom: scene_aabb_proxy_production_line_6
judge_collision_detected:
robot_base_x: 10.346624
robot_base_y: -7.283298
robot_base_yaw: 3.130914
robot_geom: robot0_front_left_caster_2
proxy_geom: scene_aabb_proxy_output_6
judge_collision_detected:
robot_base_x: 10.346624
robot_base_y: -7.283298
robot_base_yaw: 3.130914
robot_geom: robot0_front_right_caster_2
proxy_geom: scene_aabb_proxy_output_6
judge_collision_detected:
robot_base_x: 10.346624
robot_base_y: -7.283298
robot_base_yaw: 3.130914
robot_geom: robot0_torso_fixed_collision_box_1
proxy_geom: scene_aabb_proxy_line_6_output_side_protrusion
judge_collision_detected:
robot_base_x: 10.346624
robot_base_y: -7.283298
robot_base_yaw: 3.130914
robot_geom: robot0_torso_fixed_collision_box_1
proxy_geom: scene_aabb_proxy_output_6
judge_collision_detected:
robot_base_x: 10.346624
robot_base_y: -7.283298
robot_base_yaw: 3.130914
robot_geom: robot0_torso_fixed_collision_box_1
proxy_geom: scene_aabb_proxy_production_line_6
judge_collision_detected:
robot_base_x: 10.346624
robot_base_y: -7.283298
robot_base_yaw: 3.130914
robot_geom: robot0_torso_fixed_column_collision
proxy_geom: scene_aabb_proxy_line_6_output_side_protrusion
judge_collision_detected:
robot_base_x: 10.346624
robot_base_y: -7.283298
robot_base_yaw: 3.130914
robot_geom: robot0_wheel_left_collision
proxy_geom: scene_aabb_proxy_line_6_output_side_protrusion
judge_collision_detected:
robot_base_x: 10.346624
robot_base_y: -7.283298
robot_base_yaw: 3.130914
robot_geom: robot0_wheel_left_collision
proxy_geom: scene_aabb_proxy_output_6
judge_collision_detected:
robot_base_x: 10.346624
robot_base_y: -7.283298
robot_base_yaw: 3.130914
robot_geom: robot0_wheel_right_collision
proxy_geom: scene_aabb_proxy_line_6_output_side_protrusion
judge_collision_detected:
robot_base_x: 10.346624
robot_base_y: -7.283298
robot_base_yaw: 3.130914
robot_geom: robot0_wheel_right_collision
proxy_geom: scene_aabb_proxy_output_6
judge_collision_detected:
robot_base_x: 10.346624
robot_base_y: -7.283298
robot_base_yaw: 3.130914
robot_geom: robot0_wheel_right_collision
proxy_geom: scene_aabb_proxy_production_line_6
judge_collision_detected:
robot_base_x: 10.344899
robot_base_y: -7.283494
robot_base_yaw: 3.131182
robot_geom: robot0_back_left_caster_2
proxy_geom: scene_aabb_proxy_line_6_output_side_protrusion
judge_collision_detected:
robot_base_x: 10.344899
robot_base_y: -7.283494
robot_base_yaw: 3.131182
robot_geom: robot0_back_right_caster_2
proxy_geom: scene_aabb_proxy_line_6_output_side_protrusion
judge_collision_detected:
robot_base_x: 10.344899
robot_base_y: -7.283494
robot_base_yaw: 3.131182
robot_geom: robot0_base_collision
proxy_geom: scene_aabb_proxy_line_6_output_side_protrusion
judge_collision_detected:
robot_base_x: 10.344899
robot_base_y: -7.283494
robot_base_yaw: 3.131182
robot_geom: robot0_base_collision
proxy_geom: scene_aabb_proxy_output_6
judge_collision_detected:
robot_base_x: 10.344899
robot_base_y: -7.283494
robot_base_yaw: 3.131182
robot_geom: robot0_base_collision
proxy_geom: scene_aabb_proxy_production_line_6
judge_collision_detected:
robot_base_x: 10.344899
robot_base_y: -7.283494
robot_base_yaw: 3.131182
robot_geom: robot0_front_left_caster_2
proxy_geom: scene_aabb_proxy_output_6
judge_collision_detected:
robot_base_x: 10.344899
robot_base_y: -7.283494
robot_base_yaw: 3.131182
robot_geom: robot0_front_right_caster_2
proxy_geom: scene_aabb_proxy_output_6
judge_collision_detected:
robot_base_x: 10.344899
robot_base_y: -7.283494
robot_base_yaw: 3.131182
robot_geom: robot0_torso_fixed_collision_box_1
proxy_geom: scene_aabb_proxy_line_6_output_side_protrusion
judge_collision_detected:
robot_base_x: 10.344899
robot_base_y: -7.283494
robot_base_yaw: 3.131182
robot_geom: robot0_torso_fixed_collision_box_1
proxy_geom: scene_aabb_proxy_output_6
judge_collision_detected:
robot_base_x: 10.344899
robot_base_y: -7.283494
robot_base_yaw: 3.131182
robot_geom: robot0_torso_fixed_collision_box_1
proxy_geom: scene_aabb_proxy_production_line_6
judge_collision_detected:
robot_base_x: 10.344899
robot_base_y: -7.283494
robot_base_yaw: 3.131182
robot_geom: robot0_torso_fixed_column_collision
proxy_geom: scene_aabb_proxy_line_6_output_side_protrusion
judge_collision_detected:
robot_base_x: 10.344899
robot_base_y: -7.283494
robot_base_yaw: 3.131182
robot_geom: robot0_wheel_left_collision
proxy_geom: scene_aabb_proxy_line_6_output_side_protrusion
judge_collision_detected:
robot_base_x: 10.344899
robot_base_y: -7.283494
robot_base_yaw: 3.131182
robot_geom: robot0_wheel_left_collision
proxy_geom: scene_aabb_proxy_output_6
judge_collision_detected:
robot_base_x: 10.344899
robot_base_y: -7.283494
robot_base_yaw: 3.131182
robot_geom: robot0_wheel_right_collision
proxy_geom: scene_aabb_proxy_line_6_output_side_protrusion
judge_collision_detected:
robot_base_x: 10.344899
robot_base_y: -7.283494
robot_base_yaw: 3.131182
robot_geom: robot0_wheel_right_collision
proxy_geom: scene_aabb_proxy_output_6
judge_collision_detected:
robot_base_x: 10.344899
robot_base_y: -7.283494
robot_base_yaw: 3.131182
robot_geom: robot0_wheel_right_collision
proxy_geom: scene_aabb_proxy_production_line_6
judge_collision_detected:
robot_base_x: 10.343218
robot_base_y: -7.283689
robot_base_yaw: 3.131406
robot_geom: robot0_back_left_caster_2
proxy_geom: scene_aabb_proxy_line_6_output_side_protrusion
judge_collision_detected:
robot_base_x: 10.343218
robot_base_y: -7.283689
robot_base_yaw: 3.131406
robot_geom: robot0_back_right_caster_2
proxy_geom: scene_aabb_proxy_line_6_output_side_protrusion
judge_collision_detected:
robot_base_x: 10.343218
robot_base_y: -7.283689
robot_base_yaw: 3.131406
robot_geom: robot0_base_collision
proxy_geom: scene_aabb_proxy_line_6_output_side_protrusion
judge_collision_detected:
robot_base_x: 10.343218
robot_base_y: -7.283689
robot_base_yaw: 3.131406
robot_geom: robot0_base_collision
proxy_geom: scene_aabb_proxy_output_6
judge_collision_detected:
robot_base_x: 10.343218
robot_base_y: -7.283689
robot_base_yaw: 3.131406
robot_geom: robot0_base_collision
proxy_geom: scene_aabb_proxy_production_line_6
judge_collision_detected:
robot_base_x: 10.343218
robot_base_y: -7.283689
robot_base_yaw: 3.131406
robot_geom: robot0_front_left_caster_2
proxy_geom: scene_aabb_proxy_output_6
judge_collision_detected:
robot_base_x: 10.343218
robot_base_y: -7.283689
robot_base_yaw: 3.131406
robot_geom: robot0_front_right_caster_2
proxy_geom: scene_aabb_proxy_output_6
judge_collision_detected:
robot_base_x: 10.343218
robot_base_y: -7.283689
robot_base_yaw: 3.131406
robot_geom: robot0_torso_fixed_collision_box_1
proxy_geom: scene_aabb_proxy_line_6_output_side_protrusion
judge_collision_detected:
robot_base_x: 10.343218
robot_base_y: -7.283689
robot_base_yaw: 3.131406
robot_geom: robot0_torso_fixed_collision_box_1
proxy_geom: scene_aabb_proxy_output_6
judge_collision_detected:
robot_base_x: 10.343218
robot_base_y: -7.283689
robot_base_yaw: 3.131406
robot_geom: robot0_torso_fixed_collision_box_1
proxy_geom: scene_aabb_proxy_production_line_6
judge_collision_detected:
robot_base_x: 10.343218
robot_base_y: -7.283689
robot_base_yaw: 3.131406
robot_geom: robot0_torso_fixed_column_collision
proxy_geom: scene_aabb_proxy_line_6_output_side_protrusion
judge_collision_detected:
robot_base_x: 10.343218
robot_base_y: -7.283689
robot_base_yaw: 3.131406
robot_geom: robot0_wheel_left_collision
proxy_geom: scene_aabb_proxy_line_6_output_side_protrusion
judge_collision_detected:
robot_base_x: 10.343218
robot_base_y: -7.283689
robot_base_yaw: 3.131406
robot_geom: robot0_wheel_left_collision
proxy_geom: scene_aabb_proxy_output_6
judge_collision_detected:
robot_base_x: 10.343218
robot_base_y: -7.283689
robot_base_yaw: 3.131406
robot_geom: robot0_wheel_right_collision
proxy_geom: scene_aabb_proxy_line_6_output_side_protrusion
judge_collision_detected:
robot_base_x: 10.343218
robot_base_y: -7.283689
robot_base_yaw: 3.131406
robot_geom: robot0_wheel_right_collision
proxy_geom: scene_aabb_proxy_output_6
judge_collision_detected:
robot_base_x: 10.343218
robot_base_y: -7.283689
robot_base_yaw: 3.131406
robot_geom: robot0_wheel_right_collision
proxy_geom: scene_aabb_proxy_production_line_6
judge_collision_detected:
robot_base_x: 10.341579
robot_base_y: -7.283893
robot_base_yaw: 3.131670
robot_geom: robot0_back_left_caster_2
proxy_geom: scene_aabb_proxy_line_6_output_side_protrusion
judge_collision_detected:
robot_base_x: 10.341579
robot_base_y: -7.283893
robot_base_yaw: 3.131670
robot_geom: robot0_back_right_caster_2
proxy_geom: scene_aabb_proxy_line_6_output_side_protrusion
judge_collision_detected:
robot_base_x: 10.341579
robot_base_y: -7.283893
robot_base_yaw: 3.131670
robot_geom: robot0_base_collision
proxy_geom: scene_aabb_proxy_line_6_output_side_protrusion
judge_collision_detected:
robot_base_x: 10.341579
robot_base_y: -7.283893
robot_base_yaw: 3.131670
robot_geom: robot0_base_collision
proxy_geom: scene_aabb_proxy_output_6
judge_collision_detected:
robot_base_x: 10.341579
robot_base_y: -7.283893
robot_base_yaw: 3.131670
robot_geom: robot0_base_collision
proxy_geom: scene_aabb_proxy_production_line_6
judge_collision_detected:
robot_base_x: 10.341579
robot_base_y: -7.283893
robot_base_yaw: 3.131670
robot_geom: robot0_front_left_caster_2
proxy_geom: scene_aabb_proxy_output_6
judge_collision_detected:
robot_base_x: 10.341579
robot_base_y: -7.283893
robot_base_yaw: 3.131670
robot_geom: robot0_front_right_caster_2
proxy_geom: scene_aabb_proxy_output_6
judge_collision_detected:
robot_base_x: 10.341579
robot_base_y: -7.283893
robot_base_yaw: 3.131670
robot_geom: robot0_torso_fixed_collision_box_1
proxy_geom: scene_aabb_proxy_line_6_output_side_protrusion
judge_collision_detected:
robot_base_x: 10.341579
robot_base_y: -7.283893
robot_base_yaw: 3.131670
robot_geom: robot0_torso_fixed_collision_box_1
proxy_geom: scene_aabb_proxy_output_6
judge_collision_detected:
robot_base_x: 10.341579
robot_base_y: -7.283893
robot_base_yaw: 3.131670
robot_geom: robot0_torso_fixed_collision_box_1
proxy_geom: scene_aabb_proxy_production_line_6
judge_collision_detected:
robot_base_x: 10.341579
robot_base_y: -7.283893
robot_base_yaw: 3.131670
robot_geom: robot0_torso_fixed_column_collision
proxy_geom: scene_aabb_proxy_line_6_output_side_protrusion
judge_collision_detected:
robot_base_x: 10.341579
robot_base_y: -7.283893
robot_base_yaw: 3.131670
robot_geom: robot0_wheel_left_collision
proxy_geom: scene_aabb_proxy_line_6_output_side_protrusion
judge_collision_detected:
robot_base_x: 10.341579
robot_base_y: -7.283893
robot_base_yaw: 3.131670
robot_geom: robot0_wheel_left_collision
proxy_geom: scene_aabb_proxy_output_6
judge_collision_detected:
robot_base_x: 10.341579
robot_base_y: -7.283893
robot_base_yaw: 3.131670
robot_geom: robot0_wheel_right_collision
proxy_geom: scene_aabb_proxy_line_6_output_side_protrusion
judge_collision_detected:
robot_base_x: 10.341579
robot_base_y: -7.283893
robot_base_yaw: 3.131670
robot_geom: robot0_wheel_right_collision
proxy_geom: scene_aabb_proxy_output_6
judge_collision_detected:
robot_base_x: 10.341579
robot_base_y: -7.283893
robot_base_yaw: 3.131670
robot_geom: robot0_wheel_right_collision
proxy_geom: scene_aabb_proxy_production_line_6
judge_collision_detected:
robot_base_x: 10.340019
robot_base_y: -7.284095
robot_base_yaw: 3.131944
robot_geom: robot0_back_left_caster_2
proxy_geom: scene_aabb_proxy_line_6_output_side_protrusion
judge_collision_detected:
robot_base_x: 10.340019
robot_base_y: -7.284095
robot_base_yaw: 3.131944
robot_geom: robot0_back_right_caster_2
proxy_geom: scene_aabb_proxy_line_6_output_side_protrusion
judge_collision_detected:
robot_base_x: 10.340019
robot_base_y: -7.284095
robot_base_yaw: 3.131944
robot_geom: robot0_base_collision
proxy_geom: scene_aabb_proxy_line_6_output_side_protrusion
judge_collision_detected:
robot_base_x: 10.340019
robot_base_y: -7.284095
robot_base_yaw: 3.131944
robot_geom: robot0_base_collision
proxy_geom: scene_aabb_proxy_output_6
judge_collision_detected:
robot_base_x: 10.340019
robot_base_y: -7.284095
robot_base_yaw: 3.131944
robot_geom: robot0_base_collision
proxy_geom: scene_aabb_proxy_production_line_6
judge_collision_detected:
robot_base_x: 10.340019
robot_base_y: -7.284095
robot_base_yaw: 3.131944
robot_geom: robot0_front_left_caster_2
proxy_geom: scene_aabb_proxy_output_6
judge_collision_detected:
robot_base_x: 10.340019
robot_base_y: -7.284095
robot_base_yaw: 3.131944
robot_geom: robot0_front_right_caster_2
proxy_geom: scene_aabb_proxy_output_6
judge_collision_detected:
robot_base_x: 10.340019
robot_base_y: -7.284095
robot_base_yaw: 3.131944
robot_geom: robot0_torso_fixed_collision_box_1
proxy_geom: scene_aabb_proxy_line_6_output_side_protrusion
judge_collision_detected:
robot_base_x: 10.340019
robot_base_y: -7.284095
robot_base_yaw: 3.131944
robot_geom: robot0_torso_fixed_collision_box_1
proxy_geom: scene_aabb_proxy_output_6
judge_collision_detected:
robot_base_x: 10.340019
robot_base_y: -7.284095
robot_base_yaw: 3.131944
robot_geom: robot0_torso_fixed_collision_box_1
proxy_geom: scene_aabb_proxy_production_line_6
judge_collision_detected:
robot_base_x: 10.340019
robot_base_y: -7.284095
robot_base_yaw: 3.131944
robot_geom: robot0_torso_fixed_column_collision
proxy_geom: scene_aabb_proxy_line_6_output_side_protrusion
judge_collision_detected:
robot_base_x: 10.340019
robot_base_y: -7.284095
robot_base_yaw: 3.131944
robot_geom: robot0_wheel_left_collision
proxy_geom: scene_aabb_proxy_line_6_output_side_protrusion
judge_collision_detected:
robot_base_x: 10.340019
robot_base_y: -7.284095
robot_base_yaw: 3.131944
robot_geom: robot0_wheel_left_collision
proxy_geom: scene_aabb_proxy_output_6
judge_collision_detected:
robot_base_x: 10.340019
robot_base_y: -7.284095
robot_base_yaw: 3.131944
robot_geom: robot0_wheel_right_collision
proxy_geom: scene_aabb_proxy_line_6_output_side_protrusion
judge_collision_detected:
robot_base_x: 10.340019
robot_base_y: -7.284095
robot_base_yaw: 3.131944
robot_geom: robot0_wheel_right_collision
proxy_geom: scene_aabb_proxy_output_6
judge_collision_detected:
robot_base_x: 10.340019
robot_base_y: -7.284095
robot_base_yaw: 3.131944
robot_geom: robot0_wheel_right_collision
proxy_geom: scene_aabb_proxy_production_line_6
judge_collision_detected:
robot_base_x: 10.338534
robot_base_y: -7.284292
robot_base_yaw: 3.132229
robot_geom: robot0_back_left_caster_2
proxy_geom: scene_aabb_proxy_line_6_output_side_protrusion
judge_collision_detected:
robot_base_x: 10.338534
robot_base_y: -7.284292
robot_base_yaw: 3.132229
robot_geom: robot0_back_right_caster_2
proxy_geom: scene_aabb_proxy_line_6_output_side_protrusion
judge_collision_detected:
robot_base_x: 10.338534
robot_base_y: -7.284292
robot_base_yaw: 3.132229
robot_geom: robot0_base_collision
proxy_geom: scene_aabb_proxy_line_6_output_side_protrusion
judge_collision_detected:
robot_base_x: 10.338534
robot_base_y: -7.284292
robot_base_yaw: 3.132229
robot_geom: robot0_base_collision
proxy_geom: scene_aabb_proxy_output_6
judge_collision_detected:
robot_base_x: 10.338534
robot_base_y: -7.284292
robot_base_yaw: 3.132229
robot_geom: robot0_base_collision
proxy_geom: scene_aabb_proxy_production_line_6
judge_collision_detected:
robot_base_x: 10.338534
robot_base_y: -7.284292
robot_base_yaw: 3.132229
robot_geom: robot0_front_left_caster_2
proxy_geom: scene_aabb_proxy_output_6
judge_collision_detected:
robot_base_x: 10.338534
robot_base_y: -7.284292
robot_base_yaw: 3.132229
robot_geom: robot0_front_right_caster_2
proxy_geom: scene_aabb_proxy_output_6
judge_collision_detected:
robot_base_x: 10.338534
robot_base_y: -7.284292
robot_base_yaw: 3.132229
robot_geom: robot0_torso_fixed_collision_box_1
proxy_geom: scene_aabb_proxy_line_6_output_side_protrusion
judge_collision_detected:
robot_base_x: 10.338534
robot_base_y: -7.284292
robot_base_yaw: 3.132229
robot_geom: robot0_torso_fixed_collision_box_1
proxy_geom: scene_aabb_proxy_output_6
judge_collision_detected:
robot_base_x: 10.338534
robot_base_y: -7.284292
robot_base_yaw: 3.132229
robot_geom: robot0_torso_fixed_collision_box_1
proxy_geom: scene_aabb_proxy_production_line_6
judge_collision_detected:
robot_base_x: 10.338534
robot_base_y: -7.284292
robot_base_yaw: 3.132229
robot_geom: robot0_torso_fixed_column_collision
proxy_geom: scene_aabb_proxy_line_6_output_side_protrusion
judge_collision_detected:
robot_base_x: 10.338534
robot_base_y: -7.284292
robot_base_yaw: 3.132229
robot_geom: robot0_wheel_left_collision
proxy_geom: scene_aabb_proxy_line_6_output_side_protrusion
judge_collision_detected:
robot_base_x: 10.338534
robot_base_y: -7.284292
robot_base_yaw: 3.132229
robot_geom: robot0_wheel_left_collision
proxy_geom: scene_aabb_proxy_output_6
judge_collision_detected:
robot_base_x: 10.338534
robot_base_y: -7.284292
robot_base_yaw: 3.132229
robot_geom: robot0_wheel_right_collision
proxy_geom: scene_aabb_proxy_line_6_output_side_protrusion
judge_collision_detected:
robot_base_x: 10.338534
robot_base_y: -7.284292
robot_base_yaw: 3.132229
robot_geom: robot0_wheel_right_collision
proxy_geom: scene_aabb_proxy_output_6
judge_collision_detected:
robot_base_x: 10.338534
robot_base_y: -7.284292
robot_base_yaw: 3.132229
robot_geom: robot0_wheel_right_collision
proxy_geom: scene_aabb_proxy_production_line_6
judge_collision_detected:
robot_base_x: 10.337120
robot_base_y: -7.284485
robot_base_yaw: 3.132523
robot_geom: robot0_back_left_caster_2
proxy_geom: scene_aabb_proxy_line_6_output_side_protrusion
judge_collision_detected:
robot_base_x: 10.337120
robot_base_y: -7.284485
robot_base_yaw: 3.132523
robot_geom: robot0_back_right_caster_2
proxy_geom: scene_aabb_proxy_line_6_output_side_protrusion
judge_collision_detected:
robot_base_x: 10.337120
robot_base_y: -7.284485
robot_base_yaw: 3.132523
robot_geom: robot0_base_collision
proxy_geom: scene_aabb_proxy_line_6_output_side_protrusion
judge_collision_detected:
robot_base_x: 10.337120
robot_base_y: -7.284485
robot_base_yaw: 3.132523
robot_geom: robot0_base_collision
proxy_geom: scene_aabb_proxy_output_6
judge_collision_detected:
robot_base_x: 10.337120
robot_base_y: -7.284485
robot_base_yaw: 3.132523
robot_geom: robot0_base_collision
proxy_geom: scene_aabb_proxy_production_line_6
judge_collision_detected:
robot_base_x: 10.337120
robot_base_y: -7.284485
robot_base_yaw: 3.132523
robot_geom: robot0_front_left_caster_2
proxy_geom: scene_aabb_proxy_output_6
judge_collision_detected:
robot_base_x: 10.337120
robot_base_y: -7.284485
robot_base_yaw: 3.132523
robot_geom: robot0_front_right_caster_2
proxy_geom: scene_aabb_proxy_output_6
judge_collision_detected:
robot_base_x: 10.337120
robot_base_y: -7.284485
robot_base_yaw: 3.132523
robot_geom: robot0_torso_fixed_collision_box_1
proxy_geom: scene_aabb_proxy_line_6_output_side_protrusion
judge_collision_detected:
robot_base_x: 10.337120
robot_base_y: -7.284485
robot_base_yaw: 3.132523
robot_geom: robot0_torso_fixed_collision_box_1
proxy_geom: scene_aabb_proxy_output_6
judge_collision_detected:
robot_base_x: 10.337120
robot_base_y: -7.284485
robot_base_yaw: 3.132523
robot_geom: robot0_torso_fixed_collision_box_1
proxy_geom: scene_aabb_proxy_production_line_6
judge_collision_detected:
robot_base_x: 10.337120
robot_base_y: -7.284485
robot_base_yaw: 3.132523
robot_geom: robot0_torso_fixed_column_collision
proxy_geom: scene_aabb_proxy_line_6_output_side_protrusion
judge_collision_detected:
robot_base_x: 10.337120
robot_base_y: -7.284485
robot_base_yaw: 3.132523
robot_geom: robot0_wheel_left_collision
proxy_geom: scene_aabb_proxy_line_6_output_side_protrusion
judge_collision_detected:
robot_base_x: 10.337120
robot_base_y: -7.284485
robot_base_yaw: 3.132523
robot_geom: robot0_wheel_left_collision
proxy_geom: scene_aabb_proxy_output_6
judge_collision_detected:
robot_base_x: 10.337120
robot_base_y: -7.284485
robot_base_yaw: 3.132523
robot_geom: robot0_wheel_right_collision
proxy_geom: scene_aabb_proxy_line_6_output_side_protrusion
judge_collision_detected:
robot_base_x: 10.337120
robot_base_y: -7.284485
robot_base_yaw: 3.132523
robot_geom: robot0_wheel_right_collision
proxy_geom: scene_aabb_proxy_output_6
judge_collision_detected:
robot_base_x: 10.337120
robot_base_y: -7.284485
robot_base_yaw: 3.132523
robot_geom: robot0_wheel_right_collision
proxy_geom: scene_aabb_proxy_production_line_6
judge_collision_detected:
robot_base_x: 10.335764
robot_base_y: -7.284669
robot_base_yaw: 3.132845
robot_geom: robot0_back_left_caster_2
proxy_geom: scene_aabb_proxy_line_6_output_side_protrusion
judge_collision_detected:
robot_base_x: 10.335764
robot_base_y: -7.284669
robot_base_yaw: 3.132845
robot_geom: robot0_back_right_caster_2
proxy_geom: scene_aabb_proxy_line_6_output_side_protrusion
judge_collision_detected:
robot_base_x: 10.335764
robot_base_y: -7.284669
robot_base_yaw: 3.132845
robot_geom: robot0_base_collision
proxy_geom: scene_aabb_proxy_line_6_output_side_protrusion
judge_collision_detected:
robot_base_x: 10.335764
robot_base_y: -7.284669
robot_base_yaw: 3.132845
robot_geom: robot0_base_collision
proxy_geom: scene_aabb_proxy_output_6
judge_collision_detected:
robot_base_x: 10.335764
robot_base_y: -7.284669
robot_base_yaw: 3.132845
robot_geom: robot0_base_collision
proxy_geom: scene_aabb_proxy_production_line_6
judge_collision_detected:
robot_base_x: 10.335764
robot_base_y: -7.284669
robot_base_yaw: 3.132845
robot_geom: robot0_front_left_caster_2
proxy_geom: scene_aabb_proxy_output_6
judge_collision_detected:
robot_base_x: 10.335764
robot_base_y: -7.284669
robot_base_yaw: 3.132845
robot_geom: robot0_front_right_caster_2
proxy_geom: scene_aabb_proxy_output_6
judge_collision_detected:
robot_base_x: 10.335764
robot_base_y: -7.284669
robot_base_yaw: 3.132845
robot_geom: robot0_torso_fixed_collision_box_1
proxy_geom: scene_aabb_proxy_line_6_output_side_protrusion
judge_collision_detected:
robot_base_x: 10.335764
robot_base_y: -7.284669
robot_base_yaw: 3.132845
robot_geom: robot0_torso_fixed_collision_box_1
proxy_geom: scene_aabb_proxy_output_6
judge_collision_detected:
robot_base_x: 10.335764
robot_base_y: -7.284669
robot_base_yaw: 3.132845
robot_geom: robot0_torso_fixed_collision_box_1
proxy_geom: scene_aabb_proxy_production_line_6
judge_collision_detected:
robot_base_x: 10.335764
robot_base_y: -7.284669
robot_base_yaw: 3.132845
robot_geom: robot0_torso_fixed_column_collision
proxy_geom: scene_aabb_proxy_line_6_output_side_protrusion
judge_collision_detected:
robot_base_x: 10.335764
robot_base_y: -7.284669
robot_base_yaw: 3.132845
robot_geom: robot0_wheel_left_collision
proxy_geom: scene_aabb_proxy_line_6_output_side_protrusion
judge_collision_detected:
robot_base_x: 10.335764
robot_base_y: -7.284669
robot_base_yaw: 3.132845
robot_geom: robot0_wheel_left_collision
proxy_geom: scene_aabb_proxy_output_6
judge_collision_detected:
robot_base_x: 10.335764
robot_base_y: -7.284669
robot_base_yaw: 3.132845
robot_geom: robot0_wheel_right_collision
proxy_geom: scene_aabb_proxy_line_6_output_side_protrusion
judge_collision_detected:
robot_base_x: 10.335764
robot_base_y: -7.284669
robot_base_yaw: 3.132845
robot_geom: robot0_wheel_right_collision
proxy_geom: scene_aabb_proxy_output_6
judge_collision_detected:
robot_base_x: 10.335764
robot_base_y: -7.284669
robot_base_yaw: 3.132845
robot_geom: robot0_wheel_right_collision
proxy_geom: scene_aabb_proxy_production_line_6
judge_collision_detected:
robot_base_x: 10.334466
robot_base_y: -7.284846
robot_base_yaw: 3.133189
robot_geom: robot0_back_left_caster_2
proxy_geom: scene_aabb_proxy_line_6_output_side_protrusion
judge_collision_detected:
robot_base_x: 10.334466
robot_base_y: -7.284846
robot_base_yaw: 3.133189
robot_geom: robot0_back_right_caster_2
proxy_geom: scene_aabb_proxy_line_6_output_side_protrusion
judge_collision_detected:
robot_base_x: 10.334466
robot_base_y: -7.284846
robot_base_yaw: 3.133189
robot_geom: robot0_base_collision
proxy_geom: scene_aabb_proxy_line_6_output_side_protrusion
judge_collision_detected:
robot_base_x: 10.334466
robot_base_y: -7.284846
robot_base_yaw: 3.133189
robot_geom: robot0_base_collision
proxy_geom: scene_aabb_proxy_output_6
judge_collision_detected:
robot_base_x: 10.334466
robot_base_y: -7.284846
robot_base_yaw: 3.133189
robot_geom: robot0_base_collision
proxy_geom: scene_aabb_proxy_production_line_6
judge_collision_detected:
robot_base_x: 10.334466
robot_base_y: -7.284846
robot_base_yaw: 3.133189
robot_geom: robot0_front_left_caster_2
proxy_geom: scene_aabb_proxy_output_6
judge_collision_detected:
robot_base_x: 10.334466
robot_base_y: -7.284846
robot_base_yaw: 3.133189
robot_geom: robot0_front_right_caster_2
proxy_geom: scene_aabb_proxy_output_6
judge_collision_detected:
robot_base_x: 10.334466
robot_base_y: -7.284846
robot_base_yaw: 3.133189
robot_geom: robot0_torso_fixed_collision_box_1
proxy_geom: scene_aabb_proxy_line_6_output_side_protrusion
judge_collision_detected:
robot_base_x: 10.334466
robot_base_y: -7.284846
robot_base_yaw: 3.133189
robot_geom: robot0_torso_fixed_collision_box_1
proxy_geom: scene_aabb_proxy_output_6
judge_collision_detected:
robot_base_x: 10.334466
robot_base_y: -7.284846
robot_base_yaw: 3.133189
robot_geom: robot0_torso_fixed_collision_box_1
proxy_geom: scene_aabb_proxy_production_line_6
judge_collision_detected:
robot_base_x: 10.334466
robot_base_y: -7.284846
robot_base_yaw: 3.133189
robot_geom: robot0_torso_fixed_column_collision
proxy_geom: scene_aabb_proxy_line_6_output_side_protrusion
judge_collision_detected:
robot_base_x: 10.334466
robot_base_y: -7.284846
robot_base_yaw: 3.133189
robot_geom: robot0_wheel_left_collision
proxy_geom: scene_aabb_proxy_line_6_output_side_protrusion
judge_collision_detected:
robot_base_x: 10.334466
robot_base_y: -7.284846
robot_base_yaw: 3.133189
robot_geom: robot0_wheel_left_collision
proxy_geom: scene_aabb_proxy_output_6
judge_collision_detected:
robot_base_x: 10.334466
robot_base_y: -7.284846
robot_base_yaw: 3.133189
robot_geom: robot0_wheel_right_collision
proxy_geom: scene_aabb_proxy_line_6_output_side_protrusion
judge_collision_detected:
robot_base_x: 10.334466
robot_base_y: -7.284846
robot_base_yaw: 3.133189
robot_geom: robot0_wheel_right_collision
proxy_geom: scene_aabb_proxy_output_6
judge_collision_detected:
robot_base_x: 10.334466
robot_base_y: -7.284846
robot_base_yaw: 3.133189
robot_geom: robot0_wheel_right_collision
proxy_geom: scene_aabb_proxy_production_line_6
judge_collision_detected:
robot_base_x: 10.333641
robot_base_y: -7.285012
robot_base_yaw: 3.133547
robot_geom: robot0_back_left_caster_2
proxy_geom: scene_aabb_proxy_line_6_output_side_protrusion
judge_collision_detected:
robot_base_x: 10.333641
robot_base_y: -7.285012
robot_base_yaw: 3.133547
robot_geom: robot0_back_right_caster_2
proxy_geom: scene_aabb_proxy_line_6_output_side_protrusion
judge_collision_detected:
robot_base_x: 10.333641
robot_base_y: -7.285012
robot_base_yaw: 3.133547
robot_geom: robot0_base_collision
proxy_geom: scene_aabb_proxy_line_6_output_side_protrusion
judge_collision_detected:
robot_base_x: 10.333641
robot_base_y: -7.285012
robot_base_yaw: 3.133547
robot_geom: robot0_base_collision
proxy_geom: scene_aabb_proxy_output_6
judge_collision_detected:
robot_base_x: 10.333641
robot_base_y: -7.285012
robot_base_yaw: 3.133547
robot_geom: robot0_base_collision
proxy_geom: scene_aabb_proxy_production_line_6
judge_collision_detected:
robot_base_x: 10.333641
robot_base_y: -7.285012
robot_base_yaw: 3.133547
robot_geom: robot0_front_left_caster_2
proxy_geom: scene_aabb_proxy_output_6
judge_collision_detected:
robot_base_x: 10.333641
robot_base_y: -7.285012
robot_base_yaw: 3.133547
robot_geom: robot0_front_right_caster_2
proxy_geom: scene_aabb_proxy_output_6
judge_collision_detected:
robot_base_x: 10.333641
robot_base_y: -7.285012
robot_base_yaw: 3.133547
robot_geom: robot0_torso_fixed_collision_box_1
proxy_geom: scene_aabb_proxy_line_6_output_side_protrusion
judge_collision_detected:
robot_base_x: 10.333641
robot_base_y: -7.285012
robot_base_yaw: 3.133547
robot_geom: robot0_torso_fixed_collision_box_1
proxy_geom: scene_aabb_proxy_output_6
judge_collision_detected:
robot_base_x: 10.333641
robot_base_y: -7.285012
robot_base_yaw: 3.133547
robot_geom: robot0_torso_fixed_collision_box_1
proxy_geom: scene_aabb_proxy_production_line_6
judge_collision_detected:
robot_base_x: 10.333641
robot_base_y: -7.285012
robot_base_yaw: 3.133547
robot_geom: robot0_torso_fixed_column_collision
proxy_geom: scene_aabb_proxy_line_6_output_side_protrusion
judge_collision_detected:
robot_base_x: 10.333641
robot_base_y: -7.285012
robot_base_yaw: 3.133547
robot_geom: robot0_wheel_left_collision
proxy_geom: scene_aabb_proxy_line_6_output_side_protrusion
judge_collision_detected:
robot_base_x: 10.333641
robot_base_y: -7.285012
robot_base_yaw: 3.133547
robot_geom: robot0_wheel_left_collision
proxy_geom: scene_aabb_proxy_output_6
judge_collision_detected:
robot_base_x: 10.333641
robot_base_y: -7.285012
robot_base_yaw: 3.133547
robot_geom: robot0_wheel_right_collision
proxy_geom: scene_aabb_proxy_line_6_output_side_protrusion
judge_collision_detected:
robot_base_x: 10.333641
robot_base_y: -7.285012
robot_base_yaw: 3.133547
robot_geom: robot0_wheel_right_collision
proxy_geom: scene_aabb_proxy_output_6
judge_collision_detected:
robot_base_x: 10.333641
robot_base_y: -7.285012
robot_base_yaw: 3.133547
robot_geom: robot0_wheel_right_collision
proxy_geom: scene_aabb_proxy_production_line_6
judge_collision_detected:
robot_base_x: 10.333002
robot_base_y: -7.285173
robot_base_yaw: 3.133920
robot_geom: robot0_back_left_caster_2
proxy_geom: scene_aabb_proxy_line_6_output_side_protrusion
judge_collision_detected:
robot_base_x: 10.333002
robot_base_y: -7.285173
robot_base_yaw: 3.133920
robot_geom: robot0_back_right_caster_2
proxy_geom: scene_aabb_proxy_line_6_output_side_protrusion
judge_collision_detected:
robot_base_x: 10.333002
robot_base_y: -7.285173
robot_base_yaw: 3.133920
robot_geom: robot0_base_collision
proxy_geom: scene_aabb_proxy_line_6_output_side_protrusion
judge_collision_detected:
robot_base_x: 10.333002
robot_base_y: -7.285173
robot_base_yaw: 3.133920
robot_geom: robot0_base_collision
proxy_geom: scene_aabb_proxy_output_6
judge_collision_detected:
robot_base_x: 10.333002
robot_base_y: -7.285173
robot_base_yaw: 3.133920
robot_geom: robot0_base_collision
proxy_geom: scene_aabb_proxy_production_line_6
judge_collision_detected:
robot_base_x: 10.333002
robot_base_y: -7.285173
robot_base_yaw: 3.133920
robot_geom: robot0_front_left_caster_2
proxy_geom: scene_aabb_proxy_output_6
judge_collision_detected:
robot_base_x: 10.333002
robot_base_y: -7.285173
robot_base_yaw: 3.133920
robot_geom: robot0_front_right_caster_2
proxy_geom: scene_aabb_proxy_output_6
judge_collision_detected:
robot_base_x: 10.333002
robot_base_y: -7.285173
robot_base_yaw: 3.133920
robot_geom: robot0_torso_fixed_collision_box_1
proxy_geom: scene_aabb_proxy_line_6_output_side_protrusion
judge_collision_detected:
robot_base_x: 10.333002
robot_base_y: -7.285173
robot_base_yaw: 3.133920
robot_geom: robot0_torso_fixed_collision_box_1
proxy_geom: scene_aabb_proxy_output_6
judge_collision_detected:
robot_base_x: 10.333002
robot_base_y: -7.285173
robot_base_yaw: 3.133920
robot_geom: robot0_torso_fixed_collision_box_1
proxy_geom: scene_aabb_proxy_production_line_6
judge_collision_detected:
robot_base_x: 10.333002
robot_base_y: -7.285173
robot_base_yaw: 3.133920
robot_geom: robot0_torso_fixed_column_collision
proxy_geom: scene_aabb_proxy_line_6_output_side_protrusion
judge_collision_detected:
robot_base_x: 10.333002
robot_base_y: -7.285173
robot_base_yaw: 3.133920
robot_geom: robot0_wheel_left_collision
proxy_geom: scene_aabb_proxy_line_6_output_side_protrusion
judge_collision_detected:
robot_base_x: 10.333002
robot_base_y: -7.285173
robot_base_yaw: 3.133920
robot_geom: robot0_wheel_left_collision
proxy_geom: scene_aabb_proxy_output_6
judge_collision_detected:
robot_base_x: 10.333002
robot_base_y: -7.285173
robot_base_yaw: 3.133920
robot_geom: robot0_wheel_right_collision
proxy_geom: scene_aabb_proxy_line_6_output_side_protrusion
judge_collision_detected:
robot_base_x: 10.333002
robot_base_y: -7.285173
robot_base_yaw: 3.133920
robot_geom: robot0_wheel_right_collision
proxy_geom: scene_aabb_proxy_output_6
judge_collision_detected:
robot_base_x: 10.333002
robot_base_y: -7.285173
robot_base_yaw: 3.133920
robot_geom: robot0_wheel_right_collision
proxy_geom: scene_aabb_proxy_production_line_6
judge_collision_detected:
robot_base_x: 10.332392
robot_base_y: -7.285331
robot_base_yaw: 3.134304
robot_geom: robot0_back_left_caster_2
proxy_geom: scene_aabb_proxy_line_6_output_side_protrusion
judge_collision_detected:
robot_base_x: 10.332392
robot_base_y: -7.285331
robot_base_yaw: 3.134304
robot_geom: robot0_back_right_caster_2
proxy_geom: scene_aabb_proxy_line_6_output_side_protrusion
judge_collision_detected:
robot_base_x: 10.332392
robot_base_y: -7.285331
robot_base_yaw: 3.134304
robot_geom: robot0_base_collision
proxy_geom: scene_aabb_proxy_line_6_output_side_protrusion
judge_collision_detected:
robot_base_x: 10.332392
robot_base_y: -7.285331
robot_base_yaw: 3.134304
robot_geom: robot0_base_collision
proxy_geom: scene_aabb_proxy_output_6
judge_collision_detected:
robot_base_x: 10.332392
robot_base_y: -7.285331
robot_base_yaw: 3.134304
robot_geom: robot0_base_collision
proxy_geom: scene_aabb_proxy_production_line_6
judge_collision_detected:
robot_base_x: 10.332392
robot_base_y: -7.285331
robot_base_yaw: 3.134304
robot_geom: robot0_front_left_caster_2
proxy_geom: scene_aabb_proxy_output_6
judge_collision_detected:
robot_base_x: 10.332392
robot_base_y: -7.285331
robot_base_yaw: 3.134304
robot_geom: robot0_front_right_caster_2
proxy_geom: scene_aabb_proxy_output_6
judge_collision_detected:
robot_base_x: 10.332392
robot_base_y: -7.285331
robot_base_yaw: 3.134304
robot_geom: robot0_torso_fixed_collision_box_1
proxy_geom: scene_aabb_proxy_line_6_output_side_protrusion
judge_collision_detected:
robot_base_x: 10.332392
robot_base_y: -7.285331
robot_base_yaw: 3.134304
robot_geom: robot0_torso_fixed_collision_box_1
proxy_geom: scene_aabb_proxy_output_6
judge_collision_detected:
robot_base_x: 10.332392
robot_base_y: -7.285331
robot_base_yaw: 3.134304
robot_geom: robot0_torso_fixed_collision_box_1
proxy_geom: scene_aabb_proxy_production_line_6
judge_collision_detected:
robot_base_x: 10.332392
robot_base_y: -7.285331
robot_base_yaw: 3.134304
robot_geom: robot0_torso_fixed_column_collision
proxy_geom: scene_aabb_proxy_line_6_output_side_protrusion
judge_collision_detected:
robot_base_x: 10.332392
robot_base_y: -7.285331
robot_base_yaw: 3.134304
robot_geom: robot0_wheel_left_collision
proxy_geom: scene_aabb_proxy_line_6_output_side_protrusion
judge_collision_detected:
robot_base_x: 10.332392
robot_base_y: -7.285331
robot_base_yaw: 3.134304
robot_geom: robot0_wheel_left_collision
proxy_geom: scene_aabb_proxy_output_6
judge_collision_detected:
robot_base_x: 10.332392
robot_base_y: -7.285331
robot_base_yaw: 3.134304
robot_geom: robot0_wheel_right_collision
proxy_geom: scene_aabb_proxy_line_6_output_side_protrusion
judge_collision_detected:
robot_base_x: 10.332392
robot_base_y: -7.285331
robot_base_yaw: 3.134304
robot_geom: robot0_wheel_right_collision
proxy_geom: scene_aabb_proxy_output_6
judge_collision_detected:
robot_base_x: 10.332392
robot_base_y: -7.285331
robot_base_yaw: 3.134304
robot_geom: robot0_wheel_right_collision
proxy_geom: scene_aabb_proxy_production_line_6
judge_collision_detected:
robot_base_x: 10.331811
robot_base_y: -7.285485
robot_base_yaw: 3.134704
robot_geom: robot0_back_left_caster_2
proxy_geom: scene_aabb_proxy_line_6_output_side_protrusion
judge_collision_detected:
robot_base_x: 10.331811
robot_base_y: -7.285485
robot_base_yaw: 3.134704
robot_geom: robot0_back_right_caster_2
proxy_geom: scene_aabb_proxy_line_6_output_side_protrusion
judge_collision_detected:
robot_base_x: 10.331811
robot_base_y: -7.285485
robot_base_yaw: 3.134704
robot_geom: robot0_base_collision
proxy_geom: scene_aabb_proxy_line_6_output_side_protrusion
judge_collision_detected:
robot_base_x: 10.331811
robot_base_y: -7.285485
robot_base_yaw: 3.134704
robot_geom: robot0_base_collision
proxy_geom: scene_aabb_proxy_output_6
judge_collision_detected:
robot_base_x: 10.331811
robot_base_y: -7.285485
robot_base_yaw: 3.134704
robot_geom: robot0_base_collision
proxy_geom: scene_aabb_proxy_production_line_6
judge_collision_detected:
robot_base_x: 10.331811
robot_base_y: -7.285485
robot_base_yaw: 3.134704
robot_geom: robot0_front_left_caster_2
proxy_geom: scene_aabb_proxy_output_6
judge_collision_detected:
robot_base_x: 10.331811
robot_base_y: -7.285485
robot_base_yaw: 3.134704
robot_geom: robot0_front_right_caster_2
proxy_geom: scene_aabb_proxy_output_6
judge_collision_detected:
robot_base_x: 10.331811
robot_base_y: -7.285485
robot_base_yaw: 3.134704
robot_geom: robot0_torso_fixed_collision_box_1
proxy_geom: scene_aabb_proxy_line_6_output_side_protrusion
judge_collision_detected:
robot_base_x: 10.331811
robot_base_y: -7.285485
robot_base_yaw: 3.134704
robot_geom: robot0_torso_fixed_collision_box_1
proxy_geom: scene_aabb_proxy_output_6
judge_collision_detected:
robot_base_x: 10.331811
robot_base_y: -7.285485
robot_base_yaw: 3.134704
robot_geom: robot0_torso_fixed_collision_box_1
proxy_geom: scene_aabb_proxy_production_line_6
judge_collision_detected:
robot_base_x: 10.331811
robot_base_y: -7.285485
robot_base_yaw: 3.134704
robot_geom: robot0_torso_fixed_column_collision
proxy_geom: scene_aabb_proxy_line_6_output_side_protrusion
judge_collision_detected:
robot_base_x: 10.331811
robot_base_y: -7.285485
robot_base_yaw: 3.134704
robot_geom: robot0_wheel_left_collision
proxy_geom: scene_aabb_proxy_line_6_output_side_protrusion
judge_collision_detected:
robot_base_x: 10.331811
robot_base_y: -7.285485
robot_base_yaw: 3.134704
robot_geom: robot0_wheel_left_collision
proxy_geom: scene_aabb_proxy_output_6
judge_collision_detected:
robot_base_x: 10.331811
robot_base_y: -7.285485
robot_base_yaw: 3.134704
robot_geom: robot0_wheel_right_collision
proxy_geom: scene_aabb_proxy_line_6_output_side_protrusion
judge_collision_detected:
robot_base_x: 10.331811
robot_base_y: -7.285485
robot_base_yaw: 3.134704
robot_geom: robot0_wheel_right_collision
proxy_geom: scene_aabb_proxy_output_6
judge_collision_detected:
robot_base_x: 10.331811
robot_base_y: -7.285485
robot_base_yaw: 3.134704
robot_geom: robot0_wheel_right_collision
proxy_geom: scene_aabb_proxy_production_line_6
judge_collision_detected:
robot_base_x: 10.331268
robot_base_y: -7.285633
robot_base_yaw: 3.135132
robot_geom: robot0_back_left_caster_2
proxy_geom: scene_aabb_proxy_line_6_output_side_protrusion
judge_collision_detected:
robot_base_x: 10.331268
robot_base_y: -7.285633
robot_base_yaw: 3.135132
robot_geom: robot0_back_right_caster_2
proxy_geom: scene_aabb_proxy_line_6_output_side_protrusion
judge_collision_detected:
robot_base_x: 10.331268
robot_base_y: -7.285633
robot_base_yaw: 3.135132
robot_geom: robot0_base_collision
proxy_geom: scene_aabb_proxy_line_6_output_side_protrusion
judge_collision_detected:
robot_base_x: 10.331268
robot_base_y: -7.285633
robot_base_yaw: 3.135132
robot_geom: robot0_base_collision
proxy_geom: scene_aabb_proxy_output_6
judge_collision_detected:
robot_base_x: 10.331268
robot_base_y: -7.285633
robot_base_yaw: 3.135132
robot_geom: robot0_base_collision
proxy_geom: scene_aabb_proxy_production_line_6
judge_collision_detected:
robot_base_x: 10.331268
robot_base_y: -7.285633
robot_base_yaw: 3.135132
robot_geom: robot0_front_left_caster_2
proxy_geom: scene_aabb_proxy_output_6
judge_collision_detected:
robot_base_x: 10.331268
robot_base_y: -7.285633
robot_base_yaw: 3.135132
robot_geom: robot0_front_right_caster_2
proxy_geom: scene_aabb_proxy_output_6
judge_collision_detected:
robot_base_x: 10.331268
robot_base_y: -7.285633
robot_base_yaw: 3.135132
robot_geom: robot0_torso_fixed_collision_box_1
proxy_geom: scene_aabb_proxy_line_6_output_side_protrusion
judge_collision_detected:
robot_base_x: 10.331268
robot_base_y: -7.285633
robot_base_yaw: 3.135132
robot_geom: robot0_torso_fixed_collision_box_1
proxy_geom: scene_aabb_proxy_output_6
judge_collision_detected:
robot_base_x: 10.331268
robot_base_y: -7.285633
robot_base_yaw: 3.135132
robot_geom: robot0_torso_fixed_collision_box_1
proxy_geom: scene_aabb_proxy_production_line_6
judge_collision_detected:
robot_base_x: 10.331268
robot_base_y: -7.285633
robot_base_yaw: 3.135132
robot_geom: robot0_torso_fixed_column_collision
proxy_geom: scene_aabb_proxy_line_6_output_side_protrusion
judge_collision_detected:
robot_base_x: 10.331268
robot_base_y: -7.285633
robot_base_yaw: 3.135132
robot_geom: robot0_wheel_left_collision
proxy_geom: scene_aabb_proxy_line_6_output_side_protrusion
judge_collision_detected:
robot_base_x: 10.331268
robot_base_y: -7.285633
robot_base_yaw: 3.135132
robot_geom: robot0_wheel_left_collision
proxy_geom: scene_aabb_proxy_output_6
judge_collision_detected:
robot_base_x: 10.331268
robot_base_y: -7.285633
robot_base_yaw: 3.135132
robot_geom: robot0_wheel_right_collision
proxy_geom: scene_aabb_proxy_line_6_output_side_protrusion
judge_collision_detected:
robot_base_x: 10.331268
robot_base_y: -7.285633
robot_base_yaw: 3.135132
robot_geom: robot0_wheel_right_collision
proxy_geom: scene_aabb_proxy_output_6
judge_collision_detected:
robot_base_x: 10.331268
robot_base_y: -7.285633
robot_base_yaw: 3.135132
robot_geom: robot0_wheel_right_collision
proxy_geom: scene_aabb_proxy_production_line_6
judge_collision_detected:
robot_base_x: 10.330748
robot_base_y: -7.285778
robot_base_yaw: 3.135570
robot_geom: robot0_back_left_caster_2
proxy_geom: scene_aabb_proxy_line_6_output_side_protrusion
judge_collision_detected:
robot_base_x: 10.330748
robot_base_y: -7.285778
robot_base_yaw: 3.135570
robot_geom: robot0_back_right_caster_2
proxy_geom: scene_aabb_proxy_line_6_output_side_protrusion
judge_collision_detected:
robot_base_x: 10.330748
robot_base_y: -7.285778
robot_base_yaw: 3.135570
robot_geom: robot0_base_collision
proxy_geom: scene_aabb_proxy_line_6_output_side_protrusion
judge_collision_detected:
robot_base_x: 10.330748
robot_base_y: -7.285778
robot_base_yaw: 3.135570
robot_geom: robot0_base_collision
proxy_geom: scene_aabb_proxy_output_6
judge_collision_detected:
robot_base_x: 10.330748
robot_base_y: -7.285778
robot_base_yaw: 3.135570
robot_geom: robot0_base_collision
proxy_geom: scene_aabb_proxy_production_line_6
judge_collision_detected:
robot_base_x: 10.330748
robot_base_y: -7.285778
robot_base_yaw: 3.135570
robot_geom: robot0_front_left_caster_2
proxy_geom: scene_aabb_proxy_output_6
judge_collision_detected:
robot_base_x: 10.330748
robot_base_y: -7.285778
robot_base_yaw: 3.135570
robot_geom: robot0_front_right_caster_2
proxy_geom: scene_aabb_proxy_output_6
judge_collision_detected:
robot_base_x: 10.330748
robot_base_y: -7.285778
robot_base_yaw: 3.135570
robot_geom: robot0_torso_fixed_collision_box_1
proxy_geom: scene_aabb_proxy_line_6_output_side_protrusion
judge_collision_detected:
robot_base_x: 10.330748
robot_base_y: -7.285778
robot_base_yaw: 3.135570
robot_geom: robot0_torso_fixed_collision_box_1
proxy_geom: scene_aabb_proxy_output_6
judge_collision_detected:
robot_base_x: 10.330748
robot_base_y: -7.285778
robot_base_yaw: 3.135570
robot_geom: robot0_torso_fixed_collision_box_1
proxy_geom: scene_aabb_proxy_production_line_6
judge_collision_detected:
robot_base_x: 10.330748
robot_base_y: -7.285778
robot_base_yaw: 3.135570
robot_geom: robot0_torso_fixed_column_collision
proxy_geom: scene_aabb_proxy_line_6_output_side_protrusion
judge_collision_detected:
robot_base_x: 10.330748
robot_base_y: -7.285778
robot_base_yaw: 3.135570
robot_geom: robot0_wheel_left_collision
proxy_geom: scene_aabb_proxy_line_6_output_side_protrusion
judge_collision_detected:
robot_base_x: 10.330748
robot_base_y: -7.285778
robot_base_yaw: 3.135570
robot_geom: robot0_wheel_left_collision
proxy_geom: scene_aabb_proxy_output_6
judge_collision_detected:
robot_base_x: 10.330748
robot_base_y: -7.285778
robot_base_yaw: 3.135570
robot_geom: robot0_wheel_right_collision
proxy_geom: scene_aabb_proxy_line_6_output_side_protrusion
judge_collision_detected:
robot_base_x: 10.330748
robot_base_y: -7.285778
robot_base_yaw: 3.135570
robot_geom: robot0_wheel_right_collision
proxy_geom: scene_aabb_proxy_output_6
judge_collision_detected:
robot_base_x: 10.330748
robot_base_y: -7.285778
robot_base_yaw: 3.135570
robot_geom: robot0_wheel_right_collision
proxy_geom: scene_aabb_proxy_production_line_6
judge_collision_detected:
robot_base_x: 10.330238
robot_base_y: -7.285921
robot_base_yaw: 3.135992
robot_geom: robot0_back_left_caster_2
proxy_geom: scene_aabb_proxy_line_6_output_side_protrusion
judge_collision_detected:
robot_base_x: 10.330238
robot_base_y: -7.285921
robot_base_yaw: 3.135992
robot_geom: robot0_back_right_caster_2
proxy_geom: scene_aabb_proxy_line_6_output_side_protrusion
judge_collision_detected:
robot_base_x: 10.330238
robot_base_y: -7.285921
robot_base_yaw: 3.135992
robot_geom: robot0_base_collision
proxy_geom: scene_aabb_proxy_line_6_output_side_protrusion
judge_collision_detected:
robot_base_x: 10.330238
robot_base_y: -7.285921
robot_base_yaw: 3.135992
robot_geom: robot0_base_collision
proxy_geom: scene_aabb_proxy_output_6
judge_collision_detected:
robot_base_x: 10.330238
robot_base_y: -7.285921
robot_base_yaw: 3.135992
robot_geom: robot0_base_collision
proxy_geom: scene_aabb_proxy_production_line_6
judge_collision_detected:
robot_base_x: 10.330238
robot_base_y: -7.285921
robot_base_yaw: 3.135992
robot_geom: robot0_front_left_caster_2
proxy_geom: scene_aabb_proxy_output_6
judge_collision_detected:
robot_base_x: 10.330238
robot_base_y: -7.285921
robot_base_yaw: 3.135992
robot_geom: robot0_front_right_caster_2
proxy_geom: scene_aabb_proxy_output_6
judge_collision_detected:
robot_base_x: 10.330238
robot_base_y: -7.285921
robot_base_yaw: 3.135992
robot_geom: robot0_torso_fixed_collision_box_1
proxy_geom: scene_aabb_proxy_line_6_output_side_protrusion
judge_collision_detected:
robot_base_x: 10.330238
robot_base_y: -7.285921
robot_base_yaw: 3.135992
robot_geom: robot0_torso_fixed_collision_box_1
proxy_geom: scene_aabb_proxy_output_6
judge_collision_detected:
robot_base_x: 10.330238
robot_base_y: -7.285921
robot_base_yaw: 3.135992
robot_geom: robot0_torso_fixed_collision_box_1
proxy_geom: scene_aabb_proxy_production_line_6
judge_collision_detected:
robot_base_x: 10.330238
robot_base_y: -7.285921
robot_base_yaw: 3.135992
robot_geom: robot0_torso_fixed_column_collision
proxy_geom: scene_aabb_proxy_line_6_output_side_protrusion
judge_collision_detected:
robot_base_x: 10.330238
robot_base_y: -7.285921
robot_base_yaw: 3.135992
robot_geom: robot0_wheel_left_collision
proxy_geom: scene_aabb_proxy_line_6_output_side_protrusion
judge_collision_detected:
robot_base_x: 10.330238
robot_base_y: -7.285921
robot_base_yaw: 3.135992
robot_geom: robot0_wheel_left_collision
proxy_geom: scene_aabb_proxy_output_6
judge_collision_detected:
robot_base_x: 10.330238
robot_base_y: -7.285921
robot_base_yaw: 3.135992
robot_geom: robot0_wheel_right_collision
proxy_geom: scene_aabb_proxy_line_6_output_side_protrusion
judge_collision_detected:
robot_base_x: 10.330238
robot_base_y: -7.285921
robot_base_yaw: 3.135992
robot_geom: robot0_wheel_right_collision
proxy_geom: scene_aabb_proxy_output_6
judge_collision_detected:
robot_base_x: 10.330238
robot_base_y: -7.285921
robot_base_yaw: 3.135992
robot_geom: robot0_wheel_right_collision
proxy_geom: scene_aabb_proxy_production_line_6
judge_collision_detected:
robot_base_x: 10.329745
robot_base_y: -7.286062
robot_base_yaw: 3.136412
robot_geom: robot0_back_left_caster_2
proxy_geom: scene_aabb_proxy_line_6_output_side_protrusion
judge_collision_detected:
robot_base_x: 10.329745
robot_base_y: -7.286062
robot_base_yaw: 3.136412
robot_geom: robot0_back_right_caster_2
proxy_geom: scene_aabb_proxy_line_6_output_side_protrusion
judge_collision_detected:
robot_base_x: 10.329745
robot_base_y: -7.286062
robot_base_yaw: 3.136412
robot_geom: robot0_base_collision
proxy_geom: scene_aabb_proxy_line_6_output_side_protrusion
judge_collision_detected:
robot_base_x: 10.329745
robot_base_y: -7.286062
robot_base_yaw: 3.136412
robot_geom: robot0_base_collision
proxy_geom: scene_aabb_proxy_output_6
judge_collision_detected:
robot_base_x: 10.329745
robot_base_y: -7.286062
robot_base_yaw: 3.136412
robot_geom: robot0_base_collision
proxy_geom: scene_aabb_proxy_production_line_6
judge_collision_detected:
robot_base_x: 10.329745
robot_base_y: -7.286062
robot_base_yaw: 3.136412
robot_geom: robot0_front_left_caster_2
proxy_geom: scene_aabb_proxy_output_6
judge_collision_detected:
robot_base_x: 10.329745
robot_base_y: -7.286062
robot_base_yaw: 3.136412
robot_geom: robot0_front_right_caster_2
proxy_geom: scene_aabb_proxy_output_6
judge_collision_detected:
robot_base_x: 10.329745
robot_base_y: -7.286062
robot_base_yaw: 3.136412
robot_geom: robot0_torso_fixed_collision_box_1
proxy_geom: scene_aabb_proxy_line_6_output_side_protrusion
judge_collision_detected:
robot_base_x: 10.329745
robot_base_y: -7.286062
robot_base_yaw: 3.136412
robot_geom: robot0_torso_fixed_collision_box_1
proxy_geom: scene_aabb_proxy_output_6
judge_collision_detected:
robot_base_x: 10.329745
robot_base_y: -7.286062
robot_base_yaw: 3.136412
robot_geom: robot0_torso_fixed_collision_box_1
proxy_geom: scene_aabb_proxy_production_line_6
judge_collision_detected:
robot_base_x: 10.329745
robot_base_y: -7.286062
robot_base_yaw: 3.136412
robot_geom: robot0_torso_fixed_column_collision
proxy_geom: scene_aabb_proxy_line_6_output_side_protrusion
judge_collision_detected:
robot_base_x: 10.329745
robot_base_y: -7.286062
robot_base_yaw: 3.136412
robot_geom: robot0_wheel_left_collision
proxy_geom: scene_aabb_proxy_line_6_output_side_protrusion
judge_collision_detected:
robot_base_x: 10.329745
robot_base_y: -7.286062
robot_base_yaw: 3.136412
robot_geom: robot0_wheel_left_collision
proxy_geom: scene_aabb_proxy_output_6
judge_collision_detected:
robot_base_x: 10.329745
robot_base_y: -7.286062
robot_base_yaw: 3.136412
robot_geom: robot0_wheel_right_collision
proxy_geom: scene_aabb_proxy_line_6_output_side_protrusion
judge_collision_detected:
robot_base_x: 10.329745
robot_base_y: -7.286062
robot_base_yaw: 3.136412
robot_geom: robot0_wheel_right_collision
proxy_geom: scene_aabb_proxy_output_6
judge_collision_detected:
robot_base_x: 10.329745
robot_base_y: -7.286062
robot_base_yaw: 3.136412
robot_geom: robot0_wheel_right_collision
proxy_geom: scene_aabb_proxy_production_line_6
judge_collision_detected:
robot_base_x: 10.328825
robot_base_y: -7.286209
robot_base_yaw: 3.136733
robot_geom: robot0_back_left_caster_2
proxy_geom: scene_aabb_proxy_line_6_output_side_protrusion
judge_collision_detected:
robot_base_x: 10.328825
robot_base_y: -7.286209
robot_base_yaw: 3.136733
robot_geom: robot0_back_right_caster_2
proxy_geom: scene_aabb_proxy_line_6_output_side_protrusion
judge_collision_detected:
robot_base_x: 10.328825
robot_base_y: -7.286209
robot_base_yaw: 3.136733
robot_geom: robot0_base_collision
proxy_geom: scene_aabb_proxy_line_6_output_side_protrusion
judge_collision_detected:
robot_base_x: 10.328825
robot_base_y: -7.286209
robot_base_yaw: 3.136733
robot_geom: robot0_base_collision
proxy_geom: scene_aabb_proxy_output_6
judge_collision_detected:
robot_base_x: 10.328825
robot_base_y: -7.286209
robot_base_yaw: 3.136733
robot_geom: robot0_base_collision
proxy_geom: scene_aabb_proxy_production_line_6
judge_collision_detected:
robot_base_x: 10.328825
robot_base_y: -7.286209
robot_base_yaw: 3.136733
robot_geom: robot0_front_left_caster_2
proxy_geom: scene_aabb_proxy_output_6
judge_collision_detected:
robot_base_x: 10.328825
robot_base_y: -7.286209
robot_base_yaw: 3.136733
robot_geom: robot0_front_right_caster_2
proxy_geom: scene_aabb_proxy_output_6
judge_collision_detected:
robot_base_x: 10.328825
robot_base_y: -7.286209
robot_base_yaw: 3.136733
robot_geom: robot0_torso_fixed_collision_box_1
proxy_geom: scene_aabb_proxy_line_6_output_side_protrusion
judge_collision_detected:
robot_base_x: 10.328825
robot_base_y: -7.286209
robot_base_yaw: 3.136733
robot_geom: robot0_torso_fixed_collision_box_1
proxy_geom: scene_aabb_proxy_output_6
judge_collision_detected:
robot_base_x: 10.328825
robot_base_y: -7.286209
robot_base_yaw: 3.136733
robot_geom: robot0_torso_fixed_collision_box_1
proxy_geom: scene_aabb_proxy_production_line_6
judge_collision_detected:
robot_base_x: 10.328825
robot_base_y: -7.286209
robot_base_yaw: 3.136733
robot_geom: robot0_torso_fixed_column_collision
proxy_geom: scene_aabb_proxy_line_6_output_side_protrusion
judge_collision_detected:
robot_base_x: 10.328825
robot_base_y: -7.286209
robot_base_yaw: 3.136733
robot_geom: robot0_wheel_left_collision
proxy_geom: scene_aabb_proxy_line_6_output_side_protrusion
judge_collision_detected:
robot_base_x: 10.328825
robot_base_y: -7.286209
robot_base_yaw: 3.136733
robot_geom: robot0_wheel_left_collision
proxy_geom: scene_aabb_proxy_output_6
judge_collision_detected:
robot_base_x: 10.328825
robot_base_y: -7.286209
robot_base_yaw: 3.136733
robot_geom: robot0_wheel_right_collision
proxy_geom: scene_aabb_proxy_line_6_output_side_protrusion
judge_collision_detected:
robot_base_x: 10.328825
robot_base_y: -7.286209
robot_base_yaw: 3.136733
robot_geom: robot0_wheel_right_collision
proxy_geom: scene_aabb_proxy_output_6
judge_collision_detected:
robot_base_x: 10.328825
robot_base_y: -7.286209
robot_base_yaw: 3.136733
robot_geom: robot0_wheel_right_collision
proxy_geom: scene_aabb_proxy_production_line_6
judge_collision_detected:
robot_base_x: 10.327825
robot_base_y: -7.286360
robot_base_yaw: 3.137005
robot_geom: robot0_back_left_caster_2
proxy_geom: scene_aabb_proxy_line_6_output_side_protrusion
judge_collision_detected:
robot_base_x: 10.327825
robot_base_y: -7.286360
robot_base_yaw: 3.137005
robot_geom: robot0_back_right_caster_2
proxy_geom: scene_aabb_proxy_line_6_output_side_protrusion
judge_collision_detected:
robot_base_x: 10.327825
robot_base_y: -7.286360
robot_base_yaw: 3.137005
robot_geom: robot0_base_collision
proxy_geom: scene_aabb_proxy_line_6_output_side_protrusion
judge_collision_detected:
robot_base_x: 10.327825
robot_base_y: -7.286360
robot_base_yaw: 3.137005
robot_geom: robot0_base_collision
proxy_geom: scene_aabb_proxy_output_6
judge_collision_detected:
robot_base_x: 10.327825
robot_base_y: -7.286360
robot_base_yaw: 3.137005
robot_geom: robot0_base_collision
proxy_geom: scene_aabb_proxy_production_line_6
judge_collision_detected:
robot_base_x: 10.327825
robot_base_y: -7.286360
robot_base_yaw: 3.137005
robot_geom: robot0_front_left_caster_2
proxy_geom: scene_aabb_proxy_output_6
judge_collision_detected:
robot_base_x: 10.327825
robot_base_y: -7.286360
robot_base_yaw: 3.137005
robot_geom: robot0_front_right_caster_2
proxy_geom: scene_aabb_proxy_output_6
judge_collision_detected:
robot_base_x: 10.327825
robot_base_y: -7.286360
robot_base_yaw: 3.137005
robot_geom: robot0_torso_fixed_collision_box_1
proxy_geom: scene_aabb_proxy_line_6_output_side_protrusion
judge_collision_detected:
robot_base_x: 10.327825
robot_base_y: -7.286360
robot_base_yaw: 3.137005
robot_geom: robot0_torso_fixed_collision_box_1
proxy_geom: scene_aabb_proxy_output_6
judge_collision_detected:
robot_base_x: 10.327825
robot_base_y: -7.286360
robot_base_yaw: 3.137005
robot_geom: robot0_torso_fixed_collision_box_1
proxy_geom: scene_aabb_proxy_production_line_6
judge_collision_detected:
robot_base_x: 10.327825
robot_base_y: -7.286360
robot_base_yaw: 3.137005
robot_geom: robot0_torso_fixed_column_collision
proxy_geom: scene_aabb_proxy_line_6_output_side_protrusion
judge_collision_detected:
robot_base_x: 10.327825
robot_base_y: -7.286360
robot_base_yaw: 3.137005
robot_geom: robot0_wheel_left_collision
proxy_geom: scene_aabb_proxy_line_6_output_side_protrusion
judge_collision_detected:
robot_base_x: 10.327825
robot_base_y: -7.286360
robot_base_yaw: 3.137005
robot_geom: robot0_wheel_left_collision
proxy_geom: scene_aabb_proxy_output_6
judge_collision_detected:
robot_base_x: 10.327825
robot_base_y: -7.286360
robot_base_yaw: 3.137005
robot_geom: robot0_wheel_right_collision
proxy_geom: scene_aabb_proxy_line_6_output_side_protrusion
judge_collision_detected:
robot_base_x: 10.327825
robot_base_y: -7.286360
robot_base_yaw: 3.137005
robot_geom: robot0_wheel_right_collision
proxy_geom: scene_aabb_proxy_output_6
judge_collision_detected:
robot_base_x: 10.327825
robot_base_y: -7.286360
robot_base_yaw: 3.137005
robot_geom: robot0_wheel_right_collision
proxy_geom: scene_aabb_proxy_production_line_6
judge_collision_detected:
robot_base_x: 10.326869
robot_base_y: -7.286514
robot_base_yaw: 3.137254
robot_geom: robot0_back_left_caster_2
proxy_geom: scene_aabb_proxy_line_6_output_side_protrusion
judge_collision_detected:
robot_base_x: 10.326869
robot_base_y: -7.286514
robot_base_yaw: 3.137254
robot_geom: robot0_back_right_caster_2
proxy_geom: scene_aabb_proxy_line_6_output_side_protrusion
judge_collision_detected:
robot_base_x: 10.326869
robot_base_y: -7.286514
robot_base_yaw: 3.137254
robot_geom: robot0_base_collision
proxy_geom: scene_aabb_proxy_line_6_output_side_protrusion
judge_collision_detected:
robot_base_x: 10.326869
robot_base_y: -7.286514
robot_base_yaw: 3.137254
robot_geom: robot0_base_collision
proxy_geom: scene_aabb_proxy_output_6
judge_collision_detected:
robot_base_x: 10.326869
robot_base_y: -7.286514
robot_base_yaw: 3.137254
robot_geom: robot0_base_collision
proxy_geom: scene_aabb_proxy_production_line_6
judge_collision_detected:
robot_base_x: 10.326869
robot_base_y: -7.286514
robot_base_yaw: 3.137254
robot_geom: robot0_front_left_caster_2
proxy_geom: scene_aabb_proxy_output_6
judge_collision_detected:
robot_base_x: 10.326869
robot_base_y: -7.286514
robot_base_yaw: 3.137254
robot_geom: robot0_front_right_caster_2
proxy_geom: scene_aabb_proxy_output_6
judge_collision_detected:
robot_base_x: 10.326869
robot_base_y: -7.286514
robot_base_yaw: 3.137254
robot_geom: robot0_torso_fixed_collision_box_1
proxy_geom: scene_aabb_proxy_line_6_output_side_protrusion
judge_collision_detected:
robot_base_x: 10.326869
robot_base_y: -7.286514
robot_base_yaw: 3.137254
robot_geom: robot0_torso_fixed_collision_box_1
proxy_geom: scene_aabb_proxy_output_6
judge_collision_detected:
robot_base_x: 10.326869
robot_base_y: -7.286514
robot_base_yaw: 3.137254
robot_geom: robot0_torso_fixed_collision_box_1
proxy_geom: scene_aabb_proxy_production_line_6
judge_collision_detected:
robot_base_x: 10.326869
robot_base_y: -7.286514
robot_base_yaw: 3.137254
robot_geom: robot0_torso_fixed_column_collision
proxy_geom: scene_aabb_proxy_line_6_output_side_protrusion
judge_collision_detected:
robot_base_x: 10.326869
robot_base_y: -7.286514
robot_base_yaw: 3.137254
robot_geom: robot0_wheel_left_collision
proxy_geom: scene_aabb_proxy_line_6_output_side_protrusion
judge_collision_detected:
robot_base_x: 10.326869
robot_base_y: -7.286514
robot_base_yaw: 3.137254
robot_geom: robot0_wheel_left_collision
proxy_geom: scene_aabb_proxy_output_6
judge_collision_detected:
robot_base_x: 10.326869
robot_base_y: -7.286514
robot_base_yaw: 3.137254
robot_geom: robot0_wheel_right_collision
proxy_geom: scene_aabb_proxy_line_6_output_side_protrusion
judge_collision_detected:
robot_base_x: 10.326869
robot_base_y: -7.286514
robot_base_yaw: 3.137254
robot_geom: robot0_wheel_right_collision
proxy_geom: scene_aabb_proxy_output_6
judge_collision_detected:
robot_base_x: 10.326869
robot_base_y: -7.286514
robot_base_yaw: 3.137254
robot_geom: robot0_wheel_right_collision
proxy_geom: scene_aabb_proxy_production_line_6
judge_collision_detected:
robot_base_x: 10.325959
robot_base_y: -7.286665
robot_base_yaw: 3.137511
robot_geom: robot0_back_left_caster_2
proxy_geom: scene_aabb_proxy_line_6_output_side_protrusion
judge_collision_detected:
robot_base_x: 10.325959
robot_base_y: -7.286665
robot_base_yaw: 3.137511
robot_geom: robot0_back_right_caster_2
proxy_geom: scene_aabb_proxy_line_6_output_side_protrusion
judge_collision_detected:
robot_base_x: 10.325959
robot_base_y: -7.286665
robot_base_yaw: 3.137511
robot_geom: robot0_base_collision
proxy_geom: scene_aabb_proxy_line_6_output_side_protrusion
judge_collision_detected:
robot_base_x: 10.325959
robot_base_y: -7.286665
robot_base_yaw: 3.137511
robot_geom: robot0_base_collision
proxy_geom: scene_aabb_proxy_output_6
judge_collision_detected:
robot_base_x: 10.325959
robot_base_y: -7.286665
robot_base_yaw: 3.137511
robot_geom: robot0_base_collision
proxy_geom: scene_aabb_proxy_production_line_6
judge_collision_detected:
robot_base_x: 10.325959
robot_base_y: -7.286665
robot_base_yaw: 3.137511
robot_geom: robot0_front_left_caster_2
proxy_geom: scene_aabb_proxy_output_6
judge_collision_detected:
robot_base_x: 10.325959
robot_base_y: -7.286665
robot_base_yaw: 3.137511
robot_geom: robot0_front_right_caster_2
proxy_geom: scene_aabb_proxy_output_6
judge_collision_detected:
robot_base_x: 10.325959
robot_base_y: -7.286665
robot_base_yaw: 3.137511
robot_geom: robot0_torso_fixed_collision_box_1
proxy_geom: scene_aabb_proxy_line_6_output_side_protrusion
judge_collision_detected:
robot_base_x: 10.325959
robot_base_y: -7.286665
robot_base_yaw: 3.137511
robot_geom: robot0_torso_fixed_collision_box_1
proxy_geom: scene_aabb_proxy_output_6
judge_collision_detected:
robot_base_x: 10.325959
robot_base_y: -7.286665
robot_base_yaw: 3.137511
robot_geom: robot0_torso_fixed_collision_box_1
proxy_geom: scene_aabb_proxy_production_line_6
judge_collision_detected:
robot_base_x: 10.325959
robot_base_y: -7.286665
robot_base_yaw: 3.137511
robot_geom: robot0_torso_fixed_column_collision
proxy_geom: scene_aabb_proxy_line_6_output_side_protrusion
judge_collision_detected:
robot_base_x: 10.325959
robot_base_y: -7.286665
robot_base_yaw: 3.137511
robot_geom: robot0_wheel_left_collision
proxy_geom: scene_aabb_proxy_line_6_output_side_protrusion
judge_collision_detected:
robot_base_x: 10.325959
robot_base_y: -7.286665
robot_base_yaw: 3.137511
robot_geom: robot0_wheel_left_collision
proxy_geom: scene_aabb_proxy_output_6
judge_collision_detected:
robot_base_x: 10.325959
robot_base_y: -7.286665
robot_base_yaw: 3.137511
robot_geom: robot0_wheel_right_collision
proxy_geom: scene_aabb_proxy_line_6_output_side_protrusion
judge_collision_detected:
robot_base_x: 10.325959
robot_base_y: -7.286665
robot_base_yaw: 3.137511
robot_geom: robot0_wheel_right_collision
proxy_geom: scene_aabb_proxy_output_6
judge_collision_detected:
robot_base_x: 10.325959
robot_base_y: -7.286665
robot_base_yaw: 3.137511
robot_geom: robot0_wheel_right_collision
proxy_geom: scene_aabb_proxy_production_line_6
judge_collision_detected:
robot_base_x: 10.325094
robot_base_y: -7.286813
robot_base_yaw: 3.137777
robot_geom: robot0_back_left_caster_2
proxy_geom: scene_aabb_proxy_line_6_output_side_protrusion
judge_collision_detected:
robot_base_x: 10.325094
robot_base_y: -7.286813
robot_base_yaw: 3.137777
robot_geom: robot0_back_right_caster_2
proxy_geom: scene_aabb_proxy_line_6_output_side_protrusion
judge_collision_detected:
robot_base_x: 10.325094
robot_base_y: -7.286813
robot_base_yaw: 3.137777
robot_geom: robot0_base_collision
proxy_geom: scene_aabb_proxy_line_6_output_side_protrusion
judge_collision_detected:
robot_base_x: 10.325094
robot_base_y: -7.286813
robot_base_yaw: 3.137777
robot_geom: robot0_base_collision
proxy_geom: scene_aabb_proxy_output_6
judge_collision_detected:
robot_base_x: 10.325094
robot_base_y: -7.286813
robot_base_yaw: 3.137777
robot_geom: robot0_base_collision
proxy_geom: scene_aabb_proxy_production_line_6
judge_collision_detected:
robot_base_x: 10.325094
robot_base_y: -7.286813
robot_base_yaw: 3.137777
robot_geom: robot0_front_left_caster_2
proxy_geom: scene_aabb_proxy_output_6
judge_collision_detected:
robot_base_x: 10.325094
robot_base_y: -7.286813
robot_base_yaw: 3.137777
robot_geom: robot0_front_right_caster_2
proxy_geom: scene_aabb_proxy_output_6
judge_collision_detected:
robot_base_x: 10.325094
robot_base_y: -7.286813
robot_base_yaw: 3.137777
robot_geom: robot0_torso_fixed_collision_box_1
proxy_geom: scene_aabb_proxy_line_6_output_side_protrusion
judge_collision_detected:
robot_base_x: 10.325094
robot_base_y: -7.286813
robot_base_yaw: 3.137777
robot_geom: robot0_torso_fixed_collision_box_1
proxy_geom: scene_aabb_proxy_output_6
judge_collision_detected:
robot_base_x: 10.325094
robot_base_y: -7.286813
robot_base_yaw: 3.137777
robot_geom: robot0_torso_fixed_collision_box_1
proxy_geom: scene_aabb_proxy_production_line_6
judge_collision_detected:
robot_base_x: 10.325094
robot_base_y: -7.286813
robot_base_yaw: 3.137777
robot_geom: robot0_torso_fixed_column_collision
proxy_geom: scene_aabb_proxy_line_6_output_side_protrusion
judge_collision_detected:
robot_base_x: 10.325094
robot_base_y: -7.286813
robot_base_yaw: 3.137777
robot_geom: robot0_wheel_left_collision
proxy_geom: scene_aabb_proxy_line_6_output_side_protrusion
judge_collision_detected:
robot_base_x: 10.325094
robot_base_y: -7.286813
robot_base_yaw: 3.137777
robot_geom: robot0_wheel_left_collision
proxy_geom: scene_aabb_proxy_output_6
judge_collision_detected:
robot_base_x: 10.325094
robot_base_y: -7.286813
robot_base_yaw: 3.137777
robot_geom: robot0_wheel_right_collision
proxy_geom: scene_aabb_proxy_line_6_output_side_protrusion
judge_collision_detected:
robot_base_x: 10.325094
robot_base_y: -7.286813
robot_base_yaw: 3.137777
robot_geom: robot0_wheel_right_collision
proxy_geom: scene_aabb_proxy_output_6
judge_collision_detected:
robot_base_x: 10.325094
robot_base_y: -7.286813
robot_base_yaw: 3.137777
robot_geom: robot0_wheel_right_collision
proxy_geom: scene_aabb_proxy_production_line_6
judge_collision_detected:
robot_base_x: 10.324257
robot_base_y: -7.286960
robot_base_yaw: 3.138041
robot_geom: robot0_back_left_caster_2
proxy_geom: scene_aabb_proxy_line_6_output_side_protrusion
judge_collision_detected:
robot_base_x: 10.324257
robot_base_y: -7.286960
robot_base_yaw: 3.138041
robot_geom: robot0_back_right_caster_2
proxy_geom: scene_aabb_proxy_line_6_output_side_protrusion
judge_collision_detected:
robot_base_x: 10.324257
robot_base_y: -7.286960
robot_base_yaw: 3.138041
robot_geom: robot0_base_collision
proxy_geom: scene_aabb_proxy_line_6_output_side_protrusion
judge_collision_detected:
robot_base_x: 10.324257
robot_base_y: -7.286960
robot_base_yaw: 3.138041
robot_geom: robot0_base_collision
proxy_geom: scene_aabb_proxy_output_6
judge_collision_detected:
robot_base_x: 10.324257
robot_base_y: -7.286960
robot_base_yaw: 3.138041
robot_geom: robot0_base_collision
proxy_geom: scene_aabb_proxy_production_line_6
judge_collision_detected:
robot_base_x: 10.324257
robot_base_y: -7.286960
robot_base_yaw: 3.138041
robot_geom: robot0_front_left_caster_2
proxy_geom: scene_aabb_proxy_output_6
judge_collision_detected:
robot_base_x: 10.324257
robot_base_y: -7.286960
robot_base_yaw: 3.138041
robot_geom: robot0_front_right_caster_2
proxy_geom: scene_aabb_proxy_output_6
judge_collision_detected:
robot_base_x: 10.324257
robot_base_y: -7.286960
robot_base_yaw: 3.138041
robot_geom: robot0_torso_fixed_collision_box_1
proxy_geom: scene_aabb_proxy_line_6_output_side_protrusion
judge_collision_detected:
robot_base_x: 10.324257
robot_base_y: -7.286960
robot_base_yaw: 3.138041
robot_geom: robot0_torso_fixed_collision_box_1
proxy_geom: scene_aabb_proxy_output_6
judge_collision_detected:
robot_base_x: 10.324257
robot_base_y: -7.286960
robot_base_yaw: 3.138041
robot_geom: robot0_torso_fixed_collision_box_1
proxy_geom: scene_aabb_proxy_production_line_6
judge_collision_detected:
robot_base_x: 10.324257
robot_base_y: -7.286960
robot_base_yaw: 3.138041
robot_geom: robot0_torso_fixed_column_collision
proxy_geom: scene_aabb_proxy_line_6_output_side_protrusion
judge_collision_detected:
robot_base_x: 10.324257
robot_base_y: -7.286960
robot_base_yaw: 3.138041
robot_geom: robot0_torso_fixed_column_collision
proxy_geom: scene_aabb_proxy_output_6
judge_collision_detected:
robot_base_x: 10.324257
robot_base_y: -7.286960
robot_base_yaw: 3.138041
robot_geom: robot0_wheel_left_collision
proxy_geom: scene_aabb_proxy_line_6_output_side_protrusion
judge_collision_detected:
robot_base_x: 10.324257
robot_base_y: -7.286960
robot_base_yaw: 3.138041
robot_geom: robot0_wheel_left_collision
proxy_geom: scene_aabb_proxy_output_6
judge_collision_detected:
robot_base_x: 10.324257
robot_base_y: -7.286960
robot_base_yaw: 3.138041
robot_geom: robot0_wheel_right_collision
proxy_geom: scene_aabb_proxy_line_6_output_side_protrusion
judge_collision_detected:
robot_base_x: 10.324257
robot_base_y: -7.286960
robot_base_yaw: 3.138041
robot_geom: robot0_wheel_right_collision
proxy_geom: scene_aabb_proxy_output_6
judge_collision_detected:
robot_base_x: 10.324257
robot_base_y: -7.286960
robot_base_yaw: 3.138041
robot_geom: robot0_wheel_right_collision
proxy_geom: scene_aabb_proxy_production_line_6
judge_collision_detected:
robot_base_x: 10.323461
robot_base_y: -7.287100
robot_base_yaw: 3.138288
robot_geom: robot0_back_left_caster_2
proxy_geom: scene_aabb_proxy_line_6_output_side_protrusion
judge_collision_detected:
robot_base_x: 10.323461
robot_base_y: -7.287100
robot_base_yaw: 3.138288
robot_geom: robot0_back_right_caster_2
proxy_geom: scene_aabb_proxy_line_6_output_side_protrusion
judge_collision_detected:
robot_base_x: 10.323461
robot_base_y: -7.287100
robot_base_yaw: 3.138288
robot_geom: robot0_base_collision
proxy_geom: scene_aabb_proxy_line_6_output_side_protrusion
judge_collision_detected:
robot_base_x: 10.323461
robot_base_y: -7.287100
robot_base_yaw: 3.138288
robot_geom: robot0_base_collision
proxy_geom: scene_aabb_proxy_output_6
judge_collision_detected:
robot_base_x: 10.323461
robot_base_y: -7.287100
robot_base_yaw: 3.138288
robot_geom: robot0_base_collision
proxy_geom: scene_aabb_proxy_production_line_6
judge_collision_detected:
robot_base_x: 10.323461
robot_base_y: -7.287100
robot_base_yaw: 3.138288
robot_geom: robot0_front_left_caster_2
proxy_geom: scene_aabb_proxy_output_6
judge_collision_detected:
robot_base_x: 10.323461
robot_base_y: -7.287100
robot_base_yaw: 3.138288
robot_geom: robot0_front_right_caster_2
proxy_geom: scene_aabb_proxy_output_6
judge_collision_detected:
robot_base_x: 10.323461
robot_base_y: -7.287100
robot_base_yaw: 3.138288
robot_geom: robot0_torso_fixed_collision_box_1
proxy_geom: scene_aabb_proxy_line_6_output_side_protrusion
judge_collision_detected:
robot_base_x: 10.323461
robot_base_y: -7.287100
robot_base_yaw: 3.138288
robot_geom: robot0_torso_fixed_collision_box_1
proxy_geom: scene_aabb_proxy_output_6
judge_collision_detected:
robot_base_x: 10.323461
robot_base_y: -7.287100
robot_base_yaw: 3.138288
robot_geom: robot0_torso_fixed_collision_box_1
proxy_geom: scene_aabb_proxy_production_line_6
judge_collision_detected:
robot_base_x: 10.323461
robot_base_y: -7.287100
robot_base_yaw: 3.138288
robot_geom: robot0_torso_fixed_column_collision
proxy_geom: scene_aabb_proxy_line_6_output_side_protrusion
judge_collision_detected:
robot_base_x: 10.323461
robot_base_y: -7.287100
robot_base_yaw: 3.138288
robot_geom: robot0_torso_fixed_column_collision
proxy_geom: scene_aabb_proxy_output_6
judge_collision_detected:
robot_base_x: 10.323461
robot_base_y: -7.287100
robot_base_yaw: 3.138288
robot_geom: robot0_wheel_left_collision
proxy_geom: scene_aabb_proxy_line_6_output_side_protrusion
judge_collision_detected:
robot_base_x: 10.323461
robot_base_y: -7.287100
robot_base_yaw: 3.138288
robot_geom: robot0_wheel_left_collision
proxy_geom: scene_aabb_proxy_output_6
judge_collision_detected:
robot_base_x: 10.323461
robot_base_y: -7.287100
robot_base_yaw: 3.138288
robot_geom: robot0_wheel_right_collision
proxy_geom: scene_aabb_proxy_line_6_output_side_protrusion
judge_collision_detected:
robot_base_x: 10.323461
robot_base_y: -7.287100
robot_base_yaw: 3.138288
robot_geom: robot0_wheel_right_collision
proxy_geom: scene_aabb_proxy_output_6
judge_collision_detected:
robot_base_x: 10.323461
robot_base_y: -7.287100
robot_base_yaw: 3.138288
robot_geom: robot0_wheel_right_collision
proxy_geom: scene_aabb_proxy_production_line_6
judge_collision_detected:
robot_base_x: 10.322748
robot_base_y: -7.287223
robot_base_yaw: 3.138498
robot_geom: robot0_back_left_caster_2
proxy_geom: scene_aabb_proxy_line_6_output_side_protrusion
judge_collision_detected:
robot_base_x: 10.322748
robot_base_y: -7.287223
robot_base_yaw: 3.138498
robot_geom: robot0_back_right_caster_2
proxy_geom: scene_aabb_proxy_line_6_output_side_protrusion
judge_collision_detected:
robot_base_x: 10.322748
robot_base_y: -7.287223
robot_base_yaw: 3.138498
robot_geom: robot0_base_collision
proxy_geom: scene_aabb_proxy_line_6_output_side_protrusion
judge_collision_detected:
robot_base_x: 10.322748
robot_base_y: -7.287223
robot_base_yaw: 3.138498
robot_geom: robot0_base_collision
proxy_geom: scene_aabb_proxy_output_6
judge_collision_detected:
robot_base_x: 10.322748
robot_base_y: -7.287223
robot_base_yaw: 3.138498
robot_geom: robot0_base_collision
proxy_geom: scene_aabb_proxy_production_line_6
judge_collision_detected:
robot_base_x: 10.322748
robot_base_y: -7.287223
robot_base_yaw: 3.138498
robot_geom: robot0_front_left_caster_2
proxy_geom: scene_aabb_proxy_output_6
judge_collision_detected:
robot_base_x: 10.322748
robot_base_y: -7.287223
robot_base_yaw: 3.138498
robot_geom: robot0_front_right_caster_2
proxy_geom: scene_aabb_proxy_output_6
judge_collision_detected:
robot_base_x: 10.322748
robot_base_y: -7.287223
robot_base_yaw: 3.138498
robot_geom: robot0_torso_fixed_collision_box_1
proxy_geom: scene_aabb_proxy_line_6_output_side_protrusion
judge_collision_detected:
robot_base_x: 10.322748
robot_base_y: -7.287223
robot_base_yaw: 3.138498
robot_geom: robot0_torso_fixed_collision_box_1
proxy_geom: scene_aabb_proxy_output_6
judge_collision_detected:
robot_base_x: 10.322748
robot_base_y: -7.287223
robot_base_yaw: 3.138498
robot_geom: robot0_torso_fixed_collision_box_1
proxy_geom: scene_aabb_proxy_production_line_6
judge_collision_detected:
robot_base_x: 10.322748
robot_base_y: -7.287223
robot_base_yaw: 3.138498
robot_geom: robot0_torso_fixed_column_collision
proxy_geom: scene_aabb_proxy_line_6_output_side_protrusion
judge_collision_detected:
robot_base_x: 10.322748
robot_base_y: -7.287223
robot_base_yaw: 3.138498
robot_geom: robot0_torso_fixed_column_collision
proxy_geom: scene_aabb_proxy_output_6
judge_collision_detected:
robot_base_x: 10.322748
robot_base_y: -7.287223
robot_base_yaw: 3.138498
robot_geom: robot0_wheel_left_collision
proxy_geom: scene_aabb_proxy_line_6_output_side_protrusion
judge_collision_detected:
robot_base_x: 10.322748
robot_base_y: -7.287223
robot_base_yaw: 3.138498
robot_geom: robot0_wheel_left_collision
proxy_geom: scene_aabb_proxy_output_6
judge_collision_detected:
robot_base_x: 10.322748
robot_base_y: -7.287223
robot_base_yaw: 3.138498
robot_geom: robot0_wheel_right_collision
proxy_geom: scene_aabb_proxy_line_6_output_side_protrusion
judge_collision_detected:
robot_base_x: 10.322748
robot_base_y: -7.287223
robot_base_yaw: 3.138498
robot_geom: robot0_wheel_right_collision
proxy_geom: scene_aabb_proxy_output_6
judge_collision_detected:
robot_base_x: 10.322748
robot_base_y: -7.287223
robot_base_yaw: 3.138498
robot_geom: robot0_wheel_right_collision
proxy_geom: scene_aabb_proxy_production_line_6
judge_collision_detected:
robot_base_x: 10.322089
robot_base_y: -7.287335
robot_base_yaw: 3.138705
robot_geom: robot0_back_left_caster_2
proxy_geom: scene_aabb_proxy_line_6_output_side_protrusion
judge_collision_detected:
robot_base_x: 10.322089
robot_base_y: -7.287335
robot_base_yaw: 3.138705
robot_geom: robot0_back_right_caster_2
proxy_geom: scene_aabb_proxy_line_6_output_side_protrusion
judge_collision_detected:
robot_base_x: 10.322089
robot_base_y: -7.287335
robot_base_yaw: 3.138705
robot_geom: robot0_base_collision
proxy_geom: scene_aabb_proxy_line_6_output_side_protrusion
judge_collision_detected:
robot_base_x: 10.322089
robot_base_y: -7.287335
robot_base_yaw: 3.138705
robot_geom: robot0_base_collision
proxy_geom: scene_aabb_proxy_output_6
judge_collision_detected:
robot_base_x: 10.322089
robot_base_y: -7.287335
robot_base_yaw: 3.138705
robot_geom: robot0_base_collision
proxy_geom: scene_aabb_proxy_production_line_6
judge_collision_detected:
robot_base_x: 10.322089
robot_base_y: -7.287335
robot_base_yaw: 3.138705
robot_geom: robot0_front_left_caster_2
proxy_geom: scene_aabb_proxy_output_6
judge_collision_detected:
robot_base_x: 10.322089
robot_base_y: -7.287335
robot_base_yaw: 3.138705
robot_geom: robot0_front_right_caster_2
proxy_geom: scene_aabb_proxy_output_6
judge_collision_detected:
robot_base_x: 10.322089
robot_base_y: -7.287335
robot_base_yaw: 3.138705
robot_geom: robot0_torso_fixed_collision_box_1
proxy_geom: scene_aabb_proxy_line_6_output_side_protrusion
judge_collision_detected:
robot_base_x: 10.322089
robot_base_y: -7.287335
robot_base_yaw: 3.138705
robot_geom: robot0_torso_fixed_collision_box_1
proxy_geom: scene_aabb_proxy_output_6
judge_collision_detected:
robot_base_x: 10.322089
robot_base_y: -7.287335
robot_base_yaw: 3.138705
robot_geom: robot0_torso_fixed_collision_box_1
proxy_geom: scene_aabb_proxy_production_line_6
judge_collision_detected:
robot_base_x: 10.322089
robot_base_y: -7.287335
robot_base_yaw: 3.138705
robot_geom: robot0_torso_fixed_column_collision
proxy_geom: scene_aabb_proxy_line_6_output_side_protrusion
judge_collision_detected:
robot_base_x: 10.322089
robot_base_y: -7.287335
robot_base_yaw: 3.138705
robot_geom: robot0_torso_fixed_column_collision
proxy_geom: scene_aabb_proxy_output_6
judge_collision_detected:
robot_base_x: 10.322089
robot_base_y: -7.287335
robot_base_yaw: 3.138705
robot_geom: robot0_wheel_left_collision
proxy_geom: scene_aabb_proxy_line_6_output_side_protrusion
judge_collision_detected:
robot_base_x: 10.322089
robot_base_y: -7.287335
robot_base_yaw: 3.138705
robot_geom: robot0_wheel_left_collision
proxy_geom: scene_aabb_proxy_output_6
judge_collision_detected:
robot_base_x: 10.322089
robot_base_y: -7.287335
robot_base_yaw: 3.138705
robot_geom: robot0_wheel_right_collision
proxy_geom: scene_aabb_proxy_line_6_output_side_protrusion
judge_collision_detected:
robot_base_x: 10.322089
robot_base_y: -7.287335
robot_base_yaw: 3.138705
robot_geom: robot0_wheel_right_collision
proxy_geom: scene_aabb_proxy_output_6
judge_collision_detected:
robot_base_x: 10.322089
robot_base_y: -7.287335
robot_base_yaw: 3.138705
robot_geom: robot0_wheel_right_collision
proxy_geom: scene_aabb_proxy_production_line_6
judge_collision_detected:
robot_base_x: 10.321474
robot_base_y: -7.287444
robot_base_yaw: 3.138928
robot_geom: robot0_back_left_caster_2
proxy_geom: scene_aabb_proxy_line_6_output_side_protrusion
judge_collision_detected:
robot_base_x: 10.321474
robot_base_y: -7.287444
robot_base_yaw: 3.138928
robot_geom: robot0_back_right_caster_2
proxy_geom: scene_aabb_proxy_line_6_output_side_protrusion
judge_collision_detected:
robot_base_x: 10.321474
robot_base_y: -7.287444
robot_base_yaw: 3.138928
robot_geom: robot0_base_collision
proxy_geom: scene_aabb_proxy_line_6_output_side_protrusion
judge_collision_detected:
robot_base_x: 10.321474
robot_base_y: -7.287444
robot_base_yaw: 3.138928
robot_geom: robot0_base_collision
proxy_geom: scene_aabb_proxy_output_6
judge_collision_detected:
robot_base_x: 10.321474
robot_base_y: -7.287444
robot_base_yaw: 3.138928
robot_geom: robot0_base_collision
proxy_geom: scene_aabb_proxy_production_line_6
judge_collision_detected:
robot_base_x: 10.321474
robot_base_y: -7.287444
robot_base_yaw: 3.138928
robot_geom: robot0_front_left_caster_2
proxy_geom: scene_aabb_proxy_output_6
judge_collision_detected:
robot_base_x: 10.321474
robot_base_y: -7.287444
robot_base_yaw: 3.138928
robot_geom: robot0_front_right_caster_2
proxy_geom: scene_aabb_proxy_output_6
judge_collision_detected:
robot_base_x: 10.321474
robot_base_y: -7.287444
robot_base_yaw: 3.138928
robot_geom: robot0_torso_fixed_collision_box_1
proxy_geom: scene_aabb_proxy_line_6_output_side_protrusion
judge_collision_detected:
robot_base_x: 10.321474
robot_base_y: -7.287444
robot_base_yaw: 3.138928
robot_geom: robot0_torso_fixed_collision_box_1
proxy_geom: scene_aabb_proxy_output_6
judge_collision_detected:
robot_base_x: 10.321474
robot_base_y: -7.287444
robot_base_yaw: 3.138928
robot_geom: robot0_torso_fixed_collision_box_1
proxy_geom: scene_aabb_proxy_production_line_6
judge_collision_detected:
robot_base_x: 10.321474
robot_base_y: -7.287444
robot_base_yaw: 3.138928
robot_geom: robot0_torso_fixed_column_collision
proxy_geom: scene_aabb_proxy_line_6_output_side_protrusion
judge_collision_detected:
robot_base_x: 10.321474
robot_base_y: -7.287444
robot_base_yaw: 3.138928
robot_geom: robot0_torso_fixed_column_collision
proxy_geom: scene_aabb_proxy_output_6
judge_collision_detected:
robot_base_x: 10.321474
robot_base_y: -7.287444
robot_base_yaw: 3.138928
robot_geom: robot0_wheel_left_collision
proxy_geom: scene_aabb_proxy_line_6_output_side_protrusion
judge_collision_detected:
robot_base_x: 10.321474
robot_base_y: -7.287444
robot_base_yaw: 3.138928
robot_geom: robot0_wheel_left_collision
proxy_geom: scene_aabb_proxy_output_6
judge_collision_detected:
robot_base_x: 10.321474
robot_base_y: -7.287444
robot_base_yaw: 3.138928
robot_geom: robot0_wheel_right_collision
proxy_geom: scene_aabb_proxy_line_6_output_side_protrusion
judge_collision_detected:
robot_base_x: 10.321474
robot_base_y: -7.287444
robot_base_yaw: 3.138928
robot_geom: robot0_wheel_right_collision
proxy_geom: scene_aabb_proxy_output_6
judge_collision_detected:
robot_base_x: 10.321474
robot_base_y: -7.287444
robot_base_yaw: 3.138928
robot_geom: robot0_wheel_right_collision
proxy_geom: scene_aabb_proxy_production_line_6
judge_collision_detected:
robot_base_x: 10.320900
robot_base_y: -7.287551
robot_base_yaw: 3.139171
robot_geom: robot0_back_left_caster_2
proxy_geom: scene_aabb_proxy_line_6_output_side_protrusion
judge_collision_detected:
robot_base_x: 10.320900
robot_base_y: -7.287551
robot_base_yaw: 3.139171
robot_geom: robot0_back_right_caster_2
proxy_geom: scene_aabb_proxy_line_6_output_side_protrusion
judge_collision_detected:
robot_base_x: 10.320900
robot_base_y: -7.287551
robot_base_yaw: 3.139171
robot_geom: robot0_base_collision
proxy_geom: scene_aabb_proxy_line_6_output_side_protrusion
judge_collision_detected:
robot_base_x: 10.320900
robot_base_y: -7.287551
robot_base_yaw: 3.139171
robot_geom: robot0_base_collision
proxy_geom: scene_aabb_proxy_output_6
judge_collision_detected:
robot_base_x: 10.320900
robot_base_y: -7.287551
robot_base_yaw: 3.139171
robot_geom: robot0_base_collision
proxy_geom: scene_aabb_proxy_production_line_6
judge_collision_detected:
robot_base_x: 10.320900
robot_base_y: -7.287551
robot_base_yaw: 3.139171
robot_geom: robot0_front_left_caster_2
proxy_geom: scene_aabb_proxy_output_6
judge_collision_detected:
robot_base_x: 10.320900
robot_base_y: -7.287551
robot_base_yaw: 3.139171
robot_geom: robot0_front_right_caster_2
proxy_geom: scene_aabb_proxy_output_6
judge_collision_detected:
robot_base_x: 10.320900
robot_base_y: -7.287551
robot_base_yaw: 3.139171
robot_geom: robot0_torso_fixed_collision_box_1
proxy_geom: scene_aabb_proxy_line_6_output_side_protrusion
judge_collision_detected:
robot_base_x: 10.320900
robot_base_y: -7.287551
robot_base_yaw: 3.139171
robot_geom: robot0_torso_fixed_collision_box_1
proxy_geom: scene_aabb_proxy_output_6
judge_collision_detected:
robot_base_x: 10.320900
robot_base_y: -7.287551
robot_base_yaw: 3.139171
robot_geom: robot0_torso_fixed_collision_box_1
proxy_geom: scene_aabb_proxy_production_line_6
judge_collision_detected:
robot_base_x: 10.320900
robot_base_y: -7.287551
robot_base_yaw: 3.139171
robot_geom: robot0_torso_fixed_column_collision
proxy_geom: scene_aabb_proxy_line_6_output_side_protrusion
judge_collision_detected:
robot_base_x: 10.320900
robot_base_y: -7.287551
robot_base_yaw: 3.139171
robot_geom: robot0_torso_fixed_column_collision
proxy_geom: scene_aabb_proxy_output_6
judge_collision_detected:
robot_base_x: 10.320900
robot_base_y: -7.287551
robot_base_yaw: 3.139171
robot_geom: robot0_wheel_left_collision
proxy_geom: scene_aabb_proxy_line_6_output_side_protrusion
judge_collision_detected:
robot_base_x: 10.320900
robot_base_y: -7.287551
robot_base_yaw: 3.139171
robot_geom: robot0_wheel_left_collision
proxy_geom: scene_aabb_proxy_output_6
judge_collision_detected:
robot_base_x: 10.320900
robot_base_y: -7.287551
robot_base_yaw: 3.139171
robot_geom: robot0_wheel_right_collision
proxy_geom: scene_aabb_proxy_line_6_output_side_protrusion
judge_collision_detected:
robot_base_x: 10.320900
robot_base_y: -7.287551
robot_base_yaw: 3.139171
robot_geom: robot0_wheel_right_collision
proxy_geom: scene_aabb_proxy_output_6
judge_collision_detected:
robot_base_x: 10.320900
robot_base_y: -7.287551
robot_base_yaw: 3.139171
robot_geom: robot0_wheel_right_collision
proxy_geom: scene_aabb_proxy_production_line_6
judge_collision_detected:
robot_base_x: 10.320362
robot_base_y: -7.287656
robot_base_yaw: 3.139435
robot_geom: robot0_back_left_caster_2
proxy_geom: scene_aabb_proxy_line_6_output_side_protrusion
judge_collision_detected:
robot_base_x: 10.320362
robot_base_y: -7.287656
robot_base_yaw: 3.139435
robot_geom: robot0_back_right_caster_2
proxy_geom: scene_aabb_proxy_line_6_output_side_protrusion
judge_collision_detected:
robot_base_x: 10.320362
robot_base_y: -7.287656
robot_base_yaw: 3.139435
robot_geom: robot0_base_collision
proxy_geom: scene_aabb_proxy_line_6_output_side_protrusion
judge_collision_detected:
robot_base_x: 10.320362
robot_base_y: -7.287656
robot_base_yaw: 3.139435
robot_geom: robot0_base_collision
proxy_geom: scene_aabb_proxy_output_6
judge_collision_detected:
robot_base_x: 10.320362
robot_base_y: -7.287656
robot_base_yaw: 3.139435
robot_geom: robot0_base_collision
proxy_geom: scene_aabb_proxy_production_line_6
judge_collision_detected:
robot_base_x: 10.320362
robot_base_y: -7.287656
robot_base_yaw: 3.139435
robot_geom: robot0_front_left_caster_2
proxy_geom: scene_aabb_proxy_output_6
judge_collision_detected:
robot_base_x: 10.320362
robot_base_y: -7.287656
robot_base_yaw: 3.139435
robot_geom: robot0_front_right_caster_2
proxy_geom: scene_aabb_proxy_output_6
judge_collision_detected:
robot_base_x: 10.320362
robot_base_y: -7.287656
robot_base_yaw: 3.139435
robot_geom: robot0_torso_fixed_collision_box_1
proxy_geom: scene_aabb_proxy_line_6_output_side_protrusion
judge_collision_detected:
robot_base_x: 10.320362
robot_base_y: -7.287656
robot_base_yaw: 3.139435
robot_geom: robot0_torso_fixed_collision_box_1
proxy_geom: scene_aabb_proxy_output_6
judge_collision_detected:
robot_base_x: 10.320362
robot_base_y: -7.287656
robot_base_yaw: 3.139435
robot_geom: robot0_torso_fixed_collision_box_1
proxy_geom: scene_aabb_proxy_production_line_6
judge_collision_detected:
robot_base_x: 10.320362
robot_base_y: -7.287656
robot_base_yaw: 3.139435
robot_geom: robot0_torso_fixed_column_collision
proxy_geom: scene_aabb_proxy_line_6_output_side_protrusion
judge_collision_detected:
robot_base_x: 10.320362
robot_base_y: -7.287656
robot_base_yaw: 3.139435
robot_geom: robot0_torso_fixed_column_collision
proxy_geom: scene_aabb_proxy_output_6
judge_collision_detected:
robot_base_x: 10.320362
robot_base_y: -7.287656
robot_base_yaw: 3.139435
robot_geom: robot0_wheel_left_collision
proxy_geom: scene_aabb_proxy_line_6_output_side_protrusion
judge_collision_detected:
robot_base_x: 10.320362
robot_base_y: -7.287656
robot_base_yaw: 3.139435
robot_geom: robot0_wheel_left_collision
proxy_geom: scene_aabb_proxy_output_6
judge_collision_detected:
robot_base_x: 10.320362
robot_base_y: -7.287656
robot_base_yaw: 3.139435
robot_geom: robot0_wheel_right_collision
proxy_geom: scene_aabb_proxy_line_6_output_side_protrusion
judge_collision_detected:
robot_base_x: 10.320362
robot_base_y: -7.287656
robot_base_yaw: 3.139435
robot_geom: robot0_wheel_right_collision
proxy_geom: scene_aabb_proxy_output_6
judge_collision_detected:
robot_base_x: 10.320362
robot_base_y: -7.287656
robot_base_yaw: 3.139435
robot_geom: robot0_wheel_right_collision
proxy_geom: scene_aabb_proxy_production_line_6
judge_collision_detected:
robot_base_x: 10.319892
robot_base_y: -7.287757
robot_base_yaw: 3.139688
robot_geom: robot0_back_left_caster_2
proxy_geom: scene_aabb_proxy_line_6_output_side_protrusion
judge_collision_detected:
robot_base_x: 10.319892
robot_base_y: -7.287757
robot_base_yaw: 3.139688
robot_geom: robot0_back_right_caster_2
proxy_geom: scene_aabb_proxy_line_6_output_side_protrusion
judge_collision_detected:
robot_base_x: 10.319892
robot_base_y: -7.287757
robot_base_yaw: 3.139688
robot_geom: robot0_base_collision
proxy_geom: scene_aabb_proxy_line_6_output_side_protrusion
judge_collision_detected:
robot_base_x: 10.319892
robot_base_y: -7.287757
robot_base_yaw: 3.139688
robot_geom: robot0_base_collision
proxy_geom: scene_aabb_proxy_output_6
judge_collision_detected:
robot_base_x: 10.319892
robot_base_y: -7.287757
robot_base_yaw: 3.139688
robot_geom: robot0_base_collision
proxy_geom: scene_aabb_proxy_production_line_6
judge_collision_detected:
robot_base_x: 10.319892
robot_base_y: -7.287757
robot_base_yaw: 3.139688
robot_geom: robot0_front_left_caster_2
proxy_geom: scene_aabb_proxy_output_6
judge_collision_detected:
robot_base_x: 10.319892
robot_base_y: -7.287757
robot_base_yaw: 3.139688
robot_geom: robot0_front_right_caster_2
proxy_geom: scene_aabb_proxy_output_6
judge_collision_detected:
robot_base_x: 10.319892
robot_base_y: -7.287757
robot_base_yaw: 3.139688
robot_geom: robot0_torso_fixed_collision_box_1
proxy_geom: scene_aabb_proxy_line_6_output_side_protrusion
judge_collision_detected:
robot_base_x: 10.319892
robot_base_y: -7.287757
robot_base_yaw: 3.139688
robot_geom: robot0_torso_fixed_collision_box_1
proxy_geom: scene_aabb_proxy_output_6
judge_collision_detected:
robot_base_x: 10.319892
robot_base_y: -7.287757
robot_base_yaw: 3.139688
robot_geom: robot0_torso_fixed_collision_box_1
proxy_geom: scene_aabb_proxy_production_line_6
judge_collision_detected:
robot_base_x: 10.319892
robot_base_y: -7.287757
robot_base_yaw: 3.139688
robot_geom: robot0_torso_fixed_column_collision
proxy_geom: scene_aabb_proxy_line_6_output_side_protrusion
judge_collision_detected:
robot_base_x: 10.319892
robot_base_y: -7.287757
robot_base_yaw: 3.139688
robot_geom: robot0_torso_fixed_column_collision
proxy_geom: scene_aabb_proxy_output_6
judge_collision_detected:
robot_base_x: 10.319892
robot_base_y: -7.287757
robot_base_yaw: 3.139688
robot_geom: robot0_wheel_left_collision
proxy_geom: scene_aabb_proxy_line_6_output_side_protrusion
judge_collision_detected:
robot_base_x: 10.319892
robot_base_y: -7.287757
robot_base_yaw: 3.139688
robot_geom: robot0_wheel_left_collision
proxy_geom: scene_aabb_proxy_output_6
judge_collision_detected:
robot_base_x: 10.319892
robot_base_y: -7.287757
robot_base_yaw: 3.139688
robot_geom: robot0_wheel_right_collision
proxy_geom: scene_aabb_proxy_line_6_output_side_protrusion
judge_collision_detected:
robot_base_x: 10.319892
robot_base_y: -7.287757
robot_base_yaw: 3.139688
robot_geom: robot0_wheel_right_collision
proxy_geom: scene_aabb_proxy_output_6
judge_collision_detected:
robot_base_x: 10.319892
robot_base_y: -7.287757
robot_base_yaw: 3.139688
robot_geom: robot0_wheel_right_collision
proxy_geom: scene_aabb_proxy_production_line_6
judge_collision_detected:
robot_base_x: 10.319502
robot_base_y: -7.287849
robot_base_yaw: 3.139794
robot_geom: robot0_back_left_caster_2
proxy_geom: scene_aabb_proxy_line_6_output_side_protrusion
judge_collision_detected:
robot_base_x: 10.319502
robot_base_y: -7.287849
robot_base_yaw: 3.139794
robot_geom: robot0_back_right_caster_2
proxy_geom: scene_aabb_proxy_line_6_output_side_protrusion
judge_collision_detected:
robot_base_x: 10.319502
robot_base_y: -7.287849
robot_base_yaw: 3.139794
robot_geom: robot0_base_collision
proxy_geom: scene_aabb_proxy_line_6_output_side_protrusion
judge_collision_detected:
robot_base_x: 10.319502
robot_base_y: -7.287849
robot_base_yaw: 3.139794
robot_geom: robot0_base_collision
proxy_geom: scene_aabb_proxy_output_6
judge_collision_detected:
robot_base_x: 10.319502
robot_base_y: -7.287849
robot_base_yaw: 3.139794
robot_geom: robot0_base_collision
proxy_geom: scene_aabb_proxy_production_line_6
judge_collision_detected:
robot_base_x: 10.319502
robot_base_y: -7.287849
robot_base_yaw: 3.139794
robot_geom: robot0_front_left_caster_2
proxy_geom: scene_aabb_proxy_output_6
judge_collision_detected:
robot_base_x: 10.319502
robot_base_y: -7.287849
robot_base_yaw: 3.139794
robot_geom: robot0_front_right_caster_2
proxy_geom: scene_aabb_proxy_output_6
judge_collision_detected:
robot_base_x: 10.319502
robot_base_y: -7.287849
robot_base_yaw: 3.139794
robot_geom: robot0_torso_fixed_collision_box_1
proxy_geom: scene_aabb_proxy_line_6_output_side_protrusion
judge_collision_detected:
robot_base_x: 10.319502
robot_base_y: -7.287849
robot_base_yaw: 3.139794
robot_geom: robot0_torso_fixed_collision_box_1
proxy_geom: scene_aabb_proxy_output_6
judge_collision_detected:
robot_base_x: 10.319502
robot_base_y: -7.287849
robot_base_yaw: 3.139794
robot_geom: robot0_torso_fixed_collision_box_1
proxy_geom: scene_aabb_proxy_production_line_6
judge_collision_detected:
robot_base_x: 10.319502
robot_base_y: -7.287849
robot_base_yaw: 3.139794
robot_geom: robot0_torso_fixed_column_collision
proxy_geom: scene_aabb_proxy_line_6_output_side_protrusion
judge_collision_detected:
robot_base_x: 10.319502
robot_base_y: -7.287849
robot_base_yaw: 3.139794
robot_geom: robot0_torso_fixed_column_collision
proxy_geom: scene_aabb_proxy_output_6
judge_collision_detected:
robot_base_x: 10.319502
robot_base_y: -7.287849
robot_base_yaw: 3.139794
robot_geom: robot0_wheel_left_collision
proxy_geom: scene_aabb_proxy_line_6_output_side_protrusion
judge_collision_detected:
robot_base_x: 10.319502
robot_base_y: -7.287849
robot_base_yaw: 3.139794
robot_geom: robot0_wheel_left_collision
proxy_geom: scene_aabb_proxy_output_6
judge_collision_detected:
robot_base_x: 10.319502
robot_base_y: -7.287849
robot_base_yaw: 3.139794
robot_geom: robot0_wheel_right_collision
proxy_geom: scene_aabb_proxy_line_6_output_side_protrusion
judge_collision_detected:
robot_base_x: 10.319502
robot_base_y: -7.287849
robot_base_yaw: 3.139794
robot_geom: robot0_wheel_right_collision
proxy_geom: scene_aabb_proxy_output_6
judge_collision_detected:
robot_base_x: 10.319502
robot_base_y: -7.287849
robot_base_yaw: 3.139794
robot_geom: robot0_wheel_right_collision
proxy_geom: scene_aabb_proxy_production_line_6
judge_collision_detected:
robot_base_x: 10.319141
robot_base_y: -7.287940
robot_base_yaw: 3.139915
robot_geom: robot0_back_left_caster_2
proxy_geom: scene_aabb_proxy_line_6_output_side_protrusion
judge_collision_detected:
robot_base_x: 10.319141
robot_base_y: -7.287940
robot_base_yaw: 3.139915
robot_geom: robot0_back_right_caster_2
proxy_geom: scene_aabb_proxy_line_6_output_side_protrusion
judge_collision_detected:
robot_base_x: 10.319141
robot_base_y: -7.287940
robot_base_yaw: 3.139915
robot_geom: robot0_base_collision
proxy_geom: scene_aabb_proxy_line_6_output_side_protrusion
judge_collision_detected:
robot_base_x: 10.319141
robot_base_y: -7.287940
robot_base_yaw: 3.139915
robot_geom: robot0_base_collision
proxy_geom: scene_aabb_proxy_output_6
judge_collision_detected:
robot_base_x: 10.319141
robot_base_y: -7.287940
robot_base_yaw: 3.139915
robot_geom: robot0_base_collision
proxy_geom: scene_aabb_proxy_production_line_6
judge_collision_detected:
robot_base_x: 10.319141
robot_base_y: -7.287940
robot_base_yaw: 3.139915
robot_geom: robot0_front_left_caster_2
proxy_geom: scene_aabb_proxy_output_6
judge_collision_detected:
robot_base_x: 10.319141
robot_base_y: -7.287940
robot_base_yaw: 3.139915
robot_geom: robot0_front_right_caster_2
proxy_geom: scene_aabb_proxy_output_6
judge_collision_detected:
robot_base_x: 10.319141
robot_base_y: -7.287940
robot_base_yaw: 3.139915
robot_geom: robot0_torso_fixed_collision_box_1
proxy_geom: scene_aabb_proxy_line_6_output_side_protrusion
judge_collision_detected:
robot_base_x: 10.319141
robot_base_y: -7.287940
robot_base_yaw: 3.139915
robot_geom: robot0_torso_fixed_collision_box_1
proxy_geom: scene_aabb_proxy_output_6
judge_collision_detected:
robot_base_x: 10.319141
robot_base_y: -7.287940
robot_base_yaw: 3.139915
robot_geom: robot0_torso_fixed_collision_box_1
proxy_geom: scene_aabb_proxy_production_line_6
judge_collision_detected:
robot_base_x: 10.319141
robot_base_y: -7.287940
robot_base_yaw: 3.139915
robot_geom: robot0_torso_fixed_column_collision
proxy_geom: scene_aabb_proxy_line_6_output_side_protrusion
judge_collision_detected:
robot_base_x: 10.319141
robot_base_y: -7.287940
robot_base_yaw: 3.139915
robot_geom: robot0_torso_fixed_column_collision
proxy_geom: scene_aabb_proxy_output_6
judge_collision_detected:
robot_base_x: 10.319141
robot_base_y: -7.287940
robot_base_yaw: 3.139915
robot_geom: robot0_wheel_left_collision
proxy_geom: scene_aabb_proxy_line_6_output_side_protrusion
judge_collision_detected:
robot_base_x: 10.319141
robot_base_y: -7.287940
robot_base_yaw: 3.139915
robot_geom: robot0_wheel_left_collision
proxy_geom: scene_aabb_proxy_output_6
judge_collision_detected:
robot_base_x: 10.319141
robot_base_y: -7.287940
robot_base_yaw: 3.139915
robot_geom: robot0_wheel_right_collision
proxy_geom: scene_aabb_proxy_line_6_output_side_protrusion
judge_collision_detected:
robot_base_x: 10.319141
robot_base_y: -7.287940
robot_base_yaw: 3.139915
robot_geom: robot0_wheel_right_collision
proxy_geom: scene_aabb_proxy_output_6
judge_collision_detected:
robot_base_x: 10.319141
robot_base_y: -7.287940
robot_base_yaw: 3.139915
robot_geom: robot0_wheel_right_collision
proxy_geom: scene_aabb_proxy_production_line_6
[L5] place_skill result for white_tote_b01_left_back: success=True msg=Physics place OK: output_6
[L5] synced white_tote_b01_left_back to output_6 in nav env
clearance-aware A* returned empty; falling back to core A*
core A* planning failed
Traceback (most recent call last):
  File "/mnt/workspace/JCIIOT2026/JCIIOT/src/robot_agent/skills/move.py", line 191, in _plan
    return plan_world_path(
           ^^^^^^^^^^^^^^^^
  File "/mnt/workspace/JCIIOT2026/JCIIOT/src/robot_agent/core/map_loader.py", line 79, in plan_world_path
    cell_path = astar(grid, start_cell, goal_cell)
                ^^^^^^^^^^^^^^^^^^^^^^^^^^^^^^^^^^
  File "/mnt/workspace/JCIIOT2026/JCIIOT/src/robot_agent/core/navigation.py", line 152, in astar
    raise RuntimeError(f"A* failed from {start_cell} to {goal_cell}.")
RuntimeError: A* failed from (582, 80) to (568, 99).
Step 2 (move): all 1 attempts failed
Step 3 (move) failed: A* planning failed: output_6
Step 3 failed, fail_fast — stopping
