/mnt/workspace/JCIIOT2026/JCIIOT/robosuite/robosuite/__init__.py:49: SyntaxWarning: invalid escape sequence '\ '
  /[_]\  [~]\/    |//  |
[robosuite WARNING] No private macro file found! (macros.py:57)
[robosuite WARNING] It is recommended to use a private macro file (macros.py:58)
[robosuite WARNING] To setup, run: python /mnt/workspace/JCIIOT2026/JCIIOT/robosuite/robosuite/scripts/setup_macros.py (macros.py:59)
[robosuite WARNING] Could not import robosuite_models. Some robots may not be available. If you want to use these robots, please install robosuite_models from source (https://github.com/ARISE-Initiative/robosuite_models) or through pip install. (__init__.py:31)
[robosuite WARNING] Could not load the mink-based whole-body IK. Make sure you install related import properly (e.g. pip install mink==0.0.5), otherwise you will not be able to use the default IK controller setting for GR1 robot. (__init__.py:41)
[robosuite INFO] Loading controller configuration from: /mnt/workspace/JCIIOT2026/JCIIOT/robosuite/robosuite/controllers/config/robots/default_tiago.json (composite_controller_factory.py:121)
[robosuite INFO] Loading controller configuration from: /mnt/workspace/JCIIOT2026/JCIIOT/robosuite/robosuite/controllers/config/robots/default_tiago.json (composite_controller_factory.py:121)
[robosuite INFO] Loading controller configuration from: /mnt/workspace/JCIIOT2026/JCIIOT/robosuite/robosuite/controllers/config/robots/default_tiago.json (composite_controller_factory.py:121)
[robosuite INFO] Loading controller configuration from: /mnt/workspace/JCIIOT2026/JCIIOT/robosuite/robosuite/controllers/config/robots/default_tiago.json (composite_controller_factory.py:121)

============= Initialized Observation Utils with Obs Spec =============

using obs modality: low_dim with keys: ['robot0_right_eef_pos', 'robot0_right_eef_quat', 'robot0_right_gripper_qpos', 'robot0_left_gripper_qpos', 'robot0_left_eef_quat', 'robot0_left_eef_pos']
using obs modality: rgb with keys: []
using obs modality: depth with keys: []
using obs modality: scan with keys: []
Loaded robomimic checkpoint: /mnt/workspace/JCIIOT2026/JCIIOT/robosuite/robosuite/model_epoch_150.pth
Evaluation device: cuda:0
[BACKEND v4] grasp_object_physics called
[robosuite INFO] Loading controller configuration from: /mnt/workspace/JCIIOT2026/JCIIOT/robosuite/robosuite/controllers/config/robots/default_tiago.json (composite_controller_factory.py:121)
Evaluation factory scene: FactorySorting9_3FO3ERT2C5FP
[STANCE_FIX] obj=(-14.674,4.955) base=(-13.824,4.955) OK
[BC_INPUT] robot_base_pos=(-13.824088,4.955162,0.000000)
[BC_INPUT] robot_base_ori=[0.000000,0.000000,3.141593] (yaw=1.0000*pi)
[BC_INPUT] actual_base_pose=(-13.824088,4.955162) yaw=3.141593
[BC_INPUT] object_name=white_tote_b01_left_center
[BC_INPUT] torso_lift=0.3500
[BC_INPUT] arm_right_1=0.7426
[BC_INPUT] arm_right_3=2.1378
[BC_INPUT] arm_right_4=2.1057
[BC_INPUT] gripper_r=0.0120
[BC_INPUT] scene=FactorySorting9_3FO3ERT2C5FP
[BC_INPUT] object dark_tote_b01_lower: pos=(-4.4877,4.4961,1.2890)
[BC_INPUT] object dark_tote_b01_upper: pos=(-4.4877,5.1895,1.2890)
[BC_INPUT] object blue_container_h01_back_left: pos=(-9.9453,4.4392,1.2140)
[BC_INPUT] object blue_container_h01_back_center: pos=(-9.9453,4.9181,1.2140)
[BC_INPUT] object blue_container_h01_back_right: pos=(-9.9453,5.4052,1.2140)
[BC_INPUT] object white_tote_b01_left_front: pos=(-14.6741,4.4149,1.2890)
[BC_INPUT] object white_tote_b01_left_center: pos=(-14.6741,4.9547,1.2890)
[BC_INPUT] object white_tote_b01_left_back: pos=(-14.6741,5.5210,1.2890)
[BC_INPUT] object white_tote_b01_right_left: pos=(-6.2060,8.4731,1.2890)
[BC_INPUT] object white_tote_b01_right_right: pos=(-5.5060,8.4731,1.2890)
Target object: white_tote_b01_left_center
Robot base xy at reset: (-13.824088, 4.955162)
Tracking sites: {'right': 'white_tote_b01_left_center_right_grasp_site', 'left': 'white_tote_b01_left_center_left_grasp_site'}
Below-site grasp targets: {'right': array([ 0.165, -0.215,  0.165]), 'left': array([-0.165, -0.215,  0.165])}
wrapped_env_grasp_start_pose: x=-13.824088, y=4.955162, yaw=3.141593
Executing scripted grasp policy (deterministic OSC waypoint servo)
[SCRIPTED] site_positions (world): {'right': 'white_tote_b01_left_center_right_grasp_site', 'left': 'white_tote_b01_left_center_left_grasp_site'}
[SCRIPTED] right site world pos: [-14.509088   4.739705   1.489   ], below_target: [-14.509088   4.739705   1.454   ]
[SCRIPTED] left site world pos: [-14.839088   4.739705   1.489   ], below_target: [-14.839088   4.739705   1.454   ]
[SCRIPTED] eef starts: right=[-14.1921181    5.22390755   1.1359892 ], left=[-14.20842064   4.77025094   1.1086439 ]
[SCRIPTED] xwall-grasp: obj=(-14.674,4.955) targets: right=[-14.374088   5.074705   1.454   ], left=[-14.374088   4.834705   1.454   ]
[SCRIPTED] contact rejection disabled (approach phases)
[SCRIPTED] Phase 1: safe vertical lift (60 steps, safe_z=1.739)
[SCRIPTED] Phase 2: XY approach (120 steps)
[SCRIPTED] Phase 3: vertical descent (80 steps)
[SCRIPTED] Phase 4: settle gripper end centers (max 150 steps)
gripper end center arrival distances before grasp: {'right': 0.023529356540722964, 'left': 0.025894464129754217}
[SCRIPTED] Phase 5: grasp close (40 steps)
After scripted grasp close object collision geoms: ['white_tote_b01_left_center_tote_b01_col_bottom', 'white_tote_b01_left_center_tote_b01_col_front', 'white_tote_b01_left_center_tote_b01_col_back', 'white_tote_b01_left_center_tote_b01_col_left', 'white_tote_b01_left_center_tote_b01_col_right']
After scripted grasp close gripper end targets: {'right': [-14.3741, 5.0747, 1.454], 'left': [-14.3741, 4.8347, 1.454]}
After scripted grasp close gripper end positions: {'right': [-14.3645, 5.0717, 1.47], 'left': [-14.3638, 4.8358, 1.4725]}
After scripted grasp close gripper end deltas current-minus-target: {'right': [0.0096, -0.003, 0.016], 'left': [0.0103, 0.0011, 0.0185]}
After scripted grasp close gripper end distances: {'right': 0.018931461441734704, 'left': 0.021185265803076326}
After scripted grasp close fingerpad contact status: {'right': {'left_fingerpad': True, 'right_fingerpad': True}, 'left': {'left_fingerpad': True, 'right_fingerpad': True}}
After scripted grasp close fingerpad contact pairs: {'right': {'left_fingerpad': [('gripper0_right_left_fingerpad_collision', 'white_tote_b01_left_center_tote_b01_col_right')], 'right_fingerpad': [('gripper0_right_right_fingerpad_collision', 'white_tote_b01_left_center_tote_b01_col_right')]}, 'left': {'left_fingerpad': [('gripper0_left_left_fingerpad_collision', 'white_tote_b01_left_center_tote_b01_col_right')], 'right_fingerpad': [('gripper0_left_right_fingerpad_collision', 'white_tote_b01_left_center_tote_b01_col_right')]}}
After scripted grasp close grasp status: {'right': True, 'left': True}
[SCRIPTED] Phase 6: post-success hold (10 steps)
Holding final grasp action for 12 steps
After same-env wrapped policy execution object collision geoms: ['white_tote_b01_left_center_tote_b01_col_bottom', 'white_tote_b01_left_center_tote_b01_col_front', 'white_tote_b01_left_center_tote_b01_col_back', 'white_tote_b01_left_center_tote_b01_col_left', 'white_tote_b01_left_center_tote_b01_col_right']
After same-env wrapped policy execution gripper end targets: {'right': [-14.3741, 5.0747, 1.454], 'left': [-14.3741, 4.8347, 1.454]}
After same-env wrapped policy execution gripper end positions: {'right': [-14.3594, 5.0715, 1.4703], 'left': [-14.3588, 4.8359, 1.4728]}
After same-env wrapped policy execution gripper end deltas current-minus-target: {'right': [0.0147, -0.0032, 0.0163], 'left': [0.0153, 0.0012, 0.0188]}
After same-env wrapped policy execution gripper end distances: {'right': 0.022189137432797375, 'left': 0.024319405748545908}
After same-env wrapped policy execution fingerpad contact status: {'right': {'left_fingerpad': True, 'right_fingerpad': True}, 'left': {'left_fingerpad': True, 'right_fingerpad': True}}
After same-env wrapped policy execution fingerpad contact pairs: {'right': {'left_fingerpad': [('gripper0_right_left_fingerpad_collision', 'white_tote_b01_left_center_tote_b01_col_right')], 'right_fingerpad': [('gripper0_right_right_fingerpad_collision', 'white_tote_b01_left_center_tote_b01_col_right')]}, 'left': {'left_fingerpad': [('gripper0_left_left_fingerpad_collision', 'white_tote_b01_left_center_tote_b01_col_right')], 'right_fingerpad': [('gripper0_left_right_fingerpad_collision', 'white_tote_b01_left_center_tote_b01_col_right')]}}
After same-env wrapped policy execution grasp status: {'right': True, 'left': True}
Scripted grasp total_steps=310
Same-env wrapped grasp success: True
lift_initial_grasp_status: {'right': True, 'left': True}
lift_start: object=white_tote_b01_left_center, start_object_z=1.501825, target_object_z=1.651825, lift_height=0.150000
lift_result: success=True, final_object_z=1.611386, lifted=0.109561, target_lift=0.150000, final_grasp_status={'right': True, 'left': True}
[BACKEND] grasp and lift succeeded, proceeding with transport
transport_attachment_enabled: object=white_tote_b01_left_center, joint=white_tote_b01_left_center_joint0, relative_xy=[0.8487, -0.0014], world_z=1.413475, held_gripper_joints=12
[L5] teleported to dest (10.532, -7.267)
[L5] calling place_skill for white_tote_b01_left_center at output_6
judge_collision_detected:
robot_base_x: 10.527275
robot_base_y: -7.267336
robot_base_yaw: 3.140332
robot_geom: robot0_back_left_caster_2
proxy_geom: scene_aabb_proxy_line_6_belt
judge_collision_detected:
robot_base_x: 10.527275
robot_base_y: -7.267336
robot_base_yaw: 3.140332
robot_geom: robot0_back_left_caster_2
proxy_geom: scene_aabb_proxy_line_6_output_side_protrusion
judge_collision_detected:
robot_base_x: 10.527275
robot_base_y: -7.267336
robot_base_yaw: 3.140332
robot_geom: robot0_back_right_caster_2
proxy_geom: scene_aabb_proxy_line_6_belt
judge_collision_detected:
robot_base_x: 10.527275
robot_base_y: -7.267336
robot_base_yaw: 3.140332
robot_geom: robot0_back_right_caster_2
proxy_geom: scene_aabb_proxy_line_6_output_side_protrusion
judge_collision_detected:
robot_base_x: 10.527275
robot_base_y: -7.267336
robot_base_yaw: 3.140332
robot_geom: robot0_base_collision
proxy_geom: scene_aabb_proxy_line_6_belt
judge_collision_detected:
robot_base_x: 10.527275
robot_base_y: -7.267336
robot_base_yaw: 3.140332
robot_geom: robot0_base_collision
proxy_geom: scene_aabb_proxy_line_6_output_side_protrusion
judge_collision_detected:
robot_base_x: 10.527275
robot_base_y: -7.267336
robot_base_yaw: 3.140332
robot_geom: robot0_base_collision
proxy_geom: scene_aabb_proxy_output_6
judge_collision_detected:
robot_base_x: 10.527275
robot_base_y: -7.267336
robot_base_yaw: 3.140332
robot_geom: robot0_base_collision
proxy_geom: scene_aabb_proxy_production_line_6
judge_collision_detected:
robot_base_x: 10.527275
robot_base_y: -7.267336
robot_base_yaw: 3.140332
robot_geom: robot0_front_left_caster_2
proxy_geom: scene_aabb_proxy_line_6_output_side_protrusion
judge_collision_detected:
robot_base_x: 10.527275
robot_base_y: -7.267336
robot_base_yaw: 3.140332
robot_geom: robot0_front_right_caster_2
proxy_geom: scene_aabb_proxy_line_6_output_side_protrusion
judge_collision_detected:
robot_base_x: 10.527275
robot_base_y: -7.267336
robot_base_yaw: 3.140332
robot_geom: robot0_torso_fixed_collision_box_1
proxy_geom: scene_aabb_proxy_line_6_belt
judge_collision_detected:
robot_base_x: 10.527275
robot_base_y: -7.267336
robot_base_yaw: 3.140332
robot_geom: robot0_torso_fixed_collision_box_1
proxy_geom: scene_aabb_proxy_line_6_output_side_protrusion
judge_collision_detected:
robot_base_x: 10.527275
robot_base_y: -7.267336
robot_base_yaw: 3.140332
robot_geom: robot0_torso_fixed_collision_box_1
proxy_geom: scene_aabb_proxy_output_6
judge_collision_detected:
robot_base_x: 10.527275
robot_base_y: -7.267336
robot_base_yaw: 3.140332
robot_geom: robot0_torso_fixed_collision_box_1
proxy_geom: scene_aabb_proxy_production_line_6
judge_collision_detected:
robot_base_x: 10.527275
robot_base_y: -7.267336
robot_base_yaw: 3.140332
robot_geom: robot0_torso_fixed_column_collision
proxy_geom: scene_aabb_proxy_line_6_belt
judge_collision_detected:
robot_base_x: 10.527275
robot_base_y: -7.267336
robot_base_yaw: 3.140332
robot_geom: robot0_torso_fixed_column_collision
proxy_geom: scene_aabb_proxy_line_6_output_side_protrusion
judge_collision_detected:
robot_base_x: 10.527275
robot_base_y: -7.267336
robot_base_yaw: 3.140332
robot_geom: robot0_wheel_left_collision
proxy_geom: scene_aabb_proxy_line_6_output_side_protrusion
judge_collision_detected:
robot_base_x: 10.527275
robot_base_y: -7.267336
robot_base_yaw: 3.140332
robot_geom: robot0_wheel_right_collision
proxy_geom: scene_aabb_proxy_line_6_belt
judge_collision_detected:
robot_base_x: 10.527275
robot_base_y: -7.267336
robot_base_yaw: 3.140332
robot_geom: robot0_wheel_right_collision
proxy_geom: scene_aabb_proxy_line_6_output_side_protrusion
judge_collision_detected:
robot_base_x: 10.527275
robot_base_y: -7.267336
robot_base_yaw: 3.140332
robot_geom: robot0_wheel_right_collision
proxy_geom: scene_aabb_proxy_production_line_6
judge_collision_detected:
robot_base_x: 10.524120
robot_base_y: -7.267556
robot_base_yaw: 3.139431
robot_geom: robot0_back_left_caster_2
proxy_geom: scene_aabb_proxy_line_6_belt
judge_collision_detected:
robot_base_x: 10.524120
robot_base_y: -7.267556
robot_base_yaw: 3.139431
robot_geom: robot0_back_left_caster_2
proxy_geom: scene_aabb_proxy_line_6_output_side_protrusion
judge_collision_detected:
robot_base_x: 10.524120
robot_base_y: -7.267556
robot_base_yaw: 3.139431
robot_geom: robot0_back_right_caster_2
proxy_geom: scene_aabb_proxy_line_6_belt
judge_collision_detected:
robot_base_x: 10.524120
robot_base_y: -7.267556
robot_base_yaw: 3.139431
robot_geom: robot0_back_right_caster_2
proxy_geom: scene_aabb_proxy_line_6_output_side_protrusion
judge_collision_detected:
robot_base_x: 10.524120
robot_base_y: -7.267556
robot_base_yaw: 3.139431
robot_geom: robot0_base_collision
proxy_geom: scene_aabb_proxy_line_6_belt
judge_collision_detected:
robot_base_x: 10.524120
robot_base_y: -7.267556
robot_base_yaw: 3.139431
robot_geom: robot0_base_collision
proxy_geom: scene_aabb_proxy_line_6_output_side_protrusion
judge_collision_detected:
robot_base_x: 10.524120
robot_base_y: -7.267556
robot_base_yaw: 3.139431
robot_geom: robot0_base_collision
proxy_geom: scene_aabb_proxy_output_6
judge_collision_detected:
robot_base_x: 10.524120
robot_base_y: -7.267556
robot_base_yaw: 3.139431
robot_geom: robot0_base_collision
proxy_geom: scene_aabb_proxy_production_line_6
judge_collision_detected:
robot_base_x: 10.524120
robot_base_y: -7.267556
robot_base_yaw: 3.139431
robot_geom: robot0_front_left_caster_2
proxy_geom: scene_aabb_proxy_line_6_output_side_protrusion
judge_collision_detected:
robot_base_x: 10.524120
robot_base_y: -7.267556
robot_base_yaw: 3.139431
robot_geom: robot0_front_right_caster_2
proxy_geom: scene_aabb_proxy_line_6_output_side_protrusion
judge_collision_detected:
robot_base_x: 10.524120
robot_base_y: -7.267556
robot_base_yaw: 3.139431
robot_geom: robot0_torso_fixed_collision_box_1
proxy_geom: scene_aabb_proxy_line_6_belt
judge_collision_detected:
robot_base_x: 10.524120
robot_base_y: -7.267556
robot_base_yaw: 3.139431
robot_geom: robot0_torso_fixed_collision_box_1
proxy_geom: scene_aabb_proxy_line_6_output_side_protrusion
judge_collision_detected:
robot_base_x: 10.524120
robot_base_y: -7.267556
robot_base_yaw: 3.139431
robot_geom: robot0_torso_fixed_collision_box_1
proxy_geom: scene_aabb_proxy_output_6
judge_collision_detected:
robot_base_x: 10.524120
robot_base_y: -7.267556
robot_base_yaw: 3.139431
robot_geom: robot0_torso_fixed_collision_box_1
proxy_geom: scene_aabb_proxy_production_line_6
judge_collision_detected:
robot_base_x: 10.524120
robot_base_y: -7.267556
robot_base_yaw: 3.139431
robot_geom: robot0_torso_fixed_column_collision
proxy_geom: scene_aabb_proxy_line_6_belt
judge_collision_detected:
robot_base_x: 10.524120
robot_base_y: -7.267556
robot_base_yaw: 3.139431
robot_geom: robot0_torso_fixed_column_collision
proxy_geom: scene_aabb_proxy_line_6_output_side_protrusion
judge_collision_detected:
robot_base_x: 10.524120
robot_base_y: -7.267556
robot_base_yaw: 3.139431
robot_geom: robot0_wheel_left_collision
proxy_geom: scene_aabb_proxy_line_6_output_side_protrusion
judge_collision_detected:
robot_base_x: 10.524120
robot_base_y: -7.267556
robot_base_yaw: 3.139431
robot_geom: robot0_wheel_right_collision
proxy_geom: scene_aabb_proxy_line_6_output_side_protrusion
judge_collision_detected:
robot_base_x: 10.524120
robot_base_y: -7.267556
robot_base_yaw: 3.139431
robot_geom: robot0_wheel_right_collision
proxy_geom: scene_aabb_proxy_production_line_6
judge_collision_detected:
robot_base_x: 10.522068
robot_base_y: -7.267684
robot_base_yaw: 3.138723
robot_geom: robot0_back_left_caster_2
proxy_geom: scene_aabb_proxy_line_6_belt
judge_collision_detected:
robot_base_x: 10.522068
robot_base_y: -7.267684
robot_base_yaw: 3.138723
robot_geom: robot0_back_left_caster_2
proxy_geom: scene_aabb_proxy_line_6_output_side_protrusion
judge_collision_detected:
robot_base_x: 10.522068
robot_base_y: -7.267684
robot_base_yaw: 3.138723
robot_geom: robot0_back_right_caster_2
proxy_geom: scene_aabb_proxy_line_6_belt
judge_collision_detected:
robot_base_x: 10.522068
robot_base_y: -7.267684
robot_base_yaw: 3.138723
robot_geom: robot0_back_right_caster_2
proxy_geom: scene_aabb_proxy_line_6_output_side_protrusion
judge_collision_detected:
robot_base_x: 10.522068
robot_base_y: -7.267684
robot_base_yaw: 3.138723
robot_geom: robot0_base_collision
proxy_geom: scene_aabb_proxy_line_6_belt
judge_collision_detected:
robot_base_x: 10.522068
robot_base_y: -7.267684
robot_base_yaw: 3.138723
robot_geom: robot0_base_collision
proxy_geom: scene_aabb_proxy_line_6_output_side_protrusion
judge_collision_detected:
robot_base_x: 10.522068
robot_base_y: -7.267684
robot_base_yaw: 3.138723
robot_geom: robot0_base_collision
proxy_geom: scene_aabb_proxy_output_6
judge_collision_detected:
robot_base_x: 10.522068
robot_base_y: -7.267684
robot_base_yaw: 3.138723
robot_geom: robot0_base_collision
proxy_geom: scene_aabb_proxy_production_line_6
judge_collision_detected:
robot_base_x: 10.522068
robot_base_y: -7.267684
robot_base_yaw: 3.138723
robot_geom: robot0_front_left_caster_2
proxy_geom: scene_aabb_proxy_line_6_output_side_protrusion
judge_collision_detected:
robot_base_x: 10.522068
robot_base_y: -7.267684
robot_base_yaw: 3.138723
robot_geom: robot0_front_right_caster_2
proxy_geom: scene_aabb_proxy_line_6_output_side_protrusion
judge_collision_detected:
robot_base_x: 10.522068
robot_base_y: -7.267684
robot_base_yaw: 3.138723
robot_geom: robot0_torso_fixed_collision_box_1
proxy_geom: scene_aabb_proxy_line_6_belt
judge_collision_detected:
robot_base_x: 10.522068
robot_base_y: -7.267684
robot_base_yaw: 3.138723
robot_geom: robot0_torso_fixed_collision_box_1
proxy_geom: scene_aabb_proxy_line_6_output_side_protrusion
judge_collision_detected:
robot_base_x: 10.522068
robot_base_y: -7.267684
robot_base_yaw: 3.138723
robot_geom: robot0_torso_fixed_collision_box_1
proxy_geom: scene_aabb_proxy_output_6
judge_collision_detected:
robot_base_x: 10.522068
robot_base_y: -7.267684
robot_base_yaw: 3.138723
robot_geom: robot0_torso_fixed_collision_box_1
proxy_geom: scene_aabb_proxy_production_line_6
judge_collision_detected:
robot_base_x: 10.522068
robot_base_y: -7.267684
robot_base_yaw: 3.138723
robot_geom: robot0_torso_fixed_column_collision
proxy_geom: scene_aabb_proxy_line_6_belt
judge_collision_detected:
robot_base_x: 10.522068
robot_base_y: -7.267684
robot_base_yaw: 3.138723
robot_geom: robot0_torso_fixed_column_collision
proxy_geom: scene_aabb_proxy_line_6_output_side_protrusion
judge_collision_detected:
robot_base_x: 10.522068
robot_base_y: -7.267684
robot_base_yaw: 3.138723
robot_geom: robot0_wheel_left_collision
proxy_geom: scene_aabb_proxy_line_6_output_side_protrusion
judge_collision_detected:
robot_base_x: 10.522068
robot_base_y: -7.267684
robot_base_yaw: 3.138723
robot_geom: robot0_wheel_right_collision
proxy_geom: scene_aabb_proxy_line_6_output_side_protrusion
judge_collision_detected:
robot_base_x: 10.522068
robot_base_y: -7.267684
robot_base_yaw: 3.138723
robot_geom: robot0_wheel_right_collision
proxy_geom: scene_aabb_proxy_production_line_6
judge_collision_detected:
robot_base_x: 10.520894
robot_base_y: -7.267828
robot_base_yaw: 3.138002
robot_geom: robot0_back_left_caster_2
proxy_geom: scene_aabb_proxy_line_6_belt
judge_collision_detected:
robot_base_x: 10.520894
robot_base_y: -7.267828
robot_base_yaw: 3.138002
robot_geom: robot0_back_left_caster_2
proxy_geom: scene_aabb_proxy_line_6_output_side_protrusion
judge_collision_detected:
robot_base_x: 10.520894
robot_base_y: -7.267828
robot_base_yaw: 3.138002
robot_geom: robot0_back_right_caster_2
proxy_geom: scene_aabb_proxy_line_6_belt
judge_collision_detected:
robot_base_x: 10.520894
robot_base_y: -7.267828
robot_base_yaw: 3.138002
robot_geom: robot0_back_right_caster_2
proxy_geom: scene_aabb_proxy_line_6_output_side_protrusion
judge_collision_detected:
robot_base_x: 10.520894
robot_base_y: -7.267828
robot_base_yaw: 3.138002
robot_geom: robot0_base_collision
proxy_geom: scene_aabb_proxy_line_6_belt
judge_collision_detected:
robot_base_x: 10.520894
robot_base_y: -7.267828
robot_base_yaw: 3.138002
robot_geom: robot0_base_collision
proxy_geom: scene_aabb_proxy_line_6_output_side_protrusion
judge_collision_detected:
robot_base_x: 10.520894
robot_base_y: -7.267828
robot_base_yaw: 3.138002
robot_geom: robot0_base_collision
proxy_geom: scene_aabb_proxy_output_6
judge_collision_detected:
robot_base_x: 10.520894
robot_base_y: -7.267828
robot_base_yaw: 3.138002
robot_geom: robot0_base_collision
proxy_geom: scene_aabb_proxy_production_line_6
judge_collision_detected:
robot_base_x: 10.520894
robot_base_y: -7.267828
robot_base_yaw: 3.138002
robot_geom: robot0_front_left_caster_2
proxy_geom: scene_aabb_proxy_line_6_output_side_protrusion
judge_collision_detected:
robot_base_x: 10.520894
robot_base_y: -7.267828
robot_base_yaw: 3.138002
robot_geom: robot0_front_right_caster_2
proxy_geom: scene_aabb_proxy_line_6_output_side_protrusion
judge_collision_detected:
robot_base_x: 10.520894
robot_base_y: -7.267828
robot_base_yaw: 3.138002
robot_geom: robot0_torso_fixed_collision_box_1
proxy_geom: scene_aabb_proxy_line_6_belt
judge_collision_detected:
robot_base_x: 10.520894
robot_base_y: -7.267828
robot_base_yaw: 3.138002
robot_geom: robot0_torso_fixed_collision_box_1
proxy_geom: scene_aabb_proxy_line_6_output_side_protrusion
judge_collision_detected:
robot_base_x: 10.520894
robot_base_y: -7.267828
robot_base_yaw: 3.138002
robot_geom: robot0_torso_fixed_collision_box_1
proxy_geom: scene_aabb_proxy_output_6
judge_collision_detected:
robot_base_x: 10.520894
robot_base_y: -7.267828
robot_base_yaw: 3.138002
robot_geom: robot0_torso_fixed_collision_box_1
proxy_geom: scene_aabb_proxy_production_line_6
judge_collision_detected:
robot_base_x: 10.520894
robot_base_y: -7.267828
robot_base_yaw: 3.138002
robot_geom: robot0_torso_fixed_column_collision
proxy_geom: scene_aabb_proxy_line_6_belt
judge_collision_detected:
robot_base_x: 10.520894
robot_base_y: -7.267828
robot_base_yaw: 3.138002
robot_geom: robot0_torso_fixed_column_collision
proxy_geom: scene_aabb_proxy_line_6_output_side_protrusion
judge_collision_detected:
robot_base_x: 10.520894
robot_base_y: -7.267828
robot_base_yaw: 3.138002
robot_geom: robot0_wheel_left_collision
proxy_geom: scene_aabb_proxy_line_6_output_side_protrusion
judge_collision_detected:
robot_base_x: 10.520894
robot_base_y: -7.267828
robot_base_yaw: 3.138002
robot_geom: robot0_wheel_right_collision
proxy_geom: scene_aabb_proxy_line_6_output_side_protrusion
judge_collision_detected:
robot_base_x: 10.520894
robot_base_y: -7.267828
robot_base_yaw: 3.138002
robot_geom: robot0_wheel_right_collision
proxy_geom: scene_aabb_proxy_production_line_6
judge_collision_detected:
robot_base_x: 10.520073
robot_base_y: -7.267846
robot_base_yaw: 3.137365
robot_geom: robot0_back_left_caster_2
proxy_geom: scene_aabb_proxy_line_6_belt
judge_collision_detected:
robot_base_x: 10.520073
robot_base_y: -7.267846
robot_base_yaw: 3.137365
robot_geom: robot0_back_left_caster_2
proxy_geom: scene_aabb_proxy_line_6_output_side_protrusion
judge_collision_detected:
robot_base_x: 10.520073
robot_base_y: -7.267846
robot_base_yaw: 3.137365
robot_geom: robot0_back_right_caster_2
proxy_geom: scene_aabb_proxy_line_6_belt
judge_collision_detected:
robot_base_x: 10.520073
robot_base_y: -7.267846
robot_base_yaw: 3.137365
robot_geom: robot0_back_right_caster_2
proxy_geom: scene_aabb_proxy_line_6_output_side_protrusion
judge_collision_detected:
robot_base_x: 10.520073
robot_base_y: -7.267846
robot_base_yaw: 3.137365
robot_geom: robot0_base_collision
proxy_geom: scene_aabb_proxy_line_6_belt
judge_collision_detected:
robot_base_x: 10.520073
robot_base_y: -7.267846
robot_base_yaw: 3.137365
robot_geom: robot0_base_collision
proxy_geom: scene_aabb_proxy_line_6_output_side_protrusion
judge_collision_detected:
robot_base_x: 10.520073
robot_base_y: -7.267846
robot_base_yaw: 3.137365
robot_geom: robot0_base_collision
proxy_geom: scene_aabb_proxy_output_6
judge_collision_detected:
robot_base_x: 10.520073
robot_base_y: -7.267846
robot_base_yaw: 3.137365
robot_geom: robot0_base_collision
proxy_geom: scene_aabb_proxy_production_line_6
judge_collision_detected:
robot_base_x: 10.520073
robot_base_y: -7.267846
robot_base_yaw: 3.137365
robot_geom: robot0_front_left_caster_2
proxy_geom: scene_aabb_proxy_line_6_output_side_protrusion
judge_collision_detected:
robot_base_x: 10.520073
robot_base_y: -7.267846
robot_base_yaw: 3.137365
robot_geom: robot0_front_right_caster_2
proxy_geom: scene_aabb_proxy_line_6_output_side_protrusion
judge_collision_detected:
robot_base_x: 10.520073
robot_base_y: -7.267846
robot_base_yaw: 3.137365
robot_geom: robot0_torso_fixed_collision_box_1
proxy_geom: scene_aabb_proxy_line_6_belt
judge_collision_detected:
robot_base_x: 10.520073
robot_base_y: -7.267846
robot_base_yaw: 3.137365
robot_geom: robot0_torso_fixed_collision_box_1
proxy_geom: scene_aabb_proxy_line_6_output_side_protrusion
judge_collision_detected:
robot_base_x: 10.520073
robot_base_y: -7.267846
robot_base_yaw: 3.137365
robot_geom: robot0_torso_fixed_collision_box_1
proxy_geom: scene_aabb_proxy_output_6
judge_collision_detected:
robot_base_x: 10.520073
robot_base_y: -7.267846
robot_base_yaw: 3.137365
robot_geom: robot0_torso_fixed_collision_box_1
proxy_geom: scene_aabb_proxy_production_line_6
judge_collision_detected:
robot_base_x: 10.520073
robot_base_y: -7.267846
robot_base_yaw: 3.137365
robot_geom: robot0_torso_fixed_column_collision
proxy_geom: scene_aabb_proxy_line_6_belt
judge_collision_detected:
robot_base_x: 10.520073
robot_base_y: -7.267846
robot_base_yaw: 3.137365
robot_geom: robot0_torso_fixed_column_collision
proxy_geom: scene_aabb_proxy_line_6_output_side_protrusion
judge_collision_detected:
robot_base_x: 10.520073
robot_base_y: -7.267846
robot_base_yaw: 3.137365
robot_geom: robot0_wheel_left_collision
proxy_geom: scene_aabb_proxy_line_6_output_side_protrusion
judge_collision_detected:
robot_base_x: 10.520073
robot_base_y: -7.267846
robot_base_yaw: 3.137365
robot_geom: robot0_wheel_right_collision
proxy_geom: scene_aabb_proxy_line_6_output_side_protrusion
judge_collision_detected:
robot_base_x: 10.520073
robot_base_y: -7.267846
robot_base_yaw: 3.137365
robot_geom: robot0_wheel_right_collision
proxy_geom: scene_aabb_proxy_production_line_6
judge_collision_detected:
robot_base_x: 10.519617
robot_base_y: -7.267884
robot_base_yaw: 3.136754
robot_geom: robot0_back_left_caster_2
proxy_geom: scene_aabb_proxy_line_6_belt
judge_collision_detected:
robot_base_x: 10.519617
robot_base_y: -7.267884
robot_base_yaw: 3.136754
robot_geom: robot0_back_left_caster_2
proxy_geom: scene_aabb_proxy_line_6_output_side_protrusion
judge_collision_detected:
robot_base_x: 10.519617
robot_base_y: -7.267884
robot_base_yaw: 3.136754
robot_geom: robot0_back_right_caster_2
proxy_geom: scene_aabb_proxy_line_6_belt
judge_collision_detected:
robot_base_x: 10.519617
robot_base_y: -7.267884
robot_base_yaw: 3.136754
robot_geom: robot0_back_right_caster_2
proxy_geom: scene_aabb_proxy_line_6_output_side_protrusion
judge_collision_detected:
robot_base_x: 10.519617
robot_base_y: -7.267884
robot_base_yaw: 3.136754
robot_geom: robot0_base_collision
proxy_geom: scene_aabb_proxy_line_6_belt
judge_collision_detected:
robot_base_x: 10.519617
robot_base_y: -7.267884
robot_base_yaw: 3.136754
robot_geom: robot0_base_collision
proxy_geom: scene_aabb_proxy_line_6_output_side_protrusion
judge_collision_detected:
robot_base_x: 10.519617
robot_base_y: -7.267884
robot_base_yaw: 3.136754
robot_geom: robot0_base_collision
proxy_geom: scene_aabb_proxy_output_6
judge_collision_detected:
robot_base_x: 10.519617
robot_base_y: -7.267884
robot_base_yaw: 3.136754
robot_geom: robot0_base_collision
proxy_geom: scene_aabb_proxy_production_line_6
judge_collision_detected:
robot_base_x: 10.519617
robot_base_y: -7.267884
robot_base_yaw: 3.136754
robot_geom: robot0_front_left_caster_2
proxy_geom: scene_aabb_proxy_line_6_output_side_protrusion
judge_collision_detected:
robot_base_x: 10.519617
robot_base_y: -7.267884
robot_base_yaw: 3.136754
robot_geom: robot0_front_right_caster_2
proxy_geom: scene_aabb_proxy_line_6_output_side_protrusion
judge_collision_detected:
robot_base_x: 10.519617
robot_base_y: -7.267884
robot_base_yaw: 3.136754
robot_geom: robot0_torso_fixed_collision_box_1
proxy_geom: scene_aabb_proxy_line_6_belt
judge_collision_detected:
robot_base_x: 10.519617
robot_base_y: -7.267884
robot_base_yaw: 3.136754
robot_geom: robot0_torso_fixed_collision_box_1
proxy_geom: scene_aabb_proxy_line_6_output_side_protrusion
judge_collision_detected:
robot_base_x: 10.519617
robot_base_y: -7.267884
robot_base_yaw: 3.136754
robot_geom: robot0_torso_fixed_collision_box_1
proxy_geom: scene_aabb_proxy_output_6
judge_collision_detected:
robot_base_x: 10.519617
robot_base_y: -7.267884
robot_base_yaw: 3.136754
robot_geom: robot0_torso_fixed_collision_box_1
proxy_geom: scene_aabb_proxy_production_line_6
judge_collision_detected:
robot_base_x: 10.519617
robot_base_y: -7.267884
robot_base_yaw: 3.136754
robot_geom: robot0_torso_fixed_column_collision
proxy_geom: scene_aabb_proxy_line_6_belt
judge_collision_detected:
robot_base_x: 10.519617
robot_base_y: -7.267884
robot_base_yaw: 3.136754
robot_geom: robot0_torso_fixed_column_collision
proxy_geom: scene_aabb_proxy_line_6_output_side_protrusion
judge_collision_detected:
robot_base_x: 10.519617
robot_base_y: -7.267884
robot_base_yaw: 3.136754
robot_geom: robot0_wheel_left_collision
proxy_geom: scene_aabb_proxy_line_6_output_side_protrusion
judge_collision_detected:
robot_base_x: 10.519617
robot_base_y: -7.267884
robot_base_yaw: 3.136754
robot_geom: robot0_wheel_right_collision
proxy_geom: scene_aabb_proxy_line_6_output_side_protrusion
judge_collision_detected:
robot_base_x: 10.519617
robot_base_y: -7.267884
robot_base_yaw: 3.136754
robot_geom: robot0_wheel_right_collision
proxy_geom: scene_aabb_proxy_production_line_6
judge_collision_detected:
robot_base_x: 10.519370
robot_base_y: -7.267907
robot_base_yaw: 3.136147
robot_geom: robot0_back_left_caster_2
proxy_geom: scene_aabb_proxy_line_6_belt
judge_collision_detected:
robot_base_x: 10.519370
robot_base_y: -7.267907
robot_base_yaw: 3.136147
robot_geom: robot0_back_left_caster_2
proxy_geom: scene_aabb_proxy_line_6_output_side_protrusion
judge_collision_detected:
robot_base_x: 10.519370
robot_base_y: -7.267907
robot_base_yaw: 3.136147
robot_geom: robot0_back_right_caster_2
proxy_geom: scene_aabb_proxy_line_6_belt
judge_collision_detected:
robot_base_x: 10.519370
robot_base_y: -7.267907
robot_base_yaw: 3.136147
robot_geom: robot0_back_right_caster_2
proxy_geom: scene_aabb_proxy_line_6_output_side_protrusion
judge_collision_detected:
robot_base_x: 10.519370
robot_base_y: -7.267907
robot_base_yaw: 3.136147
robot_geom: robot0_base_collision
proxy_geom: scene_aabb_proxy_line_6_belt
judge_collision_detected:
robot_base_x: 10.519370
robot_base_y: -7.267907
robot_base_yaw: 3.136147
robot_geom: robot0_base_collision
proxy_geom: scene_aabb_proxy_line_6_output_side_protrusion
judge_collision_detected:
robot_base_x: 10.519370
robot_base_y: -7.267907
robot_base_yaw: 3.136147
robot_geom: robot0_base_collision
proxy_geom: scene_aabb_proxy_output_6
judge_collision_detected:
robot_base_x: 10.519370
robot_base_y: -7.267907
robot_base_yaw: 3.136147
robot_geom: robot0_base_collision
proxy_geom: scene_aabb_proxy_production_line_6
judge_collision_detected:
robot_base_x: 10.519370
robot_base_y: -7.267907
robot_base_yaw: 3.136147
robot_geom: robot0_front_left_caster_2
proxy_geom: scene_aabb_proxy_line_6_output_side_protrusion
judge_collision_detected:
robot_base_x: 10.519370
robot_base_y: -7.267907
robot_base_yaw: 3.136147
robot_geom: robot0_front_right_caster_2
proxy_geom: scene_aabb_proxy_line_6_output_side_protrusion
judge_collision_detected:
robot_base_x: 10.519370
robot_base_y: -7.267907
robot_base_yaw: 3.136147
robot_geom: robot0_torso_fixed_collision_box_1
proxy_geom: scene_aabb_proxy_line_6_belt
judge_collision_detected:
robot_base_x: 10.519370
robot_base_y: -7.267907
robot_base_yaw: 3.136147
robot_geom: robot0_torso_fixed_collision_box_1
proxy_geom: scene_aabb_proxy_line_6_output_side_protrusion
judge_collision_detected:
robot_base_x: 10.519370
robot_base_y: -7.267907
robot_base_yaw: 3.136147
robot_geom: robot0_torso_fixed_collision_box_1
proxy_geom: scene_aabb_proxy_output_6
judge_collision_detected:
robot_base_x: 10.519370
robot_base_y: -7.267907
robot_base_yaw: 3.136147
robot_geom: robot0_torso_fixed_collision_box_1
proxy_geom: scene_aabb_proxy_production_line_6
judge_collision_detected:
robot_base_x: 10.519370
robot_base_y: -7.267907
robot_base_yaw: 3.136147
robot_geom: robot0_torso_fixed_column_collision
proxy_geom: scene_aabb_proxy_line_6_belt
judge_collision_detected:
robot_base_x: 10.519370
robot_base_y: -7.267907
robot_base_yaw: 3.136147
robot_geom: robot0_torso_fixed_column_collision
proxy_geom: scene_aabb_proxy_line_6_output_side_protrusion
judge_collision_detected:
robot_base_x: 10.519370
robot_base_y: -7.267907
robot_base_yaw: 3.136147
robot_geom: robot0_wheel_left_collision
proxy_geom: scene_aabb_proxy_line_6_output_side_protrusion
judge_collision_detected:
robot_base_x: 10.519370
robot_base_y: -7.267907
robot_base_yaw: 3.136147
robot_geom: robot0_wheel_right_collision
proxy_geom: scene_aabb_proxy_line_6_output_side_protrusion
judge_collision_detected:
robot_base_x: 10.519370
robot_base_y: -7.267907
robot_base_yaw: 3.136147
robot_geom: robot0_wheel_right_collision
proxy_geom: scene_aabb_proxy_production_line_6
judge_collision_detected:
robot_base_x: 10.519303
robot_base_y: -7.267914
robot_base_yaw: 3.135534
robot_geom: robot0_back_left_caster_2
proxy_geom: scene_aabb_proxy_line_6_belt
judge_collision_detected:
robot_base_x: 10.519303
robot_base_y: -7.267914
robot_base_yaw: 3.135534
robot_geom: robot0_back_left_caster_2
proxy_geom: scene_aabb_proxy_line_6_output_side_protrusion
judge_collision_detected:
robot_base_x: 10.519303
robot_base_y: -7.267914
robot_base_yaw: 3.135534
robot_geom: robot0_back_right_caster_2
proxy_geom: scene_aabb_proxy_line_6_belt
judge_collision_detected:
robot_base_x: 10.519303
robot_base_y: -7.267914
robot_base_yaw: 3.135534
robot_geom: robot0_back_right_caster_2
proxy_geom: scene_aabb_proxy_line_6_output_side_protrusion
judge_collision_detected:
robot_base_x: 10.519303
robot_base_y: -7.267914
robot_base_yaw: 3.135534
robot_geom: robot0_base_collision
proxy_geom: scene_aabb_proxy_line_6_belt
judge_collision_detected:
robot_base_x: 10.519303
robot_base_y: -7.267914
robot_base_yaw: 3.135534
robot_geom: robot0_base_collision
proxy_geom: scene_aabb_proxy_line_6_output_side_protrusion
judge_collision_detected:
robot_base_x: 10.519303
robot_base_y: -7.267914
robot_base_yaw: 3.135534
robot_geom: robot0_base_collision
proxy_geom: scene_aabb_proxy_output_6
judge_collision_detected:
robot_base_x: 10.519303
robot_base_y: -7.267914
robot_base_yaw: 3.135534
robot_geom: robot0_base_collision
proxy_geom: scene_aabb_proxy_production_line_6
judge_collision_detected:
robot_base_x: 10.519303
robot_base_y: -7.267914
robot_base_yaw: 3.135534
robot_geom: robot0_front_left_caster_2
proxy_geom: scene_aabb_proxy_line_6_output_side_protrusion
judge_collision_detected:
robot_base_x: 10.519303
robot_base_y: -7.267914
robot_base_yaw: 3.135534
robot_geom: robot0_front_right_caster_2
proxy_geom: scene_aabb_proxy_line_6_output_side_protrusion
judge_collision_detected:
robot_base_x: 10.519303
robot_base_y: -7.267914
robot_base_yaw: 3.135534
robot_geom: robot0_torso_fixed_collision_box_1
proxy_geom: scene_aabb_proxy_line_6_belt
judge_collision_detected:
robot_base_x: 10.519303
robot_base_y: -7.267914
robot_base_yaw: 3.135534
robot_geom: robot0_torso_fixed_collision_box_1
proxy_geom: scene_aabb_proxy_line_6_output_side_protrusion
judge_collision_detected:
robot_base_x: 10.519303
robot_base_y: -7.267914
robot_base_yaw: 3.135534
robot_geom: robot0_torso_fixed_collision_box_1
proxy_geom: scene_aabb_proxy_output_6
judge_collision_detected:
robot_base_x: 10.519303
robot_base_y: -7.267914
robot_base_yaw: 3.135534
robot_geom: robot0_torso_fixed_collision_box_1
proxy_geom: scene_aabb_proxy_production_line_6
judge_collision_detected:
robot_base_x: 10.519303
robot_base_y: -7.267914
robot_base_yaw: 3.135534
robot_geom: robot0_torso_fixed_column_collision
proxy_geom: scene_aabb_proxy_line_6_belt
judge_collision_detected:
robot_base_x: 10.519303
robot_base_y: -7.267914
robot_base_yaw: 3.135534
robot_geom: robot0_torso_fixed_column_collision
proxy_geom: scene_aabb_proxy_line_6_output_side_protrusion
judge_collision_detected:
robot_base_x: 10.519303
robot_base_y: -7.267914
robot_base_yaw: 3.135534
robot_geom: robot0_wheel_left_collision
proxy_geom: scene_aabb_proxy_line_6_output_side_protrusion
judge_collision_detected:
robot_base_x: 10.519303
robot_base_y: -7.267914
robot_base_yaw: 3.135534
robot_geom: robot0_wheel_right_collision
proxy_geom: scene_aabb_proxy_line_6_output_side_protrusion
judge_collision_detected:
robot_base_x: 10.519303
robot_base_y: -7.267914
robot_base_yaw: 3.135534
robot_geom: robot0_wheel_right_collision
proxy_geom: scene_aabb_proxy_production_line_6
judge_collision_detected:
robot_base_x: 10.519840
robot_base_y: -7.267892
robot_base_yaw: 3.134845
robot_geom: robot0_back_left_caster_2
proxy_geom: scene_aabb_proxy_line_6_belt
judge_collision_detected:
robot_base_x: 10.519840
robot_base_y: -7.267892
robot_base_yaw: 3.134845
robot_geom: robot0_back_left_caster_2
proxy_geom: scene_aabb_proxy_line_6_output_side_protrusion
judge_collision_detected:
robot_base_x: 10.519840
robot_base_y: -7.267892
robot_base_yaw: 3.134845
robot_geom: robot0_back_right_caster_2
proxy_geom: scene_aabb_proxy_line_6_belt
judge_collision_detected:
robot_base_x: 10.519840
robot_base_y: -7.267892
robot_base_yaw: 3.134845
robot_geom: robot0_back_right_caster_2
proxy_geom: scene_aabb_proxy_line_6_output_side_protrusion
judge_collision_detected:
robot_base_x: 10.519840
robot_base_y: -7.267892
robot_base_yaw: 3.134845
robot_geom: robot0_base_collision
proxy_geom: scene_aabb_proxy_line_6_belt
judge_collision_detected:
robot_base_x: 10.519840
robot_base_y: -7.267892
robot_base_yaw: 3.134845
robot_geom: robot0_base_collision
proxy_geom: scene_aabb_proxy_line_6_output_side_protrusion
judge_collision_detected:
robot_base_x: 10.519840
robot_base_y: -7.267892
robot_base_yaw: 3.134845
robot_geom: robot0_base_collision
proxy_geom: scene_aabb_proxy_output_6
judge_collision_detected:
robot_base_x: 10.519840
robot_base_y: -7.267892
robot_base_yaw: 3.134845
robot_geom: robot0_base_collision
proxy_geom: scene_aabb_proxy_production_line_6
judge_collision_detected:
robot_base_x: 10.519840
robot_base_y: -7.267892
robot_base_yaw: 3.134845
robot_geom: robot0_front_left_caster_2
proxy_geom: scene_aabb_proxy_line_6_output_side_protrusion
judge_collision_detected:
robot_base_x: 10.519840
robot_base_y: -7.267892
robot_base_yaw: 3.134845
robot_geom: robot0_front_right_caster_2
proxy_geom: scene_aabb_proxy_line_6_output_side_protrusion
judge_collision_detected:
robot_base_x: 10.519840
robot_base_y: -7.267892
robot_base_yaw: 3.134845
robot_geom: robot0_torso_fixed_collision_box_1
proxy_geom: scene_aabb_proxy_line_6_belt
judge_collision_detected:
robot_base_x: 10.519840
robot_base_y: -7.267892
robot_base_yaw: 3.134845
robot_geom: robot0_torso_fixed_collision_box_1
proxy_geom: scene_aabb_proxy_line_6_output_side_protrusion
judge_collision_detected:
robot_base_x: 10.519840
robot_base_y: -7.267892
robot_base_yaw: 3.134845
robot_geom: robot0_torso_fixed_collision_box_1
proxy_geom: scene_aabb_proxy_output_6
judge_collision_detected:
robot_base_x: 10.519840
robot_base_y: -7.267892
robot_base_yaw: 3.134845
robot_geom: robot0_torso_fixed_collision_box_1
proxy_geom: scene_aabb_proxy_production_line_6
judge_collision_detected:
robot_base_x: 10.519840
robot_base_y: -7.267892
robot_base_yaw: 3.134845
robot_geom: robot0_torso_fixed_column_collision
proxy_geom: scene_aabb_proxy_line_6_belt
judge_collision_detected:
robot_base_x: 10.519840
robot_base_y: -7.267892
robot_base_yaw: 3.134845
robot_geom: robot0_torso_fixed_column_collision
proxy_geom: scene_aabb_proxy_line_6_output_side_protrusion
judge_collision_detected:
robot_base_x: 10.519840
robot_base_y: -7.267892
robot_base_yaw: 3.134845
robot_geom: robot0_wheel_left_collision
proxy_geom: scene_aabb_proxy_line_6_output_side_protrusion
judge_collision_detected:
robot_base_x: 10.519840
robot_base_y: -7.267892
robot_base_yaw: 3.134845
robot_geom: robot0_wheel_right_collision
proxy_geom: scene_aabb_proxy_line_6_output_side_protrusion
judge_collision_detected:
robot_base_x: 10.519840
robot_base_y: -7.267892
robot_base_yaw: 3.134845
robot_geom: robot0_wheel_right_collision
proxy_geom: scene_aabb_proxy_production_line_6
judge_collision_detected:
robot_base_x: 10.521929
robot_base_y: -7.267873
robot_base_yaw: 3.134717
robot_geom: robot0_back_left_caster_2
proxy_geom: scene_aabb_proxy_line_6_belt
judge_collision_detected:
robot_base_x: 10.521929
robot_base_y: -7.267873
robot_base_yaw: 3.134717
robot_geom: robot0_back_left_caster_2
proxy_geom: scene_aabb_proxy_line_6_output_side_protrusion
judge_collision_detected:
robot_base_x: 10.521929
robot_base_y: -7.267873
robot_base_yaw: 3.134717
robot_geom: robot0_back_right_caster_2
proxy_geom: scene_aabb_proxy_line_6_belt
judge_collision_detected:
robot_base_x: 10.521929
robot_base_y: -7.267873
robot_base_yaw: 3.134717
robot_geom: robot0_back_right_caster_2
proxy_geom: scene_aabb_proxy_line_6_output_side_protrusion
judge_collision_detected:
robot_base_x: 10.521929
robot_base_y: -7.267873
robot_base_yaw: 3.134717
robot_geom: robot0_base_collision
proxy_geom: scene_aabb_proxy_line_6_belt
judge_collision_detected:
robot_base_x: 10.521929
robot_base_y: -7.267873
robot_base_yaw: 3.134717
robot_geom: robot0_base_collision
proxy_geom: scene_aabb_proxy_line_6_output_side_protrusion
judge_collision_detected:
robot_base_x: 10.521929
robot_base_y: -7.267873
robot_base_yaw: 3.134717
robot_geom: robot0_base_collision
proxy_geom: scene_aabb_proxy_output_6
judge_collision_detected:
robot_base_x: 10.521929
robot_base_y: -7.267873
robot_base_yaw: 3.134717
robot_geom: robot0_base_collision
proxy_geom: scene_aabb_proxy_production_line_6
judge_collision_detected:
robot_base_x: 10.521929
robot_base_y: -7.267873
robot_base_yaw: 3.134717
robot_geom: robot0_front_left_caster_2
proxy_geom: scene_aabb_proxy_line_6_output_side_protrusion
judge_collision_detected:
robot_base_x: 10.521929
robot_base_y: -7.267873
robot_base_yaw: 3.134717
robot_geom: robot0_front_right_caster_2
proxy_geom: scene_aabb_proxy_line_6_output_side_protrusion
judge_collision_detected:
robot_base_x: 10.521929
robot_base_y: -7.267873
robot_base_yaw: 3.134717
robot_geom: robot0_torso_fixed_collision_box_1
proxy_geom: scene_aabb_proxy_line_6_belt
judge_collision_detected:
robot_base_x: 10.521929
robot_base_y: -7.267873
robot_base_yaw: 3.134717
robot_geom: robot0_torso_fixed_collision_box_1
proxy_geom: scene_aabb_proxy_line_6_output_side_protrusion
judge_collision_detected:
robot_base_x: 10.521929
robot_base_y: -7.267873
robot_base_yaw: 3.134717
robot_geom: robot0_torso_fixed_collision_box_1
proxy_geom: scene_aabb_proxy_output_6
judge_collision_detected:
robot_base_x: 10.521929
robot_base_y: -7.267873
robot_base_yaw: 3.134717
robot_geom: robot0_torso_fixed_collision_box_1
proxy_geom: scene_aabb_proxy_production_line_6
judge_collision_detected:
robot_base_x: 10.521929
robot_base_y: -7.267873
robot_base_yaw: 3.134717
robot_geom: robot0_torso_fixed_column_collision
proxy_geom: scene_aabb_proxy_line_6_belt
judge_collision_detected:
robot_base_x: 10.521929
robot_base_y: -7.267873
robot_base_yaw: 3.134717
robot_geom: robot0_torso_fixed_column_collision
proxy_geom: scene_aabb_proxy_line_6_output_side_protrusion
judge_collision_detected:
robot_base_x: 10.521929
robot_base_y: -7.267873
robot_base_yaw: 3.134717
robot_geom: robot0_wheel_left_collision
proxy_geom: scene_aabb_proxy_line_6_output_side_protrusion
judge_collision_detected:
robot_base_x: 10.521929
robot_base_y: -7.267873
robot_base_yaw: 3.134717
robot_geom: robot0_wheel_right_collision
proxy_geom: scene_aabb_proxy_line_6_output_side_protrusion
judge_collision_detected:
robot_base_x: 10.521929
robot_base_y: -7.267873
robot_base_yaw: 3.134717
robot_geom: robot0_wheel_right_collision
proxy_geom: scene_aabb_proxy_production_line_6
turn_to_output_result: success=True, turn_steps=0, target_yaw=3.141593, final_yaw=3.134714, final_error=0.006879, xy_drift=0.006148
judge_collision_detected:
robot_base_x: 10.522977
robot_base_y: -7.267769
robot_base_yaw: 3.134552
robot_geom: robot0_back_left_caster_2
proxy_geom: scene_aabb_proxy_line_6_belt
judge_collision_detected:
robot_base_x: 10.522977
robot_base_y: -7.267769
robot_base_yaw: 3.134552
robot_geom: robot0_back_left_caster_2
proxy_geom: scene_aabb_proxy_line_6_output_side_protrusion
judge_collision_detected:
robot_base_x: 10.522977
robot_base_y: -7.267769
robot_base_yaw: 3.134552
robot_geom: robot0_back_right_caster_2
proxy_geom: scene_aabb_proxy_line_6_belt
judge_collision_detected:
robot_base_x: 10.522977
robot_base_y: -7.267769
robot_base_yaw: 3.134552
robot_geom: robot0_back_right_caster_2
proxy_geom: scene_aabb_proxy_line_6_output_side_protrusion
judge_collision_detected:
robot_base_x: 10.522977
robot_base_y: -7.267769
robot_base_yaw: 3.134552
robot_geom: robot0_base_collision
proxy_geom: scene_aabb_proxy_line_6_belt
judge_collision_detected:
robot_base_x: 10.522977
robot_base_y: -7.267769
robot_base_yaw: 3.134552
robot_geom: robot0_base_collision
proxy_geom: scene_aabb_proxy_line_6_output_side_protrusion
judge_collision_detected:
robot_base_x: 10.522977
robot_base_y: -7.267769
robot_base_yaw: 3.134552
robot_geom: robot0_base_collision
proxy_geom: scene_aabb_proxy_output_6
judge_collision_detected:
robot_base_x: 10.522977
robot_base_y: -7.267769
robot_base_yaw: 3.134552
robot_geom: robot0_base_collision
proxy_geom: scene_aabb_proxy_production_line_6
judge_collision_detected:
robot_base_x: 10.522977
robot_base_y: -7.267769
robot_base_yaw: 3.134552
robot_geom: robot0_front_left_caster_2
proxy_geom: scene_aabb_proxy_line_6_output_side_protrusion
judge_collision_detected:
robot_base_x: 10.522977
robot_base_y: -7.267769
robot_base_yaw: 3.134552
robot_geom: robot0_front_right_caster_2
proxy_geom: scene_aabb_proxy_line_6_output_side_protrusion
judge_collision_detected:
robot_base_x: 10.522977
robot_base_y: -7.267769
robot_base_yaw: 3.134552
robot_geom: robot0_torso_fixed_collision_box_1
proxy_geom: scene_aabb_proxy_line_6_belt
judge_collision_detected:
robot_base_x: 10.522977
robot_base_y: -7.267769
robot_base_yaw: 3.134552
robot_geom: robot0_torso_fixed_collision_box_1
proxy_geom: scene_aabb_proxy_line_6_output_side_protrusion
judge_collision_detected:
robot_base_x: 10.522977
robot_base_y: -7.267769
robot_base_yaw: 3.134552
robot_geom: robot0_torso_fixed_collision_box_1
proxy_geom: scene_aabb_proxy_output_6
judge_collision_detected:
robot_base_x: 10.522977
robot_base_y: -7.267769
robot_base_yaw: 3.134552
robot_geom: robot0_torso_fixed_collision_box_1
proxy_geom: scene_aabb_proxy_production_line_6
judge_collision_detected:
robot_base_x: 10.522977
robot_base_y: -7.267769
robot_base_yaw: 3.134552
robot_geom: robot0_torso_fixed_column_collision
proxy_geom: scene_aabb_proxy_line_6_belt
judge_collision_detected:
robot_base_x: 10.522977
robot_base_y: -7.267769
robot_base_yaw: 3.134552
robot_geom: robot0_torso_fixed_column_collision
proxy_geom: scene_aabb_proxy_line_6_output_side_protrusion
judge_collision_detected:
robot_base_x: 10.522977
robot_base_y: -7.267769
robot_base_yaw: 3.134552
robot_geom: robot0_wheel_left_collision
proxy_geom: scene_aabb_proxy_line_6_output_side_protrusion
judge_collision_detected:
robot_base_x: 10.522977
robot_base_y: -7.267769
robot_base_yaw: 3.134552
robot_geom: robot0_wheel_right_collision
proxy_geom: scene_aabb_proxy_line_6_output_side_protrusion
judge_collision_detected:
robot_base_x: 10.522977
robot_base_y: -7.267769
robot_base_yaw: 3.134552
robot_geom: robot0_wheel_right_collision
proxy_geom: scene_aabb_proxy_production_line_6
judge_collision_detected:
robot_base_x: 10.519577
robot_base_y: -7.268062
robot_base_yaw: 3.134466
robot_geom: robot0_back_left_caster_2
proxy_geom: scene_aabb_proxy_line_6_belt
judge_collision_detected:
robot_base_x: 10.519577
robot_base_y: -7.268062
robot_base_yaw: 3.134466
robot_geom: robot0_back_left_caster_2
proxy_geom: scene_aabb_proxy_line_6_output_side_protrusion
judge_collision_detected:
robot_base_x: 10.519577
robot_base_y: -7.268062
robot_base_yaw: 3.134466
robot_geom: robot0_back_right_caster_2
proxy_geom: scene_aabb_proxy_line_6_belt
judge_collision_detected:
robot_base_x: 10.519577
robot_base_y: -7.268062
robot_base_yaw: 3.134466
robot_geom: robot0_back_right_caster_2
proxy_geom: scene_aabb_proxy_line_6_output_side_protrusion
judge_collision_detected:
robot_base_x: 10.519577
robot_base_y: -7.268062
robot_base_yaw: 3.134466
robot_geom: robot0_base_collision
proxy_geom: scene_aabb_proxy_line_6_belt
judge_collision_detected:
robot_base_x: 10.519577
robot_base_y: -7.268062
robot_base_yaw: 3.134466
robot_geom: robot0_base_collision
proxy_geom: scene_aabb_proxy_line_6_output_side_protrusion
judge_collision_detected:
robot_base_x: 10.519577
robot_base_y: -7.268062
robot_base_yaw: 3.134466
robot_geom: robot0_base_collision
proxy_geom: scene_aabb_proxy_output_6
judge_collision_detected:
robot_base_x: 10.519577
robot_base_y: -7.268062
robot_base_yaw: 3.134466
robot_geom: robot0_base_collision
proxy_geom: scene_aabb_proxy_production_line_6
judge_collision_detected:
robot_base_x: 10.519577
robot_base_y: -7.268062
robot_base_yaw: 3.134466
robot_geom: robot0_front_left_caster_2
proxy_geom: scene_aabb_proxy_line_6_output_side_protrusion
judge_collision_detected:
robot_base_x: 10.519577
robot_base_y: -7.268062
robot_base_yaw: 3.134466
robot_geom: robot0_front_right_caster_2
proxy_geom: scene_aabb_proxy_line_6_output_side_protrusion
judge_collision_detected:
robot_base_x: 10.519577
robot_base_y: -7.268062
robot_base_yaw: 3.134466
robot_geom: robot0_torso_fixed_collision_box_1
proxy_geom: scene_aabb_proxy_line_6_belt
judge_collision_detected:
robot_base_x: 10.519577
robot_base_y: -7.268062
robot_base_yaw: 3.134466
robot_geom: robot0_torso_fixed_collision_box_1
proxy_geom: scene_aabb_proxy_line_6_output_side_protrusion
judge_collision_detected:
robot_base_x: 10.519577
robot_base_y: -7.268062
robot_base_yaw: 3.134466
robot_geom: robot0_torso_fixed_collision_box_1
proxy_geom: scene_aabb_proxy_output_6
judge_collision_detected:
robot_base_x: 10.519577
robot_base_y: -7.268062
robot_base_yaw: 3.134466
robot_geom: robot0_torso_fixed_collision_box_1
proxy_geom: scene_aabb_proxy_production_line_6
judge_collision_detected:
robot_base_x: 10.519577
robot_base_y: -7.268062
robot_base_yaw: 3.134466
robot_geom: robot0_torso_fixed_column_collision
proxy_geom: scene_aabb_proxy_line_6_belt
judge_collision_detected:
robot_base_x: 10.519577
robot_base_y: -7.268062
robot_base_yaw: 3.134466
robot_geom: robot0_torso_fixed_column_collision
proxy_geom: scene_aabb_proxy_line_6_output_side_protrusion
judge_collision_detected:
robot_base_x: 10.519577
robot_base_y: -7.268062
robot_base_yaw: 3.134466
robot_geom: robot0_wheel_left_collision
proxy_geom: scene_aabb_proxy_line_6_output_side_protrusion
judge_collision_detected:
robot_base_x: 10.519577
robot_base_y: -7.268062
robot_base_yaw: 3.134466
robot_geom: robot0_wheel_right_collision
proxy_geom: scene_aabb_proxy_line_6_output_side_protrusion
judge_collision_detected:
robot_base_x: 10.519577
robot_base_y: -7.268062
robot_base_yaw: 3.134466
robot_geom: robot0_wheel_right_collision
proxy_geom: scene_aabb_proxy_production_line_6
judge_collision_detected:
robot_base_x: 10.516432
robot_base_y: -7.268347
robot_base_yaw: 3.134406
robot_geom: robot0_back_left_caster_2
proxy_geom: scene_aabb_proxy_line_6_belt
judge_collision_detected:
robot_base_x: 10.516432
robot_base_y: -7.268347
robot_base_yaw: 3.134406
robot_geom: robot0_back_left_caster_2
proxy_geom: scene_aabb_proxy_line_6_output_side_protrusion
judge_collision_detected:
robot_base_x: 10.516432
robot_base_y: -7.268347
robot_base_yaw: 3.134406
robot_geom: robot0_back_right_caster_2
proxy_geom: scene_aabb_proxy_line_6_belt
judge_collision_detected:
robot_base_x: 10.516432
robot_base_y: -7.268347
robot_base_yaw: 3.134406
robot_geom: robot0_back_right_caster_2
proxy_geom: scene_aabb_proxy_line_6_output_side_protrusion
judge_collision_detected:
robot_base_x: 10.516432
robot_base_y: -7.268347
robot_base_yaw: 3.134406
robot_geom: robot0_base_collision
proxy_geom: scene_aabb_proxy_line_6_belt
judge_collision_detected:
robot_base_x: 10.516432
robot_base_y: -7.268347
robot_base_yaw: 3.134406
robot_geom: robot0_base_collision
proxy_geom: scene_aabb_proxy_line_6_output_side_protrusion
judge_collision_detected:
robot_base_x: 10.516432
robot_base_y: -7.268347
robot_base_yaw: 3.134406
robot_geom: robot0_base_collision
proxy_geom: scene_aabb_proxy_output_6
judge_collision_detected:
robot_base_x: 10.516432
robot_base_y: -7.268347
robot_base_yaw: 3.134406
robot_geom: robot0_base_collision
proxy_geom: scene_aabb_proxy_production_line_6
judge_collision_detected:
robot_base_x: 10.516432
robot_base_y: -7.268347
robot_base_yaw: 3.134406
robot_geom: robot0_front_left_caster_2
proxy_geom: scene_aabb_proxy_line_6_output_side_protrusion
judge_collision_detected:
robot_base_x: 10.516432
robot_base_y: -7.268347
robot_base_yaw: 3.134406
robot_geom: robot0_front_right_caster_2
proxy_geom: scene_aabb_proxy_line_6_output_side_protrusion
judge_collision_detected:
robot_base_x: 10.516432
robot_base_y: -7.268347
robot_base_yaw: 3.134406
robot_geom: robot0_torso_fixed_collision_box_1
proxy_geom: scene_aabb_proxy_line_6_belt
judge_collision_detected:
robot_base_x: 10.516432
robot_base_y: -7.268347
robot_base_yaw: 3.134406
robot_geom: robot0_torso_fixed_collision_box_1
proxy_geom: scene_aabb_proxy_line_6_output_side_protrusion
judge_collision_detected:
robot_base_x: 10.516432
robot_base_y: -7.268347
robot_base_yaw: 3.134406
robot_geom: robot0_torso_fixed_collision_box_1
proxy_geom: scene_aabb_proxy_output_6
judge_collision_detected:
robot_base_x: 10.516432
robot_base_y: -7.268347
robot_base_yaw: 3.134406
robot_geom: robot0_torso_fixed_collision_box_1
proxy_geom: scene_aabb_proxy_production_line_6
judge_collision_detected:
robot_base_x: 10.516432
robot_base_y: -7.268347
robot_base_yaw: 3.134406
robot_geom: robot0_torso_fixed_column_collision
proxy_geom: scene_aabb_proxy_line_6_belt
judge_collision_detected:
robot_base_x: 10.516432
robot_base_y: -7.268347
robot_base_yaw: 3.134406
robot_geom: robot0_torso_fixed_column_collision
proxy_geom: scene_aabb_proxy_line_6_output_side_protrusion
judge_collision_detected:
robot_base_x: 10.516432
robot_base_y: -7.268347
robot_base_yaw: 3.134406
robot_geom: robot0_wheel_left_collision
proxy_geom: scene_aabb_proxy_line_6_output_side_protrusion
judge_collision_detected:
robot_base_x: 10.516432
robot_base_y: -7.268347
robot_base_yaw: 3.134406
robot_geom: robot0_wheel_right_collision
proxy_geom: scene_aabb_proxy_line_6_output_side_protrusion
judge_collision_detected:
robot_base_x: 10.516432
robot_base_y: -7.268347
robot_base_yaw: 3.134406
robot_geom: robot0_wheel_right_collision
proxy_geom: scene_aabb_proxy_production_line_6
judge_collision_detected:
robot_base_x: 10.513457
robot_base_y: -7.268628
robot_base_yaw: 3.134364
robot_geom: robot0_back_left_caster_2
proxy_geom: scene_aabb_proxy_line_6_belt
judge_collision_detected:
robot_base_x: 10.513457
robot_base_y: -7.268628
robot_base_yaw: 3.134364
robot_geom: robot0_back_left_caster_2
proxy_geom: scene_aabb_proxy_line_6_output_side_protrusion
judge_collision_detected:
robot_base_x: 10.513457
robot_base_y: -7.268628
robot_base_yaw: 3.134364
robot_geom: robot0_back_right_caster_2
proxy_geom: scene_aabb_proxy_line_6_belt
judge_collision_detected:
robot_base_x: 10.513457
robot_base_y: -7.268628
robot_base_yaw: 3.134364
robot_geom: robot0_back_right_caster_2
proxy_geom: scene_aabb_proxy_line_6_output_side_protrusion
judge_collision_detected:
robot_base_x: 10.513457
robot_base_y: -7.268628
robot_base_yaw: 3.134364
robot_geom: robot0_base_collision
proxy_geom: scene_aabb_proxy_line_6_belt
judge_collision_detected:
robot_base_x: 10.513457
robot_base_y: -7.268628
robot_base_yaw: 3.134364
robot_geom: robot0_base_collision
proxy_geom: scene_aabb_proxy_line_6_output_side_protrusion
judge_collision_detected:
robot_base_x: 10.513457
robot_base_y: -7.268628
robot_base_yaw: 3.134364
robot_geom: robot0_base_collision
proxy_geom: scene_aabb_proxy_output_6
judge_collision_detected:
robot_base_x: 10.513457
robot_base_y: -7.268628
robot_base_yaw: 3.134364
robot_geom: robot0_base_collision
proxy_geom: scene_aabb_proxy_production_line_6
judge_collision_detected:
robot_base_x: 10.513457
robot_base_y: -7.268628
robot_base_yaw: 3.134364
robot_geom: robot0_front_left_caster_2
proxy_geom: scene_aabb_proxy_line_6_output_side_protrusion
judge_collision_detected:
robot_base_x: 10.513457
robot_base_y: -7.268628
robot_base_yaw: 3.134364
robot_geom: robot0_front_right_caster_2
proxy_geom: scene_aabb_proxy_line_6_output_side_protrusion
judge_collision_detected:
robot_base_x: 10.513457
robot_base_y: -7.268628
robot_base_yaw: 3.134364
robot_geom: robot0_torso_fixed_collision_box_1
proxy_geom: scene_aabb_proxy_line_6_belt
judge_collision_detected:
robot_base_x: 10.513457
robot_base_y: -7.268628
robot_base_yaw: 3.134364
robot_geom: robot0_torso_fixed_collision_box_1
proxy_geom: scene_aabb_proxy_line_6_output_side_protrusion
judge_collision_detected:
robot_base_x: 10.513457
robot_base_y: -7.268628
robot_base_yaw: 3.134364
robot_geom: robot0_torso_fixed_collision_box_1
proxy_geom: scene_aabb_proxy_output_6
judge_collision_detected:
robot_base_x: 10.513457
robot_base_y: -7.268628
robot_base_yaw: 3.134364
robot_geom: robot0_torso_fixed_collision_box_1
proxy_geom: scene_aabb_proxy_production_line_6
judge_collision_detected:
robot_base_x: 10.513457
robot_base_y: -7.268628
robot_base_yaw: 3.134364
robot_geom: robot0_torso_fixed_column_collision
proxy_geom: scene_aabb_proxy_line_6_belt
judge_collision_detected:
robot_base_x: 10.513457
robot_base_y: -7.268628
robot_base_yaw: 3.134364
robot_geom: robot0_torso_fixed_column_collision
proxy_geom: scene_aabb_proxy_line_6_output_side_protrusion
judge_collision_detected:
robot_base_x: 10.513457
robot_base_y: -7.268628
robot_base_yaw: 3.134364
robot_geom: robot0_wheel_left_collision
proxy_geom: scene_aabb_proxy_line_6_output_side_protrusion
judge_collision_detected:
robot_base_x: 10.513457
robot_base_y: -7.268628
robot_base_yaw: 3.134364
robot_geom: robot0_wheel_right_collision
proxy_geom: scene_aabb_proxy_line_6_output_side_protrusion
judge_collision_detected:
robot_base_x: 10.513457
robot_base_y: -7.268628
robot_base_yaw: 3.134364
robot_geom: robot0_wheel_right_collision
proxy_geom: scene_aabb_proxy_production_line_6
judge_collision_detected:
robot_base_x: 10.510633
robot_base_y: -7.268906
robot_base_yaw: 3.134319
robot_geom: robot0_back_left_caster_2
proxy_geom: scene_aabb_proxy_line_6_belt
judge_collision_detected:
robot_base_x: 10.510633
robot_base_y: -7.268906
robot_base_yaw: 3.134319
robot_geom: robot0_back_left_caster_2
proxy_geom: scene_aabb_proxy_line_6_output_side_protrusion
judge_collision_detected:
robot_base_x: 10.510633
robot_base_y: -7.268906
robot_base_yaw: 3.134319
robot_geom: robot0_back_right_caster_2
proxy_geom: scene_aabb_proxy_line_6_belt
judge_collision_detected:
robot_base_x: 10.510633
robot_base_y: -7.268906
robot_base_yaw: 3.134319
robot_geom: robot0_back_right_caster_2
proxy_geom: scene_aabb_proxy_line_6_output_side_protrusion
judge_collision_detected:
robot_base_x: 10.510633
robot_base_y: -7.268906
robot_base_yaw: 3.134319
robot_geom: robot0_base_collision
proxy_geom: scene_aabb_proxy_line_6_belt
judge_collision_detected:
robot_base_x: 10.510633
robot_base_y: -7.268906
robot_base_yaw: 3.134319
robot_geom: robot0_base_collision
proxy_geom: scene_aabb_proxy_line_6_output_side_protrusion
judge_collision_detected:
robot_base_x: 10.510633
robot_base_y: -7.268906
robot_base_yaw: 3.134319
robot_geom: robot0_base_collision
proxy_geom: scene_aabb_proxy_output_6
judge_collision_detected:
robot_base_x: 10.510633
robot_base_y: -7.268906
robot_base_yaw: 3.134319
robot_geom: robot0_base_collision
proxy_geom: scene_aabb_proxy_production_line_6
judge_collision_detected:
robot_base_x: 10.510633
robot_base_y: -7.268906
robot_base_yaw: 3.134319
robot_geom: robot0_front_left_caster_2
proxy_geom: scene_aabb_proxy_line_6_output_side_protrusion
judge_collision_detected:
robot_base_x: 10.510633
robot_base_y: -7.268906
robot_base_yaw: 3.134319
robot_geom: robot0_front_right_caster_2
proxy_geom: scene_aabb_proxy_line_6_output_side_protrusion
judge_collision_detected:
robot_base_x: 10.510633
robot_base_y: -7.268906
robot_base_yaw: 3.134319
robot_geom: robot0_torso_fixed_collision_box_1
proxy_geom: scene_aabb_proxy_line_6_belt
judge_collision_detected:
robot_base_x: 10.510633
robot_base_y: -7.268906
robot_base_yaw: 3.134319
robot_geom: robot0_torso_fixed_collision_box_1
proxy_geom: scene_aabb_proxy_line_6_output_side_protrusion
judge_collision_detected:
robot_base_x: 10.510633
robot_base_y: -7.268906
robot_base_yaw: 3.134319
robot_geom: robot0_torso_fixed_collision_box_1
proxy_geom: scene_aabb_proxy_output_6
judge_collision_detected:
robot_base_x: 10.510633
robot_base_y: -7.268906
robot_base_yaw: 3.134319
robot_geom: robot0_torso_fixed_collision_box_1
proxy_geom: scene_aabb_proxy_production_line_6
judge_collision_detected:
robot_base_x: 10.510633
robot_base_y: -7.268906
robot_base_yaw: 3.134319
robot_geom: robot0_torso_fixed_column_collision
proxy_geom: scene_aabb_proxy_line_6_belt
judge_collision_detected:
robot_base_x: 10.510633
robot_base_y: -7.268906
robot_base_yaw: 3.134319
robot_geom: robot0_torso_fixed_column_collision
proxy_geom: scene_aabb_proxy_line_6_output_side_protrusion
judge_collision_detected:
robot_base_x: 10.510633
robot_base_y: -7.268906
robot_base_yaw: 3.134319
robot_geom: robot0_wheel_left_collision
proxy_geom: scene_aabb_proxy_line_6_output_side_protrusion
judge_collision_detected:
robot_base_x: 10.510633
robot_base_y: -7.268906
robot_base_yaw: 3.134319
robot_geom: robot0_wheel_right_collision
proxy_geom: scene_aabb_proxy_line_6_output_side_protrusion
judge_collision_detected:
robot_base_x: 10.510633
robot_base_y: -7.268906
robot_base_yaw: 3.134319
robot_geom: robot0_wheel_right_collision
proxy_geom: scene_aabb_proxy_production_line_6
judge_collision_detected:
robot_base_x: 10.507946
robot_base_y: -7.269187
robot_base_yaw: 3.134301
robot_geom: robot0_back_left_caster_2
proxy_geom: scene_aabb_proxy_line_6_belt
judge_collision_detected:
robot_base_x: 10.507946
robot_base_y: -7.269187
robot_base_yaw: 3.134301
robot_geom: robot0_back_left_caster_2
proxy_geom: scene_aabb_proxy_line_6_output_side_protrusion
judge_collision_detected:
robot_base_x: 10.507946
robot_base_y: -7.269187
robot_base_yaw: 3.134301
robot_geom: robot0_back_right_caster_2
proxy_geom: scene_aabb_proxy_line_6_belt
judge_collision_detected:
robot_base_x: 10.507946
robot_base_y: -7.269187
robot_base_yaw: 3.134301
robot_geom: robot0_back_right_caster_2
proxy_geom: scene_aabb_proxy_line_6_output_side_protrusion
judge_collision_detected:
robot_base_x: 10.507946
robot_base_y: -7.269187
robot_base_yaw: 3.134301
robot_geom: robot0_base_collision
proxy_geom: scene_aabb_proxy_line_6_belt
judge_collision_detected:
robot_base_x: 10.507946
robot_base_y: -7.269187
robot_base_yaw: 3.134301
robot_geom: robot0_base_collision
proxy_geom: scene_aabb_proxy_line_6_output_side_protrusion
judge_collision_detected:
robot_base_x: 10.507946
robot_base_y: -7.269187
robot_base_yaw: 3.134301
robot_geom: robot0_base_collision
proxy_geom: scene_aabb_proxy_output_6
judge_collision_detected:
robot_base_x: 10.507946
robot_base_y: -7.269187
robot_base_yaw: 3.134301
robot_geom: robot0_base_collision
proxy_geom: scene_aabb_proxy_production_line_6
judge_collision_detected:
robot_base_x: 10.507946
robot_base_y: -7.269187
robot_base_yaw: 3.134301
robot_geom: robot0_front_left_caster_2
proxy_geom: scene_aabb_proxy_line_6_output_side_protrusion
judge_collision_detected:
robot_base_x: 10.507946
robot_base_y: -7.269187
robot_base_yaw: 3.134301
robot_geom: robot0_front_right_caster_2
proxy_geom: scene_aabb_proxy_line_6_output_side_protrusion
judge_collision_detected:
robot_base_x: 10.507946
robot_base_y: -7.269187
robot_base_yaw: 3.134301
robot_geom: robot0_torso_fixed_collision_box_1
proxy_geom: scene_aabb_proxy_line_6_belt
judge_collision_detected:
robot_base_x: 10.507946
robot_base_y: -7.269187
robot_base_yaw: 3.134301
robot_geom: robot0_torso_fixed_collision_box_1
proxy_geom: scene_aabb_proxy_line_6_output_side_protrusion
judge_collision_detected:
robot_base_x: 10.507946
robot_base_y: -7.269187
robot_base_yaw: 3.134301
robot_geom: robot0_torso_fixed_collision_box_1
proxy_geom: scene_aabb_proxy_output_6
judge_collision_detected:
robot_base_x: 10.507946
robot_base_y: -7.269187
robot_base_yaw: 3.134301
robot_geom: robot0_torso_fixed_collision_box_1
proxy_geom: scene_aabb_proxy_production_line_6
judge_collision_detected:
robot_base_x: 10.507946
robot_base_y: -7.269187
robot_base_yaw: 3.134301
robot_geom: robot0_torso_fixed_column_collision
proxy_geom: scene_aabb_proxy_line_6_belt
judge_collision_detected:
robot_base_x: 10.507946
robot_base_y: -7.269187
robot_base_yaw: 3.134301
robot_geom: robot0_torso_fixed_column_collision
proxy_geom: scene_aabb_proxy_line_6_output_side_protrusion
judge_collision_detected:
robot_base_x: 10.507946
robot_base_y: -7.269187
robot_base_yaw: 3.134301
robot_geom: robot0_wheel_left_collision
proxy_geom: scene_aabb_proxy_line_6_output_side_protrusion
judge_collision_detected:
robot_base_x: 10.507946
robot_base_y: -7.269187
robot_base_yaw: 3.134301
robot_geom: robot0_wheel_right_collision
proxy_geom: scene_aabb_proxy_line_6_output_side_protrusion
judge_collision_detected:
robot_base_x: 10.507946
robot_base_y: -7.269187
robot_base_yaw: 3.134301
robot_geom: robot0_wheel_right_collision
proxy_geom: scene_aabb_proxy_production_line_6
judge_collision_detected:
robot_base_x: 10.505389
robot_base_y: -7.269483
robot_base_yaw: 3.134340
robot_geom: robot0_back_left_caster_2
proxy_geom: scene_aabb_proxy_line_6_belt
judge_collision_detected:
robot_base_x: 10.505389
robot_base_y: -7.269483
robot_base_yaw: 3.134340
robot_geom: robot0_back_left_caster_2
proxy_geom: scene_aabb_proxy_line_6_output_side_protrusion
judge_collision_detected:
robot_base_x: 10.505389
robot_base_y: -7.269483
robot_base_yaw: 3.134340
robot_geom: robot0_back_right_caster_2
proxy_geom: scene_aabb_proxy_line_6_belt
judge_collision_detected:
robot_base_x: 10.505389
robot_base_y: -7.269483
robot_base_yaw: 3.134340
robot_geom: robot0_back_right_caster_2
proxy_geom: scene_aabb_proxy_line_6_output_side_protrusion
judge_collision_detected:
robot_base_x: 10.505389
robot_base_y: -7.269483
robot_base_yaw: 3.134340
robot_geom: robot0_base_collision
proxy_geom: scene_aabb_proxy_line_6_belt
judge_collision_detected:
robot_base_x: 10.505389
robot_base_y: -7.269483
robot_base_yaw: 3.134340
robot_geom: robot0_base_collision
proxy_geom: scene_aabb_proxy_line_6_output_side_protrusion
judge_collision_detected:
robot_base_x: 10.505389
robot_base_y: -7.269483
robot_base_yaw: 3.134340
robot_geom: robot0_base_collision
proxy_geom: scene_aabb_proxy_output_6
judge_collision_detected:
robot_base_x: 10.505389
robot_base_y: -7.269483
robot_base_yaw: 3.134340
robot_geom: robot0_base_collision
proxy_geom: scene_aabb_proxy_production_line_6
judge_collision_detected:
robot_base_x: 10.505389
robot_base_y: -7.269483
robot_base_yaw: 3.134340
robot_geom: robot0_front_left_caster_2
proxy_geom: scene_aabb_proxy_line_6_output_side_protrusion
judge_collision_detected:
robot_base_x: 10.505389
robot_base_y: -7.269483
robot_base_yaw: 3.134340
robot_geom: robot0_front_right_caster_2
proxy_geom: scene_aabb_proxy_line_6_output_side_protrusion
judge_collision_detected:
robot_base_x: 10.505389
robot_base_y: -7.269483
robot_base_yaw: 3.134340
robot_geom: robot0_torso_fixed_collision_box_1
proxy_geom: scene_aabb_proxy_line_6_belt
judge_collision_detected:
robot_base_x: 10.505389
robot_base_y: -7.269483
robot_base_yaw: 3.134340
robot_geom: robot0_torso_fixed_collision_box_1
proxy_geom: scene_aabb_proxy_line_6_output_side_protrusion
judge_collision_detected:
robot_base_x: 10.505389
robot_base_y: -7.269483
robot_base_yaw: 3.134340
robot_geom: robot0_torso_fixed_collision_box_1
proxy_geom: scene_aabb_proxy_output_6
judge_collision_detected:
robot_base_x: 10.505389
robot_base_y: -7.269483
robot_base_yaw: 3.134340
robot_geom: robot0_torso_fixed_collision_box_1
proxy_geom: scene_aabb_proxy_production_line_6
judge_collision_detected:
robot_base_x: 10.505389
robot_base_y: -7.269483
robot_base_yaw: 3.134340
robot_geom: robot0_torso_fixed_column_collision
proxy_geom: scene_aabb_proxy_line_6_belt
judge_collision_detected:
robot_base_x: 10.505389
robot_base_y: -7.269483
robot_base_yaw: 3.134340
robot_geom: robot0_torso_fixed_column_collision
proxy_geom: scene_aabb_proxy_line_6_output_side_protrusion
judge_collision_detected:
robot_base_x: 10.505389
robot_base_y: -7.269483
robot_base_yaw: 3.134340
robot_geom: robot0_wheel_left_collision
proxy_geom: scene_aabb_proxy_line_6_output_side_protrusion
judge_collision_detected:
robot_base_x: 10.505389
robot_base_y: -7.269483
robot_base_yaw: 3.134340
robot_geom: robot0_wheel_right_collision
proxy_geom: scene_aabb_proxy_line_6_output_side_protrusion
judge_collision_detected:
robot_base_x: 10.505389
robot_base_y: -7.269483
robot_base_yaw: 3.134340
robot_geom: robot0_wheel_right_collision
proxy_geom: scene_aabb_proxy_production_line_6
judge_collision_detected:
robot_base_x: 10.502941
robot_base_y: -7.269781
robot_base_yaw: 3.134399
robot_geom: robot0_back_left_caster_2
proxy_geom: scene_aabb_proxy_line_6_belt
judge_collision_detected:
robot_base_x: 10.502941
robot_base_y: -7.269781
robot_base_yaw: 3.134399
robot_geom: robot0_back_left_caster_2
proxy_geom: scene_aabb_proxy_line_6_output_side_protrusion
judge_collision_detected:
robot_base_x: 10.502941
robot_base_y: -7.269781
robot_base_yaw: 3.134399
robot_geom: robot0_back_right_caster_2
proxy_geom: scene_aabb_proxy_line_6_belt
judge_collision_detected:
robot_base_x: 10.502941
robot_base_y: -7.269781
robot_base_yaw: 3.134399
robot_geom: robot0_back_right_caster_2
proxy_geom: scene_aabb_proxy_line_6_output_side_protrusion
judge_collision_detected:
robot_base_x: 10.502941
robot_base_y: -7.269781
robot_base_yaw: 3.134399
robot_geom: robot0_base_collision
proxy_geom: scene_aabb_proxy_line_6_belt
judge_collision_detected:
robot_base_x: 10.502941
robot_base_y: -7.269781
robot_base_yaw: 3.134399
robot_geom: robot0_base_collision
proxy_geom: scene_aabb_proxy_line_6_output_side_protrusion
judge_collision_detected:
robot_base_x: 10.502941
robot_base_y: -7.269781
robot_base_yaw: 3.134399
robot_geom: robot0_base_collision
proxy_geom: scene_aabb_proxy_output_6
judge_collision_detected:
robot_base_x: 10.502941
robot_base_y: -7.269781
robot_base_yaw: 3.134399
robot_geom: robot0_base_collision
proxy_geom: scene_aabb_proxy_production_line_6
judge_collision_detected:
robot_base_x: 10.502941
robot_base_y: -7.269781
robot_base_yaw: 3.134399
robot_geom: robot0_torso_fixed_collision_box_1
proxy_geom: scene_aabb_proxy_line_6_belt
judge_collision_detected:
robot_base_x: 10.502941
robot_base_y: -7.269781
robot_base_yaw: 3.134399
robot_geom: robot0_torso_fixed_collision_box_1
proxy_geom: scene_aabb_proxy_line_6_output_side_protrusion
judge_collision_detected:
robot_base_x: 10.502941
robot_base_y: -7.269781
robot_base_yaw: 3.134399
robot_geom: robot0_torso_fixed_collision_box_1
proxy_geom: scene_aabb_proxy_output_6
judge_collision_detected:
robot_base_x: 10.502941
robot_base_y: -7.269781
robot_base_yaw: 3.134399
robot_geom: robot0_torso_fixed_collision_box_1
proxy_geom: scene_aabb_proxy_production_line_6
judge_collision_detected:
robot_base_x: 10.502941
robot_base_y: -7.269781
robot_base_yaw: 3.134399
robot_geom: robot0_torso_fixed_column_collision
proxy_geom: scene_aabb_proxy_line_6_belt
judge_collision_detected:
robot_base_x: 10.502941
robot_base_y: -7.269781
robot_base_yaw: 3.134399
robot_geom: robot0_torso_fixed_column_collision
proxy_geom: scene_aabb_proxy_line_6_output_side_protrusion
judge_collision_detected:
robot_base_x: 10.502941
robot_base_y: -7.269781
robot_base_yaw: 3.134399
robot_geom: robot0_wheel_left_collision
proxy_geom: scene_aabb_proxy_line_6_output_side_protrusion
judge_collision_detected:
robot_base_x: 10.502941
robot_base_y: -7.269781
robot_base_yaw: 3.134399
robot_geom: robot0_wheel_right_collision
proxy_geom: scene_aabb_proxy_line_6_output_side_protrusion
judge_collision_detected:
robot_base_x: 10.502941
robot_base_y: -7.269781
robot_base_yaw: 3.134399
robot_geom: robot0_wheel_right_collision
proxy_geom: scene_aabb_proxy_production_line_6
judge_collision_detected:
robot_base_x: 10.500589
robot_base_y: -7.270077
robot_base_yaw: 3.134460
robot_geom: robot0_back_left_caster_2
proxy_geom: scene_aabb_proxy_line_6_belt
judge_collision_detected:
robot_base_x: 10.500589
robot_base_y: -7.270077
robot_base_yaw: 3.134460
robot_geom: robot0_back_left_caster_2
proxy_geom: scene_aabb_proxy_line_6_output_side_protrusion
judge_collision_detected:
robot_base_x: 10.500589
robot_base_y: -7.270077
robot_base_yaw: 3.134460
robot_geom: robot0_back_right_caster_2
proxy_geom: scene_aabb_proxy_line_6_belt
judge_collision_detected:
robot_base_x: 10.500589
robot_base_y: -7.270077
robot_base_yaw: 3.134460
robot_geom: robot0_back_right_caster_2
proxy_geom: scene_aabb_proxy_line_6_output_side_protrusion
judge_collision_detected:
robot_base_x: 10.500589
robot_base_y: -7.270077
robot_base_yaw: 3.134460
robot_geom: robot0_base_collision
proxy_geom: scene_aabb_proxy_line_6_belt
judge_collision_detected:
robot_base_x: 10.500589
robot_base_y: -7.270077
robot_base_yaw: 3.134460
robot_geom: robot0_base_collision
proxy_geom: scene_aabb_proxy_line_6_output_side_protrusion
judge_collision_detected:
robot_base_x: 10.500589
robot_base_y: -7.270077
robot_base_yaw: 3.134460
robot_geom: robot0_base_collision
proxy_geom: scene_aabb_proxy_output_6
judge_collision_detected:
robot_base_x: 10.500589
robot_base_y: -7.270077
robot_base_yaw: 3.134460
robot_geom: robot0_base_collision
proxy_geom: scene_aabb_proxy_production_line_6
judge_collision_detected:
robot_base_x: 10.500589
robot_base_y: -7.270077
robot_base_yaw: 3.134460
robot_geom: robot0_torso_fixed_collision_box_1
proxy_geom: scene_aabb_proxy_line_6_belt
judge_collision_detected:
robot_base_x: 10.500589
robot_base_y: -7.270077
robot_base_yaw: 3.134460
robot_geom: robot0_torso_fixed_collision_box_1
proxy_geom: scene_aabb_proxy_line_6_output_side_protrusion
judge_collision_detected:
robot_base_x: 10.500589
robot_base_y: -7.270077
robot_base_yaw: 3.134460
robot_geom: robot0_torso_fixed_collision_box_1
proxy_geom: scene_aabb_proxy_output_6
judge_collision_detected:
robot_base_x: 10.500589
robot_base_y: -7.270077
robot_base_yaw: 3.134460
robot_geom: robot0_torso_fixed_collision_box_1
proxy_geom: scene_aabb_proxy_production_line_6
judge_collision_detected:
robot_base_x: 10.500589
robot_base_y: -7.270077
robot_base_yaw: 3.134460
robot_geom: robot0_torso_fixed_column_collision
proxy_geom: scene_aabb_proxy_line_6_belt
judge_collision_detected:
robot_base_x: 10.500589
robot_base_y: -7.270077
robot_base_yaw: 3.134460
robot_geom: robot0_torso_fixed_column_collision
proxy_geom: scene_aabb_proxy_line_6_output_side_protrusion
judge_collision_detected:
robot_base_x: 10.500589
robot_base_y: -7.270077
robot_base_yaw: 3.134460
robot_geom: robot0_wheel_left_collision
proxy_geom: scene_aabb_proxy_line_6_output_side_protrusion
judge_collision_detected:
robot_base_x: 10.500589
robot_base_y: -7.270077
robot_base_yaw: 3.134460
robot_geom: robot0_wheel_right_collision
proxy_geom: scene_aabb_proxy_line_6_output_side_protrusion
judge_collision_detected:
robot_base_x: 10.500589
robot_base_y: -7.270077
robot_base_yaw: 3.134460
robot_geom: robot0_wheel_right_collision
proxy_geom: scene_aabb_proxy_production_line_6
judge_collision_detected:
robot_base_x: 10.498344
robot_base_y: -7.270365
robot_base_yaw: 3.134485
robot_geom: robot0_back_left_caster_2
proxy_geom: scene_aabb_proxy_line_6_belt
judge_collision_detected:
robot_base_x: 10.498344
robot_base_y: -7.270365
robot_base_yaw: 3.134485
robot_geom: robot0_back_left_caster_2
proxy_geom: scene_aabb_proxy_line_6_output_side_protrusion
judge_collision_detected:
robot_base_x: 10.498344
robot_base_y: -7.270365
robot_base_yaw: 3.134485
robot_geom: robot0_back_right_caster_2
proxy_geom: scene_aabb_proxy_line_6_belt
judge_collision_detected:
robot_base_x: 10.498344
robot_base_y: -7.270365
robot_base_yaw: 3.134485
robot_geom: robot0_back_right_caster_2
proxy_geom: scene_aabb_proxy_line_6_output_side_protrusion
judge_collision_detected:
robot_base_x: 10.498344
robot_base_y: -7.270365
robot_base_yaw: 3.134485
robot_geom: robot0_base_collision
proxy_geom: scene_aabb_proxy_line_6_belt
judge_collision_detected:
robot_base_x: 10.498344
robot_base_y: -7.270365
robot_base_yaw: 3.134485
robot_geom: robot0_base_collision
proxy_geom: scene_aabb_proxy_line_6_output_side_protrusion
judge_collision_detected:
robot_base_x: 10.498344
robot_base_y: -7.270365
robot_base_yaw: 3.134485
robot_geom: robot0_base_collision
proxy_geom: scene_aabb_proxy_output_6
judge_collision_detected:
robot_base_x: 10.498344
robot_base_y: -7.270365
robot_base_yaw: 3.134485
robot_geom: robot0_base_collision
proxy_geom: scene_aabb_proxy_production_line_6
judge_collision_detected:
robot_base_x: 10.498344
robot_base_y: -7.270365
robot_base_yaw: 3.134485
robot_geom: robot0_torso_fixed_collision_box_1
proxy_geom: scene_aabb_proxy_line_6_belt
judge_collision_detected:
robot_base_x: 10.498344
robot_base_y: -7.270365
robot_base_yaw: 3.134485
robot_geom: robot0_torso_fixed_collision_box_1
proxy_geom: scene_aabb_proxy_line_6_output_side_protrusion
judge_collision_detected:
robot_base_x: 10.498344
robot_base_y: -7.270365
robot_base_yaw: 3.134485
robot_geom: robot0_torso_fixed_collision_box_1
proxy_geom: scene_aabb_proxy_output_6
judge_collision_detected:
robot_base_x: 10.498344
robot_base_y: -7.270365
robot_base_yaw: 3.134485
robot_geom: robot0_torso_fixed_collision_box_1
proxy_geom: scene_aabb_proxy_production_line_6
judge_collision_detected:
robot_base_x: 10.498344
robot_base_y: -7.270365
robot_base_yaw: 3.134485
robot_geom: robot0_torso_fixed_column_collision
proxy_geom: scene_aabb_proxy_line_6_belt
judge_collision_detected:
robot_base_x: 10.498344
robot_base_y: -7.270365
robot_base_yaw: 3.134485
robot_geom: robot0_torso_fixed_column_collision
proxy_geom: scene_aabb_proxy_line_6_output_side_protrusion
judge_collision_detected:
robot_base_x: 10.498344
robot_base_y: -7.270365
robot_base_yaw: 3.134485
robot_geom: robot0_wheel_left_collision
proxy_geom: scene_aabb_proxy_line_6_output_side_protrusion
judge_collision_detected:
robot_base_x: 10.498344
robot_base_y: -7.270365
robot_base_yaw: 3.134485
robot_geom: robot0_wheel_right_collision
proxy_geom: scene_aabb_proxy_line_6_output_side_protrusion
judge_collision_detected:
robot_base_x: 10.498344
robot_base_y: -7.270365
robot_base_yaw: 3.134485
robot_geom: robot0_wheel_right_collision
proxy_geom: scene_aabb_proxy_production_line_6
judge_collision_detected:
robot_base_x: 10.496228
robot_base_y: -7.270641
robot_base_yaw: 3.134446
robot_geom: robot0_back_left_caster_2
proxy_geom: scene_aabb_proxy_line_6_belt
judge_collision_detected:
robot_base_x: 10.496228
robot_base_y: -7.270641
robot_base_yaw: 3.134446
robot_geom: robot0_back_left_caster_2
proxy_geom: scene_aabb_proxy_line_6_output_side_protrusion
judge_collision_detected:
robot_base_x: 10.496228
robot_base_y: -7.270641
robot_base_yaw: 3.134446
robot_geom: robot0_back_right_caster_2
proxy_geom: scene_aabb_proxy_line_6_belt
judge_collision_detected:
robot_base_x: 10.496228
robot_base_y: -7.270641
robot_base_yaw: 3.134446
robot_geom: robot0_back_right_caster_2
proxy_geom: scene_aabb_proxy_line_6_output_side_protrusion
judge_collision_detected:
robot_base_x: 10.496228
robot_base_y: -7.270641
robot_base_yaw: 3.134446
robot_geom: robot0_base_collision
proxy_geom: scene_aabb_proxy_line_6_belt
judge_collision_detected:
robot_base_x: 10.496228
robot_base_y: -7.270641
robot_base_yaw: 3.134446
robot_geom: robot0_base_collision
proxy_geom: scene_aabb_proxy_line_6_output_side_protrusion
judge_collision_detected:
robot_base_x: 10.496228
robot_base_y: -7.270641
robot_base_yaw: 3.134446
robot_geom: robot0_base_collision
proxy_geom: scene_aabb_proxy_output_6
judge_collision_detected:
robot_base_x: 10.496228
robot_base_y: -7.270641
robot_base_yaw: 3.134446
robot_geom: robot0_base_collision
proxy_geom: scene_aabb_proxy_production_line_6
judge_collision_detected:
robot_base_x: 10.496228
robot_base_y: -7.270641
robot_base_yaw: 3.134446
robot_geom: robot0_torso_fixed_collision_box_1
proxy_geom: scene_aabb_proxy_line_6_belt
judge_collision_detected:
robot_base_x: 10.496228
robot_base_y: -7.270641
robot_base_yaw: 3.134446
robot_geom: robot0_torso_fixed_collision_box_1
proxy_geom: scene_aabb_proxy_line_6_output_side_protrusion
judge_collision_detected:
robot_base_x: 10.496228
robot_base_y: -7.270641
robot_base_yaw: 3.134446
robot_geom: robot0_torso_fixed_collision_box_1
proxy_geom: scene_aabb_proxy_output_6
judge_collision_detected:
robot_base_x: 10.496228
robot_base_y: -7.270641
robot_base_yaw: 3.134446
robot_geom: robot0_torso_fixed_collision_box_1
proxy_geom: scene_aabb_proxy_production_line_6
judge_collision_detected:
robot_base_x: 10.496228
robot_base_y: -7.270641
robot_base_yaw: 3.134446
robot_geom: robot0_torso_fixed_column_collision
proxy_geom: scene_aabb_proxy_line_6_belt
judge_collision_detected:
robot_base_x: 10.496228
robot_base_y: -7.270641
robot_base_yaw: 3.134446
robot_geom: robot0_torso_fixed_column_collision
proxy_geom: scene_aabb_proxy_line_6_output_side_protrusion
judge_collision_detected:
robot_base_x: 10.496228
robot_base_y: -7.270641
robot_base_yaw: 3.134446
robot_geom: robot0_wheel_left_collision
proxy_geom: scene_aabb_proxy_line_6_output_side_protrusion
judge_collision_detected:
robot_base_x: 10.496228
robot_base_y: -7.270641
robot_base_yaw: 3.134446
robot_geom: robot0_wheel_right_collision
proxy_geom: scene_aabb_proxy_line_6_output_side_protrusion
judge_collision_detected:
robot_base_x: 10.496228
robot_base_y: -7.270641
robot_base_yaw: 3.134446
robot_geom: robot0_wheel_right_collision
proxy_geom: scene_aabb_proxy_production_line_6
judge_collision_detected:
robot_base_x: 10.494193
robot_base_y: -7.270914
robot_base_yaw: 3.134395
robot_geom: robot0_back_left_caster_2
proxy_geom: scene_aabb_proxy_line_6_belt
judge_collision_detected:
robot_base_x: 10.494193
robot_base_y: -7.270914
robot_base_yaw: 3.134395
robot_geom: robot0_back_left_caster_2
proxy_geom: scene_aabb_proxy_line_6_output_side_protrusion
judge_collision_detected:
robot_base_x: 10.494193
robot_base_y: -7.270914
robot_base_yaw: 3.134395
robot_geom: robot0_back_right_caster_2
proxy_geom: scene_aabb_proxy_line_6_belt
judge_collision_detected:
robot_base_x: 10.494193
robot_base_y: -7.270914
robot_base_yaw: 3.134395
robot_geom: robot0_back_right_caster_2
proxy_geom: scene_aabb_proxy_line_6_output_side_protrusion
judge_collision_detected:
robot_base_x: 10.494193
robot_base_y: -7.270914
robot_base_yaw: 3.134395
robot_geom: robot0_base_collision
proxy_geom: scene_aabb_proxy_line_6_belt
judge_collision_detected:
robot_base_x: 10.494193
robot_base_y: -7.270914
robot_base_yaw: 3.134395
robot_geom: robot0_base_collision
proxy_geom: scene_aabb_proxy_line_6_output_side_protrusion
judge_collision_detected:
robot_base_x: 10.494193
robot_base_y: -7.270914
robot_base_yaw: 3.134395
robot_geom: robot0_base_collision
proxy_geom: scene_aabb_proxy_output_6
judge_collision_detected:
robot_base_x: 10.494193
robot_base_y: -7.270914
robot_base_yaw: 3.134395
robot_geom: robot0_base_collision
proxy_geom: scene_aabb_proxy_production_line_6
judge_collision_detected:
robot_base_x: 10.494193
robot_base_y: -7.270914
robot_base_yaw: 3.134395
robot_geom: robot0_torso_fixed_collision_box_1
proxy_geom: scene_aabb_proxy_line_6_belt
judge_collision_detected:
robot_base_x: 10.494193
robot_base_y: -7.270914
robot_base_yaw: 3.134395
robot_geom: robot0_torso_fixed_collision_box_1
proxy_geom: scene_aabb_proxy_line_6_output_side_protrusion
judge_collision_detected:
robot_base_x: 10.494193
robot_base_y: -7.270914
robot_base_yaw: 3.134395
robot_geom: robot0_torso_fixed_collision_box_1
proxy_geom: scene_aabb_proxy_output_6
judge_collision_detected:
robot_base_x: 10.494193
robot_base_y: -7.270914
robot_base_yaw: 3.134395
robot_geom: robot0_torso_fixed_collision_box_1
proxy_geom: scene_aabb_proxy_production_line_6
judge_collision_detected:
robot_base_x: 10.494193
robot_base_y: -7.270914
robot_base_yaw: 3.134395
robot_geom: robot0_torso_fixed_column_collision
proxy_geom: scene_aabb_proxy_line_6_belt
judge_collision_detected:
robot_base_x: 10.494193
robot_base_y: -7.270914
robot_base_yaw: 3.134395
robot_geom: robot0_torso_fixed_column_collision
proxy_geom: scene_aabb_proxy_line_6_output_side_protrusion
judge_collision_detected:
robot_base_x: 10.494193
robot_base_y: -7.270914
robot_base_yaw: 3.134395
robot_geom: robot0_wheel_left_collision
proxy_geom: scene_aabb_proxy_line_6_output_side_protrusion
judge_collision_detected:
robot_base_x: 10.494193
robot_base_y: -7.270914
robot_base_yaw: 3.134395
robot_geom: robot0_wheel_right_collision
proxy_geom: scene_aabb_proxy_line_6_output_side_protrusion
judge_collision_detected:
robot_base_x: 10.494193
robot_base_y: -7.270914
robot_base_yaw: 3.134395
robot_geom: robot0_wheel_right_collision
proxy_geom: scene_aabb_proxy_production_line_6
judge_collision_detected:
robot_base_x: 10.492235
robot_base_y: -7.271183
robot_base_yaw: 3.134353
robot_geom: robot0_back_left_caster_2
proxy_geom: scene_aabb_proxy_line_6_belt
judge_collision_detected:
robot_base_x: 10.492235
robot_base_y: -7.271183
robot_base_yaw: 3.134353
robot_geom: robot0_back_left_caster_2
proxy_geom: scene_aabb_proxy_line_6_output_side_protrusion
judge_collision_detected:
robot_base_x: 10.492235
robot_base_y: -7.271183
robot_base_yaw: 3.134353
robot_geom: robot0_back_right_caster_2
proxy_geom: scene_aabb_proxy_line_6_belt
judge_collision_detected:
robot_base_x: 10.492235
robot_base_y: -7.271183
robot_base_yaw: 3.134353
robot_geom: robot0_back_right_caster_2
proxy_geom: scene_aabb_proxy_line_6_output_side_protrusion
judge_collision_detected:
robot_base_x: 10.492235
robot_base_y: -7.271183
robot_base_yaw: 3.134353
robot_geom: robot0_base_collision
proxy_geom: scene_aabb_proxy_line_6_belt
judge_collision_detected:
robot_base_x: 10.492235
robot_base_y: -7.271183
robot_base_yaw: 3.134353
robot_geom: robot0_base_collision
proxy_geom: scene_aabb_proxy_line_6_output_side_protrusion
judge_collision_detected:
robot_base_x: 10.492235
robot_base_y: -7.271183
robot_base_yaw: 3.134353
robot_geom: robot0_base_collision
proxy_geom: scene_aabb_proxy_output_6
judge_collision_detected:
robot_base_x: 10.492235
robot_base_y: -7.271183
robot_base_yaw: 3.134353
robot_geom: robot0_base_collision
proxy_geom: scene_aabb_proxy_production_line_6
judge_collision_detected:
robot_base_x: 10.492235
robot_base_y: -7.271183
robot_base_yaw: 3.134353
robot_geom: robot0_torso_fixed_collision_box_1
proxy_geom: scene_aabb_proxy_line_6_belt
judge_collision_detected:
robot_base_x: 10.492235
robot_base_y: -7.271183
robot_base_yaw: 3.134353
robot_geom: robot0_torso_fixed_collision_box_1
proxy_geom: scene_aabb_proxy_line_6_output_side_protrusion
judge_collision_detected:
robot_base_x: 10.492235
robot_base_y: -7.271183
robot_base_yaw: 3.134353
robot_geom: robot0_torso_fixed_collision_box_1
proxy_geom: scene_aabb_proxy_output_6
judge_collision_detected:
robot_base_x: 10.492235
robot_base_y: -7.271183
robot_base_yaw: 3.134353
robot_geom: robot0_torso_fixed_collision_box_1
proxy_geom: scene_aabb_proxy_production_line_6
judge_collision_detected:
robot_base_x: 10.492235
robot_base_y: -7.271183
robot_base_yaw: 3.134353
robot_geom: robot0_torso_fixed_column_collision
proxy_geom: scene_aabb_proxy_line_6_belt
judge_collision_detected:
robot_base_x: 10.492235
robot_base_y: -7.271183
robot_base_yaw: 3.134353
robot_geom: robot0_torso_fixed_column_collision
proxy_geom: scene_aabb_proxy_line_6_output_side_protrusion
judge_collision_detected:
robot_base_x: 10.492235
robot_base_y: -7.271183
robot_base_yaw: 3.134353
robot_geom: robot0_wheel_left_collision
proxy_geom: scene_aabb_proxy_line_6_output_side_protrusion
judge_collision_detected:
robot_base_x: 10.492235
robot_base_y: -7.271183
robot_base_yaw: 3.134353
robot_geom: robot0_wheel_right_collision
proxy_geom: scene_aabb_proxy_line_6_output_side_protrusion
judge_collision_detected:
robot_base_x: 10.492235
robot_base_y: -7.271183
robot_base_yaw: 3.134353
robot_geom: robot0_wheel_right_collision
proxy_geom: scene_aabb_proxy_production_line_6
judge_collision_detected:
robot_base_x: 10.490271
robot_base_y: -7.271454
robot_base_yaw: 3.134321
robot_geom: robot0_back_left_caster_2
proxy_geom: scene_aabb_proxy_line_6_belt
judge_collision_detected:
robot_base_x: 10.490271
robot_base_y: -7.271454
robot_base_yaw: 3.134321
robot_geom: robot0_back_left_caster_2
proxy_geom: scene_aabb_proxy_line_6_output_side_protrusion
judge_collision_detected:
robot_base_x: 10.490271
robot_base_y: -7.271454
robot_base_yaw: 3.134321
robot_geom: robot0_back_right_caster_2
proxy_geom: scene_aabb_proxy_line_6_belt
judge_collision_detected:
robot_base_x: 10.490271
robot_base_y: -7.271454
robot_base_yaw: 3.134321
robot_geom: robot0_back_right_caster_2
proxy_geom: scene_aabb_proxy_line_6_output_side_protrusion
judge_collision_detected:
robot_base_x: 10.490271
robot_base_y: -7.271454
robot_base_yaw: 3.134321
robot_geom: robot0_base_collision
proxy_geom: scene_aabb_proxy_line_6_belt
judge_collision_detected:
robot_base_x: 10.490271
robot_base_y: -7.271454
robot_base_yaw: 3.134321
robot_geom: robot0_base_collision
proxy_geom: scene_aabb_proxy_line_6_output_side_protrusion
judge_collision_detected:
robot_base_x: 10.490271
robot_base_y: -7.271454
robot_base_yaw: 3.134321
robot_geom: robot0_base_collision
proxy_geom: scene_aabb_proxy_output_6
judge_collision_detected:
robot_base_x: 10.490271
robot_base_y: -7.271454
robot_base_yaw: 3.134321
robot_geom: robot0_base_collision
proxy_geom: scene_aabb_proxy_production_line_6
judge_collision_detected:
robot_base_x: 10.490271
robot_base_y: -7.271454
robot_base_yaw: 3.134321
robot_geom: robot0_torso_fixed_collision_box_1
proxy_geom: scene_aabb_proxy_line_6_belt
judge_collision_detected:
robot_base_x: 10.490271
robot_base_y: -7.271454
robot_base_yaw: 3.134321
robot_geom: robot0_torso_fixed_collision_box_1
proxy_geom: scene_aabb_proxy_line_6_output_side_protrusion
judge_collision_detected:
robot_base_x: 10.490271
robot_base_y: -7.271454
robot_base_yaw: 3.134321
robot_geom: robot0_torso_fixed_collision_box_1
proxy_geom: scene_aabb_proxy_output_6
judge_collision_detected:
robot_base_x: 10.490271
robot_base_y: -7.271454
robot_base_yaw: 3.134321
robot_geom: robot0_torso_fixed_collision_box_1
proxy_geom: scene_aabb_proxy_production_line_6
judge_collision_detected:
robot_base_x: 10.490271
robot_base_y: -7.271454
robot_base_yaw: 3.134321
robot_geom: robot0_torso_fixed_column_collision
proxy_geom: scene_aabb_proxy_line_6_belt
judge_collision_detected:
robot_base_x: 10.490271
robot_base_y: -7.271454
robot_base_yaw: 3.134321
robot_geom: robot0_torso_fixed_column_collision
proxy_geom: scene_aabb_proxy_line_6_output_side_protrusion
judge_collision_detected:
robot_base_x: 10.490271
robot_base_y: -7.271454
robot_base_yaw: 3.134321
robot_geom: robot0_wheel_left_collision
proxy_geom: scene_aabb_proxy_line_6_output_side_protrusion
judge_collision_detected:
robot_base_x: 10.490271
robot_base_y: -7.271454
robot_base_yaw: 3.134321
robot_geom: robot0_wheel_right_collision
proxy_geom: scene_aabb_proxy_line_6_output_side_protrusion
judge_collision_detected:
robot_base_x: 10.490271
robot_base_y: -7.271454
robot_base_yaw: 3.134321
robot_geom: robot0_wheel_right_collision
proxy_geom: scene_aabb_proxy_production_line_6
judge_collision_detected:
robot_base_x: 10.488170
robot_base_y: -7.271722
robot_base_yaw: 3.134282
robot_geom: robot0_back_left_caster_2
proxy_geom: scene_aabb_proxy_line_6_belt
judge_collision_detected:
robot_base_x: 10.488170
robot_base_y: -7.271722
robot_base_yaw: 3.134282
robot_geom: robot0_back_left_caster_2
proxy_geom: scene_aabb_proxy_line_6_output_side_protrusion
judge_collision_detected:
robot_base_x: 10.488170
robot_base_y: -7.271722
robot_base_yaw: 3.134282
robot_geom: robot0_back_right_caster_2
proxy_geom: scene_aabb_proxy_line_6_belt
judge_collision_detected:
robot_base_x: 10.488170
robot_base_y: -7.271722
robot_base_yaw: 3.134282
robot_geom: robot0_back_right_caster_2
proxy_geom: scene_aabb_proxy_line_6_output_side_protrusion
judge_collision_detected:
robot_base_x: 10.488170
robot_base_y: -7.271722
robot_base_yaw: 3.134282
robot_geom: robot0_base_collision
proxy_geom: scene_aabb_proxy_line_6_belt
judge_collision_detected:
robot_base_x: 10.488170
robot_base_y: -7.271722
robot_base_yaw: 3.134282
robot_geom: robot0_base_collision
proxy_geom: scene_aabb_proxy_line_6_output_side_protrusion
judge_collision_detected:
robot_base_x: 10.488170
robot_base_y: -7.271722
robot_base_yaw: 3.134282
robot_geom: robot0_base_collision
proxy_geom: scene_aabb_proxy_output_6
judge_collision_detected:
robot_base_x: 10.488170
robot_base_y: -7.271722
robot_base_yaw: 3.134282
robot_geom: robot0_base_collision
proxy_geom: scene_aabb_proxy_production_line_6
judge_collision_detected:
robot_base_x: 10.488170
robot_base_y: -7.271722
robot_base_yaw: 3.134282
robot_geom: robot0_torso_fixed_collision_box_1
proxy_geom: scene_aabb_proxy_line_6_belt
judge_collision_detected:
robot_base_x: 10.488170
robot_base_y: -7.271722
robot_base_yaw: 3.134282
robot_geom: robot0_torso_fixed_collision_box_1
proxy_geom: scene_aabb_proxy_line_6_output_side_protrusion
judge_collision_detected:
robot_base_x: 10.488170
robot_base_y: -7.271722
robot_base_yaw: 3.134282
robot_geom: robot0_torso_fixed_collision_box_1
proxy_geom: scene_aabb_proxy_output_6
judge_collision_detected:
robot_base_x: 10.488170
robot_base_y: -7.271722
robot_base_yaw: 3.134282
robot_geom: robot0_torso_fixed_collision_box_1
proxy_geom: scene_aabb_proxy_production_line_6
judge_collision_detected:
robot_base_x: 10.488170
robot_base_y: -7.271722
robot_base_yaw: 3.134282
robot_geom: robot0_torso_fixed_column_collision
proxy_geom: scene_aabb_proxy_line_6_belt
judge_collision_detected:
robot_base_x: 10.488170
robot_base_y: -7.271722
robot_base_yaw: 3.134282
robot_geom: robot0_torso_fixed_column_collision
proxy_geom: scene_aabb_proxy_line_6_output_side_protrusion
judge_collision_detected:
robot_base_x: 10.488170
robot_base_y: -7.271722
robot_base_yaw: 3.134282
robot_geom: robot0_wheel_left_collision
proxy_geom: scene_aabb_proxy_line_6_output_side_protrusion
judge_collision_detected:
robot_base_x: 10.488170
robot_base_y: -7.271722
robot_base_yaw: 3.134282
robot_geom: robot0_wheel_right_collision
proxy_geom: scene_aabb_proxy_line_6_output_side_protrusion
judge_collision_detected:
robot_base_x: 10.488170
robot_base_y: -7.271722
robot_base_yaw: 3.134282
robot_geom: robot0_wheel_right_collision
proxy_geom: scene_aabb_proxy_production_line_6
judge_collision_detected:
robot_base_x: 10.486083
robot_base_y: -7.271986
robot_base_yaw: 3.134223
robot_geom: robot0_back_left_caster_2
proxy_geom: scene_aabb_proxy_line_6_belt
judge_collision_detected:
robot_base_x: 10.486083
robot_base_y: -7.271986
robot_base_yaw: 3.134223
robot_geom: robot0_back_left_caster_2
proxy_geom: scene_aabb_proxy_line_6_output_side_protrusion
judge_collision_detected:
robot_base_x: 10.486083
robot_base_y: -7.271986
robot_base_yaw: 3.134223
robot_geom: robot0_back_right_caster_2
proxy_geom: scene_aabb_proxy_line_6_belt
judge_collision_detected:
robot_base_x: 10.486083
robot_base_y: -7.271986
robot_base_yaw: 3.134223
robot_geom: robot0_back_right_caster_2
proxy_geom: scene_aabb_proxy_line_6_output_side_protrusion
judge_collision_detected:
robot_base_x: 10.486083
robot_base_y: -7.271986
robot_base_yaw: 3.134223
robot_geom: robot0_base_collision
proxy_geom: scene_aabb_proxy_line_6_belt
judge_collision_detected:
robot_base_x: 10.486083
robot_base_y: -7.271986
robot_base_yaw: 3.134223
robot_geom: robot0_base_collision
proxy_geom: scene_aabb_proxy_line_6_output_side_protrusion
judge_collision_detected:
robot_base_x: 10.486083
robot_base_y: -7.271986
robot_base_yaw: 3.134223
robot_geom: robot0_base_collision
proxy_geom: scene_aabb_proxy_output_6
judge_collision_detected:
robot_base_x: 10.486083
robot_base_y: -7.271986
robot_base_yaw: 3.134223
robot_geom: robot0_base_collision
proxy_geom: scene_aabb_proxy_production_line_6
judge_collision_detected:
robot_base_x: 10.486083
robot_base_y: -7.271986
robot_base_yaw: 3.134223
robot_geom: robot0_torso_fixed_collision_box_1
proxy_geom: scene_aabb_proxy_line_6_belt
judge_collision_detected:
robot_base_x: 10.486083
robot_base_y: -7.271986
robot_base_yaw: 3.134223
robot_geom: robot0_torso_fixed_collision_box_1
proxy_geom: scene_aabb_proxy_line_6_output_side_protrusion
judge_collision_detected:
robot_base_x: 10.486083
robot_base_y: -7.271986
robot_base_yaw: 3.134223
robot_geom: robot0_torso_fixed_collision_box_1
proxy_geom: scene_aabb_proxy_output_6
judge_collision_detected:
robot_base_x: 10.486083
robot_base_y: -7.271986
robot_base_yaw: 3.134223
robot_geom: robot0_torso_fixed_collision_box_1
proxy_geom: scene_aabb_proxy_production_line_6
judge_collision_detected:
robot_base_x: 10.486083
robot_base_y: -7.271986
robot_base_yaw: 3.134223
robot_geom: robot0_torso_fixed_column_collision
proxy_geom: scene_aabb_proxy_line_6_belt
judge_collision_detected:
robot_base_x: 10.486083
robot_base_y: -7.271986
robot_base_yaw: 3.134223
robot_geom: robot0_torso_fixed_column_collision
proxy_geom: scene_aabb_proxy_line_6_output_side_protrusion
judge_collision_detected:
robot_base_x: 10.486083
robot_base_y: -7.271986
robot_base_yaw: 3.134223
robot_geom: robot0_wheel_left_collision
proxy_geom: scene_aabb_proxy_line_6_output_side_protrusion
judge_collision_detected:
robot_base_x: 10.486083
robot_base_y: -7.271986
robot_base_yaw: 3.134223
robot_geom: robot0_wheel_right_collision
proxy_geom: scene_aabb_proxy_line_6_output_side_protrusion
judge_collision_detected:
robot_base_x: 10.486083
robot_base_y: -7.271986
robot_base_yaw: 3.134223
robot_geom: robot0_wheel_right_collision
proxy_geom: scene_aabb_proxy_production_line_6
judge_collision_detected:
robot_base_x: 10.484085
robot_base_y: -7.272246
robot_base_yaw: 3.134167
robot_geom: robot0_back_left_caster_2
proxy_geom: scene_aabb_proxy_line_6_belt
judge_collision_detected:
robot_base_x: 10.484085
robot_base_y: -7.272246
robot_base_yaw: 3.134167
robot_geom: robot0_back_left_caster_2
proxy_geom: scene_aabb_proxy_line_6_output_side_protrusion
judge_collision_detected:
robot_base_x: 10.484085
robot_base_y: -7.272246
robot_base_yaw: 3.134167
robot_geom: robot0_back_right_caster_2
proxy_geom: scene_aabb_proxy_line_6_belt
judge_collision_detected:
robot_base_x: 10.484085
robot_base_y: -7.272246
robot_base_yaw: 3.134167
robot_geom: robot0_back_right_caster_2
proxy_geom: scene_aabb_proxy_line_6_output_side_protrusion
judge_collision_detected:
robot_base_x: 10.484085
robot_base_y: -7.272246
robot_base_yaw: 3.134167
robot_geom: robot0_base_collision
proxy_geom: scene_aabb_proxy_line_6_belt
judge_collision_detected:
robot_base_x: 10.484085
robot_base_y: -7.272246
robot_base_yaw: 3.134167
robot_geom: robot0_base_collision
proxy_geom: scene_aabb_proxy_line_6_output_side_protrusion
judge_collision_detected:
robot_base_x: 10.484085
robot_base_y: -7.272246
robot_base_yaw: 3.134167
robot_geom: robot0_base_collision
proxy_geom: scene_aabb_proxy_output_6
judge_collision_detected:
robot_base_x: 10.484085
robot_base_y: -7.272246
robot_base_yaw: 3.134167
robot_geom: robot0_base_collision
proxy_geom: scene_aabb_proxy_production_line_6
judge_collision_detected:
robot_base_x: 10.484085
robot_base_y: -7.272246
robot_base_yaw: 3.134167
robot_geom: robot0_torso_fixed_collision_box_1
proxy_geom: scene_aabb_proxy_line_6_belt
judge_collision_detected:
robot_base_x: 10.484085
robot_base_y: -7.272246
robot_base_yaw: 3.134167
robot_geom: robot0_torso_fixed_collision_box_1
proxy_geom: scene_aabb_proxy_line_6_output_side_protrusion
judge_collision_detected:
robot_base_x: 10.484085
robot_base_y: -7.272246
robot_base_yaw: 3.134167
robot_geom: robot0_torso_fixed_collision_box_1
proxy_geom: scene_aabb_proxy_output_6
judge_collision_detected:
robot_base_x: 10.484085
robot_base_y: -7.272246
robot_base_yaw: 3.134167
robot_geom: robot0_torso_fixed_collision_box_1
proxy_geom: scene_aabb_proxy_production_line_6
judge_collision_detected:
robot_base_x: 10.484085
robot_base_y: -7.272246
robot_base_yaw: 3.134167
robot_geom: robot0_torso_fixed_column_collision
proxy_geom: scene_aabb_proxy_line_6_belt
judge_collision_detected:
robot_base_x: 10.484085
robot_base_y: -7.272246
robot_base_yaw: 3.134167
robot_geom: robot0_torso_fixed_column_collision
proxy_geom: scene_aabb_proxy_line_6_output_side_protrusion
judge_collision_detected:
robot_base_x: 10.484085
robot_base_y: -7.272246
robot_base_yaw: 3.134167
robot_geom: robot0_wheel_left_collision
proxy_geom: scene_aabb_proxy_line_6_output_side_protrusion
judge_collision_detected:
robot_base_x: 10.484085
robot_base_y: -7.272246
robot_base_yaw: 3.134167
robot_geom: robot0_wheel_right_collision
proxy_geom: scene_aabb_proxy_line_6_output_side_protrusion
judge_collision_detected:
robot_base_x: 10.484085
robot_base_y: -7.272246
robot_base_yaw: 3.134167
robot_geom: robot0_wheel_right_collision
proxy_geom: scene_aabb_proxy_production_line_6
judge_collision_detected:
robot_base_x: 10.482165
robot_base_y: -7.272503
robot_base_yaw: 3.134107
robot_geom: robot0_back_left_caster_2
proxy_geom: scene_aabb_proxy_line_6_belt
judge_collision_detected:
robot_base_x: 10.482165
robot_base_y: -7.272503
robot_base_yaw: 3.134107
robot_geom: robot0_back_left_caster_2
proxy_geom: scene_aabb_proxy_line_6_output_side_protrusion
judge_collision_detected:
robot_base_x: 10.482165
robot_base_y: -7.272503
robot_base_yaw: 3.134107
robot_geom: robot0_back_right_caster_2
proxy_geom: scene_aabb_proxy_line_6_belt
judge_collision_detected:
robot_base_x: 10.482165
robot_base_y: -7.272503
robot_base_yaw: 3.134107
robot_geom: robot0_back_right_caster_2
proxy_geom: scene_aabb_proxy_line_6_output_side_protrusion
judge_collision_detected:
robot_base_x: 10.482165
robot_base_y: -7.272503
robot_base_yaw: 3.134107
robot_geom: robot0_base_collision
proxy_geom: scene_aabb_proxy_line_6_belt
judge_collision_detected:
robot_base_x: 10.482165
robot_base_y: -7.272503
robot_base_yaw: 3.134107
robot_geom: robot0_base_collision
proxy_geom: scene_aabb_proxy_line_6_output_side_protrusion
judge_collision_detected:
robot_base_x: 10.482165
robot_base_y: -7.272503
robot_base_yaw: 3.134107
robot_geom: robot0_base_collision
proxy_geom: scene_aabb_proxy_output_6
judge_collision_detected:
robot_base_x: 10.482165
robot_base_y: -7.272503
robot_base_yaw: 3.134107
robot_geom: robot0_base_collision
proxy_geom: scene_aabb_proxy_production_line_6
judge_collision_detected:
robot_base_x: 10.482165
robot_base_y: -7.272503
robot_base_yaw: 3.134107
robot_geom: robot0_torso_fixed_collision_box_1
proxy_geom: scene_aabb_proxy_line_6_belt
judge_collision_detected:
robot_base_x: 10.482165
robot_base_y: -7.272503
robot_base_yaw: 3.134107
robot_geom: robot0_torso_fixed_collision_box_1
proxy_geom: scene_aabb_proxy_line_6_output_side_protrusion
judge_collision_detected:
robot_base_x: 10.482165
robot_base_y: -7.272503
robot_base_yaw: 3.134107
robot_geom: robot0_torso_fixed_collision_box_1
proxy_geom: scene_aabb_proxy_output_6
judge_collision_detected:
robot_base_x: 10.482165
robot_base_y: -7.272503
robot_base_yaw: 3.134107
robot_geom: robot0_torso_fixed_collision_box_1
proxy_geom: scene_aabb_proxy_production_line_6
judge_collision_detected:
robot_base_x: 10.482165
robot_base_y: -7.272503
robot_base_yaw: 3.134107
robot_geom: robot0_torso_fixed_column_collision
proxy_geom: scene_aabb_proxy_line_6_belt
judge_collision_detected:
robot_base_x: 10.482165
robot_base_y: -7.272503
robot_base_yaw: 3.134107
robot_geom: robot0_torso_fixed_column_collision
proxy_geom: scene_aabb_proxy_line_6_output_side_protrusion
judge_collision_detected:
robot_base_x: 10.482165
robot_base_y: -7.272503
robot_base_yaw: 3.134107
robot_geom: robot0_wheel_left_collision
proxy_geom: scene_aabb_proxy_line_6_output_side_protrusion
judge_collision_detected:
robot_base_x: 10.482165
robot_base_y: -7.272503
robot_base_yaw: 3.134107
robot_geom: robot0_wheel_right_collision
proxy_geom: scene_aabb_proxy_line_6_output_side_protrusion
judge_collision_detected:
robot_base_x: 10.482165
robot_base_y: -7.272503
robot_base_yaw: 3.134107
robot_geom: robot0_wheel_right_collision
proxy_geom: scene_aabb_proxy_production_line_6
judge_collision_detected:
robot_base_x: 10.480325
robot_base_y: -7.272757
robot_base_yaw: 3.134057
robot_geom: robot0_back_left_caster_2
proxy_geom: scene_aabb_proxy_line_6_belt
judge_collision_detected:
robot_base_x: 10.480325
robot_base_y: -7.272757
robot_base_yaw: 3.134057
robot_geom: robot0_back_left_caster_2
proxy_geom: scene_aabb_proxy_line_6_output_side_protrusion
judge_collision_detected:
robot_base_x: 10.480325
robot_base_y: -7.272757
robot_base_yaw: 3.134057
robot_geom: robot0_back_right_caster_2
proxy_geom: scene_aabb_proxy_line_6_belt
judge_collision_detected:
robot_base_x: 10.480325
robot_base_y: -7.272757
robot_base_yaw: 3.134057
robot_geom: robot0_back_right_caster_2
proxy_geom: scene_aabb_proxy_line_6_output_side_protrusion
judge_collision_detected:
robot_base_x: 10.480325
robot_base_y: -7.272757
robot_base_yaw: 3.134057
robot_geom: robot0_base_collision
proxy_geom: scene_aabb_proxy_line_6_belt
judge_collision_detected:
robot_base_x: 10.480325
robot_base_y: -7.272757
robot_base_yaw: 3.134057
robot_geom: robot0_base_collision
proxy_geom: scene_aabb_proxy_line_6_output_side_protrusion
judge_collision_detected:
robot_base_x: 10.480325
robot_base_y: -7.272757
robot_base_yaw: 3.134057
robot_geom: robot0_base_collision
proxy_geom: scene_aabb_proxy_output_6
judge_collision_detected:
robot_base_x: 10.480325
robot_base_y: -7.272757
robot_base_yaw: 3.134057
robot_geom: robot0_base_collision
proxy_geom: scene_aabb_proxy_production_line_6
judge_collision_detected:
robot_base_x: 10.480325
robot_base_y: -7.272757
robot_base_yaw: 3.134057
robot_geom: robot0_torso_fixed_collision_box_1
proxy_geom: scene_aabb_proxy_line_6_belt
judge_collision_detected:
robot_base_x: 10.480325
robot_base_y: -7.272757
robot_base_yaw: 3.134057
robot_geom: robot0_torso_fixed_collision_box_1
proxy_geom: scene_aabb_proxy_line_6_output_side_protrusion
judge_collision_detected:
robot_base_x: 10.480325
robot_base_y: -7.272757
robot_base_yaw: 3.134057
robot_geom: robot0_torso_fixed_collision_box_1
proxy_geom: scene_aabb_proxy_output_6
judge_collision_detected:
robot_base_x: 10.480325
robot_base_y: -7.272757
robot_base_yaw: 3.134057
robot_geom: robot0_torso_fixed_collision_box_1
proxy_geom: scene_aabb_proxy_production_line_6
judge_collision_detected:
robot_base_x: 10.480325
robot_base_y: -7.272757
robot_base_yaw: 3.134057
robot_geom: robot0_torso_fixed_column_collision
proxy_geom: scene_aabb_proxy_line_6_belt
judge_collision_detected:
robot_base_x: 10.480325
robot_base_y: -7.272757
robot_base_yaw: 3.134057
robot_geom: robot0_torso_fixed_column_collision
proxy_geom: scene_aabb_proxy_line_6_output_side_protrusion
judge_collision_detected:
robot_base_x: 10.480325
robot_base_y: -7.272757
robot_base_yaw: 3.134057
robot_geom: robot0_wheel_left_collision
proxy_geom: scene_aabb_proxy_line_6_output_side_protrusion
judge_collision_detected:
robot_base_x: 10.480325
robot_base_y: -7.272757
robot_base_yaw: 3.134057
robot_geom: robot0_wheel_right_collision
proxy_geom: scene_aabb_proxy_line_6_output_side_protrusion
judge_collision_detected:
robot_base_x: 10.480325
robot_base_y: -7.272757
robot_base_yaw: 3.134057
robot_geom: robot0_wheel_right_collision
proxy_geom: scene_aabb_proxy_production_line_6
judge_collision_detected:
robot_base_x: 10.478560
robot_base_y: -7.273008
robot_base_yaw: 3.134014
robot_geom: robot0_back_left_caster_2
proxy_geom: scene_aabb_proxy_line_6_belt
judge_collision_detected:
robot_base_x: 10.478560
robot_base_y: -7.273008
robot_base_yaw: 3.134014
robot_geom: robot0_back_left_caster_2
proxy_geom: scene_aabb_proxy_line_6_output_side_protrusion
judge_collision_detected:
robot_base_x: 10.478560
robot_base_y: -7.273008
robot_base_yaw: 3.134014
robot_geom: robot0_back_right_caster_2
proxy_geom: scene_aabb_proxy_line_6_belt
judge_collision_detected:
robot_base_x: 10.478560
robot_base_y: -7.273008
robot_base_yaw: 3.134014
robot_geom: robot0_back_right_caster_2
proxy_geom: scene_aabb_proxy_line_6_output_side_protrusion
judge_collision_detected:
robot_base_x: 10.478560
robot_base_y: -7.273008
robot_base_yaw: 3.134014
robot_geom: robot0_base_collision
proxy_geom: scene_aabb_proxy_line_6_belt
judge_collision_detected:
robot_base_x: 10.478560
robot_base_y: -7.273008
robot_base_yaw: 3.134014
robot_geom: robot0_base_collision
proxy_geom: scene_aabb_proxy_line_6_output_side_protrusion
judge_collision_detected:
robot_base_x: 10.478560
robot_base_y: -7.273008
robot_base_yaw: 3.134014
robot_geom: robot0_base_collision
proxy_geom: scene_aabb_proxy_output_6
judge_collision_detected:
robot_base_x: 10.478560
robot_base_y: -7.273008
robot_base_yaw: 3.134014
robot_geom: robot0_base_collision
proxy_geom: scene_aabb_proxy_production_line_6
judge_collision_detected:
robot_base_x: 10.478560
robot_base_y: -7.273008
robot_base_yaw: 3.134014
robot_geom: robot0_torso_fixed_collision_box_1
proxy_geom: scene_aabb_proxy_line_6_belt
judge_collision_detected:
robot_base_x: 10.478560
robot_base_y: -7.273008
robot_base_yaw: 3.134014
robot_geom: robot0_torso_fixed_collision_box_1
proxy_geom: scene_aabb_proxy_line_6_output_side_protrusion
judge_collision_detected:
robot_base_x: 10.478560
robot_base_y: -7.273008
robot_base_yaw: 3.134014
robot_geom: robot0_torso_fixed_collision_box_1
proxy_geom: scene_aabb_proxy_output_6
judge_collision_detected:
robot_base_x: 10.478560
robot_base_y: -7.273008
robot_base_yaw: 3.134014
robot_geom: robot0_torso_fixed_collision_box_1
proxy_geom: scene_aabb_proxy_production_line_6
judge_collision_detected:
robot_base_x: 10.478560
robot_base_y: -7.273008
robot_base_yaw: 3.134014
robot_geom: robot0_torso_fixed_column_collision
proxy_geom: scene_aabb_proxy_line_6_belt
judge_collision_detected:
robot_base_x: 10.478560
robot_base_y: -7.273008
robot_base_yaw: 3.134014
robot_geom: robot0_torso_fixed_column_collision
proxy_geom: scene_aabb_proxy_line_6_output_side_protrusion
judge_collision_detected:
robot_base_x: 10.478560
robot_base_y: -7.273008
robot_base_yaw: 3.134014
robot_geom: robot0_wheel_left_collision
proxy_geom: scene_aabb_proxy_line_6_output_side_protrusion
judge_collision_detected:
robot_base_x: 10.478560
robot_base_y: -7.273008
robot_base_yaw: 3.134014
robot_geom: robot0_wheel_right_collision
proxy_geom: scene_aabb_proxy_line_6_output_side_protrusion
judge_collision_detected:
robot_base_x: 10.478560
robot_base_y: -7.273008
robot_base_yaw: 3.134014
robot_geom: robot0_wheel_right_collision
proxy_geom: scene_aabb_proxy_production_line_6
judge_collision_detected:
robot_base_x: 10.476851
robot_base_y: -7.273256
robot_base_yaw: 3.133959
robot_geom: robot0_back_left_caster_2
proxy_geom: scene_aabb_proxy_line_6_belt
judge_collision_detected:
robot_base_x: 10.476851
robot_base_y: -7.273256
robot_base_yaw: 3.133959
robot_geom: robot0_back_left_caster_2
proxy_geom: scene_aabb_proxy_line_6_output_side_protrusion
judge_collision_detected:
robot_base_x: 10.476851
robot_base_y: -7.273256
robot_base_yaw: 3.133959
robot_geom: robot0_back_right_caster_2
proxy_geom: scene_aabb_proxy_line_6_belt
judge_collision_detected:
robot_base_x: 10.476851
robot_base_y: -7.273256
robot_base_yaw: 3.133959
robot_geom: robot0_back_right_caster_2
proxy_geom: scene_aabb_proxy_line_6_output_side_protrusion
judge_collision_detected:
robot_base_x: 10.476851
robot_base_y: -7.273256
robot_base_yaw: 3.133959
robot_geom: robot0_base_collision
proxy_geom: scene_aabb_proxy_line_6_belt
judge_collision_detected:
robot_base_x: 10.476851
robot_base_y: -7.273256
robot_base_yaw: 3.133959
robot_geom: robot0_base_collision
proxy_geom: scene_aabb_proxy_line_6_output_side_protrusion
judge_collision_detected:
robot_base_x: 10.476851
robot_base_y: -7.273256
robot_base_yaw: 3.133959
robot_geom: robot0_base_collision
proxy_geom: scene_aabb_proxy_output_6
judge_collision_detected:
robot_base_x: 10.476851
robot_base_y: -7.273256
robot_base_yaw: 3.133959
robot_geom: robot0_base_collision
proxy_geom: scene_aabb_proxy_production_line_6
judge_collision_detected:
robot_base_x: 10.476851
robot_base_y: -7.273256
robot_base_yaw: 3.133959
robot_geom: robot0_torso_fixed_collision_box_1
proxy_geom: scene_aabb_proxy_line_6_belt
judge_collision_detected:
robot_base_x: 10.476851
robot_base_y: -7.273256
robot_base_yaw: 3.133959
robot_geom: robot0_torso_fixed_collision_box_1
proxy_geom: scene_aabb_proxy_line_6_output_side_protrusion
judge_collision_detected:
robot_base_x: 10.476851
robot_base_y: -7.273256
robot_base_yaw: 3.133959
robot_geom: robot0_torso_fixed_collision_box_1
proxy_geom: scene_aabb_proxy_output_6
judge_collision_detected:
robot_base_x: 10.476851
robot_base_y: -7.273256
robot_base_yaw: 3.133959
robot_geom: robot0_torso_fixed_collision_box_1
proxy_geom: scene_aabb_proxy_production_line_6
judge_collision_detected:
robot_base_x: 10.476851
robot_base_y: -7.273256
robot_base_yaw: 3.133959
robot_geom: robot0_torso_fixed_column_collision
proxy_geom: scene_aabb_proxy_line_6_belt
judge_collision_detected:
robot_base_x: 10.476851
robot_base_y: -7.273256
robot_base_yaw: 3.133959
robot_geom: robot0_torso_fixed_column_collision
proxy_geom: scene_aabb_proxy_line_6_output_side_protrusion
judge_collision_detected:
robot_base_x: 10.476851
robot_base_y: -7.273256
robot_base_yaw: 3.133959
robot_geom: robot0_wheel_left_collision
proxy_geom: scene_aabb_proxy_line_6_output_side_protrusion
judge_collision_detected:
robot_base_x: 10.476851
robot_base_y: -7.273256
robot_base_yaw: 3.133959
robot_geom: robot0_wheel_right_collision
proxy_geom: scene_aabb_proxy_line_6_output_side_protrusion
judge_collision_detected:
robot_base_x: 10.476851
robot_base_y: -7.273256
robot_base_yaw: 3.133959
robot_geom: robot0_wheel_right_collision
proxy_geom: scene_aabb_proxy_production_line_6
judge_collision_detected:
robot_base_x: 10.474975
robot_base_y: -7.273463
robot_base_yaw: 3.133245
robot_geom: robot0_back_left_caster_2
proxy_geom: scene_aabb_proxy_line_6_belt
judge_collision_detected:
robot_base_x: 10.474975
robot_base_y: -7.273463
robot_base_yaw: 3.133245
robot_geom: robot0_back_left_caster_2
proxy_geom: scene_aabb_proxy_line_6_output_side_protrusion
judge_collision_detected:
robot_base_x: 10.474975
robot_base_y: -7.273463
robot_base_yaw: 3.133245
robot_geom: robot0_back_right_caster_2
proxy_geom: scene_aabb_proxy_line_6_belt
judge_collision_detected:
robot_base_x: 10.474975
robot_base_y: -7.273463
robot_base_yaw: 3.133245
robot_geom: robot0_back_right_caster_2
proxy_geom: scene_aabb_proxy_line_6_output_side_protrusion
judge_collision_detected:
robot_base_x: 10.474975
robot_base_y: -7.273463
robot_base_yaw: 3.133245
robot_geom: robot0_base_collision
proxy_geom: scene_aabb_proxy_line_6_belt
judge_collision_detected:
robot_base_x: 10.474975
robot_base_y: -7.273463
robot_base_yaw: 3.133245
robot_geom: robot0_base_collision
proxy_geom: scene_aabb_proxy_line_6_output_side_protrusion
judge_collision_detected:
robot_base_x: 10.474975
robot_base_y: -7.273463
robot_base_yaw: 3.133245
robot_geom: robot0_base_collision
proxy_geom: scene_aabb_proxy_output_6
judge_collision_detected:
robot_base_x: 10.474975
robot_base_y: -7.273463
robot_base_yaw: 3.133245
robot_geom: robot0_base_collision
proxy_geom: scene_aabb_proxy_production_line_6
judge_collision_detected:
robot_base_x: 10.474975
robot_base_y: -7.273463
robot_base_yaw: 3.133245
robot_geom: robot0_torso_fixed_collision_box_1
proxy_geom: scene_aabb_proxy_line_6_belt
judge_collision_detected:
robot_base_x: 10.474975
robot_base_y: -7.273463
robot_base_yaw: 3.133245
robot_geom: robot0_torso_fixed_collision_box_1
proxy_geom: scene_aabb_proxy_line_6_output_side_protrusion
judge_collision_detected:
robot_base_x: 10.474975
robot_base_y: -7.273463
robot_base_yaw: 3.133245
robot_geom: robot0_torso_fixed_collision_box_1
proxy_geom: scene_aabb_proxy_output_6
judge_collision_detected:
robot_base_x: 10.474975
robot_base_y: -7.273463
robot_base_yaw: 3.133245
robot_geom: robot0_torso_fixed_collision_box_1
proxy_geom: scene_aabb_proxy_production_line_6
judge_collision_detected:
robot_base_x: 10.474975
robot_base_y: -7.273463
robot_base_yaw: 3.133245
robot_geom: robot0_torso_fixed_column_collision
proxy_geom: scene_aabb_proxy_line_6_belt
judge_collision_detected:
robot_base_x: 10.474975
robot_base_y: -7.273463
robot_base_yaw: 3.133245
robot_geom: robot0_torso_fixed_column_collision
proxy_geom: scene_aabb_proxy_line_6_output_side_protrusion
judge_collision_detected:
robot_base_x: 10.474975
robot_base_y: -7.273463
robot_base_yaw: 3.133245
robot_geom: robot0_wheel_left_collision
proxy_geom: scene_aabb_proxy_line_6_output_side_protrusion
judge_collision_detected:
robot_base_x: 10.474975
robot_base_y: -7.273463
robot_base_yaw: 3.133245
robot_geom: robot0_wheel_right_collision
proxy_geom: scene_aabb_proxy_line_6_output_side_protrusion
judge_collision_detected:
robot_base_x: 10.474975
robot_base_y: -7.273463
robot_base_yaw: 3.133245
robot_geom: robot0_wheel_right_collision
proxy_geom: scene_aabb_proxy_production_line_6
judge_collision_detected:
robot_base_x: 10.472263
robot_base_y: -7.273510
robot_base_yaw: 3.130005
robot_geom: robot0_back_left_caster_2
proxy_geom: scene_aabb_proxy_line_6_belt
judge_collision_detected:
robot_base_x: 10.472263
robot_base_y: -7.273510
robot_base_yaw: 3.130005
robot_geom: robot0_back_left_caster_2
proxy_geom: scene_aabb_proxy_line_6_output_side_protrusion
judge_collision_detected:
robot_base_x: 10.472263
robot_base_y: -7.273510
robot_base_yaw: 3.130005
robot_geom: robot0_back_right_caster_2
proxy_geom: scene_aabb_proxy_line_6_belt
judge_collision_detected:
robot_base_x: 10.472263
robot_base_y: -7.273510
robot_base_yaw: 3.130005
robot_geom: robot0_back_right_caster_2
proxy_geom: scene_aabb_proxy_line_6_output_side_protrusion
judge_collision_detected:
robot_base_x: 10.472263
robot_base_y: -7.273510
robot_base_yaw: 3.130005
robot_geom: robot0_base_collision
proxy_geom: scene_aabb_proxy_line_6_belt
judge_collision_detected:
robot_base_x: 10.472263
robot_base_y: -7.273510
robot_base_yaw: 3.130005
robot_geom: robot0_base_collision
proxy_geom: scene_aabb_proxy_line_6_output_side_protrusion
judge_collision_detected:
robot_base_x: 10.472263
robot_base_y: -7.273510
robot_base_yaw: 3.130005
robot_geom: robot0_base_collision
proxy_geom: scene_aabb_proxy_output_6
judge_collision_detected:
robot_base_x: 10.472263
robot_base_y: -7.273510
robot_base_yaw: 3.130005
robot_geom: robot0_base_collision
proxy_geom: scene_aabb_proxy_production_line_6
judge_collision_detected:
robot_base_x: 10.472263
robot_base_y: -7.273510
robot_base_yaw: 3.130005
robot_geom: robot0_torso_fixed_collision_box_1
proxy_geom: scene_aabb_proxy_line_6_belt
judge_collision_detected:
robot_base_x: 10.472263
robot_base_y: -7.273510
robot_base_yaw: 3.130005
robot_geom: robot0_torso_fixed_collision_box_1
proxy_geom: scene_aabb_proxy_line_6_output_side_protrusion
judge_collision_detected:
robot_base_x: 10.472263
robot_base_y: -7.273510
robot_base_yaw: 3.130005
robot_geom: robot0_torso_fixed_collision_box_1
proxy_geom: scene_aabb_proxy_output_6
judge_collision_detected:
robot_base_x: 10.472263
robot_base_y: -7.273510
robot_base_yaw: 3.130005
robot_geom: robot0_torso_fixed_collision_box_1
proxy_geom: scene_aabb_proxy_production_line_6
judge_collision_detected:
robot_base_x: 10.472263
robot_base_y: -7.273510
robot_base_yaw: 3.130005
robot_geom: robot0_torso_fixed_column_collision
proxy_geom: scene_aabb_proxy_line_6_belt
judge_collision_detected:
robot_base_x: 10.472263
robot_base_y: -7.273510
robot_base_yaw: 3.130005
robot_geom: robot0_torso_fixed_column_collision
proxy_geom: scene_aabb_proxy_line_6_output_side_protrusion
judge_collision_detected:
robot_base_x: 10.472263
robot_base_y: -7.273510
robot_base_yaw: 3.130005
robot_geom: robot0_wheel_left_collision
proxy_geom: scene_aabb_proxy_line_6_output_side_protrusion
judge_collision_detected:
robot_base_x: 10.472263
robot_base_y: -7.273510
robot_base_yaw: 3.130005
robot_geom: robot0_wheel_right_collision
proxy_geom: scene_aabb_proxy_line_6_output_side_protrusion
judge_collision_detected:
robot_base_x: 10.472263
robot_base_y: -7.273510
robot_base_yaw: 3.130005
robot_geom: robot0_wheel_right_collision
proxy_geom: scene_aabb_proxy_production_line_6
judge_collision_detected:
robot_base_x: 10.468153
robot_base_y: -7.273819
robot_base_yaw: 3.130358
robot_geom: robot0_back_left_caster_2
proxy_geom: scene_aabb_proxy_line_6_belt
judge_collision_detected:
robot_base_x: 10.468153
robot_base_y: -7.273819
robot_base_yaw: 3.130358
robot_geom: robot0_back_left_caster_2
proxy_geom: scene_aabb_proxy_line_6_output_side_protrusion
judge_collision_detected:
robot_base_x: 10.468153
robot_base_y: -7.273819
robot_base_yaw: 3.130358
robot_geom: robot0_back_right_caster_2
proxy_geom: scene_aabb_proxy_line_6_belt
judge_collision_detected:
robot_base_x: 10.468153
robot_base_y: -7.273819
robot_base_yaw: 3.130358
robot_geom: robot0_back_right_caster_2
proxy_geom: scene_aabb_proxy_line_6_output_side_protrusion
judge_collision_detected:
robot_base_x: 10.468153
robot_base_y: -7.273819
robot_base_yaw: 3.130358
robot_geom: robot0_base_collision
proxy_geom: scene_aabb_proxy_line_6_belt
judge_collision_detected:
robot_base_x: 10.468153
robot_base_y: -7.273819
robot_base_yaw: 3.130358
robot_geom: robot0_base_collision
proxy_geom: scene_aabb_proxy_line_6_output_side_protrusion
judge_collision_detected:
robot_base_x: 10.468153
robot_base_y: -7.273819
robot_base_yaw: 3.130358
robot_geom: robot0_base_collision
proxy_geom: scene_aabb_proxy_output_6
judge_collision_detected:
robot_base_x: 10.468153
robot_base_y: -7.273819
robot_base_yaw: 3.130358
robot_geom: robot0_base_collision
proxy_geom: scene_aabb_proxy_production_line_6
judge_collision_detected:
robot_base_x: 10.468153
robot_base_y: -7.273819
robot_base_yaw: 3.130358
robot_geom: robot0_torso_fixed_collision_box_1
proxy_geom: scene_aabb_proxy_line_6_belt
judge_collision_detected:
robot_base_x: 10.468153
robot_base_y: -7.273819
robot_base_yaw: 3.130358
robot_geom: robot0_torso_fixed_collision_box_1
proxy_geom: scene_aabb_proxy_line_6_output_side_protrusion
judge_collision_detected:
robot_base_x: 10.468153
robot_base_y: -7.273819
robot_base_yaw: 3.130358
robot_geom: robot0_torso_fixed_collision_box_1
proxy_geom: scene_aabb_proxy_output_6
judge_collision_detected:
robot_base_x: 10.468153
robot_base_y: -7.273819
robot_base_yaw: 3.130358
robot_geom: robot0_torso_fixed_collision_box_1
proxy_geom: scene_aabb_proxy_production_line_6
judge_collision_detected:
robot_base_x: 10.468153
robot_base_y: -7.273819
robot_base_yaw: 3.130358
robot_geom: robot0_torso_fixed_column_collision
proxy_geom: scene_aabb_proxy_line_6_belt
judge_collision_detected:
robot_base_x: 10.468153
robot_base_y: -7.273819
robot_base_yaw: 3.130358
robot_geom: robot0_torso_fixed_column_collision
proxy_geom: scene_aabb_proxy_line_6_output_side_protrusion
judge_collision_detected:
robot_base_x: 10.468153
robot_base_y: -7.273819
robot_base_yaw: 3.130358
robot_geom: robot0_wheel_left_collision
proxy_geom: scene_aabb_proxy_line_6_output_side_protrusion
judge_collision_detected:
robot_base_x: 10.468153
robot_base_y: -7.273819
robot_base_yaw: 3.130358
robot_geom: robot0_wheel_right_collision
proxy_geom: scene_aabb_proxy_line_6_output_side_protrusion
judge_collision_detected:
robot_base_x: 10.468153
robot_base_y: -7.273819
robot_base_yaw: 3.130358
robot_geom: robot0_wheel_right_collision
proxy_geom: scene_aabb_proxy_production_line_6
judge_collision_detected:
robot_base_x: 10.463104
robot_base_y: -7.274324
robot_base_yaw: 3.133246
robot_geom: robot0_back_left_caster_2
proxy_geom: scene_aabb_proxy_line_6_belt
judge_collision_detected:
robot_base_x: 10.463104
robot_base_y: -7.274324
robot_base_yaw: 3.133246
robot_geom: robot0_back_left_caster_2
proxy_geom: scene_aabb_proxy_line_6_output_side_protrusion
judge_collision_detected:
robot_base_x: 10.463104
robot_base_y: -7.274324
robot_base_yaw: 3.133246
robot_geom: robot0_back_right_caster_2
proxy_geom: scene_aabb_proxy_line_6_belt
judge_collision_detected:
robot_base_x: 10.463104
robot_base_y: -7.274324
robot_base_yaw: 3.133246
robot_geom: robot0_back_right_caster_2
proxy_geom: scene_aabb_proxy_line_6_output_side_protrusion
judge_collision_detected:
robot_base_x: 10.463104
robot_base_y: -7.274324
robot_base_yaw: 3.133246
robot_geom: robot0_base_collision
proxy_geom: scene_aabb_proxy_line_6_belt
judge_collision_detected:
robot_base_x: 10.463104
robot_base_y: -7.274324
robot_base_yaw: 3.133246
robot_geom: robot0_base_collision
proxy_geom: scene_aabb_proxy_line_6_output_side_protrusion
judge_collision_detected:
robot_base_x: 10.463104
robot_base_y: -7.274324
robot_base_yaw: 3.133246
robot_geom: robot0_base_collision
proxy_geom: scene_aabb_proxy_output_6
judge_collision_detected:
robot_base_x: 10.463104
robot_base_y: -7.274324
robot_base_yaw: 3.133246
robot_geom: robot0_base_collision
proxy_geom: scene_aabb_proxy_production_line_6
judge_collision_detected:
robot_base_x: 10.463104
robot_base_y: -7.274324
robot_base_yaw: 3.133246
robot_geom: robot0_front_left_caster_2
proxy_geom: scene_aabb_proxy_output_6
judge_collision_detected:
robot_base_x: 10.463104
robot_base_y: -7.274324
robot_base_yaw: 3.133246
robot_geom: robot0_front_right_caster_2
proxy_geom: scene_aabb_proxy_output_6
judge_collision_detected:
robot_base_x: 10.463104
robot_base_y: -7.274324
robot_base_yaw: 3.133246
robot_geom: robot0_torso_fixed_collision_box_1
proxy_geom: scene_aabb_proxy_line_6_belt
judge_collision_detected:
robot_base_x: 10.463104
robot_base_y: -7.274324
robot_base_yaw: 3.133246
robot_geom: robot0_torso_fixed_collision_box_1
proxy_geom: scene_aabb_proxy_line_6_output_side_protrusion
judge_collision_detected:
robot_base_x: 10.463104
robot_base_y: -7.274324
robot_base_yaw: 3.133246
robot_geom: robot0_torso_fixed_collision_box_1
proxy_geom: scene_aabb_proxy_output_6
judge_collision_detected:
robot_base_x: 10.463104
robot_base_y: -7.274324
robot_base_yaw: 3.133246
robot_geom: robot0_torso_fixed_collision_box_1
proxy_geom: scene_aabb_proxy_production_line_6
judge_collision_detected:
robot_base_x: 10.463104
robot_base_y: -7.274324
robot_base_yaw: 3.133246
robot_geom: robot0_torso_fixed_column_collision
proxy_geom: scene_aabb_proxy_line_6_output_side_protrusion
judge_collision_detected:
robot_base_x: 10.463104
robot_base_y: -7.274324
robot_base_yaw: 3.133246
robot_geom: robot0_wheel_left_collision
proxy_geom: scene_aabb_proxy_line_6_output_side_protrusion
judge_collision_detected:
robot_base_x: 10.463104
robot_base_y: -7.274324
robot_base_yaw: 3.133246
robot_geom: robot0_wheel_right_collision
proxy_geom: scene_aabb_proxy_line_6_output_side_protrusion
judge_collision_detected:
robot_base_x: 10.463104
robot_base_y: -7.274324
robot_base_yaw: 3.133246
robot_geom: robot0_wheel_right_collision
proxy_geom: scene_aabb_proxy_production_line_6
judge_collision_detected:
robot_base_x: 10.456116
robot_base_y: -7.274712
robot_base_yaw: 3.135233
robot_geom: robot0_back_left_caster_2
proxy_geom: scene_aabb_proxy_line_6_belt
judge_collision_detected:
robot_base_x: 10.456116
robot_base_y: -7.274712
robot_base_yaw: 3.135233
robot_geom: robot0_back_left_caster_2
proxy_geom: scene_aabb_proxy_line_6_output_side_protrusion
judge_collision_detected:
robot_base_x: 10.456116
robot_base_y: -7.274712
robot_base_yaw: 3.135233
robot_geom: robot0_back_right_caster_2
proxy_geom: scene_aabb_proxy_line_6_belt
judge_collision_detected:
robot_base_x: 10.456116
robot_base_y: -7.274712
robot_base_yaw: 3.135233
robot_geom: robot0_back_right_caster_2
proxy_geom: scene_aabb_proxy_line_6_output_side_protrusion
judge_collision_detected:
robot_base_x: 10.456116
robot_base_y: -7.274712
robot_base_yaw: 3.135233
robot_geom: robot0_base_collision
proxy_geom: scene_aabb_proxy_line_6_belt
judge_collision_detected:
robot_base_x: 10.456116
robot_base_y: -7.274712
robot_base_yaw: 3.135233
robot_geom: robot0_base_collision
proxy_geom: scene_aabb_proxy_line_6_output_side_protrusion
judge_collision_detected:
robot_base_x: 10.456116
robot_base_y: -7.274712
robot_base_yaw: 3.135233
robot_geom: robot0_base_collision
proxy_geom: scene_aabb_proxy_output_6
judge_collision_detected:
robot_base_x: 10.456116
robot_base_y: -7.274712
robot_base_yaw: 3.135233
robot_geom: robot0_base_collision
proxy_geom: scene_aabb_proxy_production_line_6
judge_collision_detected:
robot_base_x: 10.456116
robot_base_y: -7.274712
robot_base_yaw: 3.135233
robot_geom: robot0_front_left_caster_2
proxy_geom: scene_aabb_proxy_output_6
judge_collision_detected:
robot_base_x: 10.456116
robot_base_y: -7.274712
robot_base_yaw: 3.135233
robot_geom: robot0_front_right_caster_2
proxy_geom: scene_aabb_proxy_output_6
judge_collision_detected:
robot_base_x: 10.456116
robot_base_y: -7.274712
robot_base_yaw: 3.135233
robot_geom: robot0_torso_fixed_collision_box_1
proxy_geom: scene_aabb_proxy_line_6_belt
judge_collision_detected:
robot_base_x: 10.456116
robot_base_y: -7.274712
robot_base_yaw: 3.135233
robot_geom: robot0_torso_fixed_collision_box_1
proxy_geom: scene_aabb_proxy_line_6_output_side_protrusion
judge_collision_detected:
robot_base_x: 10.456116
robot_base_y: -7.274712
robot_base_yaw: 3.135233
robot_geom: robot0_torso_fixed_collision_box_1
proxy_geom: scene_aabb_proxy_output_6
judge_collision_detected:
robot_base_x: 10.456116
robot_base_y: -7.274712
robot_base_yaw: 3.135233
robot_geom: robot0_torso_fixed_collision_box_1
proxy_geom: scene_aabb_proxy_production_line_6
judge_collision_detected:
robot_base_x: 10.456116
robot_base_y: -7.274712
robot_base_yaw: 3.135233
robot_geom: robot0_torso_fixed_column_collision
proxy_geom: scene_aabb_proxy_line_6_output_side_protrusion
judge_collision_detected:
robot_base_x: 10.456116
robot_base_y: -7.274712
robot_base_yaw: 3.135233
robot_geom: robot0_wheel_left_collision
proxy_geom: scene_aabb_proxy_line_6_output_side_protrusion
judge_collision_detected:
robot_base_x: 10.456116
robot_base_y: -7.274712
robot_base_yaw: 3.135233
robot_geom: robot0_wheel_right_collision
proxy_geom: scene_aabb_proxy_line_6_output_side_protrusion
judge_collision_detected:
robot_base_x: 10.456116
robot_base_y: -7.274712
robot_base_yaw: 3.135233
robot_geom: robot0_wheel_right_collision
proxy_geom: scene_aabb_proxy_production_line_6
judge_collision_detected:
robot_base_x: 10.448142
robot_base_y: -7.275118
robot_base_yaw: 3.137514
robot_geom: robot0_back_left_caster_2
proxy_geom: scene_aabb_proxy_line_6_belt
judge_collision_detected:
robot_base_x: 10.448142
robot_base_y: -7.275118
robot_base_yaw: 3.137514
robot_geom: robot0_back_left_caster_2
proxy_geom: scene_aabb_proxy_line_6_output_side_protrusion
judge_collision_detected:
robot_base_x: 10.448142
robot_base_y: -7.275118
robot_base_yaw: 3.137514
robot_geom: robot0_back_right_caster_2
proxy_geom: scene_aabb_proxy_line_6_belt
judge_collision_detected:
robot_base_x: 10.448142
robot_base_y: -7.275118
robot_base_yaw: 3.137514
robot_geom: robot0_back_right_caster_2
proxy_geom: scene_aabb_proxy_line_6_output_side_protrusion
judge_collision_detected:
robot_base_x: 10.448142
robot_base_y: -7.275118
robot_base_yaw: 3.137514
robot_geom: robot0_base_collision
proxy_geom: scene_aabb_proxy_line_6_belt
judge_collision_detected:
robot_base_x: 10.448142
robot_base_y: -7.275118
robot_base_yaw: 3.137514
robot_geom: robot0_base_collision
proxy_geom: scene_aabb_proxy_line_6_output_side_protrusion
judge_collision_detected:
robot_base_x: 10.448142
robot_base_y: -7.275118
robot_base_yaw: 3.137514
robot_geom: robot0_base_collision
proxy_geom: scene_aabb_proxy_output_6
judge_collision_detected:
robot_base_x: 10.448142
robot_base_y: -7.275118
robot_base_yaw: 3.137514
robot_geom: robot0_base_collision
proxy_geom: scene_aabb_proxy_production_line_6
judge_collision_detected:
robot_base_x: 10.448142
robot_base_y: -7.275118
robot_base_yaw: 3.137514
robot_geom: robot0_front_left_caster_2
proxy_geom: scene_aabb_proxy_output_6
judge_collision_detected:
robot_base_x: 10.448142
robot_base_y: -7.275118
robot_base_yaw: 3.137514
robot_geom: robot0_front_right_caster_2
proxy_geom: scene_aabb_proxy_output_6
judge_collision_detected:
robot_base_x: 10.448142
robot_base_y: -7.275118
robot_base_yaw: 3.137514
robot_geom: robot0_torso_fixed_collision_box_1
proxy_geom: scene_aabb_proxy_line_6_belt
judge_collision_detected:
robot_base_x: 10.448142
robot_base_y: -7.275118
robot_base_yaw: 3.137514
robot_geom: robot0_torso_fixed_collision_box_1
proxy_geom: scene_aabb_proxy_line_6_output_side_protrusion
judge_collision_detected:
robot_base_x: 10.448142
robot_base_y: -7.275118
robot_base_yaw: 3.137514
robot_geom: robot0_torso_fixed_collision_box_1
proxy_geom: scene_aabb_proxy_output_6
judge_collision_detected:
robot_base_x: 10.448142
robot_base_y: -7.275118
robot_base_yaw: 3.137514
robot_geom: robot0_torso_fixed_collision_box_1
proxy_geom: scene_aabb_proxy_production_line_6
judge_collision_detected:
robot_base_x: 10.448142
robot_base_y: -7.275118
robot_base_yaw: 3.137514
robot_geom: robot0_torso_fixed_column_collision
proxy_geom: scene_aabb_proxy_line_6_output_side_protrusion
judge_collision_detected:
robot_base_x: 10.448142
robot_base_y: -7.275118
robot_base_yaw: 3.137514
robot_geom: robot0_wheel_left_collision
proxy_geom: scene_aabb_proxy_line_6_output_side_protrusion
judge_collision_detected:
robot_base_x: 10.448142
robot_base_y: -7.275118
robot_base_yaw: 3.137514
robot_geom: robot0_wheel_right_collision
proxy_geom: scene_aabb_proxy_line_6_output_side_protrusion
judge_collision_detected:
robot_base_x: 10.448142
robot_base_y: -7.275118
robot_base_yaw: 3.137514
robot_geom: robot0_wheel_right_collision
proxy_geom: scene_aabb_proxy_production_line_6
judge_collision_detected:
robot_base_x: 10.441207
robot_base_y: -7.275558
robot_base_yaw: 3.139473
robot_geom: robot0_back_left_caster_2
proxy_geom: scene_aabb_proxy_line_6_belt
judge_collision_detected:
robot_base_x: 10.441207
robot_base_y: -7.275558
robot_base_yaw: 3.139473
robot_geom: robot0_back_left_caster_2
proxy_geom: scene_aabb_proxy_line_6_output_side_protrusion
judge_collision_detected:
robot_base_x: 10.441207
robot_base_y: -7.275558
robot_base_yaw: 3.139473
robot_geom: robot0_back_right_caster_2
proxy_geom: scene_aabb_proxy_line_6_belt
judge_collision_detected:
robot_base_x: 10.441207
robot_base_y: -7.275558
robot_base_yaw: 3.139473
robot_geom: robot0_back_right_caster_2
proxy_geom: scene_aabb_proxy_line_6_output_side_protrusion
judge_collision_detected:
robot_base_x: 10.441207
robot_base_y: -7.275558
robot_base_yaw: 3.139473
robot_geom: robot0_base_collision
proxy_geom: scene_aabb_proxy_line_6_belt
judge_collision_detected:
robot_base_x: 10.441207
robot_base_y: -7.275558
robot_base_yaw: 3.139473
robot_geom: robot0_base_collision
proxy_geom: scene_aabb_proxy_line_6_output_side_protrusion
judge_collision_detected:
robot_base_x: 10.441207
robot_base_y: -7.275558
robot_base_yaw: 3.139473
robot_geom: robot0_base_collision
proxy_geom: scene_aabb_proxy_output_6
judge_collision_detected:
robot_base_x: 10.441207
robot_base_y: -7.275558
robot_base_yaw: 3.139473
robot_geom: robot0_base_collision
proxy_geom: scene_aabb_proxy_production_line_6
judge_collision_detected:
robot_base_x: 10.441207
robot_base_y: -7.275558
robot_base_yaw: 3.139473
robot_geom: robot0_front_left_caster_2
proxy_geom: scene_aabb_proxy_output_6
judge_collision_detected:
robot_base_x: 10.441207
robot_base_y: -7.275558
robot_base_yaw: 3.139473
robot_geom: robot0_front_right_caster_2
proxy_geom: scene_aabb_proxy_output_6
judge_collision_detected:
robot_base_x: 10.441207
robot_base_y: -7.275558
robot_base_yaw: 3.139473
robot_geom: robot0_torso_fixed_collision_box_1
proxy_geom: scene_aabb_proxy_line_6_belt
judge_collision_detected:
robot_base_x: 10.441207
robot_base_y: -7.275558
robot_base_yaw: 3.139473
robot_geom: robot0_torso_fixed_collision_box_1
proxy_geom: scene_aabb_proxy_line_6_output_side_protrusion
judge_collision_detected:
robot_base_x: 10.441207
robot_base_y: -7.275558
robot_base_yaw: 3.139473
robot_geom: robot0_torso_fixed_collision_box_1
proxy_geom: scene_aabb_proxy_output_6
judge_collision_detected:
robot_base_x: 10.441207
robot_base_y: -7.275558
robot_base_yaw: 3.139473
robot_geom: robot0_torso_fixed_collision_box_1
proxy_geom: scene_aabb_proxy_production_line_6
judge_collision_detected:
robot_base_x: 10.441207
robot_base_y: -7.275558
robot_base_yaw: 3.139473
robot_geom: robot0_torso_fixed_column_collision
proxy_geom: scene_aabb_proxy_line_6_output_side_protrusion
judge_collision_detected:
robot_base_x: 10.441207
robot_base_y: -7.275558
robot_base_yaw: 3.139473
robot_geom: robot0_wheel_left_collision
proxy_geom: scene_aabb_proxy_line_6_output_side_protrusion
judge_collision_detected:
robot_base_x: 10.441207
robot_base_y: -7.275558
robot_base_yaw: 3.139473
robot_geom: robot0_wheel_right_collision
proxy_geom: scene_aabb_proxy_line_6_output_side_protrusion
judge_collision_detected:
robot_base_x: 10.441207
robot_base_y: -7.275558
robot_base_yaw: 3.139473
robot_geom: robot0_wheel_right_collision
proxy_geom: scene_aabb_proxy_production_line_6
judge_collision_detected:
robot_base_x: 10.435467
robot_base_y: -7.275963
robot_base_yaw: 3.140321
robot_geom: robot0_back_left_caster_2
proxy_geom: scene_aabb_proxy_line_6_belt
judge_collision_detected:
robot_base_x: 10.435467
robot_base_y: -7.275963
robot_base_yaw: 3.140321
robot_geom: robot0_back_left_caster_2
proxy_geom: scene_aabb_proxy_line_6_output_side_protrusion
judge_collision_detected:
robot_base_x: 10.435467
robot_base_y: -7.275963
robot_base_yaw: 3.140321
robot_geom: robot0_back_right_caster_2
proxy_geom: scene_aabb_proxy_line_6_belt
judge_collision_detected:
robot_base_x: 10.435467
robot_base_y: -7.275963
robot_base_yaw: 3.140321
robot_geom: robot0_back_right_caster_2
proxy_geom: scene_aabb_proxy_line_6_output_side_protrusion
judge_collision_detected:
robot_base_x: 10.435467
robot_base_y: -7.275963
robot_base_yaw: 3.140321
robot_geom: robot0_base_collision
proxy_geom: scene_aabb_proxy_line_6_belt
judge_collision_detected:
robot_base_x: 10.435467
robot_base_y: -7.275963
robot_base_yaw: 3.140321
robot_geom: robot0_base_collision
proxy_geom: scene_aabb_proxy_line_6_output_side_protrusion
judge_collision_detected:
robot_base_x: 10.435467
robot_base_y: -7.275963
robot_base_yaw: 3.140321
robot_geom: robot0_base_collision
proxy_geom: scene_aabb_proxy_output_6
judge_collision_detected:
robot_base_x: 10.435467
robot_base_y: -7.275963
robot_base_yaw: 3.140321
robot_geom: robot0_base_collision
proxy_geom: scene_aabb_proxy_production_line_6
judge_collision_detected:
robot_base_x: 10.435467
robot_base_y: -7.275963
robot_base_yaw: 3.140321
robot_geom: robot0_front_left_caster_2
proxy_geom: scene_aabb_proxy_output_6
judge_collision_detected:
robot_base_x: 10.435467
robot_base_y: -7.275963
robot_base_yaw: 3.140321
robot_geom: robot0_front_right_caster_2
proxy_geom: scene_aabb_proxy_output_6
judge_collision_detected:
robot_base_x: 10.435467
robot_base_y: -7.275963
robot_base_yaw: 3.140321
robot_geom: robot0_torso_fixed_collision_box_1
proxy_geom: scene_aabb_proxy_line_6_belt
judge_collision_detected:
robot_base_x: 10.435467
robot_base_y: -7.275963
robot_base_yaw: 3.140321
robot_geom: robot0_torso_fixed_collision_box_1
proxy_geom: scene_aabb_proxy_line_6_output_side_protrusion
judge_collision_detected:
robot_base_x: 10.435467
robot_base_y: -7.275963
robot_base_yaw: 3.140321
robot_geom: robot0_torso_fixed_collision_box_1
proxy_geom: scene_aabb_proxy_output_6
judge_collision_detected:
robot_base_x: 10.435467
robot_base_y: -7.275963
robot_base_yaw: 3.140321
robot_geom: robot0_torso_fixed_collision_box_1
proxy_geom: scene_aabb_proxy_production_line_6
judge_collision_detected:
robot_base_x: 10.435467
robot_base_y: -7.275963
robot_base_yaw: 3.140321
robot_geom: robot0_torso_fixed_column_collision
proxy_geom: scene_aabb_proxy_line_6_output_side_protrusion
judge_collision_detected:
robot_base_x: 10.435467
robot_base_y: -7.275963
robot_base_yaw: 3.140321
robot_geom: robot0_wheel_left_collision
proxy_geom: scene_aabb_proxy_line_6_output_side_protrusion
judge_collision_detected:
robot_base_x: 10.435467
robot_base_y: -7.275963
robot_base_yaw: 3.140321
robot_geom: robot0_wheel_right_collision
proxy_geom: scene_aabb_proxy_line_6_output_side_protrusion
judge_collision_detected:
robot_base_x: 10.435467
robot_base_y: -7.275963
robot_base_yaw: 3.140321
robot_geom: robot0_wheel_right_collision
proxy_geom: scene_aabb_proxy_production_line_6
judge_collision_detected:
robot_base_x: 10.430977
robot_base_y: -7.276298
robot_base_yaw: 3.140579
robot_geom: robot0_back_left_caster_2
proxy_geom: scene_aabb_proxy_line_6_belt
judge_collision_detected:
robot_base_x: 10.430977
robot_base_y: -7.276298
robot_base_yaw: 3.140579
robot_geom: robot0_back_left_caster_2
proxy_geom: scene_aabb_proxy_line_6_output_side_protrusion
judge_collision_detected:
robot_base_x: 10.430977
robot_base_y: -7.276298
robot_base_yaw: 3.140579
robot_geom: robot0_back_right_caster_2
proxy_geom: scene_aabb_proxy_line_6_belt
judge_collision_detected:
robot_base_x: 10.430977
robot_base_y: -7.276298
robot_base_yaw: 3.140579
robot_geom: robot0_back_right_caster_2
proxy_geom: scene_aabb_proxy_line_6_output_side_protrusion
judge_collision_detected:
robot_base_x: 10.430977
robot_base_y: -7.276298
robot_base_yaw: 3.140579
robot_geom: robot0_base_collision
proxy_geom: scene_aabb_proxy_line_6_belt
judge_collision_detected:
robot_base_x: 10.430977
robot_base_y: -7.276298
robot_base_yaw: 3.140579
robot_geom: robot0_base_collision
proxy_geom: scene_aabb_proxy_line_6_output_side_protrusion
judge_collision_detected:
robot_base_x: 10.430977
robot_base_y: -7.276298
robot_base_yaw: 3.140579
robot_geom: robot0_base_collision
proxy_geom: scene_aabb_proxy_output_6
judge_collision_detected:
robot_base_x: 10.430977
robot_base_y: -7.276298
robot_base_yaw: 3.140579
robot_geom: robot0_base_collision
proxy_geom: scene_aabb_proxy_production_line_6
judge_collision_detected:
robot_base_x: 10.430977
robot_base_y: -7.276298
robot_base_yaw: 3.140579
robot_geom: robot0_front_left_caster_2
proxy_geom: scene_aabb_proxy_output_6
judge_collision_detected:
robot_base_x: 10.430977
robot_base_y: -7.276298
robot_base_yaw: 3.140579
robot_geom: robot0_front_right_caster_2
proxy_geom: scene_aabb_proxy_output_6
judge_collision_detected:
robot_base_x: 10.430977
robot_base_y: -7.276298
robot_base_yaw: 3.140579
robot_geom: robot0_torso_fixed_collision_box_1
proxy_geom: scene_aabb_proxy_line_6_belt
judge_collision_detected:
robot_base_x: 10.430977
robot_base_y: -7.276298
robot_base_yaw: 3.140579
robot_geom: robot0_torso_fixed_collision_box_1
proxy_geom: scene_aabb_proxy_line_6_output_side_protrusion
judge_collision_detected:
robot_base_x: 10.430977
robot_base_y: -7.276298
robot_base_yaw: 3.140579
robot_geom: robot0_torso_fixed_collision_box_1
proxy_geom: scene_aabb_proxy_output_6
judge_collision_detected:
robot_base_x: 10.430977
robot_base_y: -7.276298
robot_base_yaw: 3.140579
robot_geom: robot0_torso_fixed_collision_box_1
proxy_geom: scene_aabb_proxy_production_line_6
judge_collision_detected:
robot_base_x: 10.430977
robot_base_y: -7.276298
robot_base_yaw: 3.140579
robot_geom: robot0_torso_fixed_column_collision
proxy_geom: scene_aabb_proxy_line_6_output_side_protrusion
judge_collision_detected:
robot_base_x: 10.430977
robot_base_y: -7.276298
robot_base_yaw: 3.140579
robot_geom: robot0_wheel_left_collision
proxy_geom: scene_aabb_proxy_line_6_output_side_protrusion
judge_collision_detected:
robot_base_x: 10.430977
robot_base_y: -7.276298
robot_base_yaw: 3.140579
robot_geom: robot0_wheel_right_collision
proxy_geom: scene_aabb_proxy_line_6_output_side_protrusion
judge_collision_detected:
robot_base_x: 10.430977
robot_base_y: -7.276298
robot_base_yaw: 3.140579
robot_geom: robot0_wheel_right_collision
proxy_geom: scene_aabb_proxy_production_line_6
judge_collision_detected:
robot_base_x: 10.426127
robot_base_y: -7.276620
robot_base_yaw: 3.140948
robot_geom: robot0_back_left_caster_2
proxy_geom: scene_aabb_proxy_line_6_belt
judge_collision_detected:
robot_base_x: 10.426127
robot_base_y: -7.276620
robot_base_yaw: 3.140948
robot_geom: robot0_back_left_caster_2
proxy_geom: scene_aabb_proxy_line_6_output_side_protrusion
judge_collision_detected:
robot_base_x: 10.426127
robot_base_y: -7.276620
robot_base_yaw: 3.140948
robot_geom: robot0_back_right_caster_2
proxy_geom: scene_aabb_proxy_line_6_belt
judge_collision_detected:
robot_base_x: 10.426127
robot_base_y: -7.276620
robot_base_yaw: 3.140948
robot_geom: robot0_back_right_caster_2
proxy_geom: scene_aabb_proxy_line_6_output_side_protrusion
judge_collision_detected:
robot_base_x: 10.426127
robot_base_y: -7.276620
robot_base_yaw: 3.140948
robot_geom: robot0_base_collision
proxy_geom: scene_aabb_proxy_line_6_belt
judge_collision_detected:
robot_base_x: 10.426127
robot_base_y: -7.276620
robot_base_yaw: 3.140948
robot_geom: robot0_base_collision
proxy_geom: scene_aabb_proxy_line_6_output_side_protrusion
judge_collision_detected:
robot_base_x: 10.426127
robot_base_y: -7.276620
robot_base_yaw: 3.140948
robot_geom: robot0_base_collision
proxy_geom: scene_aabb_proxy_output_6
judge_collision_detected:
robot_base_x: 10.426127
robot_base_y: -7.276620
robot_base_yaw: 3.140948
robot_geom: robot0_base_collision
proxy_geom: scene_aabb_proxy_production_line_6
judge_collision_detected:
robot_base_x: 10.426127
robot_base_y: -7.276620
robot_base_yaw: 3.140948
robot_geom: robot0_front_left_caster_2
proxy_geom: scene_aabb_proxy_output_6
judge_collision_detected:
robot_base_x: 10.426127
robot_base_y: -7.276620
robot_base_yaw: 3.140948
robot_geom: robot0_front_right_caster_2
proxy_geom: scene_aabb_proxy_output_6
judge_collision_detected:
robot_base_x: 10.426127
robot_base_y: -7.276620
robot_base_yaw: 3.140948
robot_geom: robot0_torso_fixed_collision_box_1
proxy_geom: scene_aabb_proxy_line_6_belt
judge_collision_detected:
robot_base_x: 10.426127
robot_base_y: -7.276620
robot_base_yaw: 3.140948
robot_geom: robot0_torso_fixed_collision_box_1
proxy_geom: scene_aabb_proxy_line_6_output_side_protrusion
judge_collision_detected:
robot_base_x: 10.426127
robot_base_y: -7.276620
robot_base_yaw: 3.140948
robot_geom: robot0_torso_fixed_collision_box_1
proxy_geom: scene_aabb_proxy_output_6
judge_collision_detected:
robot_base_x: 10.426127
robot_base_y: -7.276620
robot_base_yaw: 3.140948
robot_geom: robot0_torso_fixed_collision_box_1
proxy_geom: scene_aabb_proxy_production_line_6
judge_collision_detected:
robot_base_x: 10.426127
robot_base_y: -7.276620
robot_base_yaw: 3.140948
robot_geom: robot0_torso_fixed_column_collision
proxy_geom: scene_aabb_proxy_line_6_output_side_protrusion
judge_collision_detected:
robot_base_x: 10.426127
robot_base_y: -7.276620
robot_base_yaw: 3.140948
robot_geom: robot0_wheel_left_collision
proxy_geom: scene_aabb_proxy_line_6_output_side_protrusion
judge_collision_detected:
robot_base_x: 10.426127
robot_base_y: -7.276620
robot_base_yaw: 3.140948
robot_geom: robot0_wheel_right_collision
proxy_geom: scene_aabb_proxy_line_6_output_side_protrusion
judge_collision_detected:
robot_base_x: 10.426127
robot_base_y: -7.276620
robot_base_yaw: 3.140948
robot_geom: robot0_wheel_right_collision
proxy_geom: scene_aabb_proxy_production_line_6
judge_collision_detected:
robot_base_x: 10.414928
robot_base_y: -7.277092
robot_base_yaw: 3.138844
robot_geom: robot0_back_left_caster_2
proxy_geom: scene_aabb_proxy_line_6_belt
judge_collision_detected:
robot_base_x: 10.414928
robot_base_y: -7.277092
robot_base_yaw: 3.138844
robot_geom: robot0_back_left_caster_2
proxy_geom: scene_aabb_proxy_line_6_output_side_protrusion
judge_collision_detected:
robot_base_x: 10.414928
robot_base_y: -7.277092
robot_base_yaw: 3.138844
robot_geom: robot0_back_right_caster_2
proxy_geom: scene_aabb_proxy_line_6_belt
judge_collision_detected:
robot_base_x: 10.414928
robot_base_y: -7.277092
robot_base_yaw: 3.138844
robot_geom: robot0_back_right_caster_2
proxy_geom: scene_aabb_proxy_line_6_output_side_protrusion
judge_collision_detected:
robot_base_x: 10.414928
robot_base_y: -7.277092
robot_base_yaw: 3.138844
robot_geom: robot0_base_collision
proxy_geom: scene_aabb_proxy_line_6_belt
judge_collision_detected:
robot_base_x: 10.414928
robot_base_y: -7.277092
robot_base_yaw: 3.138844
robot_geom: robot0_base_collision
proxy_geom: scene_aabb_proxy_line_6_output_side_protrusion
judge_collision_detected:
robot_base_x: 10.414928
robot_base_y: -7.277092
robot_base_yaw: 3.138844
robot_geom: robot0_base_collision
proxy_geom: scene_aabb_proxy_output_6
judge_collision_detected:
robot_base_x: 10.414928
robot_base_y: -7.277092
robot_base_yaw: 3.138844
robot_geom: robot0_base_collision
proxy_geom: scene_aabb_proxy_production_line_6
judge_collision_detected:
robot_base_x: 10.414928
robot_base_y: -7.277092
robot_base_yaw: 3.138844
robot_geom: robot0_front_left_caster_2
proxy_geom: scene_aabb_proxy_output_6
judge_collision_detected:
robot_base_x: 10.414928
robot_base_y: -7.277092
robot_base_yaw: 3.138844
robot_geom: robot0_front_right_caster_2
proxy_geom: scene_aabb_proxy_output_6
judge_collision_detected:
robot_base_x: 10.414928
robot_base_y: -7.277092
robot_base_yaw: 3.138844
robot_geom: robot0_torso_fixed_collision_box_1
proxy_geom: scene_aabb_proxy_line_6_belt
judge_collision_detected:
robot_base_x: 10.414928
robot_base_y: -7.277092
robot_base_yaw: 3.138844
robot_geom: robot0_torso_fixed_collision_box_1
proxy_geom: scene_aabb_proxy_line_6_output_side_protrusion
judge_collision_detected:
robot_base_x: 10.414928
robot_base_y: -7.277092
robot_base_yaw: 3.138844
robot_geom: robot0_torso_fixed_collision_box_1
proxy_geom: scene_aabb_proxy_output_6
judge_collision_detected:
robot_base_x: 10.414928
robot_base_y: -7.277092
robot_base_yaw: 3.138844
robot_geom: robot0_torso_fixed_collision_box_1
proxy_geom: scene_aabb_proxy_production_line_6
judge_collision_detected:
robot_base_x: 10.414928
robot_base_y: -7.277092
robot_base_yaw: 3.138844
robot_geom: robot0_torso_fixed_column_collision
proxy_geom: scene_aabb_proxy_line_6_output_side_protrusion
judge_collision_detected:
robot_base_x: 10.414928
robot_base_y: -7.277092
robot_base_yaw: 3.138844
robot_geom: robot0_wheel_left_collision
proxy_geom: scene_aabb_proxy_line_6_output_side_protrusion
judge_collision_detected:
robot_base_x: 10.414928
robot_base_y: -7.277092
robot_base_yaw: 3.138844
robot_geom: robot0_wheel_right_collision
proxy_geom: scene_aabb_proxy_line_6_output_side_protrusion
judge_collision_detected:
robot_base_x: 10.414928
robot_base_y: -7.277092
robot_base_yaw: 3.138844
robot_geom: robot0_wheel_right_collision
proxy_geom: scene_aabb_proxy_production_line_6
judge_collision_detected:
robot_base_x: 10.406797
robot_base_y: -7.277546
robot_base_yaw: 3.138164
robot_geom: robot0_back_left_caster_2
proxy_geom: scene_aabb_proxy_line_6_output_side_protrusion
judge_collision_detected:
robot_base_x: 10.406797
robot_base_y: -7.277546
robot_base_yaw: 3.138164
robot_geom: robot0_back_right_caster_2
proxy_geom: scene_aabb_proxy_line_6_output_side_protrusion
judge_collision_detected:
robot_base_x: 10.406797
robot_base_y: -7.277546
robot_base_yaw: 3.138164
robot_geom: robot0_base_collision
proxy_geom: scene_aabb_proxy_line_6_belt
judge_collision_detected:
robot_base_x: 10.406797
robot_base_y: -7.277546
robot_base_yaw: 3.138164
robot_geom: robot0_base_collision
proxy_geom: scene_aabb_proxy_line_6_output_side_protrusion
judge_collision_detected:
robot_base_x: 10.406797
robot_base_y: -7.277546
robot_base_yaw: 3.138164
robot_geom: robot0_base_collision
proxy_geom: scene_aabb_proxy_output_6
judge_collision_detected:
robot_base_x: 10.406797
robot_base_y: -7.277546
robot_base_yaw: 3.138164
robot_geom: robot0_base_collision
proxy_geom: scene_aabb_proxy_production_line_6
judge_collision_detected:
robot_base_x: 10.406797
robot_base_y: -7.277546
robot_base_yaw: 3.138164
robot_geom: robot0_front_left_caster_2
proxy_geom: scene_aabb_proxy_output_6
judge_collision_detected:
robot_base_x: 10.406797
robot_base_y: -7.277546
robot_base_yaw: 3.138164
robot_geom: robot0_front_right_caster_2
proxy_geom: scene_aabb_proxy_output_6
judge_collision_detected:
robot_base_x: 10.406797
robot_base_y: -7.277546
robot_base_yaw: 3.138164
robot_geom: robot0_torso_fixed_collision_box_1
proxy_geom: scene_aabb_proxy_line_6_belt
judge_collision_detected:
robot_base_x: 10.406797
robot_base_y: -7.277546
robot_base_yaw: 3.138164
robot_geom: robot0_torso_fixed_collision_box_1
proxy_geom: scene_aabb_proxy_line_6_output_side_protrusion
judge_collision_detected:
robot_base_x: 10.406797
robot_base_y: -7.277546
robot_base_yaw: 3.138164
robot_geom: robot0_torso_fixed_collision_box_1
proxy_geom: scene_aabb_proxy_output_6
judge_collision_detected:
robot_base_x: 10.406797
robot_base_y: -7.277546
robot_base_yaw: 3.138164
robot_geom: robot0_torso_fixed_collision_box_1
proxy_geom: scene_aabb_proxy_production_line_6
judge_collision_detected:
robot_base_x: 10.406797
robot_base_y: -7.277546
robot_base_yaw: 3.138164
robot_geom: robot0_torso_fixed_column_collision
proxy_geom: scene_aabb_proxy_line_6_output_side_protrusion
judge_collision_detected:
robot_base_x: 10.406797
robot_base_y: -7.277546
robot_base_yaw: 3.138164
robot_geom: robot0_wheel_left_collision
proxy_geom: scene_aabb_proxy_line_6_output_side_protrusion
judge_collision_detected:
robot_base_x: 10.406797
robot_base_y: -7.277546
robot_base_yaw: 3.138164
robot_geom: robot0_wheel_right_collision
proxy_geom: scene_aabb_proxy_line_6_output_side_protrusion
judge_collision_detected:
robot_base_x: 10.406797
robot_base_y: -7.277546
robot_base_yaw: 3.138164
robot_geom: robot0_wheel_right_collision
proxy_geom: scene_aabb_proxy_production_line_6
judge_collision_detected:
robot_base_x: 10.399931
robot_base_y: -7.278009
robot_base_yaw: 3.137619
robot_geom: robot0_back_left_caster_2
proxy_geom: scene_aabb_proxy_line_6_output_side_protrusion
judge_collision_detected:
robot_base_x: 10.399931
robot_base_y: -7.278009
robot_base_yaw: 3.137619
robot_geom: robot0_back_right_caster_2
proxy_geom: scene_aabb_proxy_line_6_output_side_protrusion
judge_collision_detected:
robot_base_x: 10.399931
robot_base_y: -7.278009
robot_base_yaw: 3.137619
robot_geom: robot0_base_collision
proxy_geom: scene_aabb_proxy_line_6_belt
judge_collision_detected:
robot_base_x: 10.399931
robot_base_y: -7.278009
robot_base_yaw: 3.137619
robot_geom: robot0_base_collision
proxy_geom: scene_aabb_proxy_line_6_output_side_protrusion
judge_collision_detected:
robot_base_x: 10.399931
robot_base_y: -7.278009
robot_base_yaw: 3.137619
robot_geom: robot0_base_collision
proxy_geom: scene_aabb_proxy_output_6
judge_collision_detected:
robot_base_x: 10.399931
robot_base_y: -7.278009
robot_base_yaw: 3.137619
robot_geom: robot0_base_collision
proxy_geom: scene_aabb_proxy_production_line_6
judge_collision_detected:
robot_base_x: 10.399931
robot_base_y: -7.278009
robot_base_yaw: 3.137619
robot_geom: robot0_front_left_caster_2
proxy_geom: scene_aabb_proxy_output_6
judge_collision_detected:
robot_base_x: 10.399931
robot_base_y: -7.278009
robot_base_yaw: 3.137619
robot_geom: robot0_front_right_caster_2
proxy_geom: scene_aabb_proxy_output_6
judge_collision_detected:
robot_base_x: 10.399931
robot_base_y: -7.278009
robot_base_yaw: 3.137619
robot_geom: robot0_torso_fixed_collision_box_1
proxy_geom: scene_aabb_proxy_line_6_belt
judge_collision_detected:
robot_base_x: 10.399931
robot_base_y: -7.278009
robot_base_yaw: 3.137619
robot_geom: robot0_torso_fixed_collision_box_1
proxy_geom: scene_aabb_proxy_line_6_output_side_protrusion
judge_collision_detected:
robot_base_x: 10.399931
robot_base_y: -7.278009
robot_base_yaw: 3.137619
robot_geom: robot0_torso_fixed_collision_box_1
proxy_geom: scene_aabb_proxy_output_6
judge_collision_detected:
robot_base_x: 10.399931
robot_base_y: -7.278009
robot_base_yaw: 3.137619
robot_geom: robot0_torso_fixed_collision_box_1
proxy_geom: scene_aabb_proxy_production_line_6
judge_collision_detected:
robot_base_x: 10.399931
robot_base_y: -7.278009
robot_base_yaw: 3.137619
robot_geom: robot0_torso_fixed_column_collision
proxy_geom: scene_aabb_proxy_line_6_output_side_protrusion
judge_collision_detected:
robot_base_x: 10.399931
robot_base_y: -7.278009
robot_base_yaw: 3.137619
robot_geom: robot0_wheel_left_collision
proxy_geom: scene_aabb_proxy_line_6_output_side_protrusion
judge_collision_detected:
robot_base_x: 10.399931
robot_base_y: -7.278009
robot_base_yaw: 3.137619
robot_geom: robot0_wheel_right_collision
proxy_geom: scene_aabb_proxy_line_6_output_side_protrusion
judge_collision_detected:
robot_base_x: 10.399931
robot_base_y: -7.278009
robot_base_yaw: 3.137619
robot_geom: robot0_wheel_right_collision
proxy_geom: scene_aabb_proxy_production_line_6
judge_collision_detected:
robot_base_x: 10.393818
robot_base_y: -7.278449
robot_base_yaw: 3.137167
robot_geom: robot0_back_left_caster_2
proxy_geom: scene_aabb_proxy_line_6_output_side_protrusion
judge_collision_detected:
robot_base_x: 10.393818
robot_base_y: -7.278449
robot_base_yaw: 3.137167
robot_geom: robot0_back_right_caster_2
proxy_geom: scene_aabb_proxy_line_6_output_side_protrusion
judge_collision_detected:
robot_base_x: 10.393818
robot_base_y: -7.278449
robot_base_yaw: 3.137167
robot_geom: robot0_base_collision
proxy_geom: scene_aabb_proxy_line_6_belt
judge_collision_detected:
robot_base_x: 10.393818
robot_base_y: -7.278449
robot_base_yaw: 3.137167
robot_geom: robot0_base_collision
proxy_geom: scene_aabb_proxy_line_6_output_side_protrusion
judge_collision_detected:
robot_base_x: 10.393818
robot_base_y: -7.278449
robot_base_yaw: 3.137167
robot_geom: robot0_base_collision
proxy_geom: scene_aabb_proxy_output_6
judge_collision_detected:
robot_base_x: 10.393818
robot_base_y: -7.278449
robot_base_yaw: 3.137167
robot_geom: robot0_base_collision
proxy_geom: scene_aabb_proxy_production_line_6
judge_collision_detected:
robot_base_x: 10.393818
robot_base_y: -7.278449
robot_base_yaw: 3.137167
robot_geom: robot0_front_left_caster_2
proxy_geom: scene_aabb_proxy_output_6
judge_collision_detected:
robot_base_x: 10.393818
robot_base_y: -7.278449
robot_base_yaw: 3.137167
robot_geom: robot0_front_right_caster_2
proxy_geom: scene_aabb_proxy_output_6
judge_collision_detected:
robot_base_x: 10.393818
robot_base_y: -7.278449
robot_base_yaw: 3.137167
robot_geom: robot0_torso_fixed_collision_box_1
proxy_geom: scene_aabb_proxy_line_6_output_side_protrusion
judge_collision_detected:
robot_base_x: 10.393818
robot_base_y: -7.278449
robot_base_yaw: 3.137167
robot_geom: robot0_torso_fixed_collision_box_1
proxy_geom: scene_aabb_proxy_output_6
judge_collision_detected:
robot_base_x: 10.393818
robot_base_y: -7.278449
robot_base_yaw: 3.137167
robot_geom: robot0_torso_fixed_collision_box_1
proxy_geom: scene_aabb_proxy_production_line_6
judge_collision_detected:
robot_base_x: 10.393818
robot_base_y: -7.278449
robot_base_yaw: 3.137167
robot_geom: robot0_torso_fixed_column_collision
proxy_geom: scene_aabb_proxy_line_6_output_side_protrusion
judge_collision_detected:
robot_base_x: 10.393818
robot_base_y: -7.278449
robot_base_yaw: 3.137167
robot_geom: robot0_wheel_left_collision
proxy_geom: scene_aabb_proxy_line_6_output_side_protrusion
judge_collision_detected:
robot_base_x: 10.393818
robot_base_y: -7.278449
robot_base_yaw: 3.137167
robot_geom: robot0_wheel_right_collision
proxy_geom: scene_aabb_proxy_line_6_output_side_protrusion
judge_collision_detected:
robot_base_x: 10.393818
robot_base_y: -7.278449
robot_base_yaw: 3.137167
robot_geom: robot0_wheel_right_collision
proxy_geom: scene_aabb_proxy_production_line_6
judge_collision_detected:
robot_base_x: 10.388227
robot_base_y: -7.278858
robot_base_yaw: 3.136772
robot_geom: robot0_back_left_caster_2
proxy_geom: scene_aabb_proxy_line_6_output_side_protrusion
judge_collision_detected:
robot_base_x: 10.388227
robot_base_y: -7.278858
robot_base_yaw: 3.136772
robot_geom: robot0_back_right_caster_2
proxy_geom: scene_aabb_proxy_line_6_output_side_protrusion
judge_collision_detected:
robot_base_x: 10.388227
robot_base_y: -7.278858
robot_base_yaw: 3.136772
robot_geom: robot0_base_collision
proxy_geom: scene_aabb_proxy_line_6_belt
judge_collision_detected:
robot_base_x: 10.388227
robot_base_y: -7.278858
robot_base_yaw: 3.136772
robot_geom: robot0_base_collision
proxy_geom: scene_aabb_proxy_line_6_output_side_protrusion
judge_collision_detected:
robot_base_x: 10.388227
robot_base_y: -7.278858
robot_base_yaw: 3.136772
robot_geom: robot0_base_collision
proxy_geom: scene_aabb_proxy_output_6
judge_collision_detected:
robot_base_x: 10.388227
robot_base_y: -7.278858
robot_base_yaw: 3.136772
robot_geom: robot0_base_collision
proxy_geom: scene_aabb_proxy_production_line_6
judge_collision_detected:
robot_base_x: 10.388227
robot_base_y: -7.278858
robot_base_yaw: 3.136772
robot_geom: robot0_front_left_caster_2
proxy_geom: scene_aabb_proxy_output_6
judge_collision_detected:
robot_base_x: 10.388227
robot_base_y: -7.278858
robot_base_yaw: 3.136772
robot_geom: robot0_front_right_caster_2
proxy_geom: scene_aabb_proxy_output_6
judge_collision_detected:
robot_base_x: 10.388227
robot_base_y: -7.278858
robot_base_yaw: 3.136772
robot_geom: robot0_torso_fixed_collision_box_1
proxy_geom: scene_aabb_proxy_line_6_output_side_protrusion
judge_collision_detected:
robot_base_x: 10.388227
robot_base_y: -7.278858
robot_base_yaw: 3.136772
robot_geom: robot0_torso_fixed_collision_box_1
proxy_geom: scene_aabb_proxy_output_6
judge_collision_detected:
robot_base_x: 10.388227
robot_base_y: -7.278858
robot_base_yaw: 3.136772
robot_geom: robot0_torso_fixed_collision_box_1
proxy_geom: scene_aabb_proxy_production_line_6
judge_collision_detected:
robot_base_x: 10.388227
robot_base_y: -7.278858
robot_base_yaw: 3.136772
robot_geom: robot0_torso_fixed_column_collision
proxy_geom: scene_aabb_proxy_line_6_output_side_protrusion
judge_collision_detected:
robot_base_x: 10.388227
robot_base_y: -7.278858
robot_base_yaw: 3.136772
robot_geom: robot0_wheel_left_collision
proxy_geom: scene_aabb_proxy_line_6_output_side_protrusion
judge_collision_detected:
robot_base_x: 10.388227
robot_base_y: -7.278858
robot_base_yaw: 3.136772
robot_geom: robot0_wheel_right_collision
proxy_geom: scene_aabb_proxy_line_6_output_side_protrusion
judge_collision_detected:
robot_base_x: 10.388227
robot_base_y: -7.278858
robot_base_yaw: 3.136772
robot_geom: robot0_wheel_right_collision
proxy_geom: scene_aabb_proxy_production_line_6
judge_collision_detected:
robot_base_x: 10.383277
robot_base_y: -7.279224
robot_base_yaw: 3.136693
robot_geom: robot0_back_left_caster_2
proxy_geom: scene_aabb_proxy_line_6_output_side_protrusion
judge_collision_detected:
robot_base_x: 10.383277
robot_base_y: -7.279224
robot_base_yaw: 3.136693
robot_geom: robot0_back_right_caster_2
proxy_geom: scene_aabb_proxy_line_6_output_side_protrusion
judge_collision_detected:
robot_base_x: 10.383277
robot_base_y: -7.279224
robot_base_yaw: 3.136693
robot_geom: robot0_base_collision
proxy_geom: scene_aabb_proxy_line_6_belt
judge_collision_detected:
robot_base_x: 10.383277
robot_base_y: -7.279224
robot_base_yaw: 3.136693
robot_geom: robot0_base_collision
proxy_geom: scene_aabb_proxy_line_6_output_side_protrusion
judge_collision_detected:
robot_base_x: 10.383277
robot_base_y: -7.279224
robot_base_yaw: 3.136693
robot_geom: robot0_base_collision
proxy_geom: scene_aabb_proxy_output_6
judge_collision_detected:
robot_base_x: 10.383277
robot_base_y: -7.279224
robot_base_yaw: 3.136693
robot_geom: robot0_base_collision
proxy_geom: scene_aabb_proxy_production_line_6
judge_collision_detected:
robot_base_x: 10.383277
robot_base_y: -7.279224
robot_base_yaw: 3.136693
robot_geom: robot0_front_left_caster_2
proxy_geom: scene_aabb_proxy_output_6
judge_collision_detected:
robot_base_x: 10.383277
robot_base_y: -7.279224
robot_base_yaw: 3.136693
robot_geom: robot0_front_right_caster_2
proxy_geom: scene_aabb_proxy_output_6
judge_collision_detected:
robot_base_x: 10.383277
robot_base_y: -7.279224
robot_base_yaw: 3.136693
robot_geom: robot0_torso_fixed_collision_box_1
proxy_geom: scene_aabb_proxy_line_6_output_side_protrusion
judge_collision_detected:
robot_base_x: 10.383277
robot_base_y: -7.279224
robot_base_yaw: 3.136693
robot_geom: robot0_torso_fixed_collision_box_1
proxy_geom: scene_aabb_proxy_output_6
judge_collision_detected:
robot_base_x: 10.383277
robot_base_y: -7.279224
robot_base_yaw: 3.136693
robot_geom: robot0_torso_fixed_collision_box_1
proxy_geom: scene_aabb_proxy_production_line_6
judge_collision_detected:
robot_base_x: 10.383277
robot_base_y: -7.279224
robot_base_yaw: 3.136693
robot_geom: robot0_torso_fixed_column_collision
proxy_geom: scene_aabb_proxy_line_6_output_side_protrusion
judge_collision_detected:
robot_base_x: 10.383277
robot_base_y: -7.279224
robot_base_yaw: 3.136693
robot_geom: robot0_wheel_left_collision
proxy_geom: scene_aabb_proxy_line_6_output_side_protrusion
judge_collision_detected:
robot_base_x: 10.383277
robot_base_y: -7.279224
robot_base_yaw: 3.136693
robot_geom: robot0_wheel_left_collision
proxy_geom: scene_aabb_proxy_output_6
judge_collision_detected:
robot_base_x: 10.383277
robot_base_y: -7.279224
robot_base_yaw: 3.136693
robot_geom: robot0_wheel_right_collision
proxy_geom: scene_aabb_proxy_line_6_output_side_protrusion
judge_collision_detected:
robot_base_x: 10.383277
robot_base_y: -7.279224
robot_base_yaw: 3.136693
robot_geom: robot0_wheel_right_collision
proxy_geom: scene_aabb_proxy_output_6
judge_collision_detected:
robot_base_x: 10.383277
robot_base_y: -7.279224
robot_base_yaw: 3.136693
robot_geom: robot0_wheel_right_collision
proxy_geom: scene_aabb_proxy_production_line_6
judge_collision_detected:
robot_base_x: 10.380203
robot_base_y: -7.279530
robot_base_yaw: 3.136439
robot_geom: robot0_back_left_caster_2
proxy_geom: scene_aabb_proxy_line_6_output_side_protrusion
judge_collision_detected:
robot_base_x: 10.380203
robot_base_y: -7.279530
robot_base_yaw: 3.136439
robot_geom: robot0_back_right_caster_2
proxy_geom: scene_aabb_proxy_line_6_output_side_protrusion
judge_collision_detected:
robot_base_x: 10.380203
robot_base_y: -7.279530
robot_base_yaw: 3.136439
robot_geom: robot0_base_collision
proxy_geom: scene_aabb_proxy_line_6_belt
judge_collision_detected:
robot_base_x: 10.380203
robot_base_y: -7.279530
robot_base_yaw: 3.136439
robot_geom: robot0_base_collision
proxy_geom: scene_aabb_proxy_line_6_output_side_protrusion
judge_collision_detected:
robot_base_x: 10.380203
robot_base_y: -7.279530
robot_base_yaw: 3.136439
robot_geom: robot0_base_collision
proxy_geom: scene_aabb_proxy_output_6
judge_collision_detected:
robot_base_x: 10.380203
robot_base_y: -7.279530
robot_base_yaw: 3.136439
robot_geom: robot0_base_collision
proxy_geom: scene_aabb_proxy_production_line_6
judge_collision_detected:
robot_base_x: 10.380203
robot_base_y: -7.279530
robot_base_yaw: 3.136439
robot_geom: robot0_front_left_caster_2
proxy_geom: scene_aabb_proxy_output_6
judge_collision_detected:
robot_base_x: 10.380203
robot_base_y: -7.279530
robot_base_yaw: 3.136439
robot_geom: robot0_front_right_caster_2
proxy_geom: scene_aabb_proxy_output_6
judge_collision_detected:
robot_base_x: 10.380203
robot_base_y: -7.279530
robot_base_yaw: 3.136439
robot_geom: robot0_torso_fixed_collision_box_1
proxy_geom: scene_aabb_proxy_line_6_output_side_protrusion
judge_collision_detected:
robot_base_x: 10.380203
robot_base_y: -7.279530
robot_base_yaw: 3.136439
robot_geom: robot0_torso_fixed_collision_box_1
proxy_geom: scene_aabb_proxy_output_6
judge_collision_detected:
robot_base_x: 10.380203
robot_base_y: -7.279530
robot_base_yaw: 3.136439
robot_geom: robot0_torso_fixed_collision_box_1
proxy_geom: scene_aabb_proxy_production_line_6
judge_collision_detected:
robot_base_x: 10.380203
robot_base_y: -7.279530
robot_base_yaw: 3.136439
robot_geom: robot0_torso_fixed_column_collision
proxy_geom: scene_aabb_proxy_line_6_output_side_protrusion
judge_collision_detected:
robot_base_x: 10.380203
robot_base_y: -7.279530
robot_base_yaw: 3.136439
robot_geom: robot0_wheel_left_collision
proxy_geom: scene_aabb_proxy_line_6_output_side_protrusion
judge_collision_detected:
robot_base_x: 10.380203
robot_base_y: -7.279530
robot_base_yaw: 3.136439
robot_geom: robot0_wheel_left_collision
proxy_geom: scene_aabb_proxy_output_6
judge_collision_detected:
robot_base_x: 10.380203
robot_base_y: -7.279530
robot_base_yaw: 3.136439
robot_geom: robot0_wheel_right_collision
proxy_geom: scene_aabb_proxy_line_6_output_side_protrusion
judge_collision_detected:
robot_base_x: 10.380203
robot_base_y: -7.279530
robot_base_yaw: 3.136439
robot_geom: robot0_wheel_right_collision
proxy_geom: scene_aabb_proxy_output_6
judge_collision_detected:
robot_base_x: 10.380203
robot_base_y: -7.279530
robot_base_yaw: 3.136439
robot_geom: robot0_wheel_right_collision
proxy_geom: scene_aabb_proxy_production_line_6
judge_collision_detected:
robot_base_x: 10.377968
robot_base_y: -7.279814
robot_base_yaw: 3.135557
robot_geom: robot0_back_left_caster_2
proxy_geom: scene_aabb_proxy_line_6_output_side_protrusion
judge_collision_detected:
robot_base_x: 10.377968
robot_base_y: -7.279814
robot_base_yaw: 3.135557
robot_geom: robot0_back_right_caster_2
proxy_geom: scene_aabb_proxy_line_6_output_side_protrusion
judge_collision_detected:
robot_base_x: 10.377968
robot_base_y: -7.279814
robot_base_yaw: 3.135557
robot_geom: robot0_base_collision
proxy_geom: scene_aabb_proxy_line_6_belt
judge_collision_detected:
robot_base_x: 10.377968
robot_base_y: -7.279814
robot_base_yaw: 3.135557
robot_geom: robot0_base_collision
proxy_geom: scene_aabb_proxy_line_6_output_side_protrusion
judge_collision_detected:
robot_base_x: 10.377968
robot_base_y: -7.279814
robot_base_yaw: 3.135557
robot_geom: robot0_base_collision
proxy_geom: scene_aabb_proxy_output_6
judge_collision_detected:
robot_base_x: 10.377968
robot_base_y: -7.279814
robot_base_yaw: 3.135557
robot_geom: robot0_base_collision
proxy_geom: scene_aabb_proxy_production_line_6
judge_collision_detected:
robot_base_x: 10.377968
robot_base_y: -7.279814
robot_base_yaw: 3.135557
robot_geom: robot0_front_left_caster_2
proxy_geom: scene_aabb_proxy_output_6
judge_collision_detected:
robot_base_x: 10.377968
robot_base_y: -7.279814
robot_base_yaw: 3.135557
robot_geom: robot0_front_right_caster_2
proxy_geom: scene_aabb_proxy_output_6
judge_collision_detected:
robot_base_x: 10.377968
robot_base_y: -7.279814
robot_base_yaw: 3.135557
robot_geom: robot0_torso_fixed_collision_box_1
proxy_geom: scene_aabb_proxy_line_6_output_side_protrusion
judge_collision_detected:
robot_base_x: 10.377968
robot_base_y: -7.279814
robot_base_yaw: 3.135557
robot_geom: robot0_torso_fixed_collision_box_1
proxy_geom: scene_aabb_proxy_output_6
judge_collision_detected:
robot_base_x: 10.377968
robot_base_y: -7.279814
robot_base_yaw: 3.135557
robot_geom: robot0_torso_fixed_collision_box_1
proxy_geom: scene_aabb_proxy_production_line_6
judge_collision_detected:
robot_base_x: 10.377968
robot_base_y: -7.279814
robot_base_yaw: 3.135557
robot_geom: robot0_torso_fixed_column_collision
proxy_geom: scene_aabb_proxy_line_6_output_side_protrusion
judge_collision_detected:
robot_base_x: 10.377968
robot_base_y: -7.279814
robot_base_yaw: 3.135557
robot_geom: robot0_wheel_left_collision
proxy_geom: scene_aabb_proxy_line_6_output_side_protrusion
judge_collision_detected:
robot_base_x: 10.377968
robot_base_y: -7.279814
robot_base_yaw: 3.135557
robot_geom: robot0_wheel_left_collision
proxy_geom: scene_aabb_proxy_output_6
judge_collision_detected:
robot_base_x: 10.377968
robot_base_y: -7.279814
robot_base_yaw: 3.135557
robot_geom: robot0_wheel_right_collision
proxy_geom: scene_aabb_proxy_line_6_output_side_protrusion
judge_collision_detected:
robot_base_x: 10.377968
robot_base_y: -7.279814
robot_base_yaw: 3.135557
robot_geom: robot0_wheel_right_collision
proxy_geom: scene_aabb_proxy_output_6
judge_collision_detected:
robot_base_x: 10.377968
robot_base_y: -7.279814
robot_base_yaw: 3.135557
robot_geom: robot0_wheel_right_collision
proxy_geom: scene_aabb_proxy_production_line_6
judge_collision_detected:
robot_base_x: 10.375939
robot_base_y: -7.280100
robot_base_yaw: 3.134669
robot_geom: robot0_back_left_caster_2
proxy_geom: scene_aabb_proxy_line_6_output_side_protrusion
judge_collision_detected:
robot_base_x: 10.375939
robot_base_y: -7.280100
robot_base_yaw: 3.134669
robot_geom: robot0_back_right_caster_2
proxy_geom: scene_aabb_proxy_line_6_output_side_protrusion
judge_collision_detected:
robot_base_x: 10.375939
robot_base_y: -7.280100
robot_base_yaw: 3.134669
robot_geom: robot0_base_collision
proxy_geom: scene_aabb_proxy_line_6_output_side_protrusion
judge_collision_detected:
robot_base_x: 10.375939
robot_base_y: -7.280100
robot_base_yaw: 3.134669
robot_geom: robot0_base_collision
proxy_geom: scene_aabb_proxy_output_6
judge_collision_detected:
robot_base_x: 10.375939
robot_base_y: -7.280100
robot_base_yaw: 3.134669
robot_geom: robot0_base_collision
proxy_geom: scene_aabb_proxy_production_line_6
judge_collision_detected:
robot_base_x: 10.375939
robot_base_y: -7.280100
robot_base_yaw: 3.134669
robot_geom: robot0_front_left_caster_2
proxy_geom: scene_aabb_proxy_output_6
judge_collision_detected:
robot_base_x: 10.375939
robot_base_y: -7.280100
robot_base_yaw: 3.134669
robot_geom: robot0_front_right_caster_2
proxy_geom: scene_aabb_proxy_output_6
judge_collision_detected:
robot_base_x: 10.375939
robot_base_y: -7.280100
robot_base_yaw: 3.134669
robot_geom: robot0_torso_fixed_collision_box_1
proxy_geom: scene_aabb_proxy_line_6_output_side_protrusion
judge_collision_detected:
robot_base_x: 10.375939
robot_base_y: -7.280100
robot_base_yaw: 3.134669
robot_geom: robot0_torso_fixed_collision_box_1
proxy_geom: scene_aabb_proxy_output_6
judge_collision_detected:
robot_base_x: 10.375939
robot_base_y: -7.280100
robot_base_yaw: 3.134669
robot_geom: robot0_torso_fixed_collision_box_1
proxy_geom: scene_aabb_proxy_production_line_6
judge_collision_detected:
robot_base_x: 10.375939
robot_base_y: -7.280100
robot_base_yaw: 3.134669
robot_geom: robot0_torso_fixed_column_collision
proxy_geom: scene_aabb_proxy_line_6_output_side_protrusion
judge_collision_detected:
robot_base_x: 10.375939
robot_base_y: -7.280100
robot_base_yaw: 3.134669
robot_geom: robot0_wheel_left_collision
proxy_geom: scene_aabb_proxy_line_6_output_side_protrusion
judge_collision_detected:
robot_base_x: 10.375939
robot_base_y: -7.280100
robot_base_yaw: 3.134669
robot_geom: robot0_wheel_left_collision
proxy_geom: scene_aabb_proxy_output_6
judge_collision_detected:
robot_base_x: 10.375939
robot_base_y: -7.280100
robot_base_yaw: 3.134669
robot_geom: robot0_wheel_right_collision
proxy_geom: scene_aabb_proxy_line_6_output_side_protrusion
judge_collision_detected:
robot_base_x: 10.375939
robot_base_y: -7.280100
robot_base_yaw: 3.134669
robot_geom: robot0_wheel_right_collision
proxy_geom: scene_aabb_proxy_output_6
judge_collision_detected:
robot_base_x: 10.375939
robot_base_y: -7.280100
robot_base_yaw: 3.134669
robot_geom: robot0_wheel_right_collision
proxy_geom: scene_aabb_proxy_production_line_6
judge_collision_detected:
robot_base_x: 10.373996
robot_base_y: -7.280378
robot_base_yaw: 3.133832
robot_geom: robot0_back_left_caster_2
proxy_geom: scene_aabb_proxy_line_6_output_side_protrusion
judge_collision_detected:
robot_base_x: 10.373996
robot_base_y: -7.280378
robot_base_yaw: 3.133832
robot_geom: robot0_back_right_caster_2
proxy_geom: scene_aabb_proxy_line_6_output_side_protrusion
judge_collision_detected:
robot_base_x: 10.373996
robot_base_y: -7.280378
robot_base_yaw: 3.133832
robot_geom: robot0_base_collision
proxy_geom: scene_aabb_proxy_line_6_output_side_protrusion
judge_collision_detected:
robot_base_x: 10.373996
robot_base_y: -7.280378
robot_base_yaw: 3.133832
robot_geom: robot0_base_collision
proxy_geom: scene_aabb_proxy_output_6
judge_collision_detected:
robot_base_x: 10.373996
robot_base_y: -7.280378
robot_base_yaw: 3.133832
robot_geom: robot0_base_collision
proxy_geom: scene_aabb_proxy_production_line_6
judge_collision_detected:
robot_base_x: 10.373996
robot_base_y: -7.280378
robot_base_yaw: 3.133832
robot_geom: robot0_front_left_caster_2
proxy_geom: scene_aabb_proxy_output_6
judge_collision_detected:
robot_base_x: 10.373996
robot_base_y: -7.280378
robot_base_yaw: 3.133832
robot_geom: robot0_front_right_caster_2
proxy_geom: scene_aabb_proxy_output_6
judge_collision_detected:
robot_base_x: 10.373996
robot_base_y: -7.280378
robot_base_yaw: 3.133832
robot_geom: robot0_torso_fixed_collision_box_1
proxy_geom: scene_aabb_proxy_line_6_output_side_protrusion
judge_collision_detected:
robot_base_x: 10.373996
robot_base_y: -7.280378
robot_base_yaw: 3.133832
robot_geom: robot0_torso_fixed_collision_box_1
proxy_geom: scene_aabb_proxy_output_6
judge_collision_detected:
robot_base_x: 10.373996
robot_base_y: -7.280378
robot_base_yaw: 3.133832
robot_geom: robot0_torso_fixed_collision_box_1
proxy_geom: scene_aabb_proxy_production_line_6
judge_collision_detected:
robot_base_x: 10.373996
robot_base_y: -7.280378
robot_base_yaw: 3.133832
robot_geom: robot0_torso_fixed_column_collision
proxy_geom: scene_aabb_proxy_line_6_output_side_protrusion
judge_collision_detected:
robot_base_x: 10.373996
robot_base_y: -7.280378
robot_base_yaw: 3.133832
robot_geom: robot0_wheel_left_collision
proxy_geom: scene_aabb_proxy_line_6_output_side_protrusion
judge_collision_detected:
robot_base_x: 10.373996
robot_base_y: -7.280378
robot_base_yaw: 3.133832
robot_geom: robot0_wheel_left_collision
proxy_geom: scene_aabb_proxy_output_6
judge_collision_detected:
robot_base_x: 10.373996
robot_base_y: -7.280378
robot_base_yaw: 3.133832
robot_geom: robot0_wheel_right_collision
proxy_geom: scene_aabb_proxy_line_6_output_side_protrusion
judge_collision_detected:
robot_base_x: 10.373996
robot_base_y: -7.280378
robot_base_yaw: 3.133832
robot_geom: robot0_wheel_right_collision
proxy_geom: scene_aabb_proxy_output_6
judge_collision_detected:
robot_base_x: 10.373996
robot_base_y: -7.280378
robot_base_yaw: 3.133832
robot_geom: robot0_wheel_right_collision
proxy_geom: scene_aabb_proxy_production_line_6
judge_collision_detected:
robot_base_x: 10.372074
robot_base_y: -7.280652
robot_base_yaw: 3.133042
robot_geom: robot0_back_left_caster_2
proxy_geom: scene_aabb_proxy_line_6_output_side_protrusion
judge_collision_detected:
robot_base_x: 10.372074
robot_base_y: -7.280652
robot_base_yaw: 3.133042
robot_geom: robot0_back_right_caster_2
proxy_geom: scene_aabb_proxy_line_6_output_side_protrusion
judge_collision_detected:
robot_base_x: 10.372074
robot_base_y: -7.280652
robot_base_yaw: 3.133042
robot_geom: robot0_base_collision
proxy_geom: scene_aabb_proxy_line_6_output_side_protrusion
judge_collision_detected:
robot_base_x: 10.372074
robot_base_y: -7.280652
robot_base_yaw: 3.133042
robot_geom: robot0_base_collision
proxy_geom: scene_aabb_proxy_output_6
judge_collision_detected:
robot_base_x: 10.372074
robot_base_y: -7.280652
robot_base_yaw: 3.133042
robot_geom: robot0_base_collision
proxy_geom: scene_aabb_proxy_production_line_6
judge_collision_detected:
robot_base_x: 10.372074
robot_base_y: -7.280652
robot_base_yaw: 3.133042
robot_geom: robot0_front_left_caster_2
proxy_geom: scene_aabb_proxy_output_6
judge_collision_detected:
robot_base_x: 10.372074
robot_base_y: -7.280652
robot_base_yaw: 3.133042
robot_geom: robot0_front_right_caster_2
proxy_geom: scene_aabb_proxy_output_6
judge_collision_detected:
robot_base_x: 10.372074
robot_base_y: -7.280652
robot_base_yaw: 3.133042
robot_geom: robot0_torso_fixed_collision_box_1
proxy_geom: scene_aabb_proxy_line_6_output_side_protrusion
judge_collision_detected:
robot_base_x: 10.372074
robot_base_y: -7.280652
robot_base_yaw: 3.133042
robot_geom: robot0_torso_fixed_collision_box_1
proxy_geom: scene_aabb_proxy_output_6
judge_collision_detected:
robot_base_x: 10.372074
robot_base_y: -7.280652
robot_base_yaw: 3.133042
robot_geom: robot0_torso_fixed_collision_box_1
proxy_geom: scene_aabb_proxy_production_line_6
judge_collision_detected:
robot_base_x: 10.372074
robot_base_y: -7.280652
robot_base_yaw: 3.133042
robot_geom: robot0_torso_fixed_column_collision
proxy_geom: scene_aabb_proxy_line_6_output_side_protrusion
judge_collision_detected:
robot_base_x: 10.372074
robot_base_y: -7.280652
robot_base_yaw: 3.133042
robot_geom: robot0_wheel_left_collision
proxy_geom: scene_aabb_proxy_line_6_output_side_protrusion
judge_collision_detected:
robot_base_x: 10.372074
robot_base_y: -7.280652
robot_base_yaw: 3.133042
robot_geom: robot0_wheel_left_collision
proxy_geom: scene_aabb_proxy_output_6
judge_collision_detected:
robot_base_x: 10.372074
robot_base_y: -7.280652
robot_base_yaw: 3.133042
robot_geom: robot0_wheel_right_collision
proxy_geom: scene_aabb_proxy_line_6_output_side_protrusion
judge_collision_detected:
robot_base_x: 10.372074
robot_base_y: -7.280652
robot_base_yaw: 3.133042
robot_geom: robot0_wheel_right_collision
proxy_geom: scene_aabb_proxy_output_6
judge_collision_detected:
robot_base_x: 10.372074
robot_base_y: -7.280652
robot_base_yaw: 3.133042
robot_geom: robot0_wheel_right_collision
proxy_geom: scene_aabb_proxy_production_line_6
judge_collision_detected:
robot_base_x: 10.369839
robot_base_y: -7.280938
robot_base_yaw: 3.132276
robot_geom: robot0_back_left_caster_2
proxy_geom: scene_aabb_proxy_line_6_output_side_protrusion
judge_collision_detected:
robot_base_x: 10.369839
robot_base_y: -7.280938
robot_base_yaw: 3.132276
robot_geom: robot0_back_right_caster_2
proxy_geom: scene_aabb_proxy_line_6_output_side_protrusion
judge_collision_detected:
robot_base_x: 10.369839
robot_base_y: -7.280938
robot_base_yaw: 3.132276
robot_geom: robot0_base_collision
proxy_geom: scene_aabb_proxy_line_6_output_side_protrusion
judge_collision_detected:
robot_base_x: 10.369839
robot_base_y: -7.280938
robot_base_yaw: 3.132276
robot_geom: robot0_base_collision
proxy_geom: scene_aabb_proxy_output_6
judge_collision_detected:
robot_base_x: 10.369839
robot_base_y: -7.280938
robot_base_yaw: 3.132276
robot_geom: robot0_base_collision
proxy_geom: scene_aabb_proxy_production_line_6
judge_collision_detected:
robot_base_x: 10.369839
robot_base_y: -7.280938
robot_base_yaw: 3.132276
robot_geom: robot0_front_left_caster_2
proxy_geom: scene_aabb_proxy_output_6
judge_collision_detected:
robot_base_x: 10.369839
robot_base_y: -7.280938
robot_base_yaw: 3.132276
robot_geom: robot0_front_right_caster_2
proxy_geom: scene_aabb_proxy_output_6
judge_collision_detected:
robot_base_x: 10.369839
robot_base_y: -7.280938
robot_base_yaw: 3.132276
robot_geom: robot0_torso_fixed_collision_box_1
proxy_geom: scene_aabb_proxy_line_6_output_side_protrusion
judge_collision_detected:
robot_base_x: 10.369839
robot_base_y: -7.280938
robot_base_yaw: 3.132276
robot_geom: robot0_torso_fixed_collision_box_1
proxy_geom: scene_aabb_proxy_output_6
judge_collision_detected:
robot_base_x: 10.369839
robot_base_y: -7.280938
robot_base_yaw: 3.132276
robot_geom: robot0_torso_fixed_collision_box_1
proxy_geom: scene_aabb_proxy_production_line_6
judge_collision_detected:
robot_base_x: 10.369839
robot_base_y: -7.280938
robot_base_yaw: 3.132276
robot_geom: robot0_torso_fixed_column_collision
proxy_geom: scene_aabb_proxy_line_6_output_side_protrusion
judge_collision_detected:
robot_base_x: 10.369839
robot_base_y: -7.280938
robot_base_yaw: 3.132276
robot_geom: robot0_wheel_left_collision
proxy_geom: scene_aabb_proxy_line_6_output_side_protrusion
judge_collision_detected:
robot_base_x: 10.369839
robot_base_y: -7.280938
robot_base_yaw: 3.132276
robot_geom: robot0_wheel_left_collision
proxy_geom: scene_aabb_proxy_output_6
judge_collision_detected:
robot_base_x: 10.369839
robot_base_y: -7.280938
robot_base_yaw: 3.132276
robot_geom: robot0_wheel_right_collision
proxy_geom: scene_aabb_proxy_line_6_output_side_protrusion
judge_collision_detected:
robot_base_x: 10.369839
robot_base_y: -7.280938
robot_base_yaw: 3.132276
robot_geom: robot0_wheel_right_collision
proxy_geom: scene_aabb_proxy_output_6
judge_collision_detected:
robot_base_x: 10.369839
robot_base_y: -7.280938
robot_base_yaw: 3.132276
robot_geom: robot0_wheel_right_collision
proxy_geom: scene_aabb_proxy_production_line_6
judge_collision_detected:
robot_base_x: 10.367383
robot_base_y: -7.281212
robot_base_yaw: 3.130778
robot_geom: robot0_back_left_caster_2
proxy_geom: scene_aabb_proxy_line_6_output_side_protrusion
judge_collision_detected:
robot_base_x: 10.367383
robot_base_y: -7.281212
robot_base_yaw: 3.130778
robot_geom: robot0_back_right_caster_2
proxy_geom: scene_aabb_proxy_line_6_output_side_protrusion
judge_collision_detected:
robot_base_x: 10.367383
robot_base_y: -7.281212
robot_base_yaw: 3.130778
robot_geom: robot0_base_collision
proxy_geom: scene_aabb_proxy_line_6_output_side_protrusion
judge_collision_detected:
robot_base_x: 10.367383
robot_base_y: -7.281212
robot_base_yaw: 3.130778
robot_geom: robot0_base_collision
proxy_geom: scene_aabb_proxy_output_6
judge_collision_detected:
robot_base_x: 10.367383
robot_base_y: -7.281212
robot_base_yaw: 3.130778
robot_geom: robot0_base_collision
proxy_geom: scene_aabb_proxy_production_line_6
judge_collision_detected:
robot_base_x: 10.367383
robot_base_y: -7.281212
robot_base_yaw: 3.130778
robot_geom: robot0_front_left_caster_2
proxy_geom: scene_aabb_proxy_output_6
judge_collision_detected:
robot_base_x: 10.367383
robot_base_y: -7.281212
robot_base_yaw: 3.130778
robot_geom: robot0_front_right_caster_2
proxy_geom: scene_aabb_proxy_output_6
judge_collision_detected:
robot_base_x: 10.367383
robot_base_y: -7.281212
robot_base_yaw: 3.130778
robot_geom: robot0_torso_fixed_collision_box_1
proxy_geom: scene_aabb_proxy_line_6_output_side_protrusion
judge_collision_detected:
robot_base_x: 10.367383
robot_base_y: -7.281212
robot_base_yaw: 3.130778
robot_geom: robot0_torso_fixed_collision_box_1
proxy_geom: scene_aabb_proxy_output_6
judge_collision_detected:
robot_base_x: 10.367383
robot_base_y: -7.281212
robot_base_yaw: 3.130778
robot_geom: robot0_torso_fixed_collision_box_1
proxy_geom: scene_aabb_proxy_production_line_6
judge_collision_detected:
robot_base_x: 10.367383
robot_base_y: -7.281212
robot_base_yaw: 3.130778
robot_geom: robot0_torso_fixed_column_collision
proxy_geom: scene_aabb_proxy_line_6_output_side_protrusion
judge_collision_detected:
robot_base_x: 10.367383
robot_base_y: -7.281212
robot_base_yaw: 3.130778
robot_geom: robot0_wheel_left_collision
proxy_geom: scene_aabb_proxy_line_6_output_side_protrusion
judge_collision_detected:
robot_base_x: 10.367383
robot_base_y: -7.281212
robot_base_yaw: 3.130778
robot_geom: robot0_wheel_left_collision
proxy_geom: scene_aabb_proxy_output_6
judge_collision_detected:
robot_base_x: 10.367383
robot_base_y: -7.281212
robot_base_yaw: 3.130778
robot_geom: robot0_wheel_right_collision
proxy_geom: scene_aabb_proxy_line_6_output_side_protrusion
judge_collision_detected:
robot_base_x: 10.367383
robot_base_y: -7.281212
robot_base_yaw: 3.130778
robot_geom: robot0_wheel_right_collision
proxy_geom: scene_aabb_proxy_output_6
judge_collision_detected:
robot_base_x: 10.367383
robot_base_y: -7.281212
robot_base_yaw: 3.130778
robot_geom: robot0_wheel_right_collision
proxy_geom: scene_aabb_proxy_production_line_6
judge_collision_detected:
robot_base_x: 10.365187
robot_base_y: -7.281428
robot_base_yaw: 3.129337
robot_geom: robot0_back_left_caster_2
proxy_geom: scene_aabb_proxy_line_6_output_side_protrusion
judge_collision_detected:
robot_base_x: 10.365187
robot_base_y: -7.281428
robot_base_yaw: 3.129337
robot_geom: robot0_back_right_caster_2
proxy_geom: scene_aabb_proxy_line_6_output_side_protrusion
judge_collision_detected:
robot_base_x: 10.365187
robot_base_y: -7.281428
robot_base_yaw: 3.129337
robot_geom: robot0_base_collision
proxy_geom: scene_aabb_proxy_line_6_output_side_protrusion
judge_collision_detected:
robot_base_x: 10.365187
robot_base_y: -7.281428
robot_base_yaw: 3.129337
robot_geom: robot0_base_collision
proxy_geom: scene_aabb_proxy_output_6
judge_collision_detected:
robot_base_x: 10.365187
robot_base_y: -7.281428
robot_base_yaw: 3.129337
robot_geom: robot0_base_collision
proxy_geom: scene_aabb_proxy_production_line_6
judge_collision_detected:
robot_base_x: 10.365187
robot_base_y: -7.281428
robot_base_yaw: 3.129337
robot_geom: robot0_front_left_caster_2
proxy_geom: scene_aabb_proxy_output_6
judge_collision_detected:
robot_base_x: 10.365187
robot_base_y: -7.281428
robot_base_yaw: 3.129337
robot_geom: robot0_front_right_caster_2
proxy_geom: scene_aabb_proxy_output_6
judge_collision_detected:
robot_base_x: 10.365187
robot_base_y: -7.281428
robot_base_yaw: 3.129337
robot_geom: robot0_torso_fixed_collision_box_1
proxy_geom: scene_aabb_proxy_line_6_output_side_protrusion
judge_collision_detected:
robot_base_x: 10.365187
robot_base_y: -7.281428
robot_base_yaw: 3.129337
robot_geom: robot0_torso_fixed_collision_box_1
proxy_geom: scene_aabb_proxy_output_6
judge_collision_detected:
robot_base_x: 10.365187
robot_base_y: -7.281428
robot_base_yaw: 3.129337
robot_geom: robot0_torso_fixed_collision_box_1
proxy_geom: scene_aabb_proxy_production_line_6
judge_collision_detected:
robot_base_x: 10.365187
robot_base_y: -7.281428
robot_base_yaw: 3.129337
robot_geom: robot0_torso_fixed_column_collision
proxy_geom: scene_aabb_proxy_line_6_output_side_protrusion
judge_collision_detected:
robot_base_x: 10.365187
robot_base_y: -7.281428
robot_base_yaw: 3.129337
robot_geom: robot0_wheel_left_collision
proxy_geom: scene_aabb_proxy_line_6_output_side_protrusion
judge_collision_detected:
robot_base_x: 10.365187
robot_base_y: -7.281428
robot_base_yaw: 3.129337
robot_geom: robot0_wheel_left_collision
proxy_geom: scene_aabb_proxy_output_6
judge_collision_detected:
robot_base_x: 10.365187
robot_base_y: -7.281428
robot_base_yaw: 3.129337
robot_geom: robot0_wheel_right_collision
proxy_geom: scene_aabb_proxy_line_6_output_side_protrusion
judge_collision_detected:
robot_base_x: 10.365187
robot_base_y: -7.281428
robot_base_yaw: 3.129337
robot_geom: robot0_wheel_right_collision
proxy_geom: scene_aabb_proxy_output_6
judge_collision_detected:
robot_base_x: 10.365187
robot_base_y: -7.281428
robot_base_yaw: 3.129337
robot_geom: robot0_wheel_right_collision
proxy_geom: scene_aabb_proxy_production_line_6
judge_collision_detected:
robot_base_x: 10.362794
robot_base_y: -7.281647
robot_base_yaw: 3.129229
robot_geom: robot0_back_left_caster_2
proxy_geom: scene_aabb_proxy_line_6_output_side_protrusion
judge_collision_detected:
robot_base_x: 10.362794
robot_base_y: -7.281647
robot_base_yaw: 3.129229
robot_geom: robot0_back_right_caster_2
proxy_geom: scene_aabb_proxy_line_6_output_side_protrusion
judge_collision_detected:
robot_base_x: 10.362794
robot_base_y: -7.281647
robot_base_yaw: 3.129229
robot_geom: robot0_base_collision
proxy_geom: scene_aabb_proxy_line_6_output_side_protrusion
judge_collision_detected:
robot_base_x: 10.362794
robot_base_y: -7.281647
robot_base_yaw: 3.129229
robot_geom: robot0_base_collision
proxy_geom: scene_aabb_proxy_output_6
judge_collision_detected:
robot_base_x: 10.362794
robot_base_y: -7.281647
robot_base_yaw: 3.129229
robot_geom: robot0_base_collision
proxy_geom: scene_aabb_proxy_production_line_6
judge_collision_detected:
robot_base_x: 10.362794
robot_base_y: -7.281647
robot_base_yaw: 3.129229
robot_geom: robot0_front_left_caster_2
proxy_geom: scene_aabb_proxy_output_6
judge_collision_detected:
robot_base_x: 10.362794
robot_base_y: -7.281647
robot_base_yaw: 3.129229
robot_geom: robot0_front_right_caster_2
proxy_geom: scene_aabb_proxy_output_6
judge_collision_detected:
robot_base_x: 10.362794
robot_base_y: -7.281647
robot_base_yaw: 3.129229
robot_geom: robot0_torso_fixed_collision_box_1
proxy_geom: scene_aabb_proxy_line_6_output_side_protrusion
judge_collision_detected:
robot_base_x: 10.362794
robot_base_y: -7.281647
robot_base_yaw: 3.129229
robot_geom: robot0_torso_fixed_collision_box_1
proxy_geom: scene_aabb_proxy_output_6
judge_collision_detected:
robot_base_x: 10.362794
robot_base_y: -7.281647
robot_base_yaw: 3.129229
robot_geom: robot0_torso_fixed_collision_box_1
proxy_geom: scene_aabb_proxy_production_line_6
judge_collision_detected:
robot_base_x: 10.362794
robot_base_y: -7.281647
robot_base_yaw: 3.129229
robot_geom: robot0_torso_fixed_column_collision
proxy_geom: scene_aabb_proxy_line_6_output_side_protrusion
judge_collision_detected:
robot_base_x: 10.362794
robot_base_y: -7.281647
robot_base_yaw: 3.129229
robot_geom: robot0_wheel_left_collision
proxy_geom: scene_aabb_proxy_line_6_output_side_protrusion
judge_collision_detected:
robot_base_x: 10.362794
robot_base_y: -7.281647
robot_base_yaw: 3.129229
robot_geom: robot0_wheel_left_collision
proxy_geom: scene_aabb_proxy_output_6
judge_collision_detected:
robot_base_x: 10.362794
robot_base_y: -7.281647
robot_base_yaw: 3.129229
robot_geom: robot0_wheel_right_collision
proxy_geom: scene_aabb_proxy_line_6_output_side_protrusion
judge_collision_detected:
robot_base_x: 10.362794
robot_base_y: -7.281647
robot_base_yaw: 3.129229
robot_geom: robot0_wheel_right_collision
proxy_geom: scene_aabb_proxy_output_6
judge_collision_detected:
robot_base_x: 10.362794
robot_base_y: -7.281647
robot_base_yaw: 3.129229
robot_geom: robot0_wheel_right_collision
proxy_geom: scene_aabb_proxy_production_line_6
judge_collision_detected:
robot_base_x: 10.360448
robot_base_y: -7.281865
robot_base_yaw: 3.129360
robot_geom: robot0_back_left_caster_2
proxy_geom: scene_aabb_proxy_line_6_output_side_protrusion
judge_collision_detected:
robot_base_x: 10.360448
robot_base_y: -7.281865
robot_base_yaw: 3.129360
robot_geom: robot0_back_right_caster_2
proxy_geom: scene_aabb_proxy_line_6_output_side_protrusion
judge_collision_detected:
robot_base_x: 10.360448
robot_base_y: -7.281865
robot_base_yaw: 3.129360
robot_geom: robot0_base_collision
proxy_geom: scene_aabb_proxy_line_6_output_side_protrusion
judge_collision_detected:
robot_base_x: 10.360448
robot_base_y: -7.281865
robot_base_yaw: 3.129360
robot_geom: robot0_base_collision
proxy_geom: scene_aabb_proxy_output_6
judge_collision_detected:
robot_base_x: 10.360448
robot_base_y: -7.281865
robot_base_yaw: 3.129360
robot_geom: robot0_base_collision
proxy_geom: scene_aabb_proxy_production_line_6
judge_collision_detected:
robot_base_x: 10.360448
robot_base_y: -7.281865
robot_base_yaw: 3.129360
robot_geom: robot0_front_left_caster_2
proxy_geom: scene_aabb_proxy_output_6
judge_collision_detected:
robot_base_x: 10.360448
robot_base_y: -7.281865
robot_base_yaw: 3.129360
robot_geom: robot0_front_right_caster_2
proxy_geom: scene_aabb_proxy_output_6
judge_collision_detected:
robot_base_x: 10.360448
robot_base_y: -7.281865
robot_base_yaw: 3.129360
robot_geom: robot0_torso_fixed_collision_box_1
proxy_geom: scene_aabb_proxy_line_6_output_side_protrusion
judge_collision_detected:
robot_base_x: 10.360448
robot_base_y: -7.281865
robot_base_yaw: 3.129360
robot_geom: robot0_torso_fixed_collision_box_1
proxy_geom: scene_aabb_proxy_output_6
judge_collision_detected:
robot_base_x: 10.360448
robot_base_y: -7.281865
robot_base_yaw: 3.129360
robot_geom: robot0_torso_fixed_collision_box_1
proxy_geom: scene_aabb_proxy_production_line_6
judge_collision_detected:
robot_base_x: 10.360448
robot_base_y: -7.281865
robot_base_yaw: 3.129360
robot_geom: robot0_torso_fixed_column_collision
proxy_geom: scene_aabb_proxy_line_6_output_side_protrusion
judge_collision_detected:
robot_base_x: 10.360448
robot_base_y: -7.281865
robot_base_yaw: 3.129360
robot_geom: robot0_wheel_left_collision
proxy_geom: scene_aabb_proxy_line_6_output_side_protrusion
judge_collision_detected:
robot_base_x: 10.360448
robot_base_y: -7.281865
robot_base_yaw: 3.129360
robot_geom: robot0_wheel_left_collision
proxy_geom: scene_aabb_proxy_output_6
judge_collision_detected:
robot_base_x: 10.360448
robot_base_y: -7.281865
robot_base_yaw: 3.129360
robot_geom: robot0_wheel_right_collision
proxy_geom: scene_aabb_proxy_line_6_output_side_protrusion
judge_collision_detected:
robot_base_x: 10.360448
robot_base_y: -7.281865
robot_base_yaw: 3.129360
robot_geom: robot0_wheel_right_collision
proxy_geom: scene_aabb_proxy_output_6
judge_collision_detected:
robot_base_x: 10.360448
robot_base_y: -7.281865
robot_base_yaw: 3.129360
robot_geom: robot0_wheel_right_collision
proxy_geom: scene_aabb_proxy_production_line_6
judge_collision_detected:
robot_base_x: 10.358207
robot_base_y: -7.282079
robot_base_yaw: 3.129511
robot_geom: robot0_back_left_caster_2
proxy_geom: scene_aabb_proxy_line_6_output_side_protrusion
judge_collision_detected:
robot_base_x: 10.358207
robot_base_y: -7.282079
robot_base_yaw: 3.129511
robot_geom: robot0_back_right_caster_2
proxy_geom: scene_aabb_proxy_line_6_output_side_protrusion
judge_collision_detected:
robot_base_x: 10.358207
robot_base_y: -7.282079
robot_base_yaw: 3.129511
robot_geom: robot0_base_collision
proxy_geom: scene_aabb_proxy_line_6_output_side_protrusion
judge_collision_detected:
robot_base_x: 10.358207
robot_base_y: -7.282079
robot_base_yaw: 3.129511
robot_geom: robot0_base_collision
proxy_geom: scene_aabb_proxy_output_6
judge_collision_detected:
robot_base_x: 10.358207
robot_base_y: -7.282079
robot_base_yaw: 3.129511
robot_geom: robot0_base_collision
proxy_geom: scene_aabb_proxy_production_line_6
judge_collision_detected:
robot_base_x: 10.358207
robot_base_y: -7.282079
robot_base_yaw: 3.129511
robot_geom: robot0_front_left_caster_2
proxy_geom: scene_aabb_proxy_output_6
judge_collision_detected:
robot_base_x: 10.358207
robot_base_y: -7.282079
robot_base_yaw: 3.129511
robot_geom: robot0_front_right_caster_2
proxy_geom: scene_aabb_proxy_output_6
judge_collision_detected:
robot_base_x: 10.358207
robot_base_y: -7.282079
robot_base_yaw: 3.129511
robot_geom: robot0_torso_fixed_collision_box_1
proxy_geom: scene_aabb_proxy_line_6_output_side_protrusion
judge_collision_detected:
robot_base_x: 10.358207
robot_base_y: -7.282079
robot_base_yaw: 3.129511
robot_geom: robot0_torso_fixed_collision_box_1
proxy_geom: scene_aabb_proxy_output_6
judge_collision_detected:
robot_base_x: 10.358207
robot_base_y: -7.282079
robot_base_yaw: 3.129511
robot_geom: robot0_torso_fixed_collision_box_1
proxy_geom: scene_aabb_proxy_production_line_6
judge_collision_detected:
robot_base_x: 10.358207
robot_base_y: -7.282079
robot_base_yaw: 3.129511
robot_geom: robot0_torso_fixed_column_collision
proxy_geom: scene_aabb_proxy_line_6_output_side_protrusion
judge_collision_detected:
robot_base_x: 10.358207
robot_base_y: -7.282079
robot_base_yaw: 3.129511
robot_geom: robot0_wheel_left_collision
proxy_geom: scene_aabb_proxy_line_6_output_side_protrusion
judge_collision_detected:
robot_base_x: 10.358207
robot_base_y: -7.282079
robot_base_yaw: 3.129511
robot_geom: robot0_wheel_left_collision
proxy_geom: scene_aabb_proxy_output_6
judge_collision_detected:
robot_base_x: 10.358207
robot_base_y: -7.282079
robot_base_yaw: 3.129511
robot_geom: robot0_wheel_right_collision
proxy_geom: scene_aabb_proxy_line_6_output_side_protrusion
judge_collision_detected:
robot_base_x: 10.358207
robot_base_y: -7.282079
robot_base_yaw: 3.129511
robot_geom: robot0_wheel_right_collision
proxy_geom: scene_aabb_proxy_output_6
judge_collision_detected:
robot_base_x: 10.358207
robot_base_y: -7.282079
robot_base_yaw: 3.129511
robot_geom: robot0_wheel_right_collision
proxy_geom: scene_aabb_proxy_production_line_6
judge_collision_detected:
robot_base_x: 10.356064
robot_base_y: -7.282289
robot_base_yaw: 3.129677
robot_geom: robot0_back_left_caster_2
proxy_geom: scene_aabb_proxy_line_6_output_side_protrusion
judge_collision_detected:
robot_base_x: 10.356064
robot_base_y: -7.282289
robot_base_yaw: 3.129677
robot_geom: robot0_back_right_caster_2
proxy_geom: scene_aabb_proxy_line_6_output_side_protrusion
judge_collision_detected:
robot_base_x: 10.356064
robot_base_y: -7.282289
robot_base_yaw: 3.129677
robot_geom: robot0_base_collision
proxy_geom: scene_aabb_proxy_line_6_output_side_protrusion
judge_collision_detected:
robot_base_x: 10.356064
robot_base_y: -7.282289
robot_base_yaw: 3.129677
robot_geom: robot0_base_collision
proxy_geom: scene_aabb_proxy_output_6
judge_collision_detected:
robot_base_x: 10.356064
robot_base_y: -7.282289
robot_base_yaw: 3.129677
robot_geom: robot0_base_collision
proxy_geom: scene_aabb_proxy_production_line_6
judge_collision_detected:
robot_base_x: 10.356064
robot_base_y: -7.282289
robot_base_yaw: 3.129677
robot_geom: robot0_front_left_caster_2
proxy_geom: scene_aabb_proxy_output_6
judge_collision_detected:
robot_base_x: 10.356064
robot_base_y: -7.282289
robot_base_yaw: 3.129677
robot_geom: robot0_front_right_caster_2
proxy_geom: scene_aabb_proxy_output_6
judge_collision_detected:
robot_base_x: 10.356064
robot_base_y: -7.282289
robot_base_yaw: 3.129677
robot_geom: robot0_torso_fixed_collision_box_1
proxy_geom: scene_aabb_proxy_line_6_output_side_protrusion
judge_collision_detected:
robot_base_x: 10.356064
robot_base_y: -7.282289
robot_base_yaw: 3.129677
robot_geom: robot0_torso_fixed_collision_box_1
proxy_geom: scene_aabb_proxy_output_6
judge_collision_detected:
robot_base_x: 10.356064
robot_base_y: -7.282289
robot_base_yaw: 3.129677
robot_geom: robot0_torso_fixed_collision_box_1
proxy_geom: scene_aabb_proxy_production_line_6
judge_collision_detected:
robot_base_x: 10.356064
robot_base_y: -7.282289
robot_base_yaw: 3.129677
robot_geom: robot0_torso_fixed_column_collision
proxy_geom: scene_aabb_proxy_line_6_output_side_protrusion
judge_collision_detected:
robot_base_x: 10.356064
robot_base_y: -7.282289
robot_base_yaw: 3.129677
robot_geom: robot0_wheel_left_collision
proxy_geom: scene_aabb_proxy_line_6_output_side_protrusion
judge_collision_detected:
robot_base_x: 10.356064
robot_base_y: -7.282289
robot_base_yaw: 3.129677
robot_geom: robot0_wheel_left_collision
proxy_geom: scene_aabb_proxy_output_6
judge_collision_detected:
robot_base_x: 10.356064
robot_base_y: -7.282289
robot_base_yaw: 3.129677
robot_geom: robot0_wheel_right_collision
proxy_geom: scene_aabb_proxy_line_6_output_side_protrusion
judge_collision_detected:
robot_base_x: 10.356064
robot_base_y: -7.282289
robot_base_yaw: 3.129677
robot_geom: robot0_wheel_right_collision
proxy_geom: scene_aabb_proxy_output_6
judge_collision_detected:
robot_base_x: 10.356064
robot_base_y: -7.282289
robot_base_yaw: 3.129677
robot_geom: robot0_wheel_right_collision
proxy_geom: scene_aabb_proxy_production_line_6
judge_collision_detected:
robot_base_x: 10.354019
robot_base_y: -7.282496
robot_base_yaw: 3.129865
robot_geom: robot0_back_left_caster_2
proxy_geom: scene_aabb_proxy_line_6_output_side_protrusion
judge_collision_detected:
robot_base_x: 10.354019
robot_base_y: -7.282496
robot_base_yaw: 3.129865
robot_geom: robot0_back_right_caster_2
proxy_geom: scene_aabb_proxy_line_6_output_side_protrusion
judge_collision_detected:
robot_base_x: 10.354019
robot_base_y: -7.282496
robot_base_yaw: 3.129865
robot_geom: robot0_base_collision
proxy_geom: scene_aabb_proxy_line_6_output_side_protrusion
judge_collision_detected:
robot_base_x: 10.354019
robot_base_y: -7.282496
robot_base_yaw: 3.129865
robot_geom: robot0_base_collision
proxy_geom: scene_aabb_proxy_output_6
judge_collision_detected:
robot_base_x: 10.354019
robot_base_y: -7.282496
robot_base_yaw: 3.129865
robot_geom: robot0_base_collision
proxy_geom: scene_aabb_proxy_production_line_6
judge_collision_detected:
robot_base_x: 10.354019
robot_base_y: -7.282496
robot_base_yaw: 3.129865
robot_geom: robot0_front_left_caster_2
proxy_geom: scene_aabb_proxy_output_6
judge_collision_detected:
robot_base_x: 10.354019
robot_base_y: -7.282496
robot_base_yaw: 3.129865
robot_geom: robot0_front_right_caster_2
proxy_geom: scene_aabb_proxy_output_6
judge_collision_detected:
robot_base_x: 10.354019
robot_base_y: -7.282496
robot_base_yaw: 3.129865
robot_geom: robot0_torso_fixed_collision_box_1
proxy_geom: scene_aabb_proxy_line_6_output_side_protrusion
judge_collision_detected:
robot_base_x: 10.354019
robot_base_y: -7.282496
robot_base_yaw: 3.129865
robot_geom: robot0_torso_fixed_collision_box_1
proxy_geom: scene_aabb_proxy_output_6
judge_collision_detected:
robot_base_x: 10.354019
robot_base_y: -7.282496
robot_base_yaw: 3.129865
robot_geom: robot0_torso_fixed_collision_box_1
proxy_geom: scene_aabb_proxy_production_line_6
judge_collision_detected:
robot_base_x: 10.354019
robot_base_y: -7.282496
robot_base_yaw: 3.129865
robot_geom: robot0_torso_fixed_column_collision
proxy_geom: scene_aabb_proxy_line_6_output_side_protrusion
judge_collision_detected:
robot_base_x: 10.354019
robot_base_y: -7.282496
robot_base_yaw: 3.129865
robot_geom: robot0_wheel_left_collision
proxy_geom: scene_aabb_proxy_line_6_output_side_protrusion
judge_collision_detected:
robot_base_x: 10.354019
robot_base_y: -7.282496
robot_base_yaw: 3.129865
robot_geom: robot0_wheel_left_collision
proxy_geom: scene_aabb_proxy_output_6
judge_collision_detected:
robot_base_x: 10.354019
robot_base_y: -7.282496
robot_base_yaw: 3.129865
robot_geom: robot0_wheel_right_collision
proxy_geom: scene_aabb_proxy_line_6_output_side_protrusion
judge_collision_detected:
robot_base_x: 10.354019
robot_base_y: -7.282496
robot_base_yaw: 3.129865
robot_geom: robot0_wheel_right_collision
proxy_geom: scene_aabb_proxy_output_6
judge_collision_detected:
robot_base_x: 10.354019
robot_base_y: -7.282496
robot_base_yaw: 3.129865
robot_geom: robot0_wheel_right_collision
proxy_geom: scene_aabb_proxy_production_line_6
judge_collision_detected:
robot_base_x: 10.352063
robot_base_y: -7.282700
robot_base_yaw: 3.130060
robot_geom: robot0_back_left_caster_2
proxy_geom: scene_aabb_proxy_line_6_output_side_protrusion
judge_collision_detected:
robot_base_x: 10.352063
robot_base_y: -7.282700
robot_base_yaw: 3.130060
robot_geom: robot0_back_right_caster_2
proxy_geom: scene_aabb_proxy_line_6_output_side_protrusion
judge_collision_detected:
robot_base_x: 10.352063
robot_base_y: -7.282700
robot_base_yaw: 3.130060
robot_geom: robot0_base_collision
proxy_geom: scene_aabb_proxy_line_6_output_side_protrusion
judge_collision_detected:
robot_base_x: 10.352063
robot_base_y: -7.282700
robot_base_yaw: 3.130060
robot_geom: robot0_base_collision
proxy_geom: scene_aabb_proxy_output_6
judge_collision_detected:
robot_base_x: 10.352063
robot_base_y: -7.282700
robot_base_yaw: 3.130060
robot_geom: robot0_base_collision
proxy_geom: scene_aabb_proxy_production_line_6
judge_collision_detected:
robot_base_x: 10.352063
robot_base_y: -7.282700
robot_base_yaw: 3.130060
robot_geom: robot0_front_left_caster_2
proxy_geom: scene_aabb_proxy_output_6
judge_collision_detected:
robot_base_x: 10.352063
robot_base_y: -7.282700
robot_base_yaw: 3.130060
robot_geom: robot0_front_right_caster_2
proxy_geom: scene_aabb_proxy_output_6
judge_collision_detected:
robot_base_x: 10.352063
robot_base_y: -7.282700
robot_base_yaw: 3.130060
robot_geom: robot0_torso_fixed_collision_box_1
proxy_geom: scene_aabb_proxy_line_6_output_side_protrusion
judge_collision_detected:
robot_base_x: 10.352063
robot_base_y: -7.282700
robot_base_yaw: 3.130060
robot_geom: robot0_torso_fixed_collision_box_1
proxy_geom: scene_aabb_proxy_output_6
judge_collision_detected:
robot_base_x: 10.352063
robot_base_y: -7.282700
robot_base_yaw: 3.130060
robot_geom: robot0_torso_fixed_collision_box_1
proxy_geom: scene_aabb_proxy_production_line_6
judge_collision_detected:
robot_base_x: 10.352063
robot_base_y: -7.282700
robot_base_yaw: 3.130060
robot_geom: robot0_torso_fixed_column_collision
proxy_geom: scene_aabb_proxy_line_6_output_side_protrusion
judge_collision_detected:
robot_base_x: 10.352063
robot_base_y: -7.282700
robot_base_yaw: 3.130060
robot_geom: robot0_wheel_left_collision
proxy_geom: scene_aabb_proxy_line_6_output_side_protrusion
judge_collision_detected:
robot_base_x: 10.352063
robot_base_y: -7.282700
robot_base_yaw: 3.130060
robot_geom: robot0_wheel_left_collision
proxy_geom: scene_aabb_proxy_output_6
judge_collision_detected:
robot_base_x: 10.352063
robot_base_y: -7.282700
robot_base_yaw: 3.130060
robot_geom: robot0_wheel_right_collision
proxy_geom: scene_aabb_proxy_line_6_output_side_protrusion
judge_collision_detected:
robot_base_x: 10.352063
robot_base_y: -7.282700
robot_base_yaw: 3.130060
robot_geom: robot0_wheel_right_collision
proxy_geom: scene_aabb_proxy_output_6
judge_collision_detected:
robot_base_x: 10.352063
robot_base_y: -7.282700
robot_base_yaw: 3.130060
robot_geom: robot0_wheel_right_collision
proxy_geom: scene_aabb_proxy_production_line_6
judge_collision_detected:
robot_base_x: 10.350181
robot_base_y: -7.282900
robot_base_yaw: 3.130284
robot_geom: robot0_back_left_caster_2
proxy_geom: scene_aabb_proxy_line_6_output_side_protrusion
judge_collision_detected:
robot_base_x: 10.350181
robot_base_y: -7.282900
robot_base_yaw: 3.130284
robot_geom: robot0_back_right_caster_2
proxy_geom: scene_aabb_proxy_line_6_output_side_protrusion
judge_collision_detected:
robot_base_x: 10.350181
robot_base_y: -7.282900
robot_base_yaw: 3.130284
robot_geom: robot0_base_collision
proxy_geom: scene_aabb_proxy_line_6_output_side_protrusion
judge_collision_detected:
robot_base_x: 10.350181
robot_base_y: -7.282900
robot_base_yaw: 3.130284
robot_geom: robot0_base_collision
proxy_geom: scene_aabb_proxy_output_6
judge_collision_detected:
robot_base_x: 10.350181
robot_base_y: -7.282900
robot_base_yaw: 3.130284
robot_geom: robot0_base_collision
proxy_geom: scene_aabb_proxy_production_line_6
judge_collision_detected:
robot_base_x: 10.350181
robot_base_y: -7.282900
robot_base_yaw: 3.130284
robot_geom: robot0_front_left_caster_2
proxy_geom: scene_aabb_proxy_output_6
judge_collision_detected:
robot_base_x: 10.350181
robot_base_y: -7.282900
robot_base_yaw: 3.130284
robot_geom: robot0_front_right_caster_2
proxy_geom: scene_aabb_proxy_output_6
judge_collision_detected:
robot_base_x: 10.350181
robot_base_y: -7.282900
robot_base_yaw: 3.130284
robot_geom: robot0_torso_fixed_collision_box_1
proxy_geom: scene_aabb_proxy_line_6_output_side_protrusion
judge_collision_detected:
robot_base_x: 10.350181
robot_base_y: -7.282900
robot_base_yaw: 3.130284
robot_geom: robot0_torso_fixed_collision_box_1
proxy_geom: scene_aabb_proxy_output_6
judge_collision_detected:
robot_base_x: 10.350181
robot_base_y: -7.282900
robot_base_yaw: 3.130284
robot_geom: robot0_torso_fixed_collision_box_1
proxy_geom: scene_aabb_proxy_production_line_6
judge_collision_detected:
robot_base_x: 10.350181
robot_base_y: -7.282900
robot_base_yaw: 3.130284
robot_geom: robot0_torso_fixed_column_collision
proxy_geom: scene_aabb_proxy_line_6_output_side_protrusion
judge_collision_detected:
robot_base_x: 10.350181
robot_base_y: -7.282900
robot_base_yaw: 3.130284
robot_geom: robot0_wheel_left_collision
proxy_geom: scene_aabb_proxy_line_6_output_side_protrusion
judge_collision_detected:
robot_base_x: 10.350181
robot_base_y: -7.282900
robot_base_yaw: 3.130284
robot_geom: robot0_wheel_left_collision
proxy_geom: scene_aabb_proxy_output_6
judge_collision_detected:
robot_base_x: 10.350181
robot_base_y: -7.282900
robot_base_yaw: 3.130284
robot_geom: robot0_wheel_right_collision
proxy_geom: scene_aabb_proxy_line_6_output_side_protrusion
judge_collision_detected:
robot_base_x: 10.350181
robot_base_y: -7.282900
robot_base_yaw: 3.130284
robot_geom: robot0_wheel_right_collision
proxy_geom: scene_aabb_proxy_output_6
judge_collision_detected:
robot_base_x: 10.350181
robot_base_y: -7.282900
robot_base_yaw: 3.130284
robot_geom: robot0_wheel_right_collision
proxy_geom: scene_aabb_proxy_production_line_6
judge_collision_detected:
robot_base_x: 10.348328
robot_base_y: -7.283103
robot_base_yaw: 3.130599
robot_geom: robot0_back_left_caster_2
proxy_geom: scene_aabb_proxy_line_6_output_side_protrusion
judge_collision_detected:
robot_base_x: 10.348328
robot_base_y: -7.283103
robot_base_yaw: 3.130599
robot_geom: robot0_back_right_caster_2
proxy_geom: scene_aabb_proxy_line_6_output_side_protrusion
judge_collision_detected:
robot_base_x: 10.348328
robot_base_y: -7.283103
robot_base_yaw: 3.130599
robot_geom: robot0_base_collision
proxy_geom: scene_aabb_proxy_line_6_output_side_protrusion
judge_collision_detected:
robot_base_x: 10.348328
robot_base_y: -7.283103
robot_base_yaw: 3.130599
robot_geom: robot0_base_collision
proxy_geom: scene_aabb_proxy_output_6
judge_collision_detected:
robot_base_x: 10.348328
robot_base_y: -7.283103
robot_base_yaw: 3.130599
robot_geom: robot0_base_collision
proxy_geom: scene_aabb_proxy_production_line_6
judge_collision_detected:
robot_base_x: 10.348328
robot_base_y: -7.283103
robot_base_yaw: 3.130599
robot_geom: robot0_front_left_caster_2
proxy_geom: scene_aabb_proxy_output_6
judge_collision_detected:
robot_base_x: 10.348328
robot_base_y: -7.283103
robot_base_yaw: 3.130599
robot_geom: robot0_front_right_caster_2
proxy_geom: scene_aabb_proxy_output_6
judge_collision_detected:
robot_base_x: 10.348328
robot_base_y: -7.283103
robot_base_yaw: 3.130599
robot_geom: robot0_torso_fixed_collision_box_1
proxy_geom: scene_aabb_proxy_line_6_output_side_protrusion
judge_collision_detected:
robot_base_x: 10.348328
robot_base_y: -7.283103
robot_base_yaw: 3.130599
robot_geom: robot0_torso_fixed_collision_box_1
proxy_geom: scene_aabb_proxy_output_6
judge_collision_detected:
robot_base_x: 10.348328
robot_base_y: -7.283103
robot_base_yaw: 3.130599
robot_geom: robot0_torso_fixed_collision_box_1
proxy_geom: scene_aabb_proxy_production_line_6
judge_collision_detected:
robot_base_x: 10.348328
robot_base_y: -7.283103
robot_base_yaw: 3.130599
robot_geom: robot0_torso_fixed_column_collision
proxy_geom: scene_aabb_proxy_line_6_output_side_protrusion
judge_collision_detected:
robot_base_x: 10.348328
robot_base_y: -7.283103
robot_base_yaw: 3.130599
robot_geom: robot0_wheel_left_collision
proxy_geom: scene_aabb_proxy_line_6_output_side_protrusion
judge_collision_detected:
robot_base_x: 10.348328
robot_base_y: -7.283103
robot_base_yaw: 3.130599
robot_geom: robot0_wheel_left_collision
proxy_geom: scene_aabb_proxy_output_6
judge_collision_detected:
robot_base_x: 10.348328
robot_base_y: -7.283103
robot_base_yaw: 3.130599
robot_geom: robot0_wheel_right_collision
proxy_geom: scene_aabb_proxy_line_6_output_side_protrusion
judge_collision_detected:
robot_base_x: 10.348328
robot_base_y: -7.283103
robot_base_yaw: 3.130599
robot_geom: robot0_wheel_right_collision
proxy_geom: scene_aabb_proxy_output_6
judge_collision_detected:
robot_base_x: 10.348328
robot_base_y: -7.283103
robot_base_yaw: 3.130599
robot_geom: robot0_wheel_right_collision
proxy_geom: scene_aabb_proxy_production_line_6
judge_collision_detected:
robot_base_x: 10.346560
robot_base_y: -7.283301
robot_base_yaw: 3.130932
robot_geom: robot0_back_left_caster_2
proxy_geom: scene_aabb_proxy_line_6_output_side_protrusion
judge_collision_detected:
robot_base_x: 10.346560
robot_base_y: -7.283301
robot_base_yaw: 3.130932
robot_geom: robot0_back_right_caster_2
proxy_geom: scene_aabb_proxy_line_6_output_side_protrusion
judge_collision_detected:
robot_base_x: 10.346560
robot_base_y: -7.283301
robot_base_yaw: 3.130932
robot_geom: robot0_base_collision
proxy_geom: scene_aabb_proxy_line_6_output_side_protrusion
judge_collision_detected:
robot_base_x: 10.346560
robot_base_y: -7.283301
robot_base_yaw: 3.130932
robot_geom: robot0_base_collision
proxy_geom: scene_aabb_proxy_output_6
judge_collision_detected:
robot_base_x: 10.346560
robot_base_y: -7.283301
robot_base_yaw: 3.130932
robot_geom: robot0_base_collision
proxy_geom: scene_aabb_proxy_production_line_6
judge_collision_detected:
robot_base_x: 10.346560
robot_base_y: -7.283301
robot_base_yaw: 3.130932
robot_geom: robot0_front_left_caster_2
proxy_geom: scene_aabb_proxy_output_6
judge_collision_detected:
robot_base_x: 10.346560
robot_base_y: -7.283301
robot_base_yaw: 3.130932
robot_geom: robot0_front_right_caster_2
proxy_geom: scene_aabb_proxy_output_6
judge_collision_detected:
robot_base_x: 10.346560
robot_base_y: -7.283301
robot_base_yaw: 3.130932
robot_geom: robot0_torso_fixed_collision_box_1
proxy_geom: scene_aabb_proxy_line_6_output_side_protrusion
judge_collision_detected:
robot_base_x: 10.346560
robot_base_y: -7.283301
robot_base_yaw: 3.130932
robot_geom: robot0_torso_fixed_collision_box_1
proxy_geom: scene_aabb_proxy_output_6
judge_collision_detected:
robot_base_x: 10.346560
robot_base_y: -7.283301
robot_base_yaw: 3.130932
robot_geom: robot0_torso_fixed_collision_box_1
proxy_geom: scene_aabb_proxy_production_line_6
judge_collision_detected:
robot_base_x: 10.346560
robot_base_y: -7.283301
robot_base_yaw: 3.130932
robot_geom: robot0_torso_fixed_column_collision
proxy_geom: scene_aabb_proxy_line_6_output_side_protrusion
judge_collision_detected:
robot_base_x: 10.346560
robot_base_y: -7.283301
robot_base_yaw: 3.130932
robot_geom: robot0_wheel_left_collision
proxy_geom: scene_aabb_proxy_line_6_output_side_protrusion
judge_collision_detected:
robot_base_x: 10.346560
robot_base_y: -7.283301
robot_base_yaw: 3.130932
robot_geom: robot0_wheel_left_collision
proxy_geom: scene_aabb_proxy_output_6
judge_collision_detected:
robot_base_x: 10.346560
robot_base_y: -7.283301
robot_base_yaw: 3.130932
robot_geom: robot0_wheel_right_collision
proxy_geom: scene_aabb_proxy_line_6_output_side_protrusion
judge_collision_detected:
robot_base_x: 10.346560
robot_base_y: -7.283301
robot_base_yaw: 3.130932
robot_geom: robot0_wheel_right_collision
proxy_geom: scene_aabb_proxy_output_6
judge_collision_detected:
robot_base_x: 10.346560
robot_base_y: -7.283301
robot_base_yaw: 3.130932
robot_geom: robot0_wheel_right_collision
proxy_geom: scene_aabb_proxy_production_line_6
judge_collision_detected:
robot_base_x: 10.344836
robot_base_y: -7.283497
robot_base_yaw: 3.131194
robot_geom: robot0_back_left_caster_2
proxy_geom: scene_aabb_proxy_line_6_output_side_protrusion
judge_collision_detected:
robot_base_x: 10.344836
robot_base_y: -7.283497
robot_base_yaw: 3.131194
robot_geom: robot0_back_right_caster_2
proxy_geom: scene_aabb_proxy_line_6_output_side_protrusion
judge_collision_detected:
robot_base_x: 10.344836
robot_base_y: -7.283497
robot_base_yaw: 3.131194
robot_geom: robot0_base_collision
proxy_geom: scene_aabb_proxy_line_6_output_side_protrusion
judge_collision_detected:
robot_base_x: 10.344836
robot_base_y: -7.283497
robot_base_yaw: 3.131194
robot_geom: robot0_base_collision
proxy_geom: scene_aabb_proxy_output_6
judge_collision_detected:
robot_base_x: 10.344836
robot_base_y: -7.283497
robot_base_yaw: 3.131194
robot_geom: robot0_base_collision
proxy_geom: scene_aabb_proxy_production_line_6
judge_collision_detected:
robot_base_x: 10.344836
robot_base_y: -7.283497
robot_base_yaw: 3.131194
robot_geom: robot0_front_left_caster_2
proxy_geom: scene_aabb_proxy_output_6
judge_collision_detected:
robot_base_x: 10.344836
robot_base_y: -7.283497
robot_base_yaw: 3.131194
robot_geom: robot0_front_right_caster_2
proxy_geom: scene_aabb_proxy_output_6
judge_collision_detected:
robot_base_x: 10.344836
robot_base_y: -7.283497
robot_base_yaw: 3.131194
robot_geom: robot0_torso_fixed_collision_box_1
proxy_geom: scene_aabb_proxy_line_6_output_side_protrusion
judge_collision_detected:
robot_base_x: 10.344836
robot_base_y: -7.283497
robot_base_yaw: 3.131194
robot_geom: robot0_torso_fixed_collision_box_1
proxy_geom: scene_aabb_proxy_output_6
judge_collision_detected:
robot_base_x: 10.344836
robot_base_y: -7.283497
robot_base_yaw: 3.131194
robot_geom: robot0_torso_fixed_collision_box_1
proxy_geom: scene_aabb_proxy_production_line_6
judge_collision_detected:
robot_base_x: 10.344836
robot_base_y: -7.283497
robot_base_yaw: 3.131194
robot_geom: robot0_torso_fixed_column_collision
proxy_geom: scene_aabb_proxy_line_6_output_side_protrusion
judge_collision_detected:
robot_base_x: 10.344836
robot_base_y: -7.283497
robot_base_yaw: 3.131194
robot_geom: robot0_wheel_left_collision
proxy_geom: scene_aabb_proxy_line_6_output_side_protrusion
judge_collision_detected:
robot_base_x: 10.344836
robot_base_y: -7.283497
robot_base_yaw: 3.131194
robot_geom: robot0_wheel_left_collision
proxy_geom: scene_aabb_proxy_output_6
judge_collision_detected:
robot_base_x: 10.344836
robot_base_y: -7.283497
robot_base_yaw: 3.131194
robot_geom: robot0_wheel_right_collision
proxy_geom: scene_aabb_proxy_line_6_output_side_protrusion
judge_collision_detected:
robot_base_x: 10.344836
robot_base_y: -7.283497
robot_base_yaw: 3.131194
robot_geom: robot0_wheel_right_collision
proxy_geom: scene_aabb_proxy_output_6
judge_collision_detected:
robot_base_x: 10.344836
robot_base_y: -7.283497
robot_base_yaw: 3.131194
robot_geom: robot0_wheel_right_collision
proxy_geom: scene_aabb_proxy_production_line_6
judge_collision_detected:
robot_base_x: 10.343156
robot_base_y: -7.283692
robot_base_yaw: 3.131420
robot_geom: robot0_back_left_caster_2
proxy_geom: scene_aabb_proxy_line_6_output_side_protrusion
judge_collision_detected:
robot_base_x: 10.343156
robot_base_y: -7.283692
robot_base_yaw: 3.131420
robot_geom: robot0_back_right_caster_2
proxy_geom: scene_aabb_proxy_line_6_output_side_protrusion
judge_collision_detected:
robot_base_x: 10.343156
robot_base_y: -7.283692
robot_base_yaw: 3.131420
robot_geom: robot0_base_collision
proxy_geom: scene_aabb_proxy_line_6_output_side_protrusion
judge_collision_detected:
robot_base_x: 10.343156
robot_base_y: -7.283692
robot_base_yaw: 3.131420
robot_geom: robot0_base_collision
proxy_geom: scene_aabb_proxy_output_6
judge_collision_detected:
robot_base_x: 10.343156
robot_base_y: -7.283692
robot_base_yaw: 3.131420
robot_geom: robot0_base_collision
proxy_geom: scene_aabb_proxy_production_line_6
judge_collision_detected:
robot_base_x: 10.343156
robot_base_y: -7.283692
robot_base_yaw: 3.131420
robot_geom: robot0_front_left_caster_2
proxy_geom: scene_aabb_proxy_output_6
judge_collision_detected:
robot_base_x: 10.343156
robot_base_y: -7.283692
robot_base_yaw: 3.131420
robot_geom: robot0_front_right_caster_2
proxy_geom: scene_aabb_proxy_output_6
judge_collision_detected:
robot_base_x: 10.343156
robot_base_y: -7.283692
robot_base_yaw: 3.131420
robot_geom: robot0_torso_fixed_collision_box_1
proxy_geom: scene_aabb_proxy_line_6_output_side_protrusion
judge_collision_detected:
robot_base_x: 10.343156
robot_base_y: -7.283692
robot_base_yaw: 3.131420
robot_geom: robot0_torso_fixed_collision_box_1
proxy_geom: scene_aabb_proxy_output_6
judge_collision_detected:
robot_base_x: 10.343156
robot_base_y: -7.283692
robot_base_yaw: 3.131420
robot_geom: robot0_torso_fixed_collision_box_1
proxy_geom: scene_aabb_proxy_production_line_6
judge_collision_detected:
robot_base_x: 10.343156
robot_base_y: -7.283692
robot_base_yaw: 3.131420
robot_geom: robot0_torso_fixed_column_collision
proxy_geom: scene_aabb_proxy_line_6_output_side_protrusion
judge_collision_detected:
robot_base_x: 10.343156
robot_base_y: -7.283692
robot_base_yaw: 3.131420
robot_geom: robot0_wheel_left_collision
proxy_geom: scene_aabb_proxy_line_6_output_side_protrusion
judge_collision_detected:
robot_base_x: 10.343156
robot_base_y: -7.283692
robot_base_yaw: 3.131420
robot_geom: robot0_wheel_left_collision
proxy_geom: scene_aabb_proxy_output_6
judge_collision_detected:
robot_base_x: 10.343156
robot_base_y: -7.283692
robot_base_yaw: 3.131420
robot_geom: robot0_wheel_right_collision
proxy_geom: scene_aabb_proxy_line_6_output_side_protrusion
judge_collision_detected:
robot_base_x: 10.343156
robot_base_y: -7.283692
robot_base_yaw: 3.131420
robot_geom: robot0_wheel_right_collision
proxy_geom: scene_aabb_proxy_output_6
judge_collision_detected:
robot_base_x: 10.343156
robot_base_y: -7.283692
robot_base_yaw: 3.131420
robot_geom: robot0_wheel_right_collision
proxy_geom: scene_aabb_proxy_production_line_6
judge_collision_detected:
robot_base_x: 10.341521
robot_base_y: -7.283897
robot_base_yaw: 3.131684
robot_geom: robot0_back_left_caster_2
proxy_geom: scene_aabb_proxy_line_6_output_side_protrusion
judge_collision_detected:
robot_base_x: 10.341521
robot_base_y: -7.283897
robot_base_yaw: 3.131684
robot_geom: robot0_back_right_caster_2
proxy_geom: scene_aabb_proxy_line_6_output_side_protrusion
judge_collision_detected:
robot_base_x: 10.341521
robot_base_y: -7.283897
robot_base_yaw: 3.131684
robot_geom: robot0_base_collision
proxy_geom: scene_aabb_proxy_line_6_output_side_protrusion
judge_collision_detected:
robot_base_x: 10.341521
robot_base_y: -7.283897
robot_base_yaw: 3.131684
robot_geom: robot0_base_collision
proxy_geom: scene_aabb_proxy_output_6
judge_collision_detected:
robot_base_x: 10.341521
robot_base_y: -7.283897
robot_base_yaw: 3.131684
robot_geom: robot0_base_collision
proxy_geom: scene_aabb_proxy_production_line_6
judge_collision_detected:
robot_base_x: 10.341521
robot_base_y: -7.283897
robot_base_yaw: 3.131684
robot_geom: robot0_front_left_caster_2
proxy_geom: scene_aabb_proxy_output_6
judge_collision_detected:
robot_base_x: 10.341521
robot_base_y: -7.283897
robot_base_yaw: 3.131684
robot_geom: robot0_front_right_caster_2
proxy_geom: scene_aabb_proxy_output_6
judge_collision_detected:
robot_base_x: 10.341521
robot_base_y: -7.283897
robot_base_yaw: 3.131684
robot_geom: robot0_torso_fixed_collision_box_1
proxy_geom: scene_aabb_proxy_line_6_output_side_protrusion
judge_collision_detected:
robot_base_x: 10.341521
robot_base_y: -7.283897
robot_base_yaw: 3.131684
robot_geom: robot0_torso_fixed_collision_box_1
proxy_geom: scene_aabb_proxy_output_6
judge_collision_detected:
robot_base_x: 10.341521
robot_base_y: -7.283897
robot_base_yaw: 3.131684
robot_geom: robot0_torso_fixed_collision_box_1
proxy_geom: scene_aabb_proxy_production_line_6
judge_collision_detected:
robot_base_x: 10.341521
robot_base_y: -7.283897
robot_base_yaw: 3.131684
robot_geom: robot0_torso_fixed_column_collision
proxy_geom: scene_aabb_proxy_line_6_output_side_protrusion
judge_collision_detected:
robot_base_x: 10.341521
robot_base_y: -7.283897
robot_base_yaw: 3.131684
robot_geom: robot0_wheel_left_collision
proxy_geom: scene_aabb_proxy_line_6_output_side_protrusion
judge_collision_detected:
robot_base_x: 10.341521
robot_base_y: -7.283897
robot_base_yaw: 3.131684
robot_geom: robot0_wheel_left_collision
proxy_geom: scene_aabb_proxy_output_6
judge_collision_detected:
robot_base_x: 10.341521
robot_base_y: -7.283897
robot_base_yaw: 3.131684
robot_geom: robot0_wheel_right_collision
proxy_geom: scene_aabb_proxy_line_6_output_side_protrusion
judge_collision_detected:
robot_base_x: 10.341521
robot_base_y: -7.283897
robot_base_yaw: 3.131684
robot_geom: robot0_wheel_right_collision
proxy_geom: scene_aabb_proxy_output_6
judge_collision_detected:
robot_base_x: 10.341521
robot_base_y: -7.283897
robot_base_yaw: 3.131684
robot_geom: robot0_wheel_right_collision
proxy_geom: scene_aabb_proxy_production_line_6
judge_collision_detected:
robot_base_x: 10.339963
robot_base_y: -7.284098
robot_base_yaw: 3.131958
robot_geom: robot0_back_left_caster_2
proxy_geom: scene_aabb_proxy_line_6_output_side_protrusion
judge_collision_detected:
robot_base_x: 10.339963
robot_base_y: -7.284098
robot_base_yaw: 3.131958
robot_geom: robot0_back_right_caster_2
proxy_geom: scene_aabb_proxy_line_6_output_side_protrusion
judge_collision_detected:
robot_base_x: 10.339963
robot_base_y: -7.284098
robot_base_yaw: 3.131958
robot_geom: robot0_base_collision
proxy_geom: scene_aabb_proxy_line_6_output_side_protrusion
judge_collision_detected:
robot_base_x: 10.339963
robot_base_y: -7.284098
robot_base_yaw: 3.131958
robot_geom: robot0_base_collision
proxy_geom: scene_aabb_proxy_output_6
judge_collision_detected:
robot_base_x: 10.339963
robot_base_y: -7.284098
robot_base_yaw: 3.131958
robot_geom: robot0_base_collision
proxy_geom: scene_aabb_proxy_production_line_6
judge_collision_detected:
robot_base_x: 10.339963
robot_base_y: -7.284098
robot_base_yaw: 3.131958
robot_geom: robot0_front_left_caster_2
proxy_geom: scene_aabb_proxy_output_6
judge_collision_detected:
robot_base_x: 10.339963
robot_base_y: -7.284098
robot_base_yaw: 3.131958
robot_geom: robot0_front_right_caster_2
proxy_geom: scene_aabb_proxy_output_6
judge_collision_detected:
robot_base_x: 10.339963
robot_base_y: -7.284098
robot_base_yaw: 3.131958
robot_geom: robot0_torso_fixed_collision_box_1
proxy_geom: scene_aabb_proxy_line_6_output_side_protrusion
judge_collision_detected:
robot_base_x: 10.339963
robot_base_y: -7.284098
robot_base_yaw: 3.131958
robot_geom: robot0_torso_fixed_collision_box_1
proxy_geom: scene_aabb_proxy_output_6
judge_collision_detected:
robot_base_x: 10.339963
robot_base_y: -7.284098
robot_base_yaw: 3.131958
robot_geom: robot0_torso_fixed_collision_box_1
proxy_geom: scene_aabb_proxy_production_line_6
judge_collision_detected:
robot_base_x: 10.339963
robot_base_y: -7.284098
robot_base_yaw: 3.131958
robot_geom: robot0_torso_fixed_column_collision
proxy_geom: scene_aabb_proxy_line_6_output_side_protrusion
judge_collision_detected:
robot_base_x: 10.339963
robot_base_y: -7.284098
robot_base_yaw: 3.131958
robot_geom: robot0_wheel_left_collision
proxy_geom: scene_aabb_proxy_line_6_output_side_protrusion
judge_collision_detected:
robot_base_x: 10.339963
robot_base_y: -7.284098
robot_base_yaw: 3.131958
robot_geom: robot0_wheel_left_collision
proxy_geom: scene_aabb_proxy_output_6
judge_collision_detected:
robot_base_x: 10.339963
robot_base_y: -7.284098
robot_base_yaw: 3.131958
robot_geom: robot0_wheel_right_collision
proxy_geom: scene_aabb_proxy_line_6_output_side_protrusion
judge_collision_detected:
robot_base_x: 10.339963
robot_base_y: -7.284098
robot_base_yaw: 3.131958
robot_geom: robot0_wheel_right_collision
proxy_geom: scene_aabb_proxy_output_6
judge_collision_detected:
robot_base_x: 10.339963
robot_base_y: -7.284098
robot_base_yaw: 3.131958
robot_geom: robot0_wheel_right_collision
proxy_geom: scene_aabb_proxy_production_line_6
judge_collision_detected:
robot_base_x: 10.338481
robot_base_y: -7.284295
robot_base_yaw: 3.132243
robot_geom: robot0_back_left_caster_2
proxy_geom: scene_aabb_proxy_line_6_output_side_protrusion
judge_collision_detected:
robot_base_x: 10.338481
robot_base_y: -7.284295
robot_base_yaw: 3.132243
robot_geom: robot0_back_right_caster_2
proxy_geom: scene_aabb_proxy_line_6_output_side_protrusion
judge_collision_detected:
robot_base_x: 10.338481
robot_base_y: -7.284295
robot_base_yaw: 3.132243
robot_geom: robot0_base_collision
proxy_geom: scene_aabb_proxy_line_6_output_side_protrusion
judge_collision_detected:
robot_base_x: 10.338481
robot_base_y: -7.284295
robot_base_yaw: 3.132243
robot_geom: robot0_base_collision
proxy_geom: scene_aabb_proxy_output_6
judge_collision_detected:
robot_base_x: 10.338481
robot_base_y: -7.284295
robot_base_yaw: 3.132243
robot_geom: robot0_base_collision
proxy_geom: scene_aabb_proxy_production_line_6
judge_collision_detected:
robot_base_x: 10.338481
robot_base_y: -7.284295
robot_base_yaw: 3.132243
robot_geom: robot0_front_left_caster_2
proxy_geom: scene_aabb_proxy_output_6
judge_collision_detected:
robot_base_x: 10.338481
robot_base_y: -7.284295
robot_base_yaw: 3.132243
robot_geom: robot0_front_right_caster_2
proxy_geom: scene_aabb_proxy_output_6
judge_collision_detected:
robot_base_x: 10.338481
robot_base_y: -7.284295
robot_base_yaw: 3.132243
robot_geom: robot0_torso_fixed_collision_box_1
proxy_geom: scene_aabb_proxy_line_6_output_side_protrusion
judge_collision_detected:
robot_base_x: 10.338481
robot_base_y: -7.284295
robot_base_yaw: 3.132243
robot_geom: robot0_torso_fixed_collision_box_1
proxy_geom: scene_aabb_proxy_output_6
judge_collision_detected:
robot_base_x: 10.338481
robot_base_y: -7.284295
robot_base_yaw: 3.132243
robot_geom: robot0_torso_fixed_collision_box_1
proxy_geom: scene_aabb_proxy_production_line_6
judge_collision_detected:
robot_base_x: 10.338481
robot_base_y: -7.284295
robot_base_yaw: 3.132243
robot_geom: robot0_torso_fixed_column_collision
proxy_geom: scene_aabb_proxy_line_6_output_side_protrusion
judge_collision_detected:
robot_base_x: 10.338481
robot_base_y: -7.284295
robot_base_yaw: 3.132243
robot_geom: robot0_wheel_left_collision
proxy_geom: scene_aabb_proxy_line_6_output_side_protrusion
judge_collision_detected:
robot_base_x: 10.338481
robot_base_y: -7.284295
robot_base_yaw: 3.132243
robot_geom: robot0_wheel_left_collision
proxy_geom: scene_aabb_proxy_output_6
judge_collision_detected:
robot_base_x: 10.338481
robot_base_y: -7.284295
robot_base_yaw: 3.132243
robot_geom: robot0_wheel_right_collision
proxy_geom: scene_aabb_proxy_line_6_output_side_protrusion
judge_collision_detected:
robot_base_x: 10.338481
robot_base_y: -7.284295
robot_base_yaw: 3.132243
robot_geom: robot0_wheel_right_collision
proxy_geom: scene_aabb_proxy_output_6
judge_collision_detected:
robot_base_x: 10.338481
robot_base_y: -7.284295
robot_base_yaw: 3.132243
robot_geom: robot0_wheel_right_collision
proxy_geom: scene_aabb_proxy_production_line_6
judge_collision_detected:
robot_base_x: 10.337070
robot_base_y: -7.284488
robot_base_yaw: 3.132536
robot_geom: robot0_back_left_caster_2
proxy_geom: scene_aabb_proxy_line_6_output_side_protrusion
judge_collision_detected:
robot_base_x: 10.337070
robot_base_y: -7.284488
robot_base_yaw: 3.132536
robot_geom: robot0_back_right_caster_2
proxy_geom: scene_aabb_proxy_line_6_output_side_protrusion
judge_collision_detected:
robot_base_x: 10.337070
robot_base_y: -7.284488
robot_base_yaw: 3.132536
robot_geom: robot0_base_collision
proxy_geom: scene_aabb_proxy_line_6_output_side_protrusion
judge_collision_detected:
robot_base_x: 10.337070
robot_base_y: -7.284488
robot_base_yaw: 3.132536
robot_geom: robot0_base_collision
proxy_geom: scene_aabb_proxy_output_6
judge_collision_detected:
robot_base_x: 10.337070
robot_base_y: -7.284488
robot_base_yaw: 3.132536
robot_geom: robot0_base_collision
proxy_geom: scene_aabb_proxy_production_line_6
judge_collision_detected:
robot_base_x: 10.337070
robot_base_y: -7.284488
robot_base_yaw: 3.132536
robot_geom: robot0_front_left_caster_2
proxy_geom: scene_aabb_proxy_output_6
judge_collision_detected:
robot_base_x: 10.337070
robot_base_y: -7.284488
robot_base_yaw: 3.132536
robot_geom: robot0_front_right_caster_2
proxy_geom: scene_aabb_proxy_output_6
judge_collision_detected:
robot_base_x: 10.337070
robot_base_y: -7.284488
robot_base_yaw: 3.132536
robot_geom: robot0_torso_fixed_collision_box_1
proxy_geom: scene_aabb_proxy_line_6_output_side_protrusion
judge_collision_detected:
robot_base_x: 10.337070
robot_base_y: -7.284488
robot_base_yaw: 3.132536
robot_geom: robot0_torso_fixed_collision_box_1
proxy_geom: scene_aabb_proxy_output_6
judge_collision_detected:
robot_base_x: 10.337070
robot_base_y: -7.284488
robot_base_yaw: 3.132536
robot_geom: robot0_torso_fixed_collision_box_1
proxy_geom: scene_aabb_proxy_production_line_6
judge_collision_detected:
robot_base_x: 10.337070
robot_base_y: -7.284488
robot_base_yaw: 3.132536
robot_geom: robot0_torso_fixed_column_collision
proxy_geom: scene_aabb_proxy_line_6_output_side_protrusion
judge_collision_detected:
robot_base_x: 10.337070
robot_base_y: -7.284488
robot_base_yaw: 3.132536
robot_geom: robot0_wheel_left_collision
proxy_geom: scene_aabb_proxy_line_6_output_side_protrusion
judge_collision_detected:
robot_base_x: 10.337070
robot_base_y: -7.284488
robot_base_yaw: 3.132536
robot_geom: robot0_wheel_left_collision
proxy_geom: scene_aabb_proxy_output_6
judge_collision_detected:
robot_base_x: 10.337070
robot_base_y: -7.284488
robot_base_yaw: 3.132536
robot_geom: robot0_wheel_right_collision
proxy_geom: scene_aabb_proxy_line_6_output_side_protrusion
judge_collision_detected:
robot_base_x: 10.337070
robot_base_y: -7.284488
robot_base_yaw: 3.132536
robot_geom: robot0_wheel_right_collision
proxy_geom: scene_aabb_proxy_output_6
judge_collision_detected:
robot_base_x: 10.337070
robot_base_y: -7.284488
robot_base_yaw: 3.132536
robot_geom: robot0_wheel_right_collision
proxy_geom: scene_aabb_proxy_production_line_6
judge_collision_detected:
robot_base_x: 10.335715
robot_base_y: -7.284672
robot_base_yaw: 3.132860
robot_geom: robot0_back_left_caster_2
proxy_geom: scene_aabb_proxy_line_6_output_side_protrusion
judge_collision_detected:
robot_base_x: 10.335715
robot_base_y: -7.284672
robot_base_yaw: 3.132860
robot_geom: robot0_back_right_caster_2
proxy_geom: scene_aabb_proxy_line_6_output_side_protrusion
judge_collision_detected:
robot_base_x: 10.335715
robot_base_y: -7.284672
robot_base_yaw: 3.132860
robot_geom: robot0_base_collision
proxy_geom: scene_aabb_proxy_line_6_output_side_protrusion
judge_collision_detected:
robot_base_x: 10.335715
robot_base_y: -7.284672
robot_base_yaw: 3.132860
robot_geom: robot0_base_collision
proxy_geom: scene_aabb_proxy_output_6
judge_collision_detected:
robot_base_x: 10.335715
robot_base_y: -7.284672
robot_base_yaw: 3.132860
robot_geom: robot0_base_collision
proxy_geom: scene_aabb_proxy_production_line_6
judge_collision_detected:
robot_base_x: 10.335715
robot_base_y: -7.284672
robot_base_yaw: 3.132860
robot_geom: robot0_front_left_caster_2
proxy_geom: scene_aabb_proxy_output_6
judge_collision_detected:
robot_base_x: 10.335715
robot_base_y: -7.284672
robot_base_yaw: 3.132860
robot_geom: robot0_front_right_caster_2
proxy_geom: scene_aabb_proxy_output_6
judge_collision_detected:
robot_base_x: 10.335715
robot_base_y: -7.284672
robot_base_yaw: 3.132860
robot_geom: robot0_torso_fixed_collision_box_1
proxy_geom: scene_aabb_proxy_line_6_output_side_protrusion
judge_collision_detected:
robot_base_x: 10.335715
robot_base_y: -7.284672
robot_base_yaw: 3.132860
robot_geom: robot0_torso_fixed_collision_box_1
proxy_geom: scene_aabb_proxy_output_6
judge_collision_detected:
robot_base_x: 10.335715
robot_base_y: -7.284672
robot_base_yaw: 3.132860
robot_geom: robot0_torso_fixed_collision_box_1
proxy_geom: scene_aabb_proxy_production_line_6
judge_collision_detected:
robot_base_x: 10.335715
robot_base_y: -7.284672
robot_base_yaw: 3.132860
robot_geom: robot0_torso_fixed_column_collision
proxy_geom: scene_aabb_proxy_line_6_output_side_protrusion
judge_collision_detected:
robot_base_x: 10.335715
robot_base_y: -7.284672
robot_base_yaw: 3.132860
robot_geom: robot0_wheel_left_collision
proxy_geom: scene_aabb_proxy_line_6_output_side_protrusion
judge_collision_detected:
robot_base_x: 10.335715
robot_base_y: -7.284672
robot_base_yaw: 3.132860
robot_geom: robot0_wheel_left_collision
proxy_geom: scene_aabb_proxy_output_6
judge_collision_detected:
robot_base_x: 10.335715
robot_base_y: -7.284672
robot_base_yaw: 3.132860
robot_geom: robot0_wheel_right_collision
proxy_geom: scene_aabb_proxy_line_6_output_side_protrusion
judge_collision_detected:
robot_base_x: 10.335715
robot_base_y: -7.284672
robot_base_yaw: 3.132860
robot_geom: robot0_wheel_right_collision
proxy_geom: scene_aabb_proxy_output_6
judge_collision_detected:
robot_base_x: 10.335715
robot_base_y: -7.284672
robot_base_yaw: 3.132860
robot_geom: robot0_wheel_right_collision
proxy_geom: scene_aabb_proxy_production_line_6
judge_collision_detected:
robot_base_x: 10.334420
robot_base_y: -7.284849
robot_base_yaw: 3.133204
robot_geom: robot0_back_left_caster_2
proxy_geom: scene_aabb_proxy_line_6_output_side_protrusion
judge_collision_detected:
robot_base_x: 10.334420
robot_base_y: -7.284849
robot_base_yaw: 3.133204
robot_geom: robot0_back_right_caster_2
proxy_geom: scene_aabb_proxy_line_6_output_side_protrusion
judge_collision_detected:
robot_base_x: 10.334420
robot_base_y: -7.284849
robot_base_yaw: 3.133204
robot_geom: robot0_base_collision
proxy_geom: scene_aabb_proxy_line_6_output_side_protrusion
judge_collision_detected:
robot_base_x: 10.334420
robot_base_y: -7.284849
robot_base_yaw: 3.133204
robot_geom: robot0_base_collision
proxy_geom: scene_aabb_proxy_output_6
judge_collision_detected:
robot_base_x: 10.334420
robot_base_y: -7.284849
robot_base_yaw: 3.133204
robot_geom: robot0_base_collision
proxy_geom: scene_aabb_proxy_production_line_6
judge_collision_detected:
robot_base_x: 10.334420
robot_base_y: -7.284849
robot_base_yaw: 3.133204
robot_geom: robot0_front_left_caster_2
proxy_geom: scene_aabb_proxy_output_6
judge_collision_detected:
robot_base_x: 10.334420
robot_base_y: -7.284849
robot_base_yaw: 3.133204
robot_geom: robot0_front_right_caster_2
proxy_geom: scene_aabb_proxy_output_6
judge_collision_detected:
robot_base_x: 10.334420
robot_base_y: -7.284849
robot_base_yaw: 3.133204
robot_geom: robot0_torso_fixed_collision_box_1
proxy_geom: scene_aabb_proxy_line_6_output_side_protrusion
judge_collision_detected:
robot_base_x: 10.334420
robot_base_y: -7.284849
robot_base_yaw: 3.133204
robot_geom: robot0_torso_fixed_collision_box_1
proxy_geom: scene_aabb_proxy_output_6
judge_collision_detected:
robot_base_x: 10.334420
robot_base_y: -7.284849
robot_base_yaw: 3.133204
robot_geom: robot0_torso_fixed_collision_box_1
proxy_geom: scene_aabb_proxy_production_line_6
judge_collision_detected:
robot_base_x: 10.334420
robot_base_y: -7.284849
robot_base_yaw: 3.133204
robot_geom: robot0_torso_fixed_column_collision
proxy_geom: scene_aabb_proxy_line_6_output_side_protrusion
judge_collision_detected:
robot_base_x: 10.334420
robot_base_y: -7.284849
robot_base_yaw: 3.133204
robot_geom: robot0_wheel_left_collision
proxy_geom: scene_aabb_proxy_line_6_output_side_protrusion
judge_collision_detected:
robot_base_x: 10.334420
robot_base_y: -7.284849
robot_base_yaw: 3.133204
robot_geom: robot0_wheel_left_collision
proxy_geom: scene_aabb_proxy_output_6
judge_collision_detected:
robot_base_x: 10.334420
robot_base_y: -7.284849
robot_base_yaw: 3.133204
robot_geom: robot0_wheel_right_collision
proxy_geom: scene_aabb_proxy_line_6_output_side_protrusion
judge_collision_detected:
robot_base_x: 10.334420
robot_base_y: -7.284849
robot_base_yaw: 3.133204
robot_geom: robot0_wheel_right_collision
proxy_geom: scene_aabb_proxy_output_6
judge_collision_detected:
robot_base_x: 10.334420
robot_base_y: -7.284849
robot_base_yaw: 3.133204
robot_geom: robot0_wheel_right_collision
proxy_geom: scene_aabb_proxy_production_line_6
judge_collision_detected:
robot_base_x: 10.333619
robot_base_y: -7.285015
robot_base_yaw: 3.133562
robot_geom: robot0_back_left_caster_2
proxy_geom: scene_aabb_proxy_line_6_output_side_protrusion
judge_collision_detected:
robot_base_x: 10.333619
robot_base_y: -7.285015
robot_base_yaw: 3.133562
robot_geom: robot0_back_right_caster_2
proxy_geom: scene_aabb_proxy_line_6_output_side_protrusion
judge_collision_detected:
robot_base_x: 10.333619
robot_base_y: -7.285015
robot_base_yaw: 3.133562
robot_geom: robot0_base_collision
proxy_geom: scene_aabb_proxy_line_6_output_side_protrusion
judge_collision_detected:
robot_base_x: 10.333619
robot_base_y: -7.285015
robot_base_yaw: 3.133562
robot_geom: robot0_base_collision
proxy_geom: scene_aabb_proxy_output_6
judge_collision_detected:
robot_base_x: 10.333619
robot_base_y: -7.285015
robot_base_yaw: 3.133562
robot_geom: robot0_base_collision
proxy_geom: scene_aabb_proxy_production_line_6
judge_collision_detected:
robot_base_x: 10.333619
robot_base_y: -7.285015
robot_base_yaw: 3.133562
robot_geom: robot0_front_left_caster_2
proxy_geom: scene_aabb_proxy_output_6
judge_collision_detected:
robot_base_x: 10.333619
robot_base_y: -7.285015
robot_base_yaw: 3.133562
robot_geom: robot0_front_right_caster_2
proxy_geom: scene_aabb_proxy_output_6
judge_collision_detected:
robot_base_x: 10.333619
robot_base_y: -7.285015
robot_base_yaw: 3.133562
robot_geom: robot0_torso_fixed_collision_box_1
proxy_geom: scene_aabb_proxy_line_6_output_side_protrusion
judge_collision_detected:
robot_base_x: 10.333619
robot_base_y: -7.285015
robot_base_yaw: 3.133562
robot_geom: robot0_torso_fixed_collision_box_1
proxy_geom: scene_aabb_proxy_output_6
judge_collision_detected:
robot_base_x: 10.333619
robot_base_y: -7.285015
robot_base_yaw: 3.133562
robot_geom: robot0_torso_fixed_collision_box_1
proxy_geom: scene_aabb_proxy_production_line_6
judge_collision_detected:
robot_base_x: 10.333619
robot_base_y: -7.285015
robot_base_yaw: 3.133562
robot_geom: robot0_torso_fixed_column_collision
proxy_geom: scene_aabb_proxy_line_6_output_side_protrusion
judge_collision_detected:
robot_base_x: 10.333619
robot_base_y: -7.285015
robot_base_yaw: 3.133562
robot_geom: robot0_wheel_left_collision
proxy_geom: scene_aabb_proxy_line_6_output_side_protrusion
judge_collision_detected:
robot_base_x: 10.333619
robot_base_y: -7.285015
robot_base_yaw: 3.133562
robot_geom: robot0_wheel_left_collision
proxy_geom: scene_aabb_proxy_output_6
judge_collision_detected:
robot_base_x: 10.333619
robot_base_y: -7.285015
robot_base_yaw: 3.133562
robot_geom: robot0_wheel_right_collision
proxy_geom: scene_aabb_proxy_line_6_output_side_protrusion
judge_collision_detected:
robot_base_x: 10.333619
robot_base_y: -7.285015
robot_base_yaw: 3.133562
robot_geom: robot0_wheel_right_collision
proxy_geom: scene_aabb_proxy_output_6
judge_collision_detected:
robot_base_x: 10.333619
robot_base_y: -7.285015
robot_base_yaw: 3.133562
robot_geom: robot0_wheel_right_collision
proxy_geom: scene_aabb_proxy_production_line_6
judge_collision_detected:
robot_base_x: 10.332981
robot_base_y: -7.285175
robot_base_yaw: 3.133935
robot_geom: robot0_back_left_caster_2
proxy_geom: scene_aabb_proxy_line_6_output_side_protrusion
judge_collision_detected:
robot_base_x: 10.332981
robot_base_y: -7.285175
robot_base_yaw: 3.133935
robot_geom: robot0_back_right_caster_2
proxy_geom: scene_aabb_proxy_line_6_output_side_protrusion
judge_collision_detected:
robot_base_x: 10.332981
robot_base_y: -7.285175
robot_base_yaw: 3.133935
robot_geom: robot0_base_collision
proxy_geom: scene_aabb_proxy_line_6_output_side_protrusion
judge_collision_detected:
robot_base_x: 10.332981
robot_base_y: -7.285175
robot_base_yaw: 3.133935
robot_geom: robot0_base_collision
proxy_geom: scene_aabb_proxy_output_6
judge_collision_detected:
robot_base_x: 10.332981
robot_base_y: -7.285175
robot_base_yaw: 3.133935
robot_geom: robot0_base_collision
proxy_geom: scene_aabb_proxy_production_line_6
judge_collision_detected:
robot_base_x: 10.332981
robot_base_y: -7.285175
robot_base_yaw: 3.133935
robot_geom: robot0_front_left_caster_2
proxy_geom: scene_aabb_proxy_output_6
judge_collision_detected:
robot_base_x: 10.332981
robot_base_y: -7.285175
robot_base_yaw: 3.133935
robot_geom: robot0_front_right_caster_2
proxy_geom: scene_aabb_proxy_output_6
judge_collision_detected:
robot_base_x: 10.332981
robot_base_y: -7.285175
robot_base_yaw: 3.133935
robot_geom: robot0_torso_fixed_collision_box_1
proxy_geom: scene_aabb_proxy_line_6_output_side_protrusion
judge_collision_detected:
robot_base_x: 10.332981
robot_base_y: -7.285175
robot_base_yaw: 3.133935
robot_geom: robot0_torso_fixed_collision_box_1
proxy_geom: scene_aabb_proxy_output_6
judge_collision_detected:
robot_base_x: 10.332981
robot_base_y: -7.285175
robot_base_yaw: 3.133935
robot_geom: robot0_torso_fixed_collision_box_1
proxy_geom: scene_aabb_proxy_production_line_6
judge_collision_detected:
robot_base_x: 10.332981
robot_base_y: -7.285175
robot_base_yaw: 3.133935
robot_geom: robot0_torso_fixed_column_collision
proxy_geom: scene_aabb_proxy_line_6_output_side_protrusion
judge_collision_detected:
robot_base_x: 10.332981
robot_base_y: -7.285175
robot_base_yaw: 3.133935
robot_geom: robot0_wheel_left_collision
proxy_geom: scene_aabb_proxy_line_6_output_side_protrusion
judge_collision_detected:
robot_base_x: 10.332981
robot_base_y: -7.285175
robot_base_yaw: 3.133935
robot_geom: robot0_wheel_left_collision
proxy_geom: scene_aabb_proxy_output_6
judge_collision_detected:
robot_base_x: 10.332981
robot_base_y: -7.285175
robot_base_yaw: 3.133935
robot_geom: robot0_wheel_right_collision
proxy_geom: scene_aabb_proxy_line_6_output_side_protrusion
judge_collision_detected:
robot_base_x: 10.332981
robot_base_y: -7.285175
robot_base_yaw: 3.133935
robot_geom: robot0_wheel_right_collision
proxy_geom: scene_aabb_proxy_output_6
judge_collision_detected:
robot_base_x: 10.332981
robot_base_y: -7.285175
robot_base_yaw: 3.133935
robot_geom: robot0_wheel_right_collision
proxy_geom: scene_aabb_proxy_production_line_6
judge_collision_detected:
robot_base_x: 10.332372
robot_base_y: -7.285333
robot_base_yaw: 3.134320
robot_geom: robot0_back_left_caster_2
proxy_geom: scene_aabb_proxy_line_6_output_side_protrusion
judge_collision_detected:
robot_base_x: 10.332372
robot_base_y: -7.285333
robot_base_yaw: 3.134320
robot_geom: robot0_back_right_caster_2
proxy_geom: scene_aabb_proxy_line_6_output_side_protrusion
judge_collision_detected:
robot_base_x: 10.332372
robot_base_y: -7.285333
robot_base_yaw: 3.134320
robot_geom: robot0_base_collision
proxy_geom: scene_aabb_proxy_line_6_output_side_protrusion
judge_collision_detected:
robot_base_x: 10.332372
robot_base_y: -7.285333
robot_base_yaw: 3.134320
robot_geom: robot0_base_collision
proxy_geom: scene_aabb_proxy_output_6
judge_collision_detected:
robot_base_x: 10.332372
robot_base_y: -7.285333
robot_base_yaw: 3.134320
robot_geom: robot0_base_collision
proxy_geom: scene_aabb_proxy_production_line_6
judge_collision_detected:
robot_base_x: 10.332372
robot_base_y: -7.285333
robot_base_yaw: 3.134320
robot_geom: robot0_front_left_caster_2
proxy_geom: scene_aabb_proxy_output_6
judge_collision_detected:
robot_base_x: 10.332372
robot_base_y: -7.285333
robot_base_yaw: 3.134320
robot_geom: robot0_front_right_caster_2
proxy_geom: scene_aabb_proxy_output_6
judge_collision_detected:
robot_base_x: 10.332372
robot_base_y: -7.285333
robot_base_yaw: 3.134320
robot_geom: robot0_torso_fixed_collision_box_1
proxy_geom: scene_aabb_proxy_line_6_output_side_protrusion
judge_collision_detected:
robot_base_x: 10.332372
robot_base_y: -7.285333
robot_base_yaw: 3.134320
robot_geom: robot0_torso_fixed_collision_box_1
proxy_geom: scene_aabb_proxy_output_6
judge_collision_detected:
robot_base_x: 10.332372
robot_base_y: -7.285333
robot_base_yaw: 3.134320
robot_geom: robot0_torso_fixed_collision_box_1
proxy_geom: scene_aabb_proxy_production_line_6
judge_collision_detected:
robot_base_x: 10.332372
robot_base_y: -7.285333
robot_base_yaw: 3.134320
robot_geom: robot0_torso_fixed_column_collision
proxy_geom: scene_aabb_proxy_line_6_output_side_protrusion
judge_collision_detected:
robot_base_x: 10.332372
robot_base_y: -7.285333
robot_base_yaw: 3.134320
robot_geom: robot0_wheel_left_collision
proxy_geom: scene_aabb_proxy_line_6_output_side_protrusion
judge_collision_detected:
robot_base_x: 10.332372
robot_base_y: -7.285333
robot_base_yaw: 3.134320
robot_geom: robot0_wheel_left_collision
proxy_geom: scene_aabb_proxy_output_6
judge_collision_detected:
robot_base_x: 10.332372
robot_base_y: -7.285333
robot_base_yaw: 3.134320
robot_geom: robot0_wheel_right_collision
proxy_geom: scene_aabb_proxy_line_6_output_side_protrusion
judge_collision_detected:
robot_base_x: 10.332372
robot_base_y: -7.285333
robot_base_yaw: 3.134320
robot_geom: robot0_wheel_right_collision
proxy_geom: scene_aabb_proxy_output_6
judge_collision_detected:
robot_base_x: 10.332372
robot_base_y: -7.285333
robot_base_yaw: 3.134320
robot_geom: robot0_wheel_right_collision
proxy_geom: scene_aabb_proxy_production_line_6
judge_collision_detected:
robot_base_x: 10.331793
robot_base_y: -7.285487
robot_base_yaw: 3.134721
robot_geom: robot0_back_left_caster_2
proxy_geom: scene_aabb_proxy_line_6_output_side_protrusion
judge_collision_detected:
robot_base_x: 10.331793
robot_base_y: -7.285487
robot_base_yaw: 3.134721
robot_geom: robot0_back_right_caster_2
proxy_geom: scene_aabb_proxy_line_6_output_side_protrusion
judge_collision_detected:
robot_base_x: 10.331793
robot_base_y: -7.285487
robot_base_yaw: 3.134721
robot_geom: robot0_base_collision
proxy_geom: scene_aabb_proxy_line_6_output_side_protrusion
judge_collision_detected:
robot_base_x: 10.331793
robot_base_y: -7.285487
robot_base_yaw: 3.134721
robot_geom: robot0_base_collision
proxy_geom: scene_aabb_proxy_output_6
judge_collision_detected:
robot_base_x: 10.331793
robot_base_y: -7.285487
robot_base_yaw: 3.134721
robot_geom: robot0_base_collision
proxy_geom: scene_aabb_proxy_production_line_6
judge_collision_detected:
robot_base_x: 10.331793
robot_base_y: -7.285487
robot_base_yaw: 3.134721
robot_geom: robot0_front_left_caster_2
proxy_geom: scene_aabb_proxy_output_6
judge_collision_detected:
robot_base_x: 10.331793
robot_base_y: -7.285487
robot_base_yaw: 3.134721
robot_geom: robot0_front_right_caster_2
proxy_geom: scene_aabb_proxy_output_6
judge_collision_detected:
robot_base_x: 10.331793
robot_base_y: -7.285487
robot_base_yaw: 3.134721
robot_geom: robot0_torso_fixed_collision_box_1
proxy_geom: scene_aabb_proxy_line_6_output_side_protrusion
judge_collision_detected:
robot_base_x: 10.331793
robot_base_y: -7.285487
robot_base_yaw: 3.134721
robot_geom: robot0_torso_fixed_collision_box_1
proxy_geom: scene_aabb_proxy_output_6
judge_collision_detected:
robot_base_x: 10.331793
robot_base_y: -7.285487
robot_base_yaw: 3.134721
robot_geom: robot0_torso_fixed_collision_box_1
proxy_geom: scene_aabb_proxy_production_line_6
judge_collision_detected:
robot_base_x: 10.331793
robot_base_y: -7.285487
robot_base_yaw: 3.134721
robot_geom: robot0_torso_fixed_column_collision
proxy_geom: scene_aabb_proxy_line_6_output_side_protrusion
judge_collision_detected:
robot_base_x: 10.331793
robot_base_y: -7.285487
robot_base_yaw: 3.134721
robot_geom: robot0_wheel_left_collision
proxy_geom: scene_aabb_proxy_line_6_output_side_protrusion
judge_collision_detected:
robot_base_x: 10.331793
robot_base_y: -7.285487
robot_base_yaw: 3.134721
robot_geom: robot0_wheel_left_collision
proxy_geom: scene_aabb_proxy_output_6
judge_collision_detected:
robot_base_x: 10.331793
robot_base_y: -7.285487
robot_base_yaw: 3.134721
robot_geom: robot0_wheel_right_collision
proxy_geom: scene_aabb_proxy_line_6_output_side_protrusion
judge_collision_detected:
robot_base_x: 10.331793
robot_base_y: -7.285487
robot_base_yaw: 3.134721
robot_geom: robot0_wheel_right_collision
proxy_geom: scene_aabb_proxy_output_6
judge_collision_detected:
robot_base_x: 10.331793
robot_base_y: -7.285487
robot_base_yaw: 3.134721
robot_geom: robot0_wheel_right_collision
proxy_geom: scene_aabb_proxy_production_line_6
judge_collision_detected:
robot_base_x: 10.331250
robot_base_y: -7.285634
robot_base_yaw: 3.135150
robot_geom: robot0_back_left_caster_2
proxy_geom: scene_aabb_proxy_line_6_output_side_protrusion
judge_collision_detected:
robot_base_x: 10.331250
robot_base_y: -7.285634
robot_base_yaw: 3.135150
robot_geom: robot0_back_right_caster_2
proxy_geom: scene_aabb_proxy_line_6_output_side_protrusion
judge_collision_detected:
robot_base_x: 10.331250
robot_base_y: -7.285634
robot_base_yaw: 3.135150
robot_geom: robot0_base_collision
proxy_geom: scene_aabb_proxy_line_6_output_side_protrusion
judge_collision_detected:
robot_base_x: 10.331250
robot_base_y: -7.285634
robot_base_yaw: 3.135150
robot_geom: robot0_base_collision
proxy_geom: scene_aabb_proxy_output_6
judge_collision_detected:
robot_base_x: 10.331250
robot_base_y: -7.285634
robot_base_yaw: 3.135150
robot_geom: robot0_base_collision
proxy_geom: scene_aabb_proxy_production_line_6
judge_collision_detected:
robot_base_x: 10.331250
robot_base_y: -7.285634
robot_base_yaw: 3.135150
robot_geom: robot0_front_left_caster_2
proxy_geom: scene_aabb_proxy_output_6
judge_collision_detected:
robot_base_x: 10.331250
robot_base_y: -7.285634
robot_base_yaw: 3.135150
robot_geom: robot0_front_right_caster_2
proxy_geom: scene_aabb_proxy_output_6
judge_collision_detected:
robot_base_x: 10.331250
robot_base_y: -7.285634
robot_base_yaw: 3.135150
robot_geom: robot0_torso_fixed_collision_box_1
proxy_geom: scene_aabb_proxy_line_6_output_side_protrusion
judge_collision_detected:
robot_base_x: 10.331250
robot_base_y: -7.285634
robot_base_yaw: 3.135150
robot_geom: robot0_torso_fixed_collision_box_1
proxy_geom: scene_aabb_proxy_output_6
judge_collision_detected:
robot_base_x: 10.331250
robot_base_y: -7.285634
robot_base_yaw: 3.135150
robot_geom: robot0_torso_fixed_collision_box_1
proxy_geom: scene_aabb_proxy_production_line_6
judge_collision_detected:
robot_base_x: 10.331250
robot_base_y: -7.285634
robot_base_yaw: 3.135150
robot_geom: robot0_torso_fixed_column_collision
proxy_geom: scene_aabb_proxy_line_6_output_side_protrusion
judge_collision_detected:
robot_base_x: 10.331250
robot_base_y: -7.285634
robot_base_yaw: 3.135150
robot_geom: robot0_wheel_left_collision
proxy_geom: scene_aabb_proxy_line_6_output_side_protrusion
judge_collision_detected:
robot_base_x: 10.331250
robot_base_y: -7.285634
robot_base_yaw: 3.135150
robot_geom: robot0_wheel_left_collision
proxy_geom: scene_aabb_proxy_output_6
judge_collision_detected:
robot_base_x: 10.331250
robot_base_y: -7.285634
robot_base_yaw: 3.135150
robot_geom: robot0_wheel_right_collision
proxy_geom: scene_aabb_proxy_line_6_output_side_protrusion
judge_collision_detected:
robot_base_x: 10.331250
robot_base_y: -7.285634
robot_base_yaw: 3.135150
robot_geom: robot0_wheel_right_collision
proxy_geom: scene_aabb_proxy_output_6
judge_collision_detected:
robot_base_x: 10.331250
robot_base_y: -7.285634
robot_base_yaw: 3.135150
robot_geom: robot0_wheel_right_collision
proxy_geom: scene_aabb_proxy_production_line_6
judge_collision_detected:
robot_base_x: 10.330731
robot_base_y: -7.285779
robot_base_yaw: 3.135587
robot_geom: robot0_back_left_caster_2
proxy_geom: scene_aabb_proxy_line_6_output_side_protrusion
judge_collision_detected:
robot_base_x: 10.330731
robot_base_y: -7.285779
robot_base_yaw: 3.135587
robot_geom: robot0_back_right_caster_2
proxy_geom: scene_aabb_proxy_line_6_output_side_protrusion
judge_collision_detected:
robot_base_x: 10.330731
robot_base_y: -7.285779
robot_base_yaw: 3.135587
robot_geom: robot0_base_collision
proxy_geom: scene_aabb_proxy_line_6_output_side_protrusion
judge_collision_detected:
robot_base_x: 10.330731
robot_base_y: -7.285779
robot_base_yaw: 3.135587
robot_geom: robot0_base_collision
proxy_geom: scene_aabb_proxy_output_6
judge_collision_detected:
robot_base_x: 10.330731
robot_base_y: -7.285779
robot_base_yaw: 3.135587
robot_geom: robot0_base_collision
proxy_geom: scene_aabb_proxy_production_line_6
judge_collision_detected:
robot_base_x: 10.330731
robot_base_y: -7.285779
robot_base_yaw: 3.135587
robot_geom: robot0_front_left_caster_2
proxy_geom: scene_aabb_proxy_output_6
judge_collision_detected:
robot_base_x: 10.330731
robot_base_y: -7.285779
robot_base_yaw: 3.135587
robot_geom: robot0_front_right_caster_2
proxy_geom: scene_aabb_proxy_output_6
judge_collision_detected:
robot_base_x: 10.330731
robot_base_y: -7.285779
robot_base_yaw: 3.135587
robot_geom: robot0_torso_fixed_collision_box_1
proxy_geom: scene_aabb_proxy_line_6_output_side_protrusion
judge_collision_detected:
robot_base_x: 10.330731
robot_base_y: -7.285779
robot_base_yaw: 3.135587
robot_geom: robot0_torso_fixed_collision_box_1
proxy_geom: scene_aabb_proxy_output_6
judge_collision_detected:
robot_base_x: 10.330731
robot_base_y: -7.285779
robot_base_yaw: 3.135587
robot_geom: robot0_torso_fixed_collision_box_1
proxy_geom: scene_aabb_proxy_production_line_6
judge_collision_detected:
robot_base_x: 10.330731
robot_base_y: -7.285779
robot_base_yaw: 3.135587
robot_geom: robot0_torso_fixed_column_collision
proxy_geom: scene_aabb_proxy_line_6_output_side_protrusion
judge_collision_detected:
robot_base_x: 10.330731
robot_base_y: -7.285779
robot_base_yaw: 3.135587
robot_geom: robot0_wheel_left_collision
proxy_geom: scene_aabb_proxy_line_6_output_side_protrusion
judge_collision_detected:
robot_base_x: 10.330731
robot_base_y: -7.285779
robot_base_yaw: 3.135587
robot_geom: robot0_wheel_left_collision
proxy_geom: scene_aabb_proxy_output_6
judge_collision_detected:
robot_base_x: 10.330731
robot_base_y: -7.285779
robot_base_yaw: 3.135587
robot_geom: robot0_wheel_right_collision
proxy_geom: scene_aabb_proxy_line_6_output_side_protrusion
judge_collision_detected:
robot_base_x: 10.330731
robot_base_y: -7.285779
robot_base_yaw: 3.135587
robot_geom: robot0_wheel_right_collision
proxy_geom: scene_aabb_proxy_output_6
judge_collision_detected:
robot_base_x: 10.330731
robot_base_y: -7.285779
robot_base_yaw: 3.135587
robot_geom: robot0_wheel_right_collision
proxy_geom: scene_aabb_proxy_production_line_6
judge_collision_detected:
robot_base_x: 10.330222
robot_base_y: -7.285923
robot_base_yaw: 3.136009
robot_geom: robot0_back_left_caster_2
proxy_geom: scene_aabb_proxy_line_6_output_side_protrusion
judge_collision_detected:
robot_base_x: 10.330222
robot_base_y: -7.285923
robot_base_yaw: 3.136009
robot_geom: robot0_back_right_caster_2
proxy_geom: scene_aabb_proxy_line_6_output_side_protrusion
judge_collision_detected:
robot_base_x: 10.330222
robot_base_y: -7.285923
robot_base_yaw: 3.136009
robot_geom: robot0_base_collision
proxy_geom: scene_aabb_proxy_line_6_output_side_protrusion
judge_collision_detected:
robot_base_x: 10.330222
robot_base_y: -7.285923
robot_base_yaw: 3.136009
robot_geom: robot0_base_collision
proxy_geom: scene_aabb_proxy_output_6
judge_collision_detected:
robot_base_x: 10.330222
robot_base_y: -7.285923
robot_base_yaw: 3.136009
robot_geom: robot0_base_collision
proxy_geom: scene_aabb_proxy_production_line_6
judge_collision_detected:
robot_base_x: 10.330222
robot_base_y: -7.285923
robot_base_yaw: 3.136009
robot_geom: robot0_front_left_caster_2
proxy_geom: scene_aabb_proxy_output_6
judge_collision_detected:
robot_base_x: 10.330222
robot_base_y: -7.285923
robot_base_yaw: 3.136009
robot_geom: robot0_front_right_caster_2
proxy_geom: scene_aabb_proxy_output_6
judge_collision_detected:
robot_base_x: 10.330222
robot_base_y: -7.285923
robot_base_yaw: 3.136009
robot_geom: robot0_torso_fixed_collision_box_1
proxy_geom: scene_aabb_proxy_line_6_output_side_protrusion
judge_collision_detected:
robot_base_x: 10.330222
robot_base_y: -7.285923
robot_base_yaw: 3.136009
robot_geom: robot0_torso_fixed_collision_box_1
proxy_geom: scene_aabb_proxy_output_6
judge_collision_detected:
robot_base_x: 10.330222
robot_base_y: -7.285923
robot_base_yaw: 3.136009
robot_geom: robot0_torso_fixed_collision_box_1
proxy_geom: scene_aabb_proxy_production_line_6
judge_collision_detected:
robot_base_x: 10.330222
robot_base_y: -7.285923
robot_base_yaw: 3.136009
robot_geom: robot0_torso_fixed_column_collision
proxy_geom: scene_aabb_proxy_line_6_output_side_protrusion
judge_collision_detected:
robot_base_x: 10.330222
robot_base_y: -7.285923
robot_base_yaw: 3.136009
robot_geom: robot0_wheel_left_collision
proxy_geom: scene_aabb_proxy_line_6_output_side_protrusion
judge_collision_detected:
robot_base_x: 10.330222
robot_base_y: -7.285923
robot_base_yaw: 3.136009
robot_geom: robot0_wheel_left_collision
proxy_geom: scene_aabb_proxy_output_6
judge_collision_detected:
robot_base_x: 10.330222
robot_base_y: -7.285923
robot_base_yaw: 3.136009
robot_geom: robot0_wheel_right_collision
proxy_geom: scene_aabb_proxy_line_6_output_side_protrusion
judge_collision_detected:
robot_base_x: 10.330222
robot_base_y: -7.285923
robot_base_yaw: 3.136009
robot_geom: robot0_wheel_right_collision
proxy_geom: scene_aabb_proxy_output_6
judge_collision_detected:
robot_base_x: 10.330222
robot_base_y: -7.285923
robot_base_yaw: 3.136009
robot_geom: robot0_wheel_right_collision
proxy_geom: scene_aabb_proxy_production_line_6
judge_collision_detected:
robot_base_x: 10.329729
robot_base_y: -7.286064
robot_base_yaw: 3.136429
robot_geom: robot0_back_left_caster_2
proxy_geom: scene_aabb_proxy_line_6_output_side_protrusion
judge_collision_detected:
robot_base_x: 10.329729
robot_base_y: -7.286064
robot_base_yaw: 3.136429
robot_geom: robot0_back_right_caster_2
proxy_geom: scene_aabb_proxy_line_6_output_side_protrusion
judge_collision_detected:
robot_base_x: 10.329729
robot_base_y: -7.286064
robot_base_yaw: 3.136429
robot_geom: robot0_base_collision
proxy_geom: scene_aabb_proxy_line_6_output_side_protrusion
judge_collision_detected:
robot_base_x: 10.329729
robot_base_y: -7.286064
robot_base_yaw: 3.136429
robot_geom: robot0_base_collision
proxy_geom: scene_aabb_proxy_output_6
judge_collision_detected:
robot_base_x: 10.329729
robot_base_y: -7.286064
robot_base_yaw: 3.136429
robot_geom: robot0_base_collision
proxy_geom: scene_aabb_proxy_production_line_6
judge_collision_detected:
robot_base_x: 10.329729
robot_base_y: -7.286064
robot_base_yaw: 3.136429
robot_geom: robot0_front_left_caster_2
proxy_geom: scene_aabb_proxy_output_6
judge_collision_detected:
robot_base_x: 10.329729
robot_base_y: -7.286064
robot_base_yaw: 3.136429
robot_geom: robot0_front_right_caster_2
proxy_geom: scene_aabb_proxy_output_6
judge_collision_detected:
robot_base_x: 10.329729
robot_base_y: -7.286064
robot_base_yaw: 3.136429
robot_geom: robot0_torso_fixed_collision_box_1
proxy_geom: scene_aabb_proxy_line_6_output_side_protrusion
judge_collision_detected:
robot_base_x: 10.329729
robot_base_y: -7.286064
robot_base_yaw: 3.136429
robot_geom: robot0_torso_fixed_collision_box_1
proxy_geom: scene_aabb_proxy_output_6
judge_collision_detected:
robot_base_x: 10.329729
robot_base_y: -7.286064
robot_base_yaw: 3.136429
robot_geom: robot0_torso_fixed_collision_box_1
proxy_geom: scene_aabb_proxy_production_line_6
judge_collision_detected:
robot_base_x: 10.329729
robot_base_y: -7.286064
robot_base_yaw: 3.136429
robot_geom: robot0_torso_fixed_column_collision
proxy_geom: scene_aabb_proxy_line_6_output_side_protrusion
judge_collision_detected:
robot_base_x: 10.329729
robot_base_y: -7.286064
robot_base_yaw: 3.136429
robot_geom: robot0_wheel_left_collision
proxy_geom: scene_aabb_proxy_line_6_output_side_protrusion
judge_collision_detected:
robot_base_x: 10.329729
robot_base_y: -7.286064
robot_base_yaw: 3.136429
robot_geom: robot0_wheel_left_collision
proxy_geom: scene_aabb_proxy_output_6
judge_collision_detected:
robot_base_x: 10.329729
robot_base_y: -7.286064
robot_base_yaw: 3.136429
robot_geom: robot0_wheel_right_collision
proxy_geom: scene_aabb_proxy_line_6_output_side_protrusion
judge_collision_detected:
robot_base_x: 10.329729
robot_base_y: -7.286064
robot_base_yaw: 3.136429
robot_geom: robot0_wheel_right_collision
proxy_geom: scene_aabb_proxy_output_6
judge_collision_detected:
robot_base_x: 10.329729
robot_base_y: -7.286064
robot_base_yaw: 3.136429
robot_geom: robot0_wheel_right_collision
proxy_geom: scene_aabb_proxy_production_line_6
judge_collision_detected:
robot_base_x: 10.328788
robot_base_y: -7.286211
robot_base_yaw: 3.136744
robot_geom: robot0_back_left_caster_2
proxy_geom: scene_aabb_proxy_line_6_output_side_protrusion
judge_collision_detected:
robot_base_x: 10.328788
robot_base_y: -7.286211
robot_base_yaw: 3.136744
robot_geom: robot0_back_right_caster_2
proxy_geom: scene_aabb_proxy_line_6_output_side_protrusion
judge_collision_detected:
robot_base_x: 10.328788
robot_base_y: -7.286211
robot_base_yaw: 3.136744
robot_geom: robot0_base_collision
proxy_geom: scene_aabb_proxy_line_6_output_side_protrusion
judge_collision_detected:
robot_base_x: 10.328788
robot_base_y: -7.286211
robot_base_yaw: 3.136744
robot_geom: robot0_base_collision
proxy_geom: scene_aabb_proxy_output_6
judge_collision_detected:
robot_base_x: 10.328788
robot_base_y: -7.286211
robot_base_yaw: 3.136744
robot_geom: robot0_base_collision
proxy_geom: scene_aabb_proxy_production_line_6
judge_collision_detected:
robot_base_x: 10.328788
robot_base_y: -7.286211
robot_base_yaw: 3.136744
robot_geom: robot0_front_left_caster_2
proxy_geom: scene_aabb_proxy_output_6
judge_collision_detected:
robot_base_x: 10.328788
robot_base_y: -7.286211
robot_base_yaw: 3.136744
robot_geom: robot0_front_right_caster_2
proxy_geom: scene_aabb_proxy_output_6
judge_collision_detected:
robot_base_x: 10.328788
robot_base_y: -7.286211
robot_base_yaw: 3.136744
robot_geom: robot0_torso_fixed_collision_box_1
proxy_geom: scene_aabb_proxy_line_6_output_side_protrusion
judge_collision_detected:
robot_base_x: 10.328788
robot_base_y: -7.286211
robot_base_yaw: 3.136744
robot_geom: robot0_torso_fixed_collision_box_1
proxy_geom: scene_aabb_proxy_output_6
judge_collision_detected:
robot_base_x: 10.328788
robot_base_y: -7.286211
robot_base_yaw: 3.136744
robot_geom: robot0_torso_fixed_collision_box_1
proxy_geom: scene_aabb_proxy_production_line_6
judge_collision_detected:
robot_base_x: 10.328788
robot_base_y: -7.286211
robot_base_yaw: 3.136744
robot_geom: robot0_torso_fixed_column_collision
proxy_geom: scene_aabb_proxy_line_6_output_side_protrusion
judge_collision_detected:
robot_base_x: 10.328788
robot_base_y: -7.286211
robot_base_yaw: 3.136744
robot_geom: robot0_wheel_left_collision
proxy_geom: scene_aabb_proxy_line_6_output_side_protrusion
judge_collision_detected:
robot_base_x: 10.328788
robot_base_y: -7.286211
robot_base_yaw: 3.136744
robot_geom: robot0_wheel_left_collision
proxy_geom: scene_aabb_proxy_output_6
judge_collision_detected:
robot_base_x: 10.328788
robot_base_y: -7.286211
robot_base_yaw: 3.136744
robot_geom: robot0_wheel_right_collision
proxy_geom: scene_aabb_proxy_line_6_output_side_protrusion
judge_collision_detected:
robot_base_x: 10.328788
robot_base_y: -7.286211
robot_base_yaw: 3.136744
robot_geom: robot0_wheel_right_collision
proxy_geom: scene_aabb_proxy_output_6
judge_collision_detected:
robot_base_x: 10.328788
robot_base_y: -7.286211
robot_base_yaw: 3.136744
robot_geom: robot0_wheel_right_collision
proxy_geom: scene_aabb_proxy_production_line_6
judge_collision_detected:
robot_base_x: 10.327789
robot_base_y: -7.286362
robot_base_yaw: 3.137014
robot_geom: robot0_back_left_caster_2
proxy_geom: scene_aabb_proxy_line_6_output_side_protrusion
judge_collision_detected:
robot_base_x: 10.327789
robot_base_y: -7.286362
robot_base_yaw: 3.137014
robot_geom: robot0_back_right_caster_2
proxy_geom: scene_aabb_proxy_line_6_output_side_protrusion
judge_collision_detected:
robot_base_x: 10.327789
robot_base_y: -7.286362
robot_base_yaw: 3.137014
robot_geom: robot0_base_collision
proxy_geom: scene_aabb_proxy_line_6_output_side_protrusion
judge_collision_detected:
robot_base_x: 10.327789
robot_base_y: -7.286362
robot_base_yaw: 3.137014
robot_geom: robot0_base_collision
proxy_geom: scene_aabb_proxy_output_6
judge_collision_detected:
robot_base_x: 10.327789
robot_base_y: -7.286362
robot_base_yaw: 3.137014
robot_geom: robot0_base_collision
proxy_geom: scene_aabb_proxy_production_line_6
judge_collision_detected:
robot_base_x: 10.327789
robot_base_y: -7.286362
robot_base_yaw: 3.137014
robot_geom: robot0_front_left_caster_2
proxy_geom: scene_aabb_proxy_output_6
judge_collision_detected:
robot_base_x: 10.327789
robot_base_y: -7.286362
robot_base_yaw: 3.137014
robot_geom: robot0_front_right_caster_2
proxy_geom: scene_aabb_proxy_output_6
judge_collision_detected:
robot_base_x: 10.327789
robot_base_y: -7.286362
robot_base_yaw: 3.137014
robot_geom: robot0_torso_fixed_collision_box_1
proxy_geom: scene_aabb_proxy_line_6_output_side_protrusion
judge_collision_detected:
robot_base_x: 10.327789
robot_base_y: -7.286362
robot_base_yaw: 3.137014
robot_geom: robot0_torso_fixed_collision_box_1
proxy_geom: scene_aabb_proxy_output_6
judge_collision_detected:
robot_base_x: 10.327789
robot_base_y: -7.286362
robot_base_yaw: 3.137014
robot_geom: robot0_torso_fixed_collision_box_1
proxy_geom: scene_aabb_proxy_production_line_6
judge_collision_detected:
robot_base_x: 10.327789
robot_base_y: -7.286362
robot_base_yaw: 3.137014
robot_geom: robot0_torso_fixed_column_collision
proxy_geom: scene_aabb_proxy_line_6_output_side_protrusion
judge_collision_detected:
robot_base_x: 10.327789
robot_base_y: -7.286362
robot_base_yaw: 3.137014
robot_geom: robot0_wheel_left_collision
proxy_geom: scene_aabb_proxy_line_6_output_side_protrusion
judge_collision_detected:
robot_base_x: 10.327789
robot_base_y: -7.286362
robot_base_yaw: 3.137014
robot_geom: robot0_wheel_left_collision
proxy_geom: scene_aabb_proxy_output_6
judge_collision_detected:
robot_base_x: 10.327789
robot_base_y: -7.286362
robot_base_yaw: 3.137014
robot_geom: robot0_wheel_right_collision
proxy_geom: scene_aabb_proxy_line_6_output_side_protrusion
judge_collision_detected:
robot_base_x: 10.327789
robot_base_y: -7.286362
robot_base_yaw: 3.137014
robot_geom: robot0_wheel_right_collision
proxy_geom: scene_aabb_proxy_output_6
judge_collision_detected:
robot_base_x: 10.327789
robot_base_y: -7.286362
robot_base_yaw: 3.137014
robot_geom: robot0_wheel_right_collision
proxy_geom: scene_aabb_proxy_production_line_6
judge_collision_detected:
robot_base_x: 10.326834
robot_base_y: -7.286516
robot_base_yaw: 3.137263
robot_geom: robot0_back_left_caster_2
proxy_geom: scene_aabb_proxy_line_6_output_side_protrusion
judge_collision_detected:
robot_base_x: 10.326834
robot_base_y: -7.286516
robot_base_yaw: 3.137263
robot_geom: robot0_back_right_caster_2
proxy_geom: scene_aabb_proxy_line_6_output_side_protrusion
judge_collision_detected:
robot_base_x: 10.326834
robot_base_y: -7.286516
robot_base_yaw: 3.137263
robot_geom: robot0_base_collision
proxy_geom: scene_aabb_proxy_line_6_output_side_protrusion
judge_collision_detected:
robot_base_x: 10.326834
robot_base_y: -7.286516
robot_base_yaw: 3.137263
robot_geom: robot0_base_collision
proxy_geom: scene_aabb_proxy_output_6
judge_collision_detected:
robot_base_x: 10.326834
robot_base_y: -7.286516
robot_base_yaw: 3.137263
robot_geom: robot0_base_collision
proxy_geom: scene_aabb_proxy_production_line_6
judge_collision_detected:
robot_base_x: 10.326834
robot_base_y: -7.286516
robot_base_yaw: 3.137263
robot_geom: robot0_front_left_caster_2
proxy_geom: scene_aabb_proxy_output_6
judge_collision_detected:
robot_base_x: 10.326834
robot_base_y: -7.286516
robot_base_yaw: 3.137263
robot_geom: robot0_front_right_caster_2
proxy_geom: scene_aabb_proxy_output_6
judge_collision_detected:
robot_base_x: 10.326834
robot_base_y: -7.286516
robot_base_yaw: 3.137263
robot_geom: robot0_torso_fixed_collision_box_1
proxy_geom: scene_aabb_proxy_line_6_output_side_protrusion
judge_collision_detected:
robot_base_x: 10.326834
robot_base_y: -7.286516
robot_base_yaw: 3.137263
robot_geom: robot0_torso_fixed_collision_box_1
proxy_geom: scene_aabb_proxy_output_6
judge_collision_detected:
robot_base_x: 10.326834
robot_base_y: -7.286516
robot_base_yaw: 3.137263
robot_geom: robot0_torso_fixed_collision_box_1
proxy_geom: scene_aabb_proxy_production_line_6
judge_collision_detected:
robot_base_x: 10.326834
robot_base_y: -7.286516
robot_base_yaw: 3.137263
robot_geom: robot0_torso_fixed_column_collision
proxy_geom: scene_aabb_proxy_line_6_output_side_protrusion
judge_collision_detected:
robot_base_x: 10.326834
robot_base_y: -7.286516
robot_base_yaw: 3.137263
robot_geom: robot0_wheel_left_collision
proxy_geom: scene_aabb_proxy_line_6_output_side_protrusion
judge_collision_detected:
robot_base_x: 10.326834
robot_base_y: -7.286516
robot_base_yaw: 3.137263
robot_geom: robot0_wheel_left_collision
proxy_geom: scene_aabb_proxy_output_6
judge_collision_detected:
robot_base_x: 10.326834
robot_base_y: -7.286516
robot_base_yaw: 3.137263
robot_geom: robot0_wheel_right_collision
proxy_geom: scene_aabb_proxy_line_6_output_side_protrusion
judge_collision_detected:
robot_base_x: 10.326834
robot_base_y: -7.286516
robot_base_yaw: 3.137263
robot_geom: robot0_wheel_right_collision
proxy_geom: scene_aabb_proxy_output_6
judge_collision_detected:
robot_base_x: 10.326834
robot_base_y: -7.286516
robot_base_yaw: 3.137263
robot_geom: robot0_wheel_right_collision
proxy_geom: scene_aabb_proxy_production_line_6
judge_collision_detected:
robot_base_x: 10.325927
robot_base_y: -7.286667
robot_base_yaw: 3.137520
robot_geom: robot0_back_left_caster_2
proxy_geom: scene_aabb_proxy_line_6_output_side_protrusion
judge_collision_detected:
robot_base_x: 10.325927
robot_base_y: -7.286667
robot_base_yaw: 3.137520
robot_geom: robot0_back_right_caster_2
proxy_geom: scene_aabb_proxy_line_6_output_side_protrusion
judge_collision_detected:
robot_base_x: 10.325927
robot_base_y: -7.286667
robot_base_yaw: 3.137520
robot_geom: robot0_base_collision
proxy_geom: scene_aabb_proxy_line_6_output_side_protrusion
judge_collision_detected:
robot_base_x: 10.325927
robot_base_y: -7.286667
robot_base_yaw: 3.137520
robot_geom: robot0_base_collision
proxy_geom: scene_aabb_proxy_output_6
judge_collision_detected:
robot_base_x: 10.325927
robot_base_y: -7.286667
robot_base_yaw: 3.137520
robot_geom: robot0_base_collision
proxy_geom: scene_aabb_proxy_production_line_6
judge_collision_detected:
robot_base_x: 10.325927
robot_base_y: -7.286667
robot_base_yaw: 3.137520
robot_geom: robot0_front_left_caster_2
proxy_geom: scene_aabb_proxy_output_6
judge_collision_detected:
robot_base_x: 10.325927
robot_base_y: -7.286667
robot_base_yaw: 3.137520
robot_geom: robot0_front_right_caster_2
proxy_geom: scene_aabb_proxy_output_6
judge_collision_detected:
robot_base_x: 10.325927
robot_base_y: -7.286667
robot_base_yaw: 3.137520
robot_geom: robot0_torso_fixed_collision_box_1
proxy_geom: scene_aabb_proxy_line_6_output_side_protrusion
judge_collision_detected:
robot_base_x: 10.325927
robot_base_y: -7.286667
robot_base_yaw: 3.137520
robot_geom: robot0_torso_fixed_collision_box_1
proxy_geom: scene_aabb_proxy_output_6
judge_collision_detected:
robot_base_x: 10.325927
robot_base_y: -7.286667
robot_base_yaw: 3.137520
robot_geom: robot0_torso_fixed_collision_box_1
proxy_geom: scene_aabb_proxy_production_line_6
judge_collision_detected:
robot_base_x: 10.325927
robot_base_y: -7.286667
robot_base_yaw: 3.137520
robot_geom: robot0_torso_fixed_column_collision
proxy_geom: scene_aabb_proxy_line_6_output_side_protrusion
judge_collision_detected:
robot_base_x: 10.325927
robot_base_y: -7.286667
robot_base_yaw: 3.137520
robot_geom: robot0_wheel_left_collision
proxy_geom: scene_aabb_proxy_line_6_output_side_protrusion
judge_collision_detected:
robot_base_x: 10.325927
robot_base_y: -7.286667
robot_base_yaw: 3.137520
robot_geom: robot0_wheel_left_collision
proxy_geom: scene_aabb_proxy_output_6
judge_collision_detected:
robot_base_x: 10.325927
robot_base_y: -7.286667
robot_base_yaw: 3.137520
robot_geom: robot0_wheel_right_collision
proxy_geom: scene_aabb_proxy_line_6_output_side_protrusion
judge_collision_detected:
robot_base_x: 10.325927
robot_base_y: -7.286667
robot_base_yaw: 3.137520
robot_geom: robot0_wheel_right_collision
proxy_geom: scene_aabb_proxy_output_6
judge_collision_detected:
robot_base_x: 10.325927
robot_base_y: -7.286667
robot_base_yaw: 3.137520
robot_geom: robot0_wheel_right_collision
proxy_geom: scene_aabb_proxy_production_line_6
judge_collision_detected:
robot_base_x: 10.325063
robot_base_y: -7.286815
robot_base_yaw: 3.137786
robot_geom: robot0_back_left_caster_2
proxy_geom: scene_aabb_proxy_line_6_output_side_protrusion
judge_collision_detected:
robot_base_x: 10.325063
robot_base_y: -7.286815
robot_base_yaw: 3.137786
robot_geom: robot0_back_right_caster_2
proxy_geom: scene_aabb_proxy_line_6_output_side_protrusion
judge_collision_detected:
robot_base_x: 10.325063
robot_base_y: -7.286815
robot_base_yaw: 3.137786
robot_geom: robot0_base_collision
proxy_geom: scene_aabb_proxy_line_6_output_side_protrusion
judge_collision_detected:
robot_base_x: 10.325063
robot_base_y: -7.286815
robot_base_yaw: 3.137786
robot_geom: robot0_base_collision
proxy_geom: scene_aabb_proxy_output_6
judge_collision_detected:
robot_base_x: 10.325063
robot_base_y: -7.286815
robot_base_yaw: 3.137786
robot_geom: robot0_base_collision
proxy_geom: scene_aabb_proxy_production_line_6
judge_collision_detected:
robot_base_x: 10.325063
robot_base_y: -7.286815
robot_base_yaw: 3.137786
robot_geom: robot0_front_left_caster_2
proxy_geom: scene_aabb_proxy_output_6
judge_collision_detected:
robot_base_x: 10.325063
robot_base_y: -7.286815
robot_base_yaw: 3.137786
robot_geom: robot0_front_right_caster_2
proxy_geom: scene_aabb_proxy_output_6
judge_collision_detected:
robot_base_x: 10.325063
robot_base_y: -7.286815
robot_base_yaw: 3.137786
robot_geom: robot0_torso_fixed_collision_box_1
proxy_geom: scene_aabb_proxy_line_6_output_side_protrusion
judge_collision_detected:
robot_base_x: 10.325063
robot_base_y: -7.286815
robot_base_yaw: 3.137786
robot_geom: robot0_torso_fixed_collision_box_1
proxy_geom: scene_aabb_proxy_output_6
judge_collision_detected:
robot_base_x: 10.325063
robot_base_y: -7.286815
robot_base_yaw: 3.137786
robot_geom: robot0_torso_fixed_collision_box_1
proxy_geom: scene_aabb_proxy_production_line_6
judge_collision_detected:
robot_base_x: 10.325063
robot_base_y: -7.286815
robot_base_yaw: 3.137786
robot_geom: robot0_torso_fixed_column_collision
proxy_geom: scene_aabb_proxy_line_6_output_side_protrusion
judge_collision_detected:
robot_base_x: 10.325063
robot_base_y: -7.286815
robot_base_yaw: 3.137786
robot_geom: robot0_wheel_left_collision
proxy_geom: scene_aabb_proxy_line_6_output_side_protrusion
judge_collision_detected:
robot_base_x: 10.325063
robot_base_y: -7.286815
robot_base_yaw: 3.137786
robot_geom: robot0_wheel_left_collision
proxy_geom: scene_aabb_proxy_output_6
judge_collision_detected:
robot_base_x: 10.325063
robot_base_y: -7.286815
robot_base_yaw: 3.137786
robot_geom: robot0_wheel_right_collision
proxy_geom: scene_aabb_proxy_line_6_output_side_protrusion
judge_collision_detected:
robot_base_x: 10.325063
robot_base_y: -7.286815
robot_base_yaw: 3.137786
robot_geom: robot0_wheel_right_collision
proxy_geom: scene_aabb_proxy_output_6
judge_collision_detected:
robot_base_x: 10.325063
robot_base_y: -7.286815
robot_base_yaw: 3.137786
robot_geom: robot0_wheel_right_collision
proxy_geom: scene_aabb_proxy_production_line_6
judge_collision_detected:
robot_base_x: 10.324226
robot_base_y: -7.286962
robot_base_yaw: 3.138050
robot_geom: robot0_back_left_caster_2
proxy_geom: scene_aabb_proxy_line_6_output_side_protrusion
judge_collision_detected:
robot_base_x: 10.324226
robot_base_y: -7.286962
robot_base_yaw: 3.138050
robot_geom: robot0_back_right_caster_2
proxy_geom: scene_aabb_proxy_line_6_output_side_protrusion
judge_collision_detected:
robot_base_x: 10.324226
robot_base_y: -7.286962
robot_base_yaw: 3.138050
robot_geom: robot0_base_collision
proxy_geom: scene_aabb_proxy_line_6_output_side_protrusion
judge_collision_detected:
robot_base_x: 10.324226
robot_base_y: -7.286962
robot_base_yaw: 3.138050
robot_geom: robot0_base_collision
proxy_geom: scene_aabb_proxy_output_6
judge_collision_detected:
robot_base_x: 10.324226
robot_base_y: -7.286962
robot_base_yaw: 3.138050
robot_geom: robot0_base_collision
proxy_geom: scene_aabb_proxy_production_line_6
judge_collision_detected:
robot_base_x: 10.324226
robot_base_y: -7.286962
robot_base_yaw: 3.138050
robot_geom: robot0_front_left_caster_2
proxy_geom: scene_aabb_proxy_output_6
judge_collision_detected:
robot_base_x: 10.324226
robot_base_y: -7.286962
robot_base_yaw: 3.138050
robot_geom: robot0_front_right_caster_2
proxy_geom: scene_aabb_proxy_output_6
judge_collision_detected:
robot_base_x: 10.324226
robot_base_y: -7.286962
robot_base_yaw: 3.138050
robot_geom: robot0_torso_fixed_collision_box_1
proxy_geom: scene_aabb_proxy_line_6_output_side_protrusion
judge_collision_detected:
robot_base_x: 10.324226
robot_base_y: -7.286962
robot_base_yaw: 3.138050
robot_geom: robot0_torso_fixed_collision_box_1
proxy_geom: scene_aabb_proxy_output_6
judge_collision_detected:
robot_base_x: 10.324226
robot_base_y: -7.286962
robot_base_yaw: 3.138050
robot_geom: robot0_torso_fixed_collision_box_1
proxy_geom: scene_aabb_proxy_production_line_6
judge_collision_detected:
robot_base_x: 10.324226
robot_base_y: -7.286962
robot_base_yaw: 3.138050
robot_geom: robot0_torso_fixed_column_collision
proxy_geom: scene_aabb_proxy_line_6_output_side_protrusion
judge_collision_detected:
robot_base_x: 10.324226
robot_base_y: -7.286962
robot_base_yaw: 3.138050
robot_geom: robot0_torso_fixed_column_collision
proxy_geom: scene_aabb_proxy_output_6
judge_collision_detected:
robot_base_x: 10.324226
robot_base_y: -7.286962
robot_base_yaw: 3.138050
robot_geom: robot0_wheel_left_collision
proxy_geom: scene_aabb_proxy_line_6_output_side_protrusion
judge_collision_detected:
robot_base_x: 10.324226
robot_base_y: -7.286962
robot_base_yaw: 3.138050
robot_geom: robot0_wheel_left_collision
proxy_geom: scene_aabb_proxy_output_6
judge_collision_detected:
robot_base_x: 10.324226
robot_base_y: -7.286962
robot_base_yaw: 3.138050
robot_geom: robot0_wheel_right_collision
proxy_geom: scene_aabb_proxy_line_6_output_side_protrusion
judge_collision_detected:
robot_base_x: 10.324226
robot_base_y: -7.286962
robot_base_yaw: 3.138050
robot_geom: robot0_wheel_right_collision
proxy_geom: scene_aabb_proxy_output_6
judge_collision_detected:
robot_base_x: 10.324226
robot_base_y: -7.286962
robot_base_yaw: 3.138050
robot_geom: robot0_wheel_right_collision
proxy_geom: scene_aabb_proxy_production_line_6
judge_collision_detected:
robot_base_x: 10.323434
robot_base_y: -7.287102
robot_base_yaw: 3.138294
robot_geom: robot0_back_left_caster_2
proxy_geom: scene_aabb_proxy_line_6_output_side_protrusion
judge_collision_detected:
robot_base_x: 10.323434
robot_base_y: -7.287102
robot_base_yaw: 3.138294
robot_geom: robot0_back_right_caster_2
proxy_geom: scene_aabb_proxy_line_6_output_side_protrusion
judge_collision_detected:
robot_base_x: 10.323434
robot_base_y: -7.287102
robot_base_yaw: 3.138294
robot_geom: robot0_base_collision
proxy_geom: scene_aabb_proxy_line_6_output_side_protrusion
judge_collision_detected:
robot_base_x: 10.323434
robot_base_y: -7.287102
robot_base_yaw: 3.138294
robot_geom: robot0_base_collision
proxy_geom: scene_aabb_proxy_output_6
judge_collision_detected:
robot_base_x: 10.323434
robot_base_y: -7.287102
robot_base_yaw: 3.138294
robot_geom: robot0_base_collision
proxy_geom: scene_aabb_proxy_production_line_6
judge_collision_detected:
robot_base_x: 10.323434
robot_base_y: -7.287102
robot_base_yaw: 3.138294
robot_geom: robot0_front_left_caster_2
proxy_geom: scene_aabb_proxy_output_6
judge_collision_detected:
robot_base_x: 10.323434
robot_base_y: -7.287102
robot_base_yaw: 3.138294
robot_geom: robot0_front_right_caster_2
proxy_geom: scene_aabb_proxy_output_6
judge_collision_detected:
robot_base_x: 10.323434
robot_base_y: -7.287102
robot_base_yaw: 3.138294
robot_geom: robot0_torso_fixed_collision_box_1
proxy_geom: scene_aabb_proxy_line_6_output_side_protrusion
judge_collision_detected:
robot_base_x: 10.323434
robot_base_y: -7.287102
robot_base_yaw: 3.138294
robot_geom: robot0_torso_fixed_collision_box_1
proxy_geom: scene_aabb_proxy_output_6
judge_collision_detected:
robot_base_x: 10.323434
robot_base_y: -7.287102
robot_base_yaw: 3.138294
robot_geom: robot0_torso_fixed_collision_box_1
proxy_geom: scene_aabb_proxy_production_line_6
judge_collision_detected:
robot_base_x: 10.323434
robot_base_y: -7.287102
robot_base_yaw: 3.138294
robot_geom: robot0_torso_fixed_column_collision
proxy_geom: scene_aabb_proxy_line_6_output_side_protrusion
judge_collision_detected:
robot_base_x: 10.323434
robot_base_y: -7.287102
robot_base_yaw: 3.138294
robot_geom: robot0_torso_fixed_column_collision
proxy_geom: scene_aabb_proxy_output_6
judge_collision_detected:
robot_base_x: 10.323434
robot_base_y: -7.287102
robot_base_yaw: 3.138294
robot_geom: robot0_wheel_left_collision
proxy_geom: scene_aabb_proxy_line_6_output_side_protrusion
judge_collision_detected:
robot_base_x: 10.323434
robot_base_y: -7.287102
robot_base_yaw: 3.138294
robot_geom: robot0_wheel_left_collision
proxy_geom: scene_aabb_proxy_output_6
judge_collision_detected:
robot_base_x: 10.323434
robot_base_y: -7.287102
robot_base_yaw: 3.138294
robot_geom: robot0_wheel_right_collision
proxy_geom: scene_aabb_proxy_line_6_output_side_protrusion
judge_collision_detected:
robot_base_x: 10.323434
robot_base_y: -7.287102
robot_base_yaw: 3.138294
robot_geom: robot0_wheel_right_collision
proxy_geom: scene_aabb_proxy_output_6
judge_collision_detected:
robot_base_x: 10.323434
robot_base_y: -7.287102
robot_base_yaw: 3.138294
robot_geom: robot0_wheel_right_collision
proxy_geom: scene_aabb_proxy_production_line_6
judge_collision_detected:
robot_base_x: 10.322723
robot_base_y: -7.287224
robot_base_yaw: 3.138504
robot_geom: robot0_back_left_caster_2
proxy_geom: scene_aabb_proxy_line_6_output_side_protrusion
judge_collision_detected:
robot_base_x: 10.322723
robot_base_y: -7.287224
robot_base_yaw: 3.138504
robot_geom: robot0_back_right_caster_2
proxy_geom: scene_aabb_proxy_line_6_output_side_protrusion
judge_collision_detected:
robot_base_x: 10.322723
robot_base_y: -7.287224
robot_base_yaw: 3.138504
robot_geom: robot0_base_collision
proxy_geom: scene_aabb_proxy_line_6_output_side_protrusion
judge_collision_detected:
robot_base_x: 10.322723
robot_base_y: -7.287224
robot_base_yaw: 3.138504
robot_geom: robot0_base_collision
proxy_geom: scene_aabb_proxy_output_6
judge_collision_detected:
robot_base_x: 10.322723
robot_base_y: -7.287224
robot_base_yaw: 3.138504
robot_geom: robot0_base_collision
proxy_geom: scene_aabb_proxy_production_line_6
judge_collision_detected:
robot_base_x: 10.322723
robot_base_y: -7.287224
robot_base_yaw: 3.138504
robot_geom: robot0_front_left_caster_2
proxy_geom: scene_aabb_proxy_output_6
judge_collision_detected:
robot_base_x: 10.322723
robot_base_y: -7.287224
robot_base_yaw: 3.138504
robot_geom: robot0_front_right_caster_2
proxy_geom: scene_aabb_proxy_output_6
judge_collision_detected:
robot_base_x: 10.322723
robot_base_y: -7.287224
robot_base_yaw: 3.138504
robot_geom: robot0_torso_fixed_collision_box_1
proxy_geom: scene_aabb_proxy_line_6_output_side_protrusion
judge_collision_detected:
robot_base_x: 10.322723
robot_base_y: -7.287224
robot_base_yaw: 3.138504
robot_geom: robot0_torso_fixed_collision_box_1
proxy_geom: scene_aabb_proxy_output_6
judge_collision_detected:
robot_base_x: 10.322723
robot_base_y: -7.287224
robot_base_yaw: 3.138504
robot_geom: robot0_torso_fixed_collision_box_1
proxy_geom: scene_aabb_proxy_production_line_6
judge_collision_detected:
robot_base_x: 10.322723
robot_base_y: -7.287224
robot_base_yaw: 3.138504
robot_geom: robot0_torso_fixed_column_collision
proxy_geom: scene_aabb_proxy_line_6_output_side_protrusion
judge_collision_detected:
robot_base_x: 10.322723
robot_base_y: -7.287224
robot_base_yaw: 3.138504
robot_geom: robot0_torso_fixed_column_collision
proxy_geom: scene_aabb_proxy_output_6
judge_collision_detected:
robot_base_x: 10.322723
robot_base_y: -7.287224
robot_base_yaw: 3.138504
robot_geom: robot0_wheel_left_collision
proxy_geom: scene_aabb_proxy_line_6_output_side_protrusion
judge_collision_detected:
robot_base_x: 10.322723
robot_base_y: -7.287224
robot_base_yaw: 3.138504
robot_geom: robot0_wheel_left_collision
proxy_geom: scene_aabb_proxy_output_6
judge_collision_detected:
robot_base_x: 10.322723
robot_base_y: -7.287224
robot_base_yaw: 3.138504
robot_geom: robot0_wheel_right_collision
proxy_geom: scene_aabb_proxy_line_6_output_side_protrusion
judge_collision_detected:
robot_base_x: 10.322723
robot_base_y: -7.287224
robot_base_yaw: 3.138504
robot_geom: robot0_wheel_right_collision
proxy_geom: scene_aabb_proxy_output_6
judge_collision_detected:
robot_base_x: 10.322723
robot_base_y: -7.287224
robot_base_yaw: 3.138504
robot_geom: robot0_wheel_right_collision
proxy_geom: scene_aabb_proxy_production_line_6
judge_collision_detected:
robot_base_x: 10.322065
robot_base_y: -7.287336
robot_base_yaw: 3.138710
robot_geom: robot0_back_left_caster_2
proxy_geom: scene_aabb_proxy_line_6_output_side_protrusion
judge_collision_detected:
robot_base_x: 10.322065
robot_base_y: -7.287336
robot_base_yaw: 3.138710
robot_geom: robot0_back_right_caster_2
proxy_geom: scene_aabb_proxy_line_6_output_side_protrusion
judge_collision_detected:
robot_base_x: 10.322065
robot_base_y: -7.287336
robot_base_yaw: 3.138710
robot_geom: robot0_base_collision
proxy_geom: scene_aabb_proxy_line_6_output_side_protrusion
judge_collision_detected:
robot_base_x: 10.322065
robot_base_y: -7.287336
robot_base_yaw: 3.138710
robot_geom: robot0_base_collision
proxy_geom: scene_aabb_proxy_output_6
judge_collision_detected:
robot_base_x: 10.322065
robot_base_y: -7.287336
robot_base_yaw: 3.138710
robot_geom: robot0_base_collision
proxy_geom: scene_aabb_proxy_production_line_6
judge_collision_detected:
robot_base_x: 10.322065
robot_base_y: -7.287336
robot_base_yaw: 3.138710
robot_geom: robot0_front_left_caster_2
proxy_geom: scene_aabb_proxy_output_6
judge_collision_detected:
robot_base_x: 10.322065
robot_base_y: -7.287336
robot_base_yaw: 3.138710
robot_geom: robot0_front_right_caster_2
proxy_geom: scene_aabb_proxy_output_6
judge_collision_detected:
robot_base_x: 10.322065
robot_base_y: -7.287336
robot_base_yaw: 3.138710
robot_geom: robot0_torso_fixed_collision_box_1
proxy_geom: scene_aabb_proxy_line_6_output_side_protrusion
judge_collision_detected:
robot_base_x: 10.322065
robot_base_y: -7.287336
robot_base_yaw: 3.138710
robot_geom: robot0_torso_fixed_collision_box_1
proxy_geom: scene_aabb_proxy_output_6
judge_collision_detected:
robot_base_x: 10.322065
robot_base_y: -7.287336
robot_base_yaw: 3.138710
robot_geom: robot0_torso_fixed_collision_box_1
proxy_geom: scene_aabb_proxy_production_line_6
judge_collision_detected:
robot_base_x: 10.322065
robot_base_y: -7.287336
robot_base_yaw: 3.138710
robot_geom: robot0_torso_fixed_column_collision
proxy_geom: scene_aabb_proxy_line_6_output_side_protrusion
judge_collision_detected:
robot_base_x: 10.322065
robot_base_y: -7.287336
robot_base_yaw: 3.138710
robot_geom: robot0_torso_fixed_column_collision
proxy_geom: scene_aabb_proxy_output_6
judge_collision_detected:
robot_base_x: 10.322065
robot_base_y: -7.287336
robot_base_yaw: 3.138710
robot_geom: robot0_wheel_left_collision
proxy_geom: scene_aabb_proxy_line_6_output_side_protrusion
judge_collision_detected:
robot_base_x: 10.322065
robot_base_y: -7.287336
robot_base_yaw: 3.138710
robot_geom: robot0_wheel_left_collision
proxy_geom: scene_aabb_proxy_output_6
judge_collision_detected:
robot_base_x: 10.322065
robot_base_y: -7.287336
robot_base_yaw: 3.138710
robot_geom: robot0_wheel_right_collision
proxy_geom: scene_aabb_proxy_line_6_output_side_protrusion
judge_collision_detected:
robot_base_x: 10.322065
robot_base_y: -7.287336
robot_base_yaw: 3.138710
robot_geom: robot0_wheel_right_collision
proxy_geom: scene_aabb_proxy_output_6
judge_collision_detected:
robot_base_x: 10.322065
robot_base_y: -7.287336
robot_base_yaw: 3.138710
robot_geom: robot0_wheel_right_collision
proxy_geom: scene_aabb_proxy_production_line_6
judge_collision_detected:
robot_base_x: 10.321452
robot_base_y: -7.287444
robot_base_yaw: 3.138935
robot_geom: robot0_back_left_caster_2
proxy_geom: scene_aabb_proxy_line_6_output_side_protrusion
judge_collision_detected:
robot_base_x: 10.321452
robot_base_y: -7.287444
robot_base_yaw: 3.138935
robot_geom: robot0_back_right_caster_2
proxy_geom: scene_aabb_proxy_line_6_output_side_protrusion
judge_collision_detected:
robot_base_x: 10.321452
robot_base_y: -7.287444
robot_base_yaw: 3.138935
robot_geom: robot0_base_collision
proxy_geom: scene_aabb_proxy_line_6_output_side_protrusion
judge_collision_detected:
robot_base_x: 10.321452
robot_base_y: -7.287444
robot_base_yaw: 3.138935
robot_geom: robot0_base_collision
proxy_geom: scene_aabb_proxy_output_6
judge_collision_detected:
robot_base_x: 10.321452
robot_base_y: -7.287444
robot_base_yaw: 3.138935
robot_geom: robot0_base_collision
proxy_geom: scene_aabb_proxy_production_line_6
judge_collision_detected:
robot_base_x: 10.321452
robot_base_y: -7.287444
robot_base_yaw: 3.138935
robot_geom: robot0_front_left_caster_2
proxy_geom: scene_aabb_proxy_output_6
judge_collision_detected:
robot_base_x: 10.321452
robot_base_y: -7.287444
robot_base_yaw: 3.138935
robot_geom: robot0_front_right_caster_2
proxy_geom: scene_aabb_proxy_output_6
judge_collision_detected:
robot_base_x: 10.321452
robot_base_y: -7.287444
robot_base_yaw: 3.138935
robot_geom: robot0_torso_fixed_collision_box_1
proxy_geom: scene_aabb_proxy_line_6_output_side_protrusion
judge_collision_detected:
robot_base_x: 10.321452
robot_base_y: -7.287444
robot_base_yaw: 3.138935
robot_geom: robot0_torso_fixed_collision_box_1
proxy_geom: scene_aabb_proxy_output_6
judge_collision_detected:
robot_base_x: 10.321452
robot_base_y: -7.287444
robot_base_yaw: 3.138935
robot_geom: robot0_torso_fixed_collision_box_1
proxy_geom: scene_aabb_proxy_production_line_6
judge_collision_detected:
robot_base_x: 10.321452
robot_base_y: -7.287444
robot_base_yaw: 3.138935
robot_geom: robot0_torso_fixed_column_collision
proxy_geom: scene_aabb_proxy_line_6_output_side_protrusion
judge_collision_detected:
robot_base_x: 10.321452
robot_base_y: -7.287444
robot_base_yaw: 3.138935
robot_geom: robot0_torso_fixed_column_collision
proxy_geom: scene_aabb_proxy_output_6
judge_collision_detected:
robot_base_x: 10.321452
robot_base_y: -7.287444
robot_base_yaw: 3.138935
robot_geom: robot0_wheel_left_collision
proxy_geom: scene_aabb_proxy_line_6_output_side_protrusion
judge_collision_detected:
robot_base_x: 10.321452
robot_base_y: -7.287444
robot_base_yaw: 3.138935
robot_geom: robot0_wheel_left_collision
proxy_geom: scene_aabb_proxy_output_6
judge_collision_detected:
robot_base_x: 10.321452
robot_base_y: -7.287444
robot_base_yaw: 3.138935
robot_geom: robot0_wheel_right_collision
proxy_geom: scene_aabb_proxy_line_6_output_side_protrusion
judge_collision_detected:
robot_base_x: 10.321452
robot_base_y: -7.287444
robot_base_yaw: 3.138935
robot_geom: robot0_wheel_right_collision
proxy_geom: scene_aabb_proxy_output_6
judge_collision_detected:
robot_base_x: 10.321452
robot_base_y: -7.287444
robot_base_yaw: 3.138935
robot_geom: robot0_wheel_right_collision
proxy_geom: scene_aabb_proxy_production_line_6
judge_collision_detected:
robot_base_x: 10.320880
robot_base_y: -7.287552
robot_base_yaw: 3.139178
robot_geom: robot0_back_left_caster_2
proxy_geom: scene_aabb_proxy_line_6_output_side_protrusion
judge_collision_detected:
robot_base_x: 10.320880
robot_base_y: -7.287552
robot_base_yaw: 3.139178
robot_geom: robot0_back_right_caster_2
proxy_geom: scene_aabb_proxy_line_6_output_side_protrusion
judge_collision_detected:
robot_base_x: 10.320880
robot_base_y: -7.287552
robot_base_yaw: 3.139178
robot_geom: robot0_base_collision
proxy_geom: scene_aabb_proxy_line_6_output_side_protrusion
judge_collision_detected:
robot_base_x: 10.320880
robot_base_y: -7.287552
robot_base_yaw: 3.139178
robot_geom: robot0_base_collision
proxy_geom: scene_aabb_proxy_output_6
judge_collision_detected:
robot_base_x: 10.320880
robot_base_y: -7.287552
robot_base_yaw: 3.139178
robot_geom: robot0_base_collision
proxy_geom: scene_aabb_proxy_production_line_6
judge_collision_detected:
robot_base_x: 10.320880
robot_base_y: -7.287552
robot_base_yaw: 3.139178
robot_geom: robot0_front_left_caster_2
proxy_geom: scene_aabb_proxy_output_6
judge_collision_detected:
robot_base_x: 10.320880
robot_base_y: -7.287552
robot_base_yaw: 3.139178
robot_geom: robot0_front_right_caster_2
proxy_geom: scene_aabb_proxy_output_6
judge_collision_detected:
robot_base_x: 10.320880
robot_base_y: -7.287552
robot_base_yaw: 3.139178
robot_geom: robot0_torso_fixed_collision_box_1
proxy_geom: scene_aabb_proxy_line_6_output_side_protrusion
judge_collision_detected:
robot_base_x: 10.320880
robot_base_y: -7.287552
robot_base_yaw: 3.139178
robot_geom: robot0_torso_fixed_collision_box_1
proxy_geom: scene_aabb_proxy_output_6
judge_collision_detected:
robot_base_x: 10.320880
robot_base_y: -7.287552
robot_base_yaw: 3.139178
robot_geom: robot0_torso_fixed_collision_box_1
proxy_geom: scene_aabb_proxy_production_line_6
judge_collision_detected:
robot_base_x: 10.320880
robot_base_y: -7.287552
robot_base_yaw: 3.139178
robot_geom: robot0_torso_fixed_column_collision
proxy_geom: scene_aabb_proxy_line_6_output_side_protrusion
judge_collision_detected:
robot_base_x: 10.320880
robot_base_y: -7.287552
robot_base_yaw: 3.139178
robot_geom: robot0_torso_fixed_column_collision
proxy_geom: scene_aabb_proxy_output_6
judge_collision_detected:
robot_base_x: 10.320880
robot_base_y: -7.287552
robot_base_yaw: 3.139178
robot_geom: robot0_wheel_left_collision
proxy_geom: scene_aabb_proxy_line_6_output_side_protrusion
judge_collision_detected:
robot_base_x: 10.320880
robot_base_y: -7.287552
robot_base_yaw: 3.139178
robot_geom: robot0_wheel_left_collision
proxy_geom: scene_aabb_proxy_output_6
judge_collision_detected:
robot_base_x: 10.320880
robot_base_y: -7.287552
robot_base_yaw: 3.139178
robot_geom: robot0_wheel_right_collision
proxy_geom: scene_aabb_proxy_line_6_output_side_protrusion
judge_collision_detected:
robot_base_x: 10.320880
robot_base_y: -7.287552
robot_base_yaw: 3.139178
robot_geom: robot0_wheel_right_collision
proxy_geom: scene_aabb_proxy_output_6
judge_collision_detected:
robot_base_x: 10.320880
robot_base_y: -7.287552
robot_base_yaw: 3.139178
robot_geom: robot0_wheel_right_collision
proxy_geom: scene_aabb_proxy_production_line_6
judge_collision_detected:
robot_base_x: 10.320343
robot_base_y: -7.287657
robot_base_yaw: 3.139443
robot_geom: robot0_back_left_caster_2
proxy_geom: scene_aabb_proxy_line_6_output_side_protrusion
judge_collision_detected:
robot_base_x: 10.320343
robot_base_y: -7.287657
robot_base_yaw: 3.139443
robot_geom: robot0_back_right_caster_2
proxy_geom: scene_aabb_proxy_line_6_output_side_protrusion
judge_collision_detected:
robot_base_x: 10.320343
robot_base_y: -7.287657
robot_base_yaw: 3.139443
robot_geom: robot0_base_collision
proxy_geom: scene_aabb_proxy_line_6_output_side_protrusion
judge_collision_detected:
robot_base_x: 10.320343
robot_base_y: -7.287657
robot_base_yaw: 3.139443
robot_geom: robot0_base_collision
proxy_geom: scene_aabb_proxy_output_6
judge_collision_detected:
robot_base_x: 10.320343
robot_base_y: -7.287657
robot_base_yaw: 3.139443
robot_geom: robot0_base_collision
proxy_geom: scene_aabb_proxy_production_line_6
judge_collision_detected:
robot_base_x: 10.320343
robot_base_y: -7.287657
robot_base_yaw: 3.139443
robot_geom: robot0_front_left_caster_2
proxy_geom: scene_aabb_proxy_output_6
judge_collision_detected:
robot_base_x: 10.320343
robot_base_y: -7.287657
robot_base_yaw: 3.139443
robot_geom: robot0_front_right_caster_2
proxy_geom: scene_aabb_proxy_output_6
judge_collision_detected:
robot_base_x: 10.320343
robot_base_y: -7.287657
robot_base_yaw: 3.139443
robot_geom: robot0_torso_fixed_collision_box_1
proxy_geom: scene_aabb_proxy_line_6_output_side_protrusion
judge_collision_detected:
robot_base_x: 10.320343
robot_base_y: -7.287657
robot_base_yaw: 3.139443
robot_geom: robot0_torso_fixed_collision_box_1
proxy_geom: scene_aabb_proxy_output_6
judge_collision_detected:
robot_base_x: 10.320343
robot_base_y: -7.287657
robot_base_yaw: 3.139443
robot_geom: robot0_torso_fixed_collision_box_1
proxy_geom: scene_aabb_proxy_production_line_6
judge_collision_detected:
robot_base_x: 10.320343
robot_base_y: -7.287657
robot_base_yaw: 3.139443
robot_geom: robot0_torso_fixed_column_collision
proxy_geom: scene_aabb_proxy_line_6_output_side_protrusion
judge_collision_detected:
robot_base_x: 10.320343
robot_base_y: -7.287657
robot_base_yaw: 3.139443
robot_geom: robot0_torso_fixed_column_collision
proxy_geom: scene_aabb_proxy_output_6
judge_collision_detected:
robot_base_x: 10.320343
robot_base_y: -7.287657
robot_base_yaw: 3.139443
robot_geom: robot0_wheel_left_collision
proxy_geom: scene_aabb_proxy_line_6_output_side_protrusion
judge_collision_detected:
robot_base_x: 10.320343
robot_base_y: -7.287657
robot_base_yaw: 3.139443
robot_geom: robot0_wheel_left_collision
proxy_geom: scene_aabb_proxy_output_6
judge_collision_detected:
robot_base_x: 10.320343
robot_base_y: -7.287657
robot_base_yaw: 3.139443
robot_geom: robot0_wheel_right_collision
proxy_geom: scene_aabb_proxy_line_6_output_side_protrusion
judge_collision_detected:
robot_base_x: 10.320343
robot_base_y: -7.287657
robot_base_yaw: 3.139443
robot_geom: robot0_wheel_right_collision
proxy_geom: scene_aabb_proxy_output_6
judge_collision_detected:
robot_base_x: 10.320343
robot_base_y: -7.287657
robot_base_yaw: 3.139443
robot_geom: robot0_wheel_right_collision
proxy_geom: scene_aabb_proxy_production_line_6
judge_collision_detected:
robot_base_x: 10.319874
robot_base_y: -7.287758
robot_base_yaw: 3.139693
robot_geom: robot0_back_left_caster_2
proxy_geom: scene_aabb_proxy_line_6_output_side_protrusion
judge_collision_detected:
robot_base_x: 10.319874
robot_base_y: -7.287758
robot_base_yaw: 3.139693
robot_geom: robot0_back_right_caster_2
proxy_geom: scene_aabb_proxy_line_6_output_side_protrusion
judge_collision_detected:
robot_base_x: 10.319874
robot_base_y: -7.287758
robot_base_yaw: 3.139693
robot_geom: robot0_base_collision
proxy_geom: scene_aabb_proxy_line_6_output_side_protrusion
judge_collision_detected:
robot_base_x: 10.319874
robot_base_y: -7.287758
robot_base_yaw: 3.139693
robot_geom: robot0_base_collision
proxy_geom: scene_aabb_proxy_output_6
judge_collision_detected:
robot_base_x: 10.319874
robot_base_y: -7.287758
robot_base_yaw: 3.139693
robot_geom: robot0_base_collision
proxy_geom: scene_aabb_proxy_production_line_6
judge_collision_detected:
robot_base_x: 10.319874
robot_base_y: -7.287758
robot_base_yaw: 3.139693
robot_geom: robot0_front_left_caster_2
proxy_geom: scene_aabb_proxy_output_6
judge_collision_detected:
robot_base_x: 10.319874
robot_base_y: -7.287758
robot_base_yaw: 3.139693
robot_geom: robot0_front_right_caster_2
proxy_geom: scene_aabb_proxy_output_6
judge_collision_detected:
robot_base_x: 10.319874
robot_base_y: -7.287758
robot_base_yaw: 3.139693
robot_geom: robot0_torso_fixed_collision_box_1
proxy_geom: scene_aabb_proxy_line_6_output_side_protrusion
judge_collision_detected:
robot_base_x: 10.319874
robot_base_y: -7.287758
robot_base_yaw: 3.139693
robot_geom: robot0_torso_fixed_collision_box_1
proxy_geom: scene_aabb_proxy_output_6
judge_collision_detected:
robot_base_x: 10.319874
robot_base_y: -7.287758
robot_base_yaw: 3.139693
robot_geom: robot0_torso_fixed_collision_box_1
proxy_geom: scene_aabb_proxy_production_line_6
judge_collision_detected:
robot_base_x: 10.319874
robot_base_y: -7.287758
robot_base_yaw: 3.139693
robot_geom: robot0_torso_fixed_column_collision
proxy_geom: scene_aabb_proxy_line_6_output_side_protrusion
judge_collision_detected:
robot_base_x: 10.319874
robot_base_y: -7.287758
robot_base_yaw: 3.139693
robot_geom: robot0_torso_fixed_column_collision
proxy_geom: scene_aabb_proxy_output_6
judge_collision_detected:
robot_base_x: 10.319874
robot_base_y: -7.287758
robot_base_yaw: 3.139693
robot_geom: robot0_wheel_left_collision
proxy_geom: scene_aabb_proxy_line_6_output_side_protrusion
judge_collision_detected:
robot_base_x: 10.319874
robot_base_y: -7.287758
robot_base_yaw: 3.139693
robot_geom: robot0_wheel_left_collision
proxy_geom: scene_aabb_proxy_output_6
judge_collision_detected:
robot_base_x: 10.319874
robot_base_y: -7.287758
robot_base_yaw: 3.139693
robot_geom: robot0_wheel_right_collision
proxy_geom: scene_aabb_proxy_line_6_output_side_protrusion
judge_collision_detected:
robot_base_x: 10.319874
robot_base_y: -7.287758
robot_base_yaw: 3.139693
robot_geom: robot0_wheel_right_collision
proxy_geom: scene_aabb_proxy_output_6
judge_collision_detected:
robot_base_x: 10.319874
robot_base_y: -7.287758
robot_base_yaw: 3.139693
robot_geom: robot0_wheel_right_collision
proxy_geom: scene_aabb_proxy_production_line_6
judge_collision_detected:
robot_base_x: 10.319486
robot_base_y: -7.287850
robot_base_yaw: 3.139799
robot_geom: robot0_back_left_caster_2
proxy_geom: scene_aabb_proxy_line_6_output_side_protrusion
judge_collision_detected:
robot_base_x: 10.319486
robot_base_y: -7.287850
robot_base_yaw: 3.139799
robot_geom: robot0_back_right_caster_2
proxy_geom: scene_aabb_proxy_line_6_output_side_protrusion
judge_collision_detected:
robot_base_x: 10.319486
robot_base_y: -7.287850
robot_base_yaw: 3.139799
robot_geom: robot0_base_collision
proxy_geom: scene_aabb_proxy_line_6_output_side_protrusion
judge_collision_detected:
robot_base_x: 10.319486
robot_base_y: -7.287850
robot_base_yaw: 3.139799
robot_geom: robot0_base_collision
proxy_geom: scene_aabb_proxy_output_6
judge_collision_detected:
robot_base_x: 10.319486
robot_base_y: -7.287850
robot_base_yaw: 3.139799
robot_geom: robot0_base_collision
proxy_geom: scene_aabb_proxy_production_line_6
judge_collision_detected:
robot_base_x: 10.319486
robot_base_y: -7.287850
robot_base_yaw: 3.139799
robot_geom: robot0_front_left_caster_2
proxy_geom: scene_aabb_proxy_output_6
judge_collision_detected:
robot_base_x: 10.319486
robot_base_y: -7.287850
robot_base_yaw: 3.139799
robot_geom: robot0_front_right_caster_2
proxy_geom: scene_aabb_proxy_output_6
judge_collision_detected:
robot_base_x: 10.319486
robot_base_y: -7.287850
robot_base_yaw: 3.139799
robot_geom: robot0_torso_fixed_collision_box_1
proxy_geom: scene_aabb_proxy_line_6_output_side_protrusion
judge_collision_detected:
robot_base_x: 10.319486
robot_base_y: -7.287850
robot_base_yaw: 3.139799
robot_geom: robot0_torso_fixed_collision_box_1
proxy_geom: scene_aabb_proxy_output_6
judge_collision_detected:
robot_base_x: 10.319486
robot_base_y: -7.287850
robot_base_yaw: 3.139799
robot_geom: robot0_torso_fixed_collision_box_1
proxy_geom: scene_aabb_proxy_production_line_6
judge_collision_detected:
robot_base_x: 10.319486
robot_base_y: -7.287850
robot_base_yaw: 3.139799
robot_geom: robot0_torso_fixed_column_collision
proxy_geom: scene_aabb_proxy_line_6_output_side_protrusion
judge_collision_detected:
robot_base_x: 10.319486
robot_base_y: -7.287850
robot_base_yaw: 3.139799
robot_geom: robot0_torso_fixed_column_collision
proxy_geom: scene_aabb_proxy_output_6
judge_collision_detected:
robot_base_x: 10.319486
robot_base_y: -7.287850
robot_base_yaw: 3.139799
robot_geom: robot0_wheel_left_collision
proxy_geom: scene_aabb_proxy_line_6_output_side_protrusion
judge_collision_detected:
robot_base_x: 10.319486
robot_base_y: -7.287850
robot_base_yaw: 3.139799
robot_geom: robot0_wheel_left_collision
proxy_geom: scene_aabb_proxy_output_6
judge_collision_detected:
robot_base_x: 10.319486
robot_base_y: -7.287850
robot_base_yaw: 3.139799
robot_geom: robot0_wheel_right_collision
proxy_geom: scene_aabb_proxy_line_6_output_side_protrusion
judge_collision_detected:
robot_base_x: 10.319486
robot_base_y: -7.287850
robot_base_yaw: 3.139799
robot_geom: robot0_wheel_right_collision
proxy_geom: scene_aabb_proxy_output_6
judge_collision_detected:
robot_base_x: 10.319486
robot_base_y: -7.287850
robot_base_yaw: 3.139799
robot_geom: robot0_wheel_right_collision
proxy_geom: scene_aabb_proxy_production_line_6
judge_collision_detected:
robot_base_x: 10.319126
robot_base_y: -7.287941
robot_base_yaw: 3.139921
robot_geom: robot0_back_left_caster_2
proxy_geom: scene_aabb_proxy_line_6_output_side_protrusion
judge_collision_detected:
robot_base_x: 10.319126
robot_base_y: -7.287941
robot_base_yaw: 3.139921
robot_geom: robot0_back_right_caster_2
proxy_geom: scene_aabb_proxy_line_6_output_side_protrusion
judge_collision_detected:
robot_base_x: 10.319126
robot_base_y: -7.287941
robot_base_yaw: 3.139921
robot_geom: robot0_base_collision
proxy_geom: scene_aabb_proxy_line_6_output_side_protrusion
judge_collision_detected:
robot_base_x: 10.319126
robot_base_y: -7.287941
robot_base_yaw: 3.139921
robot_geom: robot0_base_collision
proxy_geom: scene_aabb_proxy_output_6
judge_collision_detected:
robot_base_x: 10.319126
robot_base_y: -7.287941
robot_base_yaw: 3.139921
robot_geom: robot0_base_collision
proxy_geom: scene_aabb_proxy_production_line_6
judge_collision_detected:
robot_base_x: 10.319126
robot_base_y: -7.287941
robot_base_yaw: 3.139921
robot_geom: robot0_front_left_caster_2
proxy_geom: scene_aabb_proxy_output_6
judge_collision_detected:
robot_base_x: 10.319126
robot_base_y: -7.287941
robot_base_yaw: 3.139921
robot_geom: robot0_front_right_caster_2
proxy_geom: scene_aabb_proxy_output_6
judge_collision_detected:
robot_base_x: 10.319126
robot_base_y: -7.287941
robot_base_yaw: 3.139921
robot_geom: robot0_torso_fixed_collision_box_1
proxy_geom: scene_aabb_proxy_line_6_output_side_protrusion
judge_collision_detected:
robot_base_x: 10.319126
robot_base_y: -7.287941
robot_base_yaw: 3.139921
robot_geom: robot0_torso_fixed_collision_box_1
proxy_geom: scene_aabb_proxy_output_6
judge_collision_detected:
robot_base_x: 10.319126
robot_base_y: -7.287941
robot_base_yaw: 3.139921
robot_geom: robot0_torso_fixed_collision_box_1
proxy_geom: scene_aabb_proxy_production_line_6
judge_collision_detected:
robot_base_x: 10.319126
robot_base_y: -7.287941
robot_base_yaw: 3.139921
robot_geom: robot0_torso_fixed_column_collision
proxy_geom: scene_aabb_proxy_line_6_output_side_protrusion
judge_collision_detected:
robot_base_x: 10.319126
robot_base_y: -7.287941
robot_base_yaw: 3.139921
robot_geom: robot0_torso_fixed_column_collision
proxy_geom: scene_aabb_proxy_output_6
judge_collision_detected:
robot_base_x: 10.319126
robot_base_y: -7.287941
robot_base_yaw: 3.139921
robot_geom: robot0_wheel_left_collision
proxy_geom: scene_aabb_proxy_line_6_output_side_protrusion
judge_collision_detected:
robot_base_x: 10.319126
robot_base_y: -7.287941
robot_base_yaw: 3.139921
robot_geom: robot0_wheel_left_collision
proxy_geom: scene_aabb_proxy_output_6
judge_collision_detected:
robot_base_x: 10.319126
robot_base_y: -7.287941
robot_base_yaw: 3.139921
robot_geom: robot0_wheel_right_collision
proxy_geom: scene_aabb_proxy_line_6_output_side_protrusion
judge_collision_detected:
robot_base_x: 10.319126
robot_base_y: -7.287941
robot_base_yaw: 3.139921
robot_geom: robot0_wheel_right_collision
proxy_geom: scene_aabb_proxy_output_6
judge_collision_detected:
robot_base_x: 10.319126
robot_base_y: -7.287941
robot_base_yaw: 3.139921
robot_geom: robot0_wheel_right_collision
proxy_geom: scene_aabb_proxy_production_line_6
[L5] place_skill result for white_tote_b01_left_center: success=True msg=Physics place OK: output_6
[L5] synced white_tote_b01_left_center to output_6 in nav env
[BACKEND v4] grasp_object_physics called
[robosuite INFO] Loading controller configuration from: /mnt/workspace/JCIIOT2026/JCIIOT/robosuite/robosuite/controllers/config/robots/default_tiago.json (composite_controller_factory.py:121)
Evaluation factory scene: FactorySorting9_3FO3ERT2C5FP
[STANCE_FIX] obj=(-14.674,4.415) base=(-13.824,4.415) OK
[BC_INPUT] robot_base_pos=(-13.824088,4.414518,0.000000)
[BC_INPUT] robot_base_ori=[0.000000,0.000000,3.141592] (yaw=1.0000*pi)
[BC_INPUT] actual_base_pose=(-13.824088,4.414518) yaw=3.141592
[BC_INPUT] object_name=white_tote_b01_left_front
[BC_INPUT] torso_lift=0.3500
[BC_INPUT] arm_right_1=0.7426
[BC_INPUT] arm_right_3=2.1378
[BC_INPUT] arm_right_4=2.1057
[BC_INPUT] gripper_r=0.0120
[BC_INPUT] scene=FactorySorting9_3FO3ERT2C5FP
[BC_INPUT] object dark_tote_b01_lower: pos=(-4.4877,4.4961,1.2890)
[BC_INPUT] object dark_tote_b01_upper: pos=(-4.4877,5.1895,1.2890)
[BC_INPUT] object blue_container_h01_back_left: pos=(-9.9453,4.4392,1.2140)
[BC_INPUT] object blue_container_h01_back_center: pos=(-9.9453,4.9181,1.2140)
[BC_INPUT] object blue_container_h01_back_right: pos=(-9.9453,5.4052,1.2140)
[BC_INPUT] object white_tote_b01_left_front: pos=(-14.6741,4.4149,1.2890)
[BC_INPUT] object white_tote_b01_left_center: pos=(-14.6741,4.9547,1.2890)
[BC_INPUT] object white_tote_b01_left_back: pos=(-14.6741,5.5210,1.2890)
[BC_INPUT] object white_tote_b01_right_left: pos=(-6.2060,8.4731,1.2890)
[BC_INPUT] object white_tote_b01_right_right: pos=(-5.5060,8.4731,1.2890)
Target object: white_tote_b01_left_front
Robot base xy at reset: (-13.824088, 4.414518)
Tracking sites: {'right': 'white_tote_b01_left_front_right_grasp_site', 'left': 'white_tote_b01_left_front_left_grasp_site'}
Below-site grasp targets: {'right': array([ 0.165, -0.215,  0.165]), 'left': array([-0.165, -0.215,  0.165])}
wrapped_env_grasp_start_pose: x=-13.824088, y=4.414518, yaw=3.141592
Executing scripted grasp policy (deterministic OSC waypoint servo)
[SCRIPTED] site_positions (world): {'right': 'white_tote_b01_left_front_right_grasp_site', 'left': 'white_tote_b01_left_front_left_grasp_site'}
[SCRIPTED] right site world pos: [-14.509088   4.199868   1.489   ], below_target: [-14.509088   4.199868   1.454   ]
[SCRIPTED] left site world pos: [-14.839088   4.199868   1.489   ], below_target: [-14.839088   4.199868   1.454   ]
[SCRIPTED] eef starts: right=[-14.19211783   4.68326353   1.1359892 ], left=[-14.20842048   4.22960692   1.1086439 ]
[SCRIPTED] xwall-grasp: obj=(-14.674,4.415) targets: right=[-14.374088   4.534868   1.454   ], left=[-14.374088   4.294868   1.454   ]
[SCRIPTED] contact rejection disabled (approach phases)
[SCRIPTED] Phase 1: safe vertical lift (60 steps, safe_z=1.739)
[SCRIPTED] Phase 2: XY approach (120 steps)
[SCRIPTED] Phase 3: vertical descent (80 steps)
[SCRIPTED] Phase 4: settle gripper end centers (max 150 steps)
gripper end center arrival distances before grasp: {'right': 0.023529121629181398, 'left': 0.025894528503483127}
[SCRIPTED] Phase 5: grasp close (40 steps)
After scripted grasp close object collision geoms: ['white_tote_b01_left_front_tote_b01_col_bottom', 'white_tote_b01_left_front_tote_b01_col_front', 'white_tote_b01_left_front_tote_b01_col_back', 'white_tote_b01_left_front_tote_b01_col_left', 'white_tote_b01_left_front_tote_b01_col_right']
After scripted grasp close gripper end targets: {'right': [-14.3741, 4.5349, 1.454], 'left': [-14.3741, 4.2949, 1.454]}
After scripted grasp close gripper end positions: {'right': [-14.3644, 4.5321, 1.4701], 'left': [-14.3636, 4.2962, 1.4725]}
After scripted grasp close gripper end deltas current-minus-target: {'right': [0.0096, -0.0027, 0.0161], 'left': [0.0105, 0.0013, 0.0185]}
After scripted grasp close gripper end distances: {'right': 0.018943275446596252, 'left': 0.02131162882702173}
After scripted grasp close fingerpad contact status: {'right': {'left_fingerpad': True, 'right_fingerpad': True}, 'left': {'left_fingerpad': True, 'right_fingerpad': True}}
After scripted grasp close fingerpad contact pairs: {'right': {'left_fingerpad': [('gripper0_right_left_fingerpad_collision', 'white_tote_b01_left_front_tote_b01_col_right')], 'right_fingerpad': [('gripper0_right_right_fingerpad_collision', 'white_tote_b01_left_front_tote_b01_col_right')]}, 'left': {'left_fingerpad': [('gripper0_left_left_fingerpad_collision', 'white_tote_b01_left_front_tote_b01_col_right')], 'right_fingerpad': [('gripper0_left_right_fingerpad_collision', 'white_tote_b01_left_front_tote_b01_col_right')]}}
After scripted grasp close grasp status: {'right': True, 'left': True}
[SCRIPTED] Phase 6: post-success hold (10 steps)
Holding final grasp action for 12 steps
After same-env wrapped policy execution object collision geoms: ['white_tote_b01_left_front_tote_b01_col_bottom', 'white_tote_b01_left_front_tote_b01_col_front', 'white_tote_b01_left_front_tote_b01_col_back', 'white_tote_b01_left_front_tote_b01_col_left', 'white_tote_b01_left_front_tote_b01_col_right']
After same-env wrapped policy execution gripper end targets: {'right': [-14.3741, 4.5349, 1.454], 'left': [-14.3741, 4.2949, 1.454]}
After same-env wrapped policy execution gripper end positions: {'right': [-14.3594, 4.5319, 1.4704], 'left': [-14.3586, 4.2963, 1.4729]}
After same-env wrapped policy execution gripper end deltas current-minus-target: {'right': [0.0147, -0.0029, 0.0164], 'left': [0.0155, 0.0014, 0.0189]}
After same-env wrapped policy execution gripper end distances: {'right': 0.022190990896952017, 'left': 0.024445378294840895}
After same-env wrapped policy execution fingerpad contact status: {'right': {'left_fingerpad': True, 'right_fingerpad': True}, 'left': {'left_fingerpad': True, 'right_fingerpad': True}}
After same-env wrapped policy execution fingerpad contact pairs: {'right': {'left_fingerpad': [('gripper0_right_left_fingerpad_collision', 'white_tote_b01_left_front_tote_b01_col_right')], 'right_fingerpad': [('gripper0_right_right_fingerpad_collision', 'white_tote_b01_left_front_tote_b01_col_right')]}, 'left': {'left_fingerpad': [('gripper0_left_left_fingerpad_collision', 'white_tote_b01_left_front_tote_b01_col_right')], 'right_fingerpad': [('gripper0_left_right_fingerpad_collision', 'white_tote_b01_left_front_tote_b01_col_right')]}}
After same-env wrapped policy execution grasp status: {'right': True, 'left': True}
Scripted grasp total_steps=310
Same-env wrapped grasp success: True
lift_initial_grasp_status: {'right': True, 'left': True}
lift_start: object=white_tote_b01_left_front, start_object_z=1.501718, target_object_z=1.651718, lift_height=0.150000
lift_result: success=True, final_object_z=1.617349, lifted=0.115631, target_lift=0.150000, final_grasp_status={'right': True, 'left': True}
[BACKEND] grasp and lift succeeded, proceeding with transport
transport_attachment_enabled: object=white_tote_b01_left_front, joint=white_tote_b01_left_front_joint0, relative_xy=[0.8494, -0.0024], world_z=1.419577, held_gripper_joints=12
[L5] teleported to dest (10.532, -7.267)
[L5] calling place_skill for white_tote_b01_left_front at output_6
judge_collision_detected:
robot_base_x: 10.527214
robot_base_y: -7.267347
robot_base_yaw: 3.140316
robot_geom: robot0_back_left_caster_2
proxy_geom: scene_aabb_proxy_line_6_belt
judge_collision_detected:
robot_base_x: 10.527214
robot_base_y: -7.267347
robot_base_yaw: 3.140316
robot_geom: robot0_back_left_caster_2
proxy_geom: scene_aabb_proxy_line_6_output_side_protrusion
judge_collision_detected:
robot_base_x: 10.527214
robot_base_y: -7.267347
robot_base_yaw: 3.140316
robot_geom: robot0_back_right_caster_2
proxy_geom: scene_aabb_proxy_line_6_belt
judge_collision_detected:
robot_base_x: 10.527214
robot_base_y: -7.267347
robot_base_yaw: 3.140316
robot_geom: robot0_back_right_caster_2
proxy_geom: scene_aabb_proxy_line_6_output_side_protrusion
judge_collision_detected:
robot_base_x: 10.527214
robot_base_y: -7.267347
robot_base_yaw: 3.140316
robot_geom: robot0_base_collision
proxy_geom: scene_aabb_proxy_line_6_belt
judge_collision_detected:
robot_base_x: 10.527214
robot_base_y: -7.267347
robot_base_yaw: 3.140316
robot_geom: robot0_base_collision
proxy_geom: scene_aabb_proxy_line_6_output_side_protrusion
judge_collision_detected:
robot_base_x: 10.527214
robot_base_y: -7.267347
robot_base_yaw: 3.140316
robot_geom: robot0_base_collision
proxy_geom: scene_aabb_proxy_output_6
judge_collision_detected:
robot_base_x: 10.527214
robot_base_y: -7.267347
robot_base_yaw: 3.140316
robot_geom: robot0_base_collision
proxy_geom: scene_aabb_proxy_production_line_6
judge_collision_detected:
robot_base_x: 10.527214
robot_base_y: -7.267347
robot_base_yaw: 3.140316
robot_geom: robot0_front_left_caster_2
proxy_geom: scene_aabb_proxy_line_6_output_side_protrusion
judge_collision_detected:
robot_base_x: 10.527214
robot_base_y: -7.267347
robot_base_yaw: 3.140316
robot_geom: robot0_front_right_caster_2
proxy_geom: scene_aabb_proxy_line_6_output_side_protrusion
judge_collision_detected:
robot_base_x: 10.527214
robot_base_y: -7.267347
robot_base_yaw: 3.140316
robot_geom: robot0_torso_fixed_collision_box_1
proxy_geom: scene_aabb_proxy_line_6_belt
judge_collision_detected:
robot_base_x: 10.527214
robot_base_y: -7.267347
robot_base_yaw: 3.140316
robot_geom: robot0_torso_fixed_collision_box_1
proxy_geom: scene_aabb_proxy_line_6_output_side_protrusion
judge_collision_detected:
robot_base_x: 10.527214
robot_base_y: -7.267347
robot_base_yaw: 3.140316
robot_geom: robot0_torso_fixed_collision_box_1
proxy_geom: scene_aabb_proxy_output_6
judge_collision_detected:
robot_base_x: 10.527214
robot_base_y: -7.267347
robot_base_yaw: 3.140316
robot_geom: robot0_torso_fixed_collision_box_1
proxy_geom: scene_aabb_proxy_production_line_6
judge_collision_detected:
robot_base_x: 10.527214
robot_base_y: -7.267347
robot_base_yaw: 3.140316
robot_geom: robot0_torso_fixed_column_collision
proxy_geom: scene_aabb_proxy_line_6_belt
judge_collision_detected:
robot_base_x: 10.527214
robot_base_y: -7.267347
robot_base_yaw: 3.140316
robot_geom: robot0_torso_fixed_column_collision
proxy_geom: scene_aabb_proxy_line_6_output_side_protrusion
judge_collision_detected:
robot_base_x: 10.527214
robot_base_y: -7.267347
robot_base_yaw: 3.140316
robot_geom: robot0_wheel_left_collision
proxy_geom: scene_aabb_proxy_line_6_output_side_protrusion
judge_collision_detected:
robot_base_x: 10.527214
robot_base_y: -7.267347
robot_base_yaw: 3.140316
robot_geom: robot0_wheel_right_collision
proxy_geom: scene_aabb_proxy_line_6_belt
judge_collision_detected:
robot_base_x: 10.527214
robot_base_y: -7.267347
robot_base_yaw: 3.140316
robot_geom: robot0_wheel_right_collision
proxy_geom: scene_aabb_proxy_line_6_output_side_protrusion
judge_collision_detected:
robot_base_x: 10.527214
robot_base_y: -7.267347
robot_base_yaw: 3.140316
robot_geom: robot0_wheel_right_collision
proxy_geom: scene_aabb_proxy_production_line_6
judge_collision_detected:
robot_base_x: 10.524077
robot_base_y: -7.267559
robot_base_yaw: 3.139417
robot_geom: robot0_back_left_caster_2
proxy_geom: scene_aabb_proxy_line_6_belt
judge_collision_detected:
robot_base_x: 10.524077
robot_base_y: -7.267559
robot_base_yaw: 3.139417
robot_geom: robot0_back_left_caster_2
proxy_geom: scene_aabb_proxy_line_6_output_side_protrusion
judge_collision_detected:
robot_base_x: 10.524077
robot_base_y: -7.267559
robot_base_yaw: 3.139417
robot_geom: robot0_back_right_caster_2
proxy_geom: scene_aabb_proxy_line_6_belt
judge_collision_detected:
robot_base_x: 10.524077
robot_base_y: -7.267559
robot_base_yaw: 3.139417
robot_geom: robot0_back_right_caster_2
proxy_geom: scene_aabb_proxy_line_6_output_side_protrusion
judge_collision_detected:
robot_base_x: 10.524077
robot_base_y: -7.267559
robot_base_yaw: 3.139417
robot_geom: robot0_base_collision
proxy_geom: scene_aabb_proxy_line_6_belt
judge_collision_detected:
robot_base_x: 10.524077
robot_base_y: -7.267559
robot_base_yaw: 3.139417
robot_geom: robot0_base_collision
proxy_geom: scene_aabb_proxy_line_6_output_side_protrusion
judge_collision_detected:
robot_base_x: 10.524077
robot_base_y: -7.267559
robot_base_yaw: 3.139417
robot_geom: robot0_base_collision
proxy_geom: scene_aabb_proxy_output_6
judge_collision_detected:
robot_base_x: 10.524077
robot_base_y: -7.267559
robot_base_yaw: 3.139417
robot_geom: robot0_base_collision
proxy_geom: scene_aabb_proxy_production_line_6
judge_collision_detected:
robot_base_x: 10.524077
robot_base_y: -7.267559
robot_base_yaw: 3.139417
robot_geom: robot0_front_left_caster_2
proxy_geom: scene_aabb_proxy_line_6_output_side_protrusion
judge_collision_detected:
robot_base_x: 10.524077
robot_base_y: -7.267559
robot_base_yaw: 3.139417
robot_geom: robot0_front_right_caster_2
proxy_geom: scene_aabb_proxy_line_6_output_side_protrusion
judge_collision_detected:
robot_base_x: 10.524077
robot_base_y: -7.267559
robot_base_yaw: 3.139417
robot_geom: robot0_torso_fixed_collision_box_1
proxy_geom: scene_aabb_proxy_line_6_belt
judge_collision_detected:
robot_base_x: 10.524077
robot_base_y: -7.267559
robot_base_yaw: 3.139417
robot_geom: robot0_torso_fixed_collision_box_1
proxy_geom: scene_aabb_proxy_line_6_output_side_protrusion
judge_collision_detected:
robot_base_x: 10.524077
robot_base_y: -7.267559
robot_base_yaw: 3.139417
robot_geom: robot0_torso_fixed_collision_box_1
proxy_geom: scene_aabb_proxy_output_6
judge_collision_detected:
robot_base_x: 10.524077
robot_base_y: -7.267559
robot_base_yaw: 3.139417
robot_geom: robot0_torso_fixed_collision_box_1
proxy_geom: scene_aabb_proxy_production_line_6
judge_collision_detected:
robot_base_x: 10.524077
robot_base_y: -7.267559
robot_base_yaw: 3.139417
robot_geom: robot0_torso_fixed_column_collision
proxy_geom: scene_aabb_proxy_line_6_belt
judge_collision_detected:
robot_base_x: 10.524077
robot_base_y: -7.267559
robot_base_yaw: 3.139417
robot_geom: robot0_torso_fixed_column_collision
proxy_geom: scene_aabb_proxy_line_6_output_side_protrusion
judge_collision_detected:
robot_base_x: 10.524077
robot_base_y: -7.267559
robot_base_yaw: 3.139417
robot_geom: robot0_wheel_left_collision
proxy_geom: scene_aabb_proxy_line_6_output_side_protrusion
judge_collision_detected:
robot_base_x: 10.524077
robot_base_y: -7.267559
robot_base_yaw: 3.139417
robot_geom: robot0_wheel_right_collision
proxy_geom: scene_aabb_proxy_line_6_output_side_protrusion
judge_collision_detected:
robot_base_x: 10.524077
robot_base_y: -7.267559
robot_base_yaw: 3.139417
robot_geom: robot0_wheel_right_collision
proxy_geom: scene_aabb_proxy_production_line_6
judge_collision_detected:
robot_base_x: 10.522049
robot_base_y: -7.267687
robot_base_yaw: 3.138708
robot_geom: robot0_back_left_caster_2
proxy_geom: scene_aabb_proxy_line_6_belt
judge_collision_detected:
robot_base_x: 10.522049
robot_base_y: -7.267687
robot_base_yaw: 3.138708
robot_geom: robot0_back_left_caster_2
proxy_geom: scene_aabb_proxy_line_6_output_side_protrusion
judge_collision_detected:
robot_base_x: 10.522049
robot_base_y: -7.267687
robot_base_yaw: 3.138708
robot_geom: robot0_back_right_caster_2
proxy_geom: scene_aabb_proxy_line_6_belt
judge_collision_detected:
robot_base_x: 10.522049
robot_base_y: -7.267687
robot_base_yaw: 3.138708
robot_geom: robot0_back_right_caster_2
proxy_geom: scene_aabb_proxy_line_6_output_side_protrusion
judge_collision_detected:
robot_base_x: 10.522049
robot_base_y: -7.267687
robot_base_yaw: 3.138708
robot_geom: robot0_base_collision
proxy_geom: scene_aabb_proxy_line_6_belt
judge_collision_detected:
robot_base_x: 10.522049
robot_base_y: -7.267687
robot_base_yaw: 3.138708
robot_geom: robot0_base_collision
proxy_geom: scene_aabb_proxy_line_6_output_side_protrusion
judge_collision_detected:
robot_base_x: 10.522049
robot_base_y: -7.267687
robot_base_yaw: 3.138708
robot_geom: robot0_base_collision
proxy_geom: scene_aabb_proxy_output_6
judge_collision_detected:
robot_base_x: 10.522049
robot_base_y: -7.267687
robot_base_yaw: 3.138708
robot_geom: robot0_base_collision
proxy_geom: scene_aabb_proxy_production_line_6
judge_collision_detected:
robot_base_x: 10.522049
robot_base_y: -7.267687
robot_base_yaw: 3.138708
robot_geom: robot0_front_left_caster_2
proxy_geom: scene_aabb_proxy_line_6_output_side_protrusion
judge_collision_detected:
robot_base_x: 10.522049
robot_base_y: -7.267687
robot_base_yaw: 3.138708
robot_geom: robot0_front_right_caster_2
proxy_geom: scene_aabb_proxy_line_6_output_side_protrusion
judge_collision_detected:
robot_base_x: 10.522049
robot_base_y: -7.267687
robot_base_yaw: 3.138708
robot_geom: robot0_torso_fixed_collision_box_1
proxy_geom: scene_aabb_proxy_line_6_belt
judge_collision_detected:
robot_base_x: 10.522049
robot_base_y: -7.267687
robot_base_yaw: 3.138708
robot_geom: robot0_torso_fixed_collision_box_1
proxy_geom: scene_aabb_proxy_line_6_output_side_protrusion
judge_collision_detected:
robot_base_x: 10.522049
robot_base_y: -7.267687
robot_base_yaw: 3.138708
robot_geom: robot0_torso_fixed_collision_box_1
proxy_geom: scene_aabb_proxy_output_6
judge_collision_detected:
robot_base_x: 10.522049
robot_base_y: -7.267687
robot_base_yaw: 3.138708
robot_geom: robot0_torso_fixed_collision_box_1
proxy_geom: scene_aabb_proxy_production_line_6
judge_collision_detected:
robot_base_x: 10.522049
robot_base_y: -7.267687
robot_base_yaw: 3.138708
robot_geom: robot0_torso_fixed_column_collision
proxy_geom: scene_aabb_proxy_line_6_belt
judge_collision_detected:
robot_base_x: 10.522049
robot_base_y: -7.267687
robot_base_yaw: 3.138708
robot_geom: robot0_torso_fixed_column_collision
proxy_geom: scene_aabb_proxy_line_6_output_side_protrusion
judge_collision_detected:
robot_base_x: 10.522049
robot_base_y: -7.267687
robot_base_yaw: 3.138708
robot_geom: robot0_wheel_left_collision
proxy_geom: scene_aabb_proxy_line_6_output_side_protrusion
judge_collision_detected:
robot_base_x: 10.522049
robot_base_y: -7.267687
robot_base_yaw: 3.138708
robot_geom: robot0_wheel_right_collision
proxy_geom: scene_aabb_proxy_line_6_output_side_protrusion
judge_collision_detected:
robot_base_x: 10.522049
robot_base_y: -7.267687
robot_base_yaw: 3.138708
robot_geom: robot0_wheel_right_collision
proxy_geom: scene_aabb_proxy_production_line_6
judge_collision_detected:
robot_base_x: 10.520883
robot_base_y: -7.267829
robot_base_yaw: 3.137988
robot_geom: robot0_back_left_caster_2
proxy_geom: scene_aabb_proxy_line_6_belt
judge_collision_detected:
robot_base_x: 10.520883
robot_base_y: -7.267829
robot_base_yaw: 3.137988
robot_geom: robot0_back_left_caster_2
proxy_geom: scene_aabb_proxy_line_6_output_side_protrusion
judge_collision_detected:
robot_base_x: 10.520883
robot_base_y: -7.267829
robot_base_yaw: 3.137988
robot_geom: robot0_back_right_caster_2
proxy_geom: scene_aabb_proxy_line_6_belt
judge_collision_detected:
robot_base_x: 10.520883
robot_base_y: -7.267829
robot_base_yaw: 3.137988
robot_geom: robot0_back_right_caster_2
proxy_geom: scene_aabb_proxy_line_6_output_side_protrusion
judge_collision_detected:
robot_base_x: 10.520883
robot_base_y: -7.267829
robot_base_yaw: 3.137988
robot_geom: robot0_base_collision
proxy_geom: scene_aabb_proxy_line_6_belt
judge_collision_detected:
robot_base_x: 10.520883
robot_base_y: -7.267829
robot_base_yaw: 3.137988
robot_geom: robot0_base_collision
proxy_geom: scene_aabb_proxy_line_6_output_side_protrusion
judge_collision_detected:
robot_base_x: 10.520883
robot_base_y: -7.267829
robot_base_yaw: 3.137988
robot_geom: robot0_base_collision
proxy_geom: scene_aabb_proxy_output_6
judge_collision_detected:
robot_base_x: 10.520883
robot_base_y: -7.267829
robot_base_yaw: 3.137988
robot_geom: robot0_base_collision
proxy_geom: scene_aabb_proxy_production_line_6
judge_collision_detected:
robot_base_x: 10.520883
robot_base_y: -7.267829
robot_base_yaw: 3.137988
robot_geom: robot0_front_left_caster_2
proxy_geom: scene_aabb_proxy_line_6_output_side_protrusion
judge_collision_detected:
robot_base_x: 10.520883
robot_base_y: -7.267829
robot_base_yaw: 3.137988
robot_geom: robot0_front_right_caster_2
proxy_geom: scene_aabb_proxy_line_6_output_side_protrusion
judge_collision_detected:
robot_base_x: 10.520883
robot_base_y: -7.267829
robot_base_yaw: 3.137988
robot_geom: robot0_torso_fixed_collision_box_1
proxy_geom: scene_aabb_proxy_line_6_belt
judge_collision_detected:
robot_base_x: 10.520883
robot_base_y: -7.267829
robot_base_yaw: 3.137988
robot_geom: robot0_torso_fixed_collision_box_1
proxy_geom: scene_aabb_proxy_line_6_output_side_protrusion
judge_collision_detected:
robot_base_x: 10.520883
robot_base_y: -7.267829
robot_base_yaw: 3.137988
robot_geom: robot0_torso_fixed_collision_box_1
proxy_geom: scene_aabb_proxy_output_6
judge_collision_detected:
robot_base_x: 10.520883
robot_base_y: -7.267829
robot_base_yaw: 3.137988
robot_geom: robot0_torso_fixed_collision_box_1
proxy_geom: scene_aabb_proxy_production_line_6
judge_collision_detected:
robot_base_x: 10.520883
robot_base_y: -7.267829
robot_base_yaw: 3.137988
robot_geom: robot0_torso_fixed_column_collision
proxy_geom: scene_aabb_proxy_line_6_belt
judge_collision_detected:
robot_base_x: 10.520883
robot_base_y: -7.267829
robot_base_yaw: 3.137988
robot_geom: robot0_torso_fixed_column_collision
proxy_geom: scene_aabb_proxy_line_6_output_side_protrusion
judge_collision_detected:
robot_base_x: 10.520883
robot_base_y: -7.267829
robot_base_yaw: 3.137988
robot_geom: robot0_wheel_left_collision
proxy_geom: scene_aabb_proxy_line_6_output_side_protrusion
judge_collision_detected:
robot_base_x: 10.520883
robot_base_y: -7.267829
robot_base_yaw: 3.137988
robot_geom: robot0_wheel_right_collision
proxy_geom: scene_aabb_proxy_line_6_output_side_protrusion
judge_collision_detected:
robot_base_x: 10.520883
robot_base_y: -7.267829
robot_base_yaw: 3.137988
robot_geom: robot0_wheel_right_collision
proxy_geom: scene_aabb_proxy_production_line_6
judge_collision_detected:
robot_base_x: 10.520067
robot_base_y: -7.267846
robot_base_yaw: 3.137351
robot_geom: robot0_back_left_caster_2
proxy_geom: scene_aabb_proxy_line_6_belt
judge_collision_detected:
robot_base_x: 10.520067
robot_base_y: -7.267846
robot_base_yaw: 3.137351
robot_geom: robot0_back_left_caster_2
proxy_geom: scene_aabb_proxy_line_6_output_side_protrusion
judge_collision_detected:
robot_base_x: 10.520067
robot_base_y: -7.267846
robot_base_yaw: 3.137351
robot_geom: robot0_back_right_caster_2
proxy_geom: scene_aabb_proxy_line_6_belt
judge_collision_detected:
robot_base_x: 10.520067
robot_base_y: -7.267846
robot_base_yaw: 3.137351
robot_geom: robot0_back_right_caster_2
proxy_geom: scene_aabb_proxy_line_6_output_side_protrusion
judge_collision_detected:
robot_base_x: 10.520067
robot_base_y: -7.267846
robot_base_yaw: 3.137351
robot_geom: robot0_base_collision
proxy_geom: scene_aabb_proxy_line_6_belt
judge_collision_detected:
robot_base_x: 10.520067
robot_base_y: -7.267846
robot_base_yaw: 3.137351
robot_geom: robot0_base_collision
proxy_geom: scene_aabb_proxy_line_6_output_side_protrusion
judge_collision_detected:
robot_base_x: 10.520067
robot_base_y: -7.267846
robot_base_yaw: 3.137351
robot_geom: robot0_base_collision
proxy_geom: scene_aabb_proxy_output_6
judge_collision_detected:
robot_base_x: 10.520067
robot_base_y: -7.267846
robot_base_yaw: 3.137351
robot_geom: robot0_base_collision
proxy_geom: scene_aabb_proxy_production_line_6
judge_collision_detected:
robot_base_x: 10.520067
robot_base_y: -7.267846
robot_base_yaw: 3.137351
robot_geom: robot0_front_left_caster_2
proxy_geom: scene_aabb_proxy_line_6_output_side_protrusion
judge_collision_detected:
robot_base_x: 10.520067
robot_base_y: -7.267846
robot_base_yaw: 3.137351
robot_geom: robot0_front_right_caster_2
proxy_geom: scene_aabb_proxy_line_6_output_side_protrusion
judge_collision_detected:
robot_base_x: 10.520067
robot_base_y: -7.267846
robot_base_yaw: 3.137351
robot_geom: robot0_torso_fixed_collision_box_1
proxy_geom: scene_aabb_proxy_line_6_belt
judge_collision_detected:
robot_base_x: 10.520067
robot_base_y: -7.267846
robot_base_yaw: 3.137351
robot_geom: robot0_torso_fixed_collision_box_1
proxy_geom: scene_aabb_proxy_line_6_output_side_protrusion
judge_collision_detected:
robot_base_x: 10.520067
robot_base_y: -7.267846
robot_base_yaw: 3.137351
robot_geom: robot0_torso_fixed_collision_box_1
proxy_geom: scene_aabb_proxy_output_6
judge_collision_detected:
robot_base_x: 10.520067
robot_base_y: -7.267846
robot_base_yaw: 3.137351
robot_geom: robot0_torso_fixed_collision_box_1
proxy_geom: scene_aabb_proxy_production_line_6
judge_collision_detected:
robot_base_x: 10.520067
robot_base_y: -7.267846
robot_base_yaw: 3.137351
robot_geom: robot0_torso_fixed_column_collision
proxy_geom: scene_aabb_proxy_line_6_belt
judge_collision_detected:
robot_base_x: 10.520067
robot_base_y: -7.267846
robot_base_yaw: 3.137351
robot_geom: robot0_torso_fixed_column_collision
proxy_geom: scene_aabb_proxy_line_6_output_side_protrusion
judge_collision_detected:
robot_base_x: 10.520067
robot_base_y: -7.267846
robot_base_yaw: 3.137351
robot_geom: robot0_wheel_left_collision
proxy_geom: scene_aabb_proxy_line_6_output_side_protrusion
judge_collision_detected:
robot_base_x: 10.520067
robot_base_y: -7.267846
robot_base_yaw: 3.137351
robot_geom: robot0_wheel_right_collision
proxy_geom: scene_aabb_proxy_line_6_output_side_protrusion
judge_collision_detected:
robot_base_x: 10.520067
robot_base_y: -7.267846
robot_base_yaw: 3.137351
robot_geom: robot0_wheel_right_collision
proxy_geom: scene_aabb_proxy_production_line_6
judge_collision_detected:
robot_base_x: 10.519615
robot_base_y: -7.267884
robot_base_yaw: 3.136740
robot_geom: robot0_back_left_caster_2
proxy_geom: scene_aabb_proxy_line_6_belt
judge_collision_detected:
robot_base_x: 10.519615
robot_base_y: -7.267884
robot_base_yaw: 3.136740
robot_geom: robot0_back_left_caster_2
proxy_geom: scene_aabb_proxy_line_6_output_side_protrusion
judge_collision_detected:
robot_base_x: 10.519615
robot_base_y: -7.267884
robot_base_yaw: 3.136740
robot_geom: robot0_back_right_caster_2
proxy_geom: scene_aabb_proxy_line_6_belt
judge_collision_detected:
robot_base_x: 10.519615
robot_base_y: -7.267884
robot_base_yaw: 3.136740
robot_geom: robot0_back_right_caster_2
proxy_geom: scene_aabb_proxy_line_6_output_side_protrusion
judge_collision_detected:
robot_base_x: 10.519615
robot_base_y: -7.267884
robot_base_yaw: 3.136740
robot_geom: robot0_base_collision
proxy_geom: scene_aabb_proxy_line_6_belt
judge_collision_detected:
robot_base_x: 10.519615
robot_base_y: -7.267884
robot_base_yaw: 3.136740
robot_geom: robot0_base_collision
proxy_geom: scene_aabb_proxy_line_6_output_side_protrusion
judge_collision_detected:
robot_base_x: 10.519615
robot_base_y: -7.267884
robot_base_yaw: 3.136740
robot_geom: robot0_base_collision
proxy_geom: scene_aabb_proxy_output_6
judge_collision_detected:
robot_base_x: 10.519615
robot_base_y: -7.267884
robot_base_yaw: 3.136740
robot_geom: robot0_base_collision
proxy_geom: scene_aabb_proxy_production_line_6
judge_collision_detected:
robot_base_x: 10.519615
robot_base_y: -7.267884
robot_base_yaw: 3.136740
robot_geom: robot0_front_left_caster_2
proxy_geom: scene_aabb_proxy_line_6_output_side_protrusion
judge_collision_detected:
robot_base_x: 10.519615
robot_base_y: -7.267884
robot_base_yaw: 3.136740
robot_geom: robot0_front_right_caster_2
proxy_geom: scene_aabb_proxy_line_6_output_side_protrusion
judge_collision_detected:
robot_base_x: 10.519615
robot_base_y: -7.267884
robot_base_yaw: 3.136740
robot_geom: robot0_torso_fixed_collision_box_1
proxy_geom: scene_aabb_proxy_line_6_belt
judge_collision_detected:
robot_base_x: 10.519615
robot_base_y: -7.267884
robot_base_yaw: 3.136740
robot_geom: robot0_torso_fixed_collision_box_1
proxy_geom: scene_aabb_proxy_line_6_output_side_protrusion
judge_collision_detected:
robot_base_x: 10.519615
robot_base_y: -7.267884
robot_base_yaw: 3.136740
robot_geom: robot0_torso_fixed_collision_box_1
proxy_geom: scene_aabb_proxy_output_6
judge_collision_detected:
robot_base_x: 10.519615
robot_base_y: -7.267884
robot_base_yaw: 3.136740
robot_geom: robot0_torso_fixed_collision_box_1
proxy_geom: scene_aabb_proxy_production_line_6
judge_collision_detected:
robot_base_x: 10.519615
robot_base_y: -7.267884
robot_base_yaw: 3.136740
robot_geom: robot0_torso_fixed_column_collision
proxy_geom: scene_aabb_proxy_line_6_belt
judge_collision_detected:
robot_base_x: 10.519615
robot_base_y: -7.267884
robot_base_yaw: 3.136740
robot_geom: robot0_torso_fixed_column_collision
proxy_geom: scene_aabb_proxy_line_6_output_side_protrusion
judge_collision_detected:
robot_base_x: 10.519615
robot_base_y: -7.267884
robot_base_yaw: 3.136740
robot_geom: robot0_wheel_left_collision
proxy_geom: scene_aabb_proxy_line_6_output_side_protrusion
judge_collision_detected:
robot_base_x: 10.519615
robot_base_y: -7.267884
robot_base_yaw: 3.136740
robot_geom: robot0_wheel_right_collision
proxy_geom: scene_aabb_proxy_line_6_output_side_protrusion
judge_collision_detected:
robot_base_x: 10.519615
robot_base_y: -7.267884
robot_base_yaw: 3.136740
robot_geom: robot0_wheel_right_collision
proxy_geom: scene_aabb_proxy_production_line_6
judge_collision_detected:
robot_base_x: 10.519372
robot_base_y: -7.267906
robot_base_yaw: 3.136132
robot_geom: robot0_back_left_caster_2
proxy_geom: scene_aabb_proxy_line_6_belt
judge_collision_detected:
robot_base_x: 10.519372
robot_base_y: -7.267906
robot_base_yaw: 3.136132
robot_geom: robot0_back_left_caster_2
proxy_geom: scene_aabb_proxy_line_6_output_side_protrusion
judge_collision_detected:
robot_base_x: 10.519372
robot_base_y: -7.267906
robot_base_yaw: 3.136132
robot_geom: robot0_back_right_caster_2
proxy_geom: scene_aabb_proxy_line_6_belt
judge_collision_detected:
robot_base_x: 10.519372
robot_base_y: -7.267906
robot_base_yaw: 3.136132
robot_geom: robot0_back_right_caster_2
proxy_geom: scene_aabb_proxy_line_6_output_side_protrusion
judge_collision_detected:
robot_base_x: 10.519372
robot_base_y: -7.267906
robot_base_yaw: 3.136132
robot_geom: robot0_base_collision
proxy_geom: scene_aabb_proxy_line_6_belt
judge_collision_detected:
robot_base_x: 10.519372
robot_base_y: -7.267906
robot_base_yaw: 3.136132
robot_geom: robot0_base_collision
proxy_geom: scene_aabb_proxy_line_6_output_side_protrusion
judge_collision_detected:
robot_base_x: 10.519372
robot_base_y: -7.267906
robot_base_yaw: 3.136132
robot_geom: robot0_base_collision
proxy_geom: scene_aabb_proxy_output_6
judge_collision_detected:
robot_base_x: 10.519372
robot_base_y: -7.267906
robot_base_yaw: 3.136132
robot_geom: robot0_base_collision
proxy_geom: scene_aabb_proxy_production_line_6
judge_collision_detected:
robot_base_x: 10.519372
robot_base_y: -7.267906
robot_base_yaw: 3.136132
robot_geom: robot0_front_left_caster_2
proxy_geom: scene_aabb_proxy_line_6_output_side_protrusion
judge_collision_detected:
robot_base_x: 10.519372
robot_base_y: -7.267906
robot_base_yaw: 3.136132
robot_geom: robot0_front_right_caster_2
proxy_geom: scene_aabb_proxy_line_6_output_side_protrusion
judge_collision_detected:
robot_base_x: 10.519372
robot_base_y: -7.267906
robot_base_yaw: 3.136132
robot_geom: robot0_torso_fixed_collision_box_1
proxy_geom: scene_aabb_proxy_line_6_belt
judge_collision_detected:
robot_base_x: 10.519372
robot_base_y: -7.267906
robot_base_yaw: 3.136132
robot_geom: robot0_torso_fixed_collision_box_1
proxy_geom: scene_aabb_proxy_line_6_output_side_protrusion
judge_collision_detected:
robot_base_x: 10.519372
robot_base_y: -7.267906
robot_base_yaw: 3.136132
robot_geom: robot0_torso_fixed_collision_box_1
proxy_geom: scene_aabb_proxy_output_6
judge_collision_detected:
robot_base_x: 10.519372
robot_base_y: -7.267906
robot_base_yaw: 3.136132
robot_geom: robot0_torso_fixed_collision_box_1
proxy_geom: scene_aabb_proxy_production_line_6
judge_collision_detected:
robot_base_x: 10.519372
robot_base_y: -7.267906
robot_base_yaw: 3.136132
robot_geom: robot0_torso_fixed_column_collision
proxy_geom: scene_aabb_proxy_line_6_belt
judge_collision_detected:
robot_base_x: 10.519372
robot_base_y: -7.267906
robot_base_yaw: 3.136132
robot_geom: robot0_torso_fixed_column_collision
proxy_geom: scene_aabb_proxy_line_6_output_side_protrusion
judge_collision_detected:
robot_base_x: 10.519372
robot_base_y: -7.267906
robot_base_yaw: 3.136132
robot_geom: robot0_wheel_left_collision
proxy_geom: scene_aabb_proxy_line_6_output_side_protrusion
judge_collision_detected:
robot_base_x: 10.519372
robot_base_y: -7.267906
robot_base_yaw: 3.136132
robot_geom: robot0_wheel_right_collision
proxy_geom: scene_aabb_proxy_line_6_output_side_protrusion
judge_collision_detected:
robot_base_x: 10.519372
robot_base_y: -7.267906
robot_base_yaw: 3.136132
robot_geom: robot0_wheel_right_collision
proxy_geom: scene_aabb_proxy_production_line_6
judge_collision_detected:
robot_base_x: 10.519307
robot_base_y: -7.267914
robot_base_yaw: 3.135521
robot_geom: robot0_back_left_caster_2
proxy_geom: scene_aabb_proxy_line_6_belt
judge_collision_detected:
robot_base_x: 10.519307
robot_base_y: -7.267914
robot_base_yaw: 3.135521
robot_geom: robot0_back_left_caster_2
proxy_geom: scene_aabb_proxy_line_6_output_side_protrusion
judge_collision_detected:
robot_base_x: 10.519307
robot_base_y: -7.267914
robot_base_yaw: 3.135521
robot_geom: robot0_back_right_caster_2
proxy_geom: scene_aabb_proxy_line_6_belt
judge_collision_detected:
robot_base_x: 10.519307
robot_base_y: -7.267914
robot_base_yaw: 3.135521
robot_geom: robot0_back_right_caster_2
proxy_geom: scene_aabb_proxy_line_6_output_side_protrusion
judge_collision_detected:
robot_base_x: 10.519307
robot_base_y: -7.267914
robot_base_yaw: 3.135521
robot_geom: robot0_base_collision
proxy_geom: scene_aabb_proxy_line_6_belt
judge_collision_detected:
robot_base_x: 10.519307
robot_base_y: -7.267914
robot_base_yaw: 3.135521
robot_geom: robot0_base_collision
proxy_geom: scene_aabb_proxy_line_6_output_side_protrusion
judge_collision_detected:
robot_base_x: 10.519307
robot_base_y: -7.267914
robot_base_yaw: 3.135521
robot_geom: robot0_base_collision
proxy_geom: scene_aabb_proxy_output_6
judge_collision_detected:
robot_base_x: 10.519307
robot_base_y: -7.267914
robot_base_yaw: 3.135521
robot_geom: robot0_base_collision
proxy_geom: scene_aabb_proxy_production_line_6
judge_collision_detected:
robot_base_x: 10.519307
robot_base_y: -7.267914
robot_base_yaw: 3.135521
robot_geom: robot0_front_left_caster_2
proxy_geom: scene_aabb_proxy_line_6_output_side_protrusion
judge_collision_detected:
robot_base_x: 10.519307
robot_base_y: -7.267914
robot_base_yaw: 3.135521
robot_geom: robot0_front_right_caster_2
proxy_geom: scene_aabb_proxy_line_6_output_side_protrusion
judge_collision_detected:
robot_base_x: 10.519307
robot_base_y: -7.267914
robot_base_yaw: 3.135521
robot_geom: robot0_torso_fixed_collision_box_1
proxy_geom: scene_aabb_proxy_line_6_belt
judge_collision_detected:
robot_base_x: 10.519307
robot_base_y: -7.267914
robot_base_yaw: 3.135521
robot_geom: robot0_torso_fixed_collision_box_1
proxy_geom: scene_aabb_proxy_line_6_output_side_protrusion
judge_collision_detected:
robot_base_x: 10.519307
robot_base_y: -7.267914
robot_base_yaw: 3.135521
robot_geom: robot0_torso_fixed_collision_box_1
proxy_geom: scene_aabb_proxy_output_6
judge_collision_detected:
robot_base_x: 10.519307
robot_base_y: -7.267914
robot_base_yaw: 3.135521
robot_geom: robot0_torso_fixed_collision_box_1
proxy_geom: scene_aabb_proxy_production_line_6
judge_collision_detected:
robot_base_x: 10.519307
robot_base_y: -7.267914
robot_base_yaw: 3.135521
robot_geom: robot0_torso_fixed_column_collision
proxy_geom: scene_aabb_proxy_line_6_belt
judge_collision_detected:
robot_base_x: 10.519307
robot_base_y: -7.267914
robot_base_yaw: 3.135521
robot_geom: robot0_torso_fixed_column_collision
proxy_geom: scene_aabb_proxy_line_6_output_side_protrusion
judge_collision_detected:
robot_base_x: 10.519307
robot_base_y: -7.267914
robot_base_yaw: 3.135521
robot_geom: robot0_wheel_left_collision
proxy_geom: scene_aabb_proxy_line_6_output_side_protrusion
judge_collision_detected:
robot_base_x: 10.519307
robot_base_y: -7.267914
robot_base_yaw: 3.135521
robot_geom: robot0_wheel_right_collision
proxy_geom: scene_aabb_proxy_line_6_output_side_protrusion
judge_collision_detected:
robot_base_x: 10.519307
robot_base_y: -7.267914
robot_base_yaw: 3.135521
robot_geom: robot0_wheel_right_collision
proxy_geom: scene_aabb_proxy_production_line_6
judge_collision_detected:
robot_base_x: 10.519858
robot_base_y: -7.267892
robot_base_yaw: 3.134828
robot_geom: robot0_back_left_caster_2
proxy_geom: scene_aabb_proxy_line_6_belt
judge_collision_detected:
robot_base_x: 10.519858
robot_base_y: -7.267892
robot_base_yaw: 3.134828
robot_geom: robot0_back_left_caster_2
proxy_geom: scene_aabb_proxy_line_6_output_side_protrusion
judge_collision_detected:
robot_base_x: 10.519858
robot_base_y: -7.267892
robot_base_yaw: 3.134828
robot_geom: robot0_back_right_caster_2
proxy_geom: scene_aabb_proxy_line_6_belt
judge_collision_detected:
robot_base_x: 10.519858
robot_base_y: -7.267892
robot_base_yaw: 3.134828
robot_geom: robot0_back_right_caster_2
proxy_geom: scene_aabb_proxy_line_6_output_side_protrusion
judge_collision_detected:
robot_base_x: 10.519858
robot_base_y: -7.267892
robot_base_yaw: 3.134828
robot_geom: robot0_base_collision
proxy_geom: scene_aabb_proxy_line_6_belt
judge_collision_detected:
robot_base_x: 10.519858
robot_base_y: -7.267892
robot_base_yaw: 3.134828
robot_geom: robot0_base_collision
proxy_geom: scene_aabb_proxy_line_6_output_side_protrusion
judge_collision_detected:
robot_base_x: 10.519858
robot_base_y: -7.267892
robot_base_yaw: 3.134828
robot_geom: robot0_base_collision
proxy_geom: scene_aabb_proxy_output_6
judge_collision_detected:
robot_base_x: 10.519858
robot_base_y: -7.267892
robot_base_yaw: 3.134828
robot_geom: robot0_base_collision
proxy_geom: scene_aabb_proxy_production_line_6
judge_collision_detected:
robot_base_x: 10.519858
robot_base_y: -7.267892
robot_base_yaw: 3.134828
robot_geom: robot0_front_left_caster_2
proxy_geom: scene_aabb_proxy_line_6_output_side_protrusion
judge_collision_detected:
robot_base_x: 10.519858
robot_base_y: -7.267892
robot_base_yaw: 3.134828
robot_geom: robot0_front_right_caster_2
proxy_geom: scene_aabb_proxy_line_6_output_side_protrusion
judge_collision_detected:
robot_base_x: 10.519858
robot_base_y: -7.267892
robot_base_yaw: 3.134828
robot_geom: robot0_torso_fixed_collision_box_1
proxy_geom: scene_aabb_proxy_line_6_belt
judge_collision_detected:
robot_base_x: 10.519858
robot_base_y: -7.267892
robot_base_yaw: 3.134828
robot_geom: robot0_torso_fixed_collision_box_1
proxy_geom: scene_aabb_proxy_line_6_output_side_protrusion
judge_collision_detected:
robot_base_x: 10.519858
robot_base_y: -7.267892
robot_base_yaw: 3.134828
robot_geom: robot0_torso_fixed_collision_box_1
proxy_geom: scene_aabb_proxy_output_6
judge_collision_detected:
robot_base_x: 10.519858
robot_base_y: -7.267892
robot_base_yaw: 3.134828
robot_geom: robot0_torso_fixed_collision_box_1
proxy_geom: scene_aabb_proxy_production_line_6
judge_collision_detected:
robot_base_x: 10.519858
robot_base_y: -7.267892
robot_base_yaw: 3.134828
robot_geom: robot0_torso_fixed_column_collision
proxy_geom: scene_aabb_proxy_line_6_belt
judge_collision_detected:
robot_base_x: 10.519858
robot_base_y: -7.267892
robot_base_yaw: 3.134828
robot_geom: robot0_torso_fixed_column_collision
proxy_geom: scene_aabb_proxy_line_6_output_side_protrusion
judge_collision_detected:
robot_base_x: 10.519858
robot_base_y: -7.267892
robot_base_yaw: 3.134828
robot_geom: robot0_wheel_left_collision
proxy_geom: scene_aabb_proxy_line_6_output_side_protrusion
judge_collision_detected:
robot_base_x: 10.519858
robot_base_y: -7.267892
robot_base_yaw: 3.134828
robot_geom: robot0_wheel_right_collision
proxy_geom: scene_aabb_proxy_line_6_output_side_protrusion
judge_collision_detected:
robot_base_x: 10.519858
robot_base_y: -7.267892
robot_base_yaw: 3.134828
robot_geom: robot0_wheel_right_collision
proxy_geom: scene_aabb_proxy_production_line_6
judge_collision_detected:
robot_base_x: 10.521943
robot_base_y: -7.267873
robot_base_yaw: 3.134701
robot_geom: robot0_back_left_caster_2
proxy_geom: scene_aabb_proxy_line_6_belt
judge_collision_detected:
robot_base_x: 10.521943
robot_base_y: -7.267873
robot_base_yaw: 3.134701
robot_geom: robot0_back_left_caster_2
proxy_geom: scene_aabb_proxy_line_6_output_side_protrusion
judge_collision_detected:
robot_base_x: 10.521943
robot_base_y: -7.267873
robot_base_yaw: 3.134701
robot_geom: robot0_back_right_caster_2
proxy_geom: scene_aabb_proxy_line_6_belt
judge_collision_detected:
robot_base_x: 10.521943
robot_base_y: -7.267873
robot_base_yaw: 3.134701
robot_geom: robot0_back_right_caster_2
proxy_geom: scene_aabb_proxy_line_6_output_side_protrusion
judge_collision_detected:
robot_base_x: 10.521943
robot_base_y: -7.267873
robot_base_yaw: 3.134701
robot_geom: robot0_base_collision
proxy_geom: scene_aabb_proxy_line_6_belt
judge_collision_detected:
robot_base_x: 10.521943
robot_base_y: -7.267873
robot_base_yaw: 3.134701
robot_geom: robot0_base_collision
proxy_geom: scene_aabb_proxy_line_6_output_side_protrusion
judge_collision_detected:
robot_base_x: 10.521943
robot_base_y: -7.267873
robot_base_yaw: 3.134701
robot_geom: robot0_base_collision
proxy_geom: scene_aabb_proxy_output_6
judge_collision_detected:
robot_base_x: 10.521943
robot_base_y: -7.267873
robot_base_yaw: 3.134701
robot_geom: robot0_base_collision
proxy_geom: scene_aabb_proxy_production_line_6
judge_collision_detected:
robot_base_x: 10.521943
robot_base_y: -7.267873
robot_base_yaw: 3.134701
robot_geom: robot0_front_left_caster_2
proxy_geom: scene_aabb_proxy_line_6_output_side_protrusion
judge_collision_detected:
robot_base_x: 10.521943
robot_base_y: -7.267873
robot_base_yaw: 3.134701
robot_geom: robot0_front_right_caster_2
proxy_geom: scene_aabb_proxy_line_6_output_side_protrusion
judge_collision_detected:
robot_base_x: 10.521943
robot_base_y: -7.267873
robot_base_yaw: 3.134701
robot_geom: robot0_torso_fixed_collision_box_1
proxy_geom: scene_aabb_proxy_line_6_belt
judge_collision_detected:
robot_base_x: 10.521943
robot_base_y: -7.267873
robot_base_yaw: 3.134701
robot_geom: robot0_torso_fixed_collision_box_1
proxy_geom: scene_aabb_proxy_line_6_output_side_protrusion
judge_collision_detected:
robot_base_x: 10.521943
robot_base_y: -7.267873
robot_base_yaw: 3.134701
robot_geom: robot0_torso_fixed_collision_box_1
proxy_geom: scene_aabb_proxy_output_6
judge_collision_detected:
robot_base_x: 10.521943
robot_base_y: -7.267873
robot_base_yaw: 3.134701
robot_geom: robot0_torso_fixed_collision_box_1
proxy_geom: scene_aabb_proxy_production_line_6
judge_collision_detected:
robot_base_x: 10.521943
robot_base_y: -7.267873
robot_base_yaw: 3.134701
robot_geom: robot0_torso_fixed_column_collision
proxy_geom: scene_aabb_proxy_line_6_belt
judge_collision_detected:
robot_base_x: 10.521943
robot_base_y: -7.267873
robot_base_yaw: 3.134701
robot_geom: robot0_torso_fixed_column_collision
proxy_geom: scene_aabb_proxy_line_6_output_side_protrusion
judge_collision_detected:
robot_base_x: 10.521943
robot_base_y: -7.267873
robot_base_yaw: 3.134701
robot_geom: robot0_wheel_left_collision
proxy_geom: scene_aabb_proxy_line_6_output_side_protrusion
judge_collision_detected:
robot_base_x: 10.521943
robot_base_y: -7.267873
robot_base_yaw: 3.134701
robot_geom: robot0_wheel_right_collision
proxy_geom: scene_aabb_proxy_line_6_output_side_protrusion
judge_collision_detected:
robot_base_x: 10.521943
robot_base_y: -7.267873
robot_base_yaw: 3.134701
robot_geom: robot0_wheel_right_collision
proxy_geom: scene_aabb_proxy_production_line_6
turn_to_output_result: success=True, turn_steps=0, target_yaw=3.141593, final_yaw=3.134698, final_error=0.006895, xy_drift=0.006141
judge_collision_detected:
robot_base_x: 10.522985
robot_base_y: -7.267769
robot_base_yaw: 3.134538
robot_geom: robot0_back_left_caster_2
proxy_geom: scene_aabb_proxy_line_6_belt
judge_collision_detected:
robot_base_x: 10.522985
robot_base_y: -7.267769
robot_base_yaw: 3.134538
robot_geom: robot0_back_left_caster_2
proxy_geom: scene_aabb_proxy_line_6_output_side_protrusion
judge_collision_detected:
robot_base_x: 10.522985
robot_base_y: -7.267769
robot_base_yaw: 3.134538
robot_geom: robot0_back_right_caster_2
proxy_geom: scene_aabb_proxy_line_6_belt
judge_collision_detected:
robot_base_x: 10.522985
robot_base_y: -7.267769
robot_base_yaw: 3.134538
robot_geom: robot0_back_right_caster_2
proxy_geom: scene_aabb_proxy_line_6_output_side_protrusion
judge_collision_detected:
robot_base_x: 10.522985
robot_base_y: -7.267769
robot_base_yaw: 3.134538
robot_geom: robot0_base_collision
proxy_geom: scene_aabb_proxy_line_6_belt
judge_collision_detected:
robot_base_x: 10.522985
robot_base_y: -7.267769
robot_base_yaw: 3.134538
robot_geom: robot0_base_collision
proxy_geom: scene_aabb_proxy_line_6_output_side_protrusion
judge_collision_detected:
robot_base_x: 10.522985
robot_base_y: -7.267769
robot_base_yaw: 3.134538
robot_geom: robot0_base_collision
proxy_geom: scene_aabb_proxy_output_6
judge_collision_detected:
robot_base_x: 10.522985
robot_base_y: -7.267769
robot_base_yaw: 3.134538
robot_geom: robot0_base_collision
proxy_geom: scene_aabb_proxy_production_line_6
judge_collision_detected:
robot_base_x: 10.522985
robot_base_y: -7.267769
robot_base_yaw: 3.134538
robot_geom: robot0_front_left_caster_2
proxy_geom: scene_aabb_proxy_line_6_output_side_protrusion
judge_collision_detected:
robot_base_x: 10.522985
robot_base_y: -7.267769
robot_base_yaw: 3.134538
robot_geom: robot0_front_right_caster_2
proxy_geom: scene_aabb_proxy_line_6_output_side_protrusion
judge_collision_detected:
robot_base_x: 10.522985
robot_base_y: -7.267769
robot_base_yaw: 3.134538
robot_geom: robot0_torso_fixed_collision_box_1
proxy_geom: scene_aabb_proxy_line_6_belt
judge_collision_detected:
robot_base_x: 10.522985
robot_base_y: -7.267769
robot_base_yaw: 3.134538
robot_geom: robot0_torso_fixed_collision_box_1
proxy_geom: scene_aabb_proxy_line_6_output_side_protrusion
judge_collision_detected:
robot_base_x: 10.522985
robot_base_y: -7.267769
robot_base_yaw: 3.134538
robot_geom: robot0_torso_fixed_collision_box_1
proxy_geom: scene_aabb_proxy_output_6
judge_collision_detected:
robot_base_x: 10.522985
robot_base_y: -7.267769
robot_base_yaw: 3.134538
robot_geom: robot0_torso_fixed_collision_box_1
proxy_geom: scene_aabb_proxy_production_line_6
judge_collision_detected:
robot_base_x: 10.522985
robot_base_y: -7.267769
robot_base_yaw: 3.134538
robot_geom: robot0_torso_fixed_column_collision
proxy_geom: scene_aabb_proxy_line_6_belt
judge_collision_detected:
robot_base_x: 10.522985
robot_base_y: -7.267769
robot_base_yaw: 3.134538
robot_geom: robot0_torso_fixed_column_collision
proxy_geom: scene_aabb_proxy_line_6_output_side_protrusion
judge_collision_detected:
robot_base_x: 10.522985
robot_base_y: -7.267769
robot_base_yaw: 3.134538
robot_geom: robot0_wheel_left_collision
proxy_geom: scene_aabb_proxy_line_6_output_side_protrusion
judge_collision_detected:
robot_base_x: 10.522985
robot_base_y: -7.267769
robot_base_yaw: 3.134538
robot_geom: robot0_wheel_right_collision
proxy_geom: scene_aabb_proxy_line_6_output_side_protrusion
judge_collision_detected:
robot_base_x: 10.522985
robot_base_y: -7.267769
robot_base_yaw: 3.134538
robot_geom: robot0_wheel_right_collision
proxy_geom: scene_aabb_proxy_production_line_6
judge_collision_detected:
robot_base_x: 10.519586
robot_base_y: -7.268063
robot_base_yaw: 3.134454
robot_geom: robot0_back_left_caster_2
proxy_geom: scene_aabb_proxy_line_6_belt
judge_collision_detected:
robot_base_x: 10.519586
robot_base_y: -7.268063
robot_base_yaw: 3.134454
robot_geom: robot0_back_left_caster_2
proxy_geom: scene_aabb_proxy_line_6_output_side_protrusion
judge_collision_detected:
robot_base_x: 10.519586
robot_base_y: -7.268063
robot_base_yaw: 3.134454
robot_geom: robot0_back_right_caster_2
proxy_geom: scene_aabb_proxy_line_6_belt
judge_collision_detected:
robot_base_x: 10.519586
robot_base_y: -7.268063
robot_base_yaw: 3.134454
robot_geom: robot0_back_right_caster_2
proxy_geom: scene_aabb_proxy_line_6_output_side_protrusion
judge_collision_detected:
robot_base_x: 10.519586
robot_base_y: -7.268063
robot_base_yaw: 3.134454
robot_geom: robot0_base_collision
proxy_geom: scene_aabb_proxy_line_6_belt
judge_collision_detected:
robot_base_x: 10.519586
robot_base_y: -7.268063
robot_base_yaw: 3.134454
robot_geom: robot0_base_collision
proxy_geom: scene_aabb_proxy_line_6_output_side_protrusion
judge_collision_detected:
robot_base_x: 10.519586
robot_base_y: -7.268063
robot_base_yaw: 3.134454
robot_geom: robot0_base_collision
proxy_geom: scene_aabb_proxy_output_6
judge_collision_detected:
robot_base_x: 10.519586
robot_base_y: -7.268063
robot_base_yaw: 3.134454
robot_geom: robot0_base_collision
proxy_geom: scene_aabb_proxy_production_line_6
judge_collision_detected:
robot_base_x: 10.519586
robot_base_y: -7.268063
robot_base_yaw: 3.134454
robot_geom: robot0_front_left_caster_2
proxy_geom: scene_aabb_proxy_line_6_output_side_protrusion
judge_collision_detected:
robot_base_x: 10.519586
robot_base_y: -7.268063
robot_base_yaw: 3.134454
robot_geom: robot0_front_right_caster_2
proxy_geom: scene_aabb_proxy_line_6_output_side_protrusion
judge_collision_detected:
robot_base_x: 10.519586
robot_base_y: -7.268063
robot_base_yaw: 3.134454
robot_geom: robot0_torso_fixed_collision_box_1
proxy_geom: scene_aabb_proxy_line_6_belt
judge_collision_detected:
robot_base_x: 10.519586
robot_base_y: -7.268063
robot_base_yaw: 3.134454
robot_geom: robot0_torso_fixed_collision_box_1
proxy_geom: scene_aabb_proxy_line_6_output_side_protrusion
judge_collision_detected:
robot_base_x: 10.519586
robot_base_y: -7.268063
robot_base_yaw: 3.134454
robot_geom: robot0_torso_fixed_collision_box_1
proxy_geom: scene_aabb_proxy_output_6
judge_collision_detected:
robot_base_x: 10.519586
robot_base_y: -7.268063
robot_base_yaw: 3.134454
robot_geom: robot0_torso_fixed_collision_box_1
proxy_geom: scene_aabb_proxy_production_line_6
judge_collision_detected:
robot_base_x: 10.519586
robot_base_y: -7.268063
robot_base_yaw: 3.134454
robot_geom: robot0_torso_fixed_column_collision
proxy_geom: scene_aabb_proxy_line_6_belt
judge_collision_detected:
robot_base_x: 10.519586
robot_base_y: -7.268063
robot_base_yaw: 3.134454
robot_geom: robot0_torso_fixed_column_collision
proxy_geom: scene_aabb_proxy_line_6_output_side_protrusion
judge_collision_detected:
robot_base_x: 10.519586
robot_base_y: -7.268063
robot_base_yaw: 3.134454
robot_geom: robot0_wheel_left_collision
proxy_geom: scene_aabb_proxy_line_6_output_side_protrusion
judge_collision_detected:
robot_base_x: 10.519586
robot_base_y: -7.268063
robot_base_yaw: 3.134454
robot_geom: robot0_wheel_right_collision
proxy_geom: scene_aabb_proxy_line_6_output_side_protrusion
judge_collision_detected:
robot_base_x: 10.519586
robot_base_y: -7.268063
robot_base_yaw: 3.134454
robot_geom: robot0_wheel_right_collision
proxy_geom: scene_aabb_proxy_production_line_6
judge_collision_detected:
robot_base_x: 10.516442
robot_base_y: -7.268347
robot_base_yaw: 3.134390
robot_geom: robot0_back_left_caster_2
proxy_geom: scene_aabb_proxy_line_6_belt
judge_collision_detected:
robot_base_x: 10.516442
robot_base_y: -7.268347
robot_base_yaw: 3.134390
robot_geom: robot0_back_left_caster_2
proxy_geom: scene_aabb_proxy_line_6_output_side_protrusion
judge_collision_detected:
robot_base_x: 10.516442
robot_base_y: -7.268347
robot_base_yaw: 3.134390
robot_geom: robot0_back_right_caster_2
proxy_geom: scene_aabb_proxy_line_6_belt
judge_collision_detected:
robot_base_x: 10.516442
robot_base_y: -7.268347
robot_base_yaw: 3.134390
robot_geom: robot0_back_right_caster_2
proxy_geom: scene_aabb_proxy_line_6_output_side_protrusion
judge_collision_detected:
robot_base_x: 10.516442
robot_base_y: -7.268347
robot_base_yaw: 3.134390
robot_geom: robot0_base_collision
proxy_geom: scene_aabb_proxy_line_6_belt
judge_collision_detected:
robot_base_x: 10.516442
robot_base_y: -7.268347
robot_base_yaw: 3.134390
robot_geom: robot0_base_collision
proxy_geom: scene_aabb_proxy_line_6_output_side_protrusion
judge_collision_detected:
robot_base_x: 10.516442
robot_base_y: -7.268347
robot_base_yaw: 3.134390
robot_geom: robot0_base_collision
proxy_geom: scene_aabb_proxy_output_6
judge_collision_detected:
robot_base_x: 10.516442
robot_base_y: -7.268347
robot_base_yaw: 3.134390
robot_geom: robot0_base_collision
proxy_geom: scene_aabb_proxy_production_line_6
judge_collision_detected:
robot_base_x: 10.516442
robot_base_y: -7.268347
robot_base_yaw: 3.134390
robot_geom: robot0_front_left_caster_2
proxy_geom: scene_aabb_proxy_line_6_output_side_protrusion
judge_collision_detected:
robot_base_x: 10.516442
robot_base_y: -7.268347
robot_base_yaw: 3.134390
robot_geom: robot0_front_right_caster_2
proxy_geom: scene_aabb_proxy_line_6_output_side_protrusion
judge_collision_detected:
robot_base_x: 10.516442
robot_base_y: -7.268347
robot_base_yaw: 3.134390
robot_geom: robot0_torso_fixed_collision_box_1
proxy_geom: scene_aabb_proxy_line_6_belt
judge_collision_detected:
robot_base_x: 10.516442
robot_base_y: -7.268347
robot_base_yaw: 3.134390
robot_geom: robot0_torso_fixed_collision_box_1
proxy_geom: scene_aabb_proxy_line_6_output_side_protrusion
judge_collision_detected:
robot_base_x: 10.516442
robot_base_y: -7.268347
robot_base_yaw: 3.134390
robot_geom: robot0_torso_fixed_collision_box_1
proxy_geom: scene_aabb_proxy_output_6
judge_collision_detected:
robot_base_x: 10.516442
robot_base_y: -7.268347
robot_base_yaw: 3.134390
robot_geom: robot0_torso_fixed_collision_box_1
proxy_geom: scene_aabb_proxy_production_line_6
judge_collision_detected:
robot_base_x: 10.516442
robot_base_y: -7.268347
robot_base_yaw: 3.134390
robot_geom: robot0_torso_fixed_column_collision
proxy_geom: scene_aabb_proxy_line_6_belt
judge_collision_detected:
robot_base_x: 10.516442
robot_base_y: -7.268347
robot_base_yaw: 3.134390
robot_geom: robot0_torso_fixed_column_collision
proxy_geom: scene_aabb_proxy_line_6_output_side_protrusion
judge_collision_detected:
robot_base_x: 10.516442
robot_base_y: -7.268347
robot_base_yaw: 3.134390
robot_geom: robot0_wheel_left_collision
proxy_geom: scene_aabb_proxy_line_6_output_side_protrusion
judge_collision_detected:
robot_base_x: 10.516442
robot_base_y: -7.268347
robot_base_yaw: 3.134390
robot_geom: robot0_wheel_right_collision
proxy_geom: scene_aabb_proxy_line_6_output_side_protrusion
judge_collision_detected:
robot_base_x: 10.516442
robot_base_y: -7.268347
robot_base_yaw: 3.134390
robot_geom: robot0_wheel_right_collision
proxy_geom: scene_aabb_proxy_production_line_6
judge_collision_detected:
robot_base_x: 10.513468
robot_base_y: -7.268628
robot_base_yaw: 3.134345
robot_geom: robot0_back_left_caster_2
proxy_geom: scene_aabb_proxy_line_6_belt
judge_collision_detected:
robot_base_x: 10.513468
robot_base_y: -7.268628
robot_base_yaw: 3.134345
robot_geom: robot0_back_left_caster_2
proxy_geom: scene_aabb_proxy_line_6_output_side_protrusion
judge_collision_detected:
robot_base_x: 10.513468
robot_base_y: -7.268628
robot_base_yaw: 3.134345
robot_geom: robot0_back_right_caster_2
proxy_geom: scene_aabb_proxy_line_6_belt
judge_collision_detected:
robot_base_x: 10.513468
robot_base_y: -7.268628
robot_base_yaw: 3.134345
robot_geom: robot0_back_right_caster_2
proxy_geom: scene_aabb_proxy_line_6_output_side_protrusion
judge_collision_detected:
robot_base_x: 10.513468
robot_base_y: -7.268628
robot_base_yaw: 3.134345
robot_geom: robot0_base_collision
proxy_geom: scene_aabb_proxy_line_6_belt
judge_collision_detected:
robot_base_x: 10.513468
robot_base_y: -7.268628
robot_base_yaw: 3.134345
robot_geom: robot0_base_collision
proxy_geom: scene_aabb_proxy_line_6_output_side_protrusion
judge_collision_detected:
robot_base_x: 10.513468
robot_base_y: -7.268628
robot_base_yaw: 3.134345
robot_geom: robot0_base_collision
proxy_geom: scene_aabb_proxy_output_6
judge_collision_detected:
robot_base_x: 10.513468
robot_base_y: -7.268628
robot_base_yaw: 3.134345
robot_geom: robot0_base_collision
proxy_geom: scene_aabb_proxy_production_line_6
judge_collision_detected:
robot_base_x: 10.513468
robot_base_y: -7.268628
robot_base_yaw: 3.134345
robot_geom: robot0_front_left_caster_2
proxy_geom: scene_aabb_proxy_line_6_output_side_protrusion
judge_collision_detected:
robot_base_x: 10.513468
robot_base_y: -7.268628
robot_base_yaw: 3.134345
robot_geom: robot0_front_right_caster_2
proxy_geom: scene_aabb_proxy_line_6_output_side_protrusion
judge_collision_detected:
robot_base_x: 10.513468
robot_base_y: -7.268628
robot_base_yaw: 3.134345
robot_geom: robot0_torso_fixed_collision_box_1
proxy_geom: scene_aabb_proxy_line_6_belt
judge_collision_detected:
robot_base_x: 10.513468
robot_base_y: -7.268628
robot_base_yaw: 3.134345
robot_geom: robot0_torso_fixed_collision_box_1
proxy_geom: scene_aabb_proxy_line_6_output_side_protrusion
judge_collision_detected:
robot_base_x: 10.513468
robot_base_y: -7.268628
robot_base_yaw: 3.134345
robot_geom: robot0_torso_fixed_collision_box_1
proxy_geom: scene_aabb_proxy_output_6
judge_collision_detected:
robot_base_x: 10.513468
robot_base_y: -7.268628
robot_base_yaw: 3.134345
robot_geom: robot0_torso_fixed_collision_box_1
proxy_geom: scene_aabb_proxy_production_line_6
judge_collision_detected:
robot_base_x: 10.513468
robot_base_y: -7.268628
robot_base_yaw: 3.134345
robot_geom: robot0_torso_fixed_column_collision
proxy_geom: scene_aabb_proxy_line_6_belt
judge_collision_detected:
robot_base_x: 10.513468
robot_base_y: -7.268628
robot_base_yaw: 3.134345
robot_geom: robot0_torso_fixed_column_collision
proxy_geom: scene_aabb_proxy_line_6_output_side_protrusion
judge_collision_detected:
robot_base_x: 10.513468
robot_base_y: -7.268628
robot_base_yaw: 3.134345
robot_geom: robot0_wheel_left_collision
proxy_geom: scene_aabb_proxy_line_6_output_side_protrusion
judge_collision_detected:
robot_base_x: 10.513468
robot_base_y: -7.268628
robot_base_yaw: 3.134345
robot_geom: robot0_wheel_right_collision
proxy_geom: scene_aabb_proxy_line_6_output_side_protrusion
judge_collision_detected:
robot_base_x: 10.513468
robot_base_y: -7.268628
robot_base_yaw: 3.134345
robot_geom: robot0_wheel_right_collision
proxy_geom: scene_aabb_proxy_production_line_6
judge_collision_detected:
robot_base_x: 10.510644
robot_base_y: -7.268905
robot_base_yaw: 3.134300
robot_geom: robot0_back_left_caster_2
proxy_geom: scene_aabb_proxy_line_6_belt
judge_collision_detected:
robot_base_x: 10.510644
robot_base_y: -7.268905
robot_base_yaw: 3.134300
robot_geom: robot0_back_left_caster_2
proxy_geom: scene_aabb_proxy_line_6_output_side_protrusion
judge_collision_detected:
robot_base_x: 10.510644
robot_base_y: -7.268905
robot_base_yaw: 3.134300
robot_geom: robot0_back_right_caster_2
proxy_geom: scene_aabb_proxy_line_6_belt
judge_collision_detected:
robot_base_x: 10.510644
robot_base_y: -7.268905
robot_base_yaw: 3.134300
robot_geom: robot0_back_right_caster_2
proxy_geom: scene_aabb_proxy_line_6_output_side_protrusion
judge_collision_detected:
robot_base_x: 10.510644
robot_base_y: -7.268905
robot_base_yaw: 3.134300
robot_geom: robot0_base_collision
proxy_geom: scene_aabb_proxy_line_6_belt
judge_collision_detected:
robot_base_x: 10.510644
robot_base_y: -7.268905
robot_base_yaw: 3.134300
robot_geom: robot0_base_collision
proxy_geom: scene_aabb_proxy_line_6_output_side_protrusion
judge_collision_detected:
robot_base_x: 10.510644
robot_base_y: -7.268905
robot_base_yaw: 3.134300
robot_geom: robot0_base_collision
proxy_geom: scene_aabb_proxy_output_6
judge_collision_detected:
robot_base_x: 10.510644
robot_base_y: -7.268905
robot_base_yaw: 3.134300
robot_geom: robot0_base_collision
proxy_geom: scene_aabb_proxy_production_line_6
judge_collision_detected:
robot_base_x: 10.510644
robot_base_y: -7.268905
robot_base_yaw: 3.134300
robot_geom: robot0_front_left_caster_2
proxy_geom: scene_aabb_proxy_line_6_output_side_protrusion
judge_collision_detected:
robot_base_x: 10.510644
robot_base_y: -7.268905
robot_base_yaw: 3.134300
robot_geom: robot0_front_right_caster_2
proxy_geom: scene_aabb_proxy_line_6_output_side_protrusion
judge_collision_detected:
robot_base_x: 10.510644
robot_base_y: -7.268905
robot_base_yaw: 3.134300
robot_geom: robot0_torso_fixed_collision_box_1
proxy_geom: scene_aabb_proxy_line_6_belt
judge_collision_detected:
robot_base_x: 10.510644
robot_base_y: -7.268905
robot_base_yaw: 3.134300
robot_geom: robot0_torso_fixed_collision_box_1
proxy_geom: scene_aabb_proxy_line_6_output_side_protrusion
judge_collision_detected:
robot_base_x: 10.510644
robot_base_y: -7.268905
robot_base_yaw: 3.134300
robot_geom: robot0_torso_fixed_collision_box_1
proxy_geom: scene_aabb_proxy_output_6
judge_collision_detected:
robot_base_x: 10.510644
robot_base_y: -7.268905
robot_base_yaw: 3.134300
robot_geom: robot0_torso_fixed_collision_box_1
proxy_geom: scene_aabb_proxy_production_line_6
judge_collision_detected:
robot_base_x: 10.510644
robot_base_y: -7.268905
robot_base_yaw: 3.134300
robot_geom: robot0_torso_fixed_column_collision
proxy_geom: scene_aabb_proxy_line_6_belt
judge_collision_detected:
robot_base_x: 10.510644
robot_base_y: -7.268905
robot_base_yaw: 3.134300
robot_geom: robot0_torso_fixed_column_collision
proxy_geom: scene_aabb_proxy_line_6_output_side_protrusion
judge_collision_detected:
robot_base_x: 10.510644
robot_base_y: -7.268905
robot_base_yaw: 3.134300
robot_geom: robot0_wheel_left_collision
proxy_geom: scene_aabb_proxy_line_6_output_side_protrusion
judge_collision_detected:
robot_base_x: 10.510644
robot_base_y: -7.268905
robot_base_yaw: 3.134300
robot_geom: robot0_wheel_right_collision
proxy_geom: scene_aabb_proxy_line_6_output_side_protrusion
judge_collision_detected:
robot_base_x: 10.510644
robot_base_y: -7.268905
robot_base_yaw: 3.134300
robot_geom: robot0_wheel_right_collision
proxy_geom: scene_aabb_proxy_production_line_6
judge_collision_detected:
robot_base_x: 10.507957
robot_base_y: -7.269186
robot_base_yaw: 3.134281
robot_geom: robot0_back_left_caster_2
proxy_geom: scene_aabb_proxy_line_6_belt
judge_collision_detected:
robot_base_x: 10.507957
robot_base_y: -7.269186
robot_base_yaw: 3.134281
robot_geom: robot0_back_left_caster_2
proxy_geom: scene_aabb_proxy_line_6_output_side_protrusion
judge_collision_detected:
robot_base_x: 10.507957
robot_base_y: -7.269186
robot_base_yaw: 3.134281
robot_geom: robot0_back_right_caster_2
proxy_geom: scene_aabb_proxy_line_6_belt
judge_collision_detected:
robot_base_x: 10.507957
robot_base_y: -7.269186
robot_base_yaw: 3.134281
robot_geom: robot0_back_right_caster_2
proxy_geom: scene_aabb_proxy_line_6_output_side_protrusion
judge_collision_detected:
robot_base_x: 10.507957
robot_base_y: -7.269186
robot_base_yaw: 3.134281
robot_geom: robot0_base_collision
proxy_geom: scene_aabb_proxy_line_6_belt
judge_collision_detected:
robot_base_x: 10.507957
robot_base_y: -7.269186
robot_base_yaw: 3.134281
robot_geom: robot0_base_collision
proxy_geom: scene_aabb_proxy_line_6_output_side_protrusion
judge_collision_detected:
robot_base_x: 10.507957
robot_base_y: -7.269186
robot_base_yaw: 3.134281
robot_geom: robot0_base_collision
proxy_geom: scene_aabb_proxy_output_6
judge_collision_detected:
robot_base_x: 10.507957
robot_base_y: -7.269186
robot_base_yaw: 3.134281
robot_geom: robot0_base_collision
proxy_geom: scene_aabb_proxy_production_line_6
judge_collision_detected:
robot_base_x: 10.507957
robot_base_y: -7.269186
robot_base_yaw: 3.134281
robot_geom: robot0_front_left_caster_2
proxy_geom: scene_aabb_proxy_line_6_output_side_protrusion
judge_collision_detected:
robot_base_x: 10.507957
robot_base_y: -7.269186
robot_base_yaw: 3.134281
robot_geom: robot0_front_right_caster_2
proxy_geom: scene_aabb_proxy_line_6_output_side_protrusion
judge_collision_detected:
robot_base_x: 10.507957
robot_base_y: -7.269186
robot_base_yaw: 3.134281
robot_geom: robot0_torso_fixed_collision_box_1
proxy_geom: scene_aabb_proxy_line_6_belt
judge_collision_detected:
robot_base_x: 10.507957
robot_base_y: -7.269186
robot_base_yaw: 3.134281
robot_geom: robot0_torso_fixed_collision_box_1
proxy_geom: scene_aabb_proxy_line_6_output_side_protrusion
judge_collision_detected:
robot_base_x: 10.507957
robot_base_y: -7.269186
robot_base_yaw: 3.134281
robot_geom: robot0_torso_fixed_collision_box_1
proxy_geom: scene_aabb_proxy_output_6
judge_collision_detected:
robot_base_x: 10.507957
robot_base_y: -7.269186
robot_base_yaw: 3.134281
robot_geom: robot0_torso_fixed_collision_box_1
proxy_geom: scene_aabb_proxy_production_line_6
judge_collision_detected:
robot_base_x: 10.507957
robot_base_y: -7.269186
robot_base_yaw: 3.134281
robot_geom: robot0_torso_fixed_column_collision
proxy_geom: scene_aabb_proxy_line_6_belt
judge_collision_detected:
robot_base_x: 10.507957
robot_base_y: -7.269186
robot_base_yaw: 3.134281
robot_geom: robot0_torso_fixed_column_collision
proxy_geom: scene_aabb_proxy_line_6_output_side_protrusion
judge_collision_detected:
robot_base_x: 10.507957
robot_base_y: -7.269186
robot_base_yaw: 3.134281
robot_geom: robot0_wheel_left_collision
proxy_geom: scene_aabb_proxy_line_6_output_side_protrusion
judge_collision_detected:
robot_base_x: 10.507957
robot_base_y: -7.269186
robot_base_yaw: 3.134281
robot_geom: robot0_wheel_right_collision
proxy_geom: scene_aabb_proxy_line_6_output_side_protrusion
judge_collision_detected:
robot_base_x: 10.507957
robot_base_y: -7.269186
robot_base_yaw: 3.134281
robot_geom: robot0_wheel_right_collision
proxy_geom: scene_aabb_proxy_production_line_6
judge_collision_detected:
robot_base_x: 10.505400
robot_base_y: -7.269482
robot_base_yaw: 3.134319
robot_geom: robot0_back_left_caster_2
proxy_geom: scene_aabb_proxy_line_6_belt
judge_collision_detected:
robot_base_x: 10.505400
robot_base_y: -7.269482
robot_base_yaw: 3.134319
robot_geom: robot0_back_left_caster_2
proxy_geom: scene_aabb_proxy_line_6_output_side_protrusion
judge_collision_detected:
robot_base_x: 10.505400
robot_base_y: -7.269482
robot_base_yaw: 3.134319
robot_geom: robot0_back_right_caster_2
proxy_geom: scene_aabb_proxy_line_6_belt
judge_collision_detected:
robot_base_x: 10.505400
robot_base_y: -7.269482
robot_base_yaw: 3.134319
robot_geom: robot0_back_right_caster_2
proxy_geom: scene_aabb_proxy_line_6_output_side_protrusion
judge_collision_detected:
robot_base_x: 10.505400
robot_base_y: -7.269482
robot_base_yaw: 3.134319
robot_geom: robot0_base_collision
proxy_geom: scene_aabb_proxy_line_6_belt
judge_collision_detected:
robot_base_x: 10.505400
robot_base_y: -7.269482
robot_base_yaw: 3.134319
robot_geom: robot0_base_collision
proxy_geom: scene_aabb_proxy_line_6_output_side_protrusion
judge_collision_detected:
robot_base_x: 10.505400
robot_base_y: -7.269482
robot_base_yaw: 3.134319
robot_geom: robot0_base_collision
proxy_geom: scene_aabb_proxy_output_6
judge_collision_detected:
robot_base_x: 10.505400
robot_base_y: -7.269482
robot_base_yaw: 3.134319
robot_geom: robot0_base_collision
proxy_geom: scene_aabb_proxy_production_line_6
judge_collision_detected:
robot_base_x: 10.505400
robot_base_y: -7.269482
robot_base_yaw: 3.134319
robot_geom: robot0_front_left_caster_2
proxy_geom: scene_aabb_proxy_line_6_output_side_protrusion
judge_collision_detected:
robot_base_x: 10.505400
robot_base_y: -7.269482
robot_base_yaw: 3.134319
robot_geom: robot0_front_right_caster_2
proxy_geom: scene_aabb_proxy_line_6_output_side_protrusion
judge_collision_detected:
robot_base_x: 10.505400
robot_base_y: -7.269482
robot_base_yaw: 3.134319
robot_geom: robot0_torso_fixed_collision_box_1
proxy_geom: scene_aabb_proxy_line_6_belt
judge_collision_detected:
robot_base_x: 10.505400
robot_base_y: -7.269482
robot_base_yaw: 3.134319
robot_geom: robot0_torso_fixed_collision_box_1
proxy_geom: scene_aabb_proxy_line_6_output_side_protrusion
judge_collision_detected:
robot_base_x: 10.505400
robot_base_y: -7.269482
robot_base_yaw: 3.134319
robot_geom: robot0_torso_fixed_collision_box_1
proxy_geom: scene_aabb_proxy_output_6
judge_collision_detected:
robot_base_x: 10.505400
robot_base_y: -7.269482
robot_base_yaw: 3.134319
robot_geom: robot0_torso_fixed_collision_box_1
proxy_geom: scene_aabb_proxy_production_line_6
judge_collision_detected:
robot_base_x: 10.505400
robot_base_y: -7.269482
robot_base_yaw: 3.134319
robot_geom: robot0_torso_fixed_column_collision
proxy_geom: scene_aabb_proxy_line_6_belt
judge_collision_detected:
robot_base_x: 10.505400
robot_base_y: -7.269482
robot_base_yaw: 3.134319
robot_geom: robot0_torso_fixed_column_collision
proxy_geom: scene_aabb_proxy_line_6_output_side_protrusion
judge_collision_detected:
robot_base_x: 10.505400
robot_base_y: -7.269482
robot_base_yaw: 3.134319
robot_geom: robot0_wheel_left_collision
proxy_geom: scene_aabb_proxy_line_6_output_side_protrusion
judge_collision_detected:
robot_base_x: 10.505400
robot_base_y: -7.269482
robot_base_yaw: 3.134319
robot_geom: robot0_wheel_right_collision
proxy_geom: scene_aabb_proxy_line_6_output_side_protrusion
judge_collision_detected:
robot_base_x: 10.505400
robot_base_y: -7.269482
robot_base_yaw: 3.134319
robot_geom: robot0_wheel_right_collision
proxy_geom: scene_aabb_proxy_production_line_6
judge_collision_detected:
robot_base_x: 10.502953
robot_base_y: -7.269780
robot_base_yaw: 3.134377
robot_geom: robot0_back_left_caster_2
proxy_geom: scene_aabb_proxy_line_6_belt
judge_collision_detected:
robot_base_x: 10.502953
robot_base_y: -7.269780
robot_base_yaw: 3.134377
robot_geom: robot0_back_left_caster_2
proxy_geom: scene_aabb_proxy_line_6_output_side_protrusion
judge_collision_detected:
robot_base_x: 10.502953
robot_base_y: -7.269780
robot_base_yaw: 3.134377
robot_geom: robot0_back_right_caster_2
proxy_geom: scene_aabb_proxy_line_6_belt
judge_collision_detected:
robot_base_x: 10.502953
robot_base_y: -7.269780
robot_base_yaw: 3.134377
robot_geom: robot0_back_right_caster_2
proxy_geom: scene_aabb_proxy_line_6_output_side_protrusion
judge_collision_detected:
robot_base_x: 10.502953
robot_base_y: -7.269780
robot_base_yaw: 3.134377
robot_geom: robot0_base_collision
proxy_geom: scene_aabb_proxy_line_6_belt
judge_collision_detected:
robot_base_x: 10.502953
robot_base_y: -7.269780
robot_base_yaw: 3.134377
robot_geom: robot0_base_collision
proxy_geom: scene_aabb_proxy_line_6_output_side_protrusion
judge_collision_detected:
robot_base_x: 10.502953
robot_base_y: -7.269780
robot_base_yaw: 3.134377
robot_geom: robot0_base_collision
proxy_geom: scene_aabb_proxy_output_6
judge_collision_detected:
robot_base_x: 10.502953
robot_base_y: -7.269780
robot_base_yaw: 3.134377
robot_geom: robot0_base_collision
proxy_geom: scene_aabb_proxy_production_line_6
judge_collision_detected:
robot_base_x: 10.502953
robot_base_y: -7.269780
robot_base_yaw: 3.134377
robot_geom: robot0_torso_fixed_collision_box_1
proxy_geom: scene_aabb_proxy_line_6_belt
judge_collision_detected:
robot_base_x: 10.502953
robot_base_y: -7.269780
robot_base_yaw: 3.134377
robot_geom: robot0_torso_fixed_collision_box_1
proxy_geom: scene_aabb_proxy_line_6_output_side_protrusion
judge_collision_detected:
robot_base_x: 10.502953
robot_base_y: -7.269780
robot_base_yaw: 3.134377
robot_geom: robot0_torso_fixed_collision_box_1
proxy_geom: scene_aabb_proxy_output_6
judge_collision_detected:
robot_base_x: 10.502953
robot_base_y: -7.269780
robot_base_yaw: 3.134377
robot_geom: robot0_torso_fixed_collision_box_1
proxy_geom: scene_aabb_proxy_production_line_6
judge_collision_detected:
robot_base_x: 10.502953
robot_base_y: -7.269780
robot_base_yaw: 3.134377
robot_geom: robot0_torso_fixed_column_collision
proxy_geom: scene_aabb_proxy_line_6_belt
judge_collision_detected:
robot_base_x: 10.502953
robot_base_y: -7.269780
robot_base_yaw: 3.134377
robot_geom: robot0_torso_fixed_column_collision
proxy_geom: scene_aabb_proxy_line_6_output_side_protrusion
judge_collision_detected:
robot_base_x: 10.502953
robot_base_y: -7.269780
robot_base_yaw: 3.134377
robot_geom: robot0_wheel_left_collision
proxy_geom: scene_aabb_proxy_line_6_output_side_protrusion
judge_collision_detected:
robot_base_x: 10.502953
robot_base_y: -7.269780
robot_base_yaw: 3.134377
robot_geom: robot0_wheel_right_collision
proxy_geom: scene_aabb_proxy_line_6_output_side_protrusion
judge_collision_detected:
robot_base_x: 10.502953
robot_base_y: -7.269780
robot_base_yaw: 3.134377
robot_geom: robot0_wheel_right_collision
proxy_geom: scene_aabb_proxy_production_line_6
judge_collision_detected:
robot_base_x: 10.500601
robot_base_y: -7.270075
robot_base_yaw: 3.134438
robot_geom: robot0_back_left_caster_2
proxy_geom: scene_aabb_proxy_line_6_belt
judge_collision_detected:
robot_base_x: 10.500601
robot_base_y: -7.270075
robot_base_yaw: 3.134438
robot_geom: robot0_back_left_caster_2
proxy_geom: scene_aabb_proxy_line_6_output_side_protrusion
judge_collision_detected:
robot_base_x: 10.500601
robot_base_y: -7.270075
robot_base_yaw: 3.134438
robot_geom: robot0_back_right_caster_2
proxy_geom: scene_aabb_proxy_line_6_belt
judge_collision_detected:
robot_base_x: 10.500601
robot_base_y: -7.270075
robot_base_yaw: 3.134438
robot_geom: robot0_back_right_caster_2
proxy_geom: scene_aabb_proxy_line_6_output_side_protrusion
judge_collision_detected:
robot_base_x: 10.500601
robot_base_y: -7.270075
robot_base_yaw: 3.134438
robot_geom: robot0_base_collision
proxy_geom: scene_aabb_proxy_line_6_belt
judge_collision_detected:
robot_base_x: 10.500601
robot_base_y: -7.270075
robot_base_yaw: 3.134438
robot_geom: robot0_base_collision
proxy_geom: scene_aabb_proxy_line_6_output_side_protrusion
judge_collision_detected:
robot_base_x: 10.500601
robot_base_y: -7.270075
robot_base_yaw: 3.134438
robot_geom: robot0_base_collision
proxy_geom: scene_aabb_proxy_output_6
judge_collision_detected:
robot_base_x: 10.500601
robot_base_y: -7.270075
robot_base_yaw: 3.134438
robot_geom: robot0_base_collision
proxy_geom: scene_aabb_proxy_production_line_6
judge_collision_detected:
robot_base_x: 10.500601
robot_base_y: -7.270075
robot_base_yaw: 3.134438
robot_geom: robot0_torso_fixed_collision_box_1
proxy_geom: scene_aabb_proxy_line_6_belt
judge_collision_detected:
robot_base_x: 10.500601
robot_base_y: -7.270075
robot_base_yaw: 3.134438
robot_geom: robot0_torso_fixed_collision_box_1
proxy_geom: scene_aabb_proxy_line_6_output_side_protrusion
judge_collision_detected:
robot_base_x: 10.500601
robot_base_y: -7.270075
robot_base_yaw: 3.134438
robot_geom: robot0_torso_fixed_collision_box_1
proxy_geom: scene_aabb_proxy_output_6
judge_collision_detected:
robot_base_x: 10.500601
robot_base_y: -7.270075
robot_base_yaw: 3.134438
robot_geom: robot0_torso_fixed_collision_box_1
proxy_geom: scene_aabb_proxy_production_line_6
judge_collision_detected:
robot_base_x: 10.500601
robot_base_y: -7.270075
robot_base_yaw: 3.134438
robot_geom: robot0_torso_fixed_column_collision
proxy_geom: scene_aabb_proxy_line_6_belt
judge_collision_detected:
robot_base_x: 10.500601
robot_base_y: -7.270075
robot_base_yaw: 3.134438
robot_geom: robot0_torso_fixed_column_collision
proxy_geom: scene_aabb_proxy_line_6_output_side_protrusion
judge_collision_detected:
robot_base_x: 10.500601
robot_base_y: -7.270075
robot_base_yaw: 3.134438
robot_geom: robot0_wheel_left_collision
proxy_geom: scene_aabb_proxy_line_6_output_side_protrusion
judge_collision_detected:
robot_base_x: 10.500601
robot_base_y: -7.270075
robot_base_yaw: 3.134438
robot_geom: robot0_wheel_right_collision
proxy_geom: scene_aabb_proxy_line_6_output_side_protrusion
judge_collision_detected:
robot_base_x: 10.500601
robot_base_y: -7.270075
robot_base_yaw: 3.134438
robot_geom: robot0_wheel_right_collision
proxy_geom: scene_aabb_proxy_production_line_6
judge_collision_detected:
robot_base_x: 10.498354
robot_base_y: -7.270364
robot_base_yaw: 3.134466
robot_geom: robot0_back_left_caster_2
proxy_geom: scene_aabb_proxy_line_6_belt
judge_collision_detected:
robot_base_x: 10.498354
robot_base_y: -7.270364
robot_base_yaw: 3.134466
robot_geom: robot0_back_left_caster_2
proxy_geom: scene_aabb_proxy_line_6_output_side_protrusion
judge_collision_detected:
robot_base_x: 10.498354
robot_base_y: -7.270364
robot_base_yaw: 3.134466
robot_geom: robot0_back_right_caster_2
proxy_geom: scene_aabb_proxy_line_6_belt
judge_collision_detected:
robot_base_x: 10.498354
robot_base_y: -7.270364
robot_base_yaw: 3.134466
robot_geom: robot0_back_right_caster_2
proxy_geom: scene_aabb_proxy_line_6_output_side_protrusion
judge_collision_detected:
robot_base_x: 10.498354
robot_base_y: -7.270364
robot_base_yaw: 3.134466
robot_geom: robot0_base_collision
proxy_geom: scene_aabb_proxy_line_6_belt
judge_collision_detected:
robot_base_x: 10.498354
robot_base_y: -7.270364
robot_base_yaw: 3.134466
robot_geom: robot0_base_collision
proxy_geom: scene_aabb_proxy_line_6_output_side_protrusion
judge_collision_detected:
robot_base_x: 10.498354
robot_base_y: -7.270364
robot_base_yaw: 3.134466
robot_geom: robot0_base_collision
proxy_geom: scene_aabb_proxy_output_6
judge_collision_detected:
robot_base_x: 10.498354
robot_base_y: -7.270364
robot_base_yaw: 3.134466
robot_geom: robot0_base_collision
proxy_geom: scene_aabb_proxy_production_line_6
judge_collision_detected:
robot_base_x: 10.498354
robot_base_y: -7.270364
robot_base_yaw: 3.134466
robot_geom: robot0_torso_fixed_collision_box_1
proxy_geom: scene_aabb_proxy_line_6_belt
judge_collision_detected:
robot_base_x: 10.498354
robot_base_y: -7.270364
robot_base_yaw: 3.134466
robot_geom: robot0_torso_fixed_collision_box_1
proxy_geom: scene_aabb_proxy_line_6_output_side_protrusion
judge_collision_detected:
robot_base_x: 10.498354
robot_base_y: -7.270364
robot_base_yaw: 3.134466
robot_geom: robot0_torso_fixed_collision_box_1
proxy_geom: scene_aabb_proxy_output_6
judge_collision_detected:
robot_base_x: 10.498354
robot_base_y: -7.270364
robot_base_yaw: 3.134466
robot_geom: robot0_torso_fixed_collision_box_1
proxy_geom: scene_aabb_proxy_production_line_6
judge_collision_detected:
robot_base_x: 10.498354
robot_base_y: -7.270364
robot_base_yaw: 3.134466
robot_geom: robot0_torso_fixed_column_collision
proxy_geom: scene_aabb_proxy_line_6_belt
judge_collision_detected:
robot_base_x: 10.498354
robot_base_y: -7.270364
robot_base_yaw: 3.134466
robot_geom: robot0_torso_fixed_column_collision
proxy_geom: scene_aabb_proxy_line_6_output_side_protrusion
judge_collision_detected:
robot_base_x: 10.498354
robot_base_y: -7.270364
robot_base_yaw: 3.134466
robot_geom: robot0_wheel_left_collision
proxy_geom: scene_aabb_proxy_line_6_output_side_protrusion
judge_collision_detected:
robot_base_x: 10.498354
robot_base_y: -7.270364
robot_base_yaw: 3.134466
robot_geom: robot0_wheel_right_collision
proxy_geom: scene_aabb_proxy_line_6_output_side_protrusion
judge_collision_detected:
robot_base_x: 10.498354
robot_base_y: -7.270364
robot_base_yaw: 3.134466
robot_geom: robot0_wheel_right_collision
proxy_geom: scene_aabb_proxy_production_line_6
judge_collision_detected:
robot_base_x: 10.496238
robot_base_y: -7.270640
robot_base_yaw: 3.134427
robot_geom: robot0_back_left_caster_2
proxy_geom: scene_aabb_proxy_line_6_belt
judge_collision_detected:
robot_base_x: 10.496238
robot_base_y: -7.270640
robot_base_yaw: 3.134427
robot_geom: robot0_back_left_caster_2
proxy_geom: scene_aabb_proxy_line_6_output_side_protrusion
judge_collision_detected:
robot_base_x: 10.496238
robot_base_y: -7.270640
robot_base_yaw: 3.134427
robot_geom: robot0_back_right_caster_2
proxy_geom: scene_aabb_proxy_line_6_belt
judge_collision_detected:
robot_base_x: 10.496238
robot_base_y: -7.270640
robot_base_yaw: 3.134427
robot_geom: robot0_back_right_caster_2
proxy_geom: scene_aabb_proxy_line_6_output_side_protrusion
judge_collision_detected:
robot_base_x: 10.496238
robot_base_y: -7.270640
robot_base_yaw: 3.134427
robot_geom: robot0_base_collision
proxy_geom: scene_aabb_proxy_line_6_belt
judge_collision_detected:
robot_base_x: 10.496238
robot_base_y: -7.270640
robot_base_yaw: 3.134427
robot_geom: robot0_base_collision
proxy_geom: scene_aabb_proxy_line_6_output_side_protrusion
judge_collision_detected:
robot_base_x: 10.496238
robot_base_y: -7.270640
robot_base_yaw: 3.134427
robot_geom: robot0_base_collision
proxy_geom: scene_aabb_proxy_output_6
judge_collision_detected:
robot_base_x: 10.496238
robot_base_y: -7.270640
robot_base_yaw: 3.134427
robot_geom: robot0_base_collision
proxy_geom: scene_aabb_proxy_production_line_6
judge_collision_detected:
robot_base_x: 10.496238
robot_base_y: -7.270640
robot_base_yaw: 3.134427
robot_geom: robot0_torso_fixed_collision_box_1
proxy_geom: scene_aabb_proxy_line_6_belt
judge_collision_detected:
robot_base_x: 10.496238
robot_base_y: -7.270640
robot_base_yaw: 3.134427
robot_geom: robot0_torso_fixed_collision_box_1
proxy_geom: scene_aabb_proxy_line_6_output_side_protrusion
judge_collision_detected:
robot_base_x: 10.496238
robot_base_y: -7.270640
robot_base_yaw: 3.134427
robot_geom: robot0_torso_fixed_collision_box_1
proxy_geom: scene_aabb_proxy_output_6
judge_collision_detected:
robot_base_x: 10.496238
robot_base_y: -7.270640
robot_base_yaw: 3.134427
robot_geom: robot0_torso_fixed_collision_box_1
proxy_geom: scene_aabb_proxy_production_line_6
judge_collision_detected:
robot_base_x: 10.496238
robot_base_y: -7.270640
robot_base_yaw: 3.134427
robot_geom: robot0_torso_fixed_column_collision
proxy_geom: scene_aabb_proxy_line_6_belt
judge_collision_detected:
robot_base_x: 10.496238
robot_base_y: -7.270640
robot_base_yaw: 3.134427
robot_geom: robot0_torso_fixed_column_collision
proxy_geom: scene_aabb_proxy_line_6_output_side_protrusion
judge_collision_detected:
robot_base_x: 10.496238
robot_base_y: -7.270640
robot_base_yaw: 3.134427
robot_geom: robot0_wheel_left_collision
proxy_geom: scene_aabb_proxy_line_6_output_side_protrusion
judge_collision_detected:
robot_base_x: 10.496238
robot_base_y: -7.270640
robot_base_yaw: 3.134427
robot_geom: robot0_wheel_right_collision
proxy_geom: scene_aabb_proxy_line_6_output_side_protrusion
judge_collision_detected:
robot_base_x: 10.496238
robot_base_y: -7.270640
robot_base_yaw: 3.134427
robot_geom: robot0_wheel_right_collision
proxy_geom: scene_aabb_proxy_production_line_6
judge_collision_detected:
robot_base_x: 10.494204
robot_base_y: -7.270913
robot_base_yaw: 3.134376
robot_geom: robot0_back_left_caster_2
proxy_geom: scene_aabb_proxy_line_6_belt
judge_collision_detected:
robot_base_x: 10.494204
robot_base_y: -7.270913
robot_base_yaw: 3.134376
robot_geom: robot0_back_left_caster_2
proxy_geom: scene_aabb_proxy_line_6_output_side_protrusion
judge_collision_detected:
robot_base_x: 10.494204
robot_base_y: -7.270913
robot_base_yaw: 3.134376
robot_geom: robot0_back_right_caster_2
proxy_geom: scene_aabb_proxy_line_6_belt
judge_collision_detected:
robot_base_x: 10.494204
robot_base_y: -7.270913
robot_base_yaw: 3.134376
robot_geom: robot0_back_right_caster_2
proxy_geom: scene_aabb_proxy_line_6_output_side_protrusion
judge_collision_detected:
robot_base_x: 10.494204
robot_base_y: -7.270913
robot_base_yaw: 3.134376
robot_geom: robot0_base_collision
proxy_geom: scene_aabb_proxy_line_6_belt
judge_collision_detected:
robot_base_x: 10.494204
robot_base_y: -7.270913
robot_base_yaw: 3.134376
robot_geom: robot0_base_collision
proxy_geom: scene_aabb_proxy_line_6_output_side_protrusion
judge_collision_detected:
robot_base_x: 10.494204
robot_base_y: -7.270913
robot_base_yaw: 3.134376
robot_geom: robot0_base_collision
proxy_geom: scene_aabb_proxy_output_6
judge_collision_detected:
robot_base_x: 10.494204
robot_base_y: -7.270913
robot_base_yaw: 3.134376
robot_geom: robot0_base_collision
proxy_geom: scene_aabb_proxy_production_line_6
judge_collision_detected:
robot_base_x: 10.494204
robot_base_y: -7.270913
robot_base_yaw: 3.134376
robot_geom: robot0_torso_fixed_collision_box_1
proxy_geom: scene_aabb_proxy_line_6_belt
judge_collision_detected:
robot_base_x: 10.494204
robot_base_y: -7.270913
robot_base_yaw: 3.134376
robot_geom: robot0_torso_fixed_collision_box_1
proxy_geom: scene_aabb_proxy_line_6_output_side_protrusion
judge_collision_detected:
robot_base_x: 10.494204
robot_base_y: -7.270913
robot_base_yaw: 3.134376
robot_geom: robot0_torso_fixed_collision_box_1
proxy_geom: scene_aabb_proxy_output_6
judge_collision_detected:
robot_base_x: 10.494204
robot_base_y: -7.270913
robot_base_yaw: 3.134376
robot_geom: robot0_torso_fixed_collision_box_1
proxy_geom: scene_aabb_proxy_production_line_6
judge_collision_detected:
robot_base_x: 10.494204
robot_base_y: -7.270913
robot_base_yaw: 3.134376
robot_geom: robot0_torso_fixed_column_collision
proxy_geom: scene_aabb_proxy_line_6_belt
judge_collision_detected:
robot_base_x: 10.494204
robot_base_y: -7.270913
robot_base_yaw: 3.134376
robot_geom: robot0_torso_fixed_column_collision
proxy_geom: scene_aabb_proxy_line_6_output_side_protrusion
judge_collision_detected:
robot_base_x: 10.494204
robot_base_y: -7.270913
robot_base_yaw: 3.134376
robot_geom: robot0_wheel_left_collision
proxy_geom: scene_aabb_proxy_line_6_output_side_protrusion
judge_collision_detected:
robot_base_x: 10.494204
robot_base_y: -7.270913
robot_base_yaw: 3.134376
robot_geom: robot0_wheel_right_collision
proxy_geom: scene_aabb_proxy_line_6_output_side_protrusion
judge_collision_detected:
robot_base_x: 10.494204
robot_base_y: -7.270913
robot_base_yaw: 3.134376
robot_geom: robot0_wheel_right_collision
proxy_geom: scene_aabb_proxy_production_line_6
judge_collision_detected:
robot_base_x: 10.492246
robot_base_y: -7.271183
robot_base_yaw: 3.134334
robot_geom: robot0_back_left_caster_2
proxy_geom: scene_aabb_proxy_line_6_belt
judge_collision_detected:
robot_base_x: 10.492246
robot_base_y: -7.271183
robot_base_yaw: 3.134334
robot_geom: robot0_back_left_caster_2
proxy_geom: scene_aabb_proxy_line_6_output_side_protrusion
judge_collision_detected:
robot_base_x: 10.492246
robot_base_y: -7.271183
robot_base_yaw: 3.134334
robot_geom: robot0_back_right_caster_2
proxy_geom: scene_aabb_proxy_line_6_belt
judge_collision_detected:
robot_base_x: 10.492246
robot_base_y: -7.271183
robot_base_yaw: 3.134334
robot_geom: robot0_back_right_caster_2
proxy_geom: scene_aabb_proxy_line_6_output_side_protrusion
judge_collision_detected:
robot_base_x: 10.492246
robot_base_y: -7.271183
robot_base_yaw: 3.134334
robot_geom: robot0_base_collision
proxy_geom: scene_aabb_proxy_line_6_belt
judge_collision_detected:
robot_base_x: 10.492246
robot_base_y: -7.271183
robot_base_yaw: 3.134334
robot_geom: robot0_base_collision
proxy_geom: scene_aabb_proxy_line_6_output_side_protrusion
judge_collision_detected:
robot_base_x: 10.492246
robot_base_y: -7.271183
robot_base_yaw: 3.134334
robot_geom: robot0_base_collision
proxy_geom: scene_aabb_proxy_output_6
judge_collision_detected:
robot_base_x: 10.492246
robot_base_y: -7.271183
robot_base_yaw: 3.134334
robot_geom: robot0_base_collision
proxy_geom: scene_aabb_proxy_production_line_6
judge_collision_detected:
robot_base_x: 10.492246
robot_base_y: -7.271183
robot_base_yaw: 3.134334
robot_geom: robot0_torso_fixed_collision_box_1
proxy_geom: scene_aabb_proxy_line_6_belt
judge_collision_detected:
robot_base_x: 10.492246
robot_base_y: -7.271183
robot_base_yaw: 3.134334
robot_geom: robot0_torso_fixed_collision_box_1
proxy_geom: scene_aabb_proxy_line_6_output_side_protrusion
judge_collision_detected:
robot_base_x: 10.492246
robot_base_y: -7.271183
robot_base_yaw: 3.134334
robot_geom: robot0_torso_fixed_collision_box_1
proxy_geom: scene_aabb_proxy_output_6
judge_collision_detected:
robot_base_x: 10.492246
robot_base_y: -7.271183
robot_base_yaw: 3.134334
robot_geom: robot0_torso_fixed_collision_box_1
proxy_geom: scene_aabb_proxy_production_line_6
judge_collision_detected:
robot_base_x: 10.492246
robot_base_y: -7.271183
robot_base_yaw: 3.134334
robot_geom: robot0_torso_fixed_column_collision
proxy_geom: scene_aabb_proxy_line_6_belt
judge_collision_detected:
robot_base_x: 10.492246
robot_base_y: -7.271183
robot_base_yaw: 3.134334
robot_geom: robot0_torso_fixed_column_collision
proxy_geom: scene_aabb_proxy_line_6_output_side_protrusion
judge_collision_detected:
robot_base_x: 10.492246
robot_base_y: -7.271183
robot_base_yaw: 3.134334
robot_geom: robot0_wheel_left_collision
proxy_geom: scene_aabb_proxy_line_6_output_side_protrusion
judge_collision_detected:
robot_base_x: 10.492246
robot_base_y: -7.271183
robot_base_yaw: 3.134334
robot_geom: robot0_wheel_right_collision
proxy_geom: scene_aabb_proxy_line_6_output_side_protrusion
judge_collision_detected:
robot_base_x: 10.492246
robot_base_y: -7.271183
robot_base_yaw: 3.134334
robot_geom: robot0_wheel_right_collision
proxy_geom: scene_aabb_proxy_production_line_6
judge_collision_detected:
robot_base_x: 10.490307
robot_base_y: -7.271455
robot_base_yaw: 3.134336
robot_geom: robot0_back_left_caster_2
proxy_geom: scene_aabb_proxy_line_6_belt
judge_collision_detected:
robot_base_x: 10.490307
robot_base_y: -7.271455
robot_base_yaw: 3.134336
robot_geom: robot0_back_left_caster_2
proxy_geom: scene_aabb_proxy_line_6_output_side_protrusion
judge_collision_detected:
robot_base_x: 10.490307
robot_base_y: -7.271455
robot_base_yaw: 3.134336
robot_geom: robot0_back_right_caster_2
proxy_geom: scene_aabb_proxy_line_6_belt
judge_collision_detected:
robot_base_x: 10.490307
robot_base_y: -7.271455
robot_base_yaw: 3.134336
robot_geom: robot0_back_right_caster_2
proxy_geom: scene_aabb_proxy_line_6_output_side_protrusion
judge_collision_detected:
robot_base_x: 10.490307
robot_base_y: -7.271455
robot_base_yaw: 3.134336
robot_geom: robot0_base_collision
proxy_geom: scene_aabb_proxy_line_6_belt
judge_collision_detected:
robot_base_x: 10.490307
robot_base_y: -7.271455
robot_base_yaw: 3.134336
robot_geom: robot0_base_collision
proxy_geom: scene_aabb_proxy_line_6_output_side_protrusion
judge_collision_detected:
robot_base_x: 10.490307
robot_base_y: -7.271455
robot_base_yaw: 3.134336
robot_geom: robot0_base_collision
proxy_geom: scene_aabb_proxy_output_6
judge_collision_detected:
robot_base_x: 10.490307
robot_base_y: -7.271455
robot_base_yaw: 3.134336
robot_geom: robot0_base_collision
proxy_geom: scene_aabb_proxy_production_line_6
judge_collision_detected:
robot_base_x: 10.490307
robot_base_y: -7.271455
robot_base_yaw: 3.134336
robot_geom: robot0_torso_fixed_collision_box_1
proxy_geom: scene_aabb_proxy_line_6_belt
judge_collision_detected:
robot_base_x: 10.490307
robot_base_y: -7.271455
robot_base_yaw: 3.134336
robot_geom: robot0_torso_fixed_collision_box_1
proxy_geom: scene_aabb_proxy_line_6_output_side_protrusion
judge_collision_detected:
robot_base_x: 10.490307
robot_base_y: -7.271455
robot_base_yaw: 3.134336
robot_geom: robot0_torso_fixed_collision_box_1
proxy_geom: scene_aabb_proxy_output_6
judge_collision_detected:
robot_base_x: 10.490307
robot_base_y: -7.271455
robot_base_yaw: 3.134336
robot_geom: robot0_torso_fixed_collision_box_1
proxy_geom: scene_aabb_proxy_production_line_6
judge_collision_detected:
robot_base_x: 10.490307
robot_base_y: -7.271455
robot_base_yaw: 3.134336
robot_geom: robot0_torso_fixed_column_collision
proxy_geom: scene_aabb_proxy_line_6_belt
judge_collision_detected:
robot_base_x: 10.490307
robot_base_y: -7.271455
robot_base_yaw: 3.134336
robot_geom: robot0_torso_fixed_column_collision
proxy_geom: scene_aabb_proxy_line_6_output_side_protrusion
judge_collision_detected:
robot_base_x: 10.490307
robot_base_y: -7.271455
robot_base_yaw: 3.134336
robot_geom: robot0_wheel_left_collision
proxy_geom: scene_aabb_proxy_line_6_output_side_protrusion
judge_collision_detected:
robot_base_x: 10.490307
robot_base_y: -7.271455
robot_base_yaw: 3.134336
robot_geom: robot0_wheel_right_collision
proxy_geom: scene_aabb_proxy_line_6_output_side_protrusion
judge_collision_detected:
robot_base_x: 10.490307
robot_base_y: -7.271455
robot_base_yaw: 3.134336
robot_geom: robot0_wheel_right_collision
proxy_geom: scene_aabb_proxy_production_line_6
judge_collision_detected:
robot_base_x: 10.488196
robot_base_y: -7.271722
robot_base_yaw: 3.134280
robot_geom: robot0_back_left_caster_2
proxy_geom: scene_aabb_proxy_line_6_belt
judge_collision_detected:
robot_base_x: 10.488196
robot_base_y: -7.271722
robot_base_yaw: 3.134280
robot_geom: robot0_back_left_caster_2
proxy_geom: scene_aabb_proxy_line_6_output_side_protrusion
judge_collision_detected:
robot_base_x: 10.488196
robot_base_y: -7.271722
robot_base_yaw: 3.134280
robot_geom: robot0_back_right_caster_2
proxy_geom: scene_aabb_proxy_line_6_belt
judge_collision_detected:
robot_base_x: 10.488196
robot_base_y: -7.271722
robot_base_yaw: 3.134280
robot_geom: robot0_back_right_caster_2
proxy_geom: scene_aabb_proxy_line_6_output_side_protrusion
judge_collision_detected:
robot_base_x: 10.488196
robot_base_y: -7.271722
robot_base_yaw: 3.134280
robot_geom: robot0_base_collision
proxy_geom: scene_aabb_proxy_line_6_belt
judge_collision_detected:
robot_base_x: 10.488196
robot_base_y: -7.271722
robot_base_yaw: 3.134280
robot_geom: robot0_base_collision
proxy_geom: scene_aabb_proxy_line_6_output_side_protrusion
judge_collision_detected:
robot_base_x: 10.488196
robot_base_y: -7.271722
robot_base_yaw: 3.134280
robot_geom: robot0_base_collision
proxy_geom: scene_aabb_proxy_output_6
judge_collision_detected:
robot_base_x: 10.488196
robot_base_y: -7.271722
robot_base_yaw: 3.134280
robot_geom: robot0_base_collision
proxy_geom: scene_aabb_proxy_production_line_6
judge_collision_detected:
robot_base_x: 10.488196
robot_base_y: -7.271722
robot_base_yaw: 3.134280
robot_geom: robot0_torso_fixed_collision_box_1
proxy_geom: scene_aabb_proxy_line_6_belt
judge_collision_detected:
robot_base_x: 10.488196
robot_base_y: -7.271722
robot_base_yaw: 3.134280
robot_geom: robot0_torso_fixed_collision_box_1
proxy_geom: scene_aabb_proxy_line_6_output_side_protrusion
judge_collision_detected:
robot_base_x: 10.488196
robot_base_y: -7.271722
robot_base_yaw: 3.134280
robot_geom: robot0_torso_fixed_collision_box_1
proxy_geom: scene_aabb_proxy_output_6
judge_collision_detected:
robot_base_x: 10.488196
robot_base_y: -7.271722
robot_base_yaw: 3.134280
robot_geom: robot0_torso_fixed_collision_box_1
proxy_geom: scene_aabb_proxy_production_line_6
judge_collision_detected:
robot_base_x: 10.488196
robot_base_y: -7.271722
robot_base_yaw: 3.134280
robot_geom: robot0_torso_fixed_column_collision
proxy_geom: scene_aabb_proxy_line_6_belt
judge_collision_detected:
robot_base_x: 10.488196
robot_base_y: -7.271722
robot_base_yaw: 3.134280
robot_geom: robot0_torso_fixed_column_collision
proxy_geom: scene_aabb_proxy_line_6_output_side_protrusion
judge_collision_detected:
robot_base_x: 10.488196
robot_base_y: -7.271722
robot_base_yaw: 3.134280
robot_geom: robot0_wheel_left_collision
proxy_geom: scene_aabb_proxy_line_6_output_side_protrusion
judge_collision_detected:
robot_base_x: 10.488196
robot_base_y: -7.271722
robot_base_yaw: 3.134280
robot_geom: robot0_wheel_right_collision
proxy_geom: scene_aabb_proxy_line_6_output_side_protrusion
judge_collision_detected:
robot_base_x: 10.488196
robot_base_y: -7.271722
robot_base_yaw: 3.134280
robot_geom: robot0_wheel_right_collision
proxy_geom: scene_aabb_proxy_production_line_6
judge_collision_detected:
robot_base_x: 10.486110
robot_base_y: -7.271986
robot_base_yaw: 3.134223
robot_geom: robot0_back_left_caster_2
proxy_geom: scene_aabb_proxy_line_6_belt
judge_collision_detected:
robot_base_x: 10.486110
robot_base_y: -7.271986
robot_base_yaw: 3.134223
robot_geom: robot0_back_left_caster_2
proxy_geom: scene_aabb_proxy_line_6_output_side_protrusion
judge_collision_detected:
robot_base_x: 10.486110
robot_base_y: -7.271986
robot_base_yaw: 3.134223
robot_geom: robot0_back_right_caster_2
proxy_geom: scene_aabb_proxy_line_6_belt
judge_collision_detected:
robot_base_x: 10.486110
robot_base_y: -7.271986
robot_base_yaw: 3.134223
robot_geom: robot0_back_right_caster_2
proxy_geom: scene_aabb_proxy_line_6_output_side_protrusion
judge_collision_detected:
robot_base_x: 10.486110
robot_base_y: -7.271986
robot_base_yaw: 3.134223
robot_geom: robot0_base_collision
proxy_geom: scene_aabb_proxy_line_6_belt
judge_collision_detected:
robot_base_x: 10.486110
robot_base_y: -7.271986
robot_base_yaw: 3.134223
robot_geom: robot0_base_collision
proxy_geom: scene_aabb_proxy_line_6_output_side_protrusion
judge_collision_detected:
robot_base_x: 10.486110
robot_base_y: -7.271986
robot_base_yaw: 3.134223
robot_geom: robot0_base_collision
proxy_geom: scene_aabb_proxy_output_6
judge_collision_detected:
robot_base_x: 10.486110
robot_base_y: -7.271986
robot_base_yaw: 3.134223
robot_geom: robot0_base_collision
proxy_geom: scene_aabb_proxy_production_line_6
judge_collision_detected:
robot_base_x: 10.486110
robot_base_y: -7.271986
robot_base_yaw: 3.134223
robot_geom: robot0_torso_fixed_collision_box_1
proxy_geom: scene_aabb_proxy_line_6_belt
judge_collision_detected:
robot_base_x: 10.486110
robot_base_y: -7.271986
robot_base_yaw: 3.134223
robot_geom: robot0_torso_fixed_collision_box_1
proxy_geom: scene_aabb_proxy_line_6_output_side_protrusion
judge_collision_detected:
robot_base_x: 10.486110
robot_base_y: -7.271986
robot_base_yaw: 3.134223
robot_geom: robot0_torso_fixed_collision_box_1
proxy_geom: scene_aabb_proxy_output_6
judge_collision_detected:
robot_base_x: 10.486110
robot_base_y: -7.271986
robot_base_yaw: 3.134223
robot_geom: robot0_torso_fixed_collision_box_1
proxy_geom: scene_aabb_proxy_production_line_6
judge_collision_detected:
robot_base_x: 10.486110
robot_base_y: -7.271986
robot_base_yaw: 3.134223
robot_geom: robot0_torso_fixed_column_collision
proxy_geom: scene_aabb_proxy_line_6_belt
judge_collision_detected:
robot_base_x: 10.486110
robot_base_y: -7.271986
robot_base_yaw: 3.134223
robot_geom: robot0_torso_fixed_column_collision
proxy_geom: scene_aabb_proxy_line_6_output_side_protrusion
judge_collision_detected:
robot_base_x: 10.486110
robot_base_y: -7.271986
robot_base_yaw: 3.134223
robot_geom: robot0_wheel_left_collision
proxy_geom: scene_aabb_proxy_line_6_output_side_protrusion
judge_collision_detected:
robot_base_x: 10.486110
robot_base_y: -7.271986
robot_base_yaw: 3.134223
robot_geom: robot0_wheel_right_collision
proxy_geom: scene_aabb_proxy_line_6_output_side_protrusion
judge_collision_detected:
robot_base_x: 10.486110
robot_base_y: -7.271986
robot_base_yaw: 3.134223
robot_geom: robot0_wheel_right_collision
proxy_geom: scene_aabb_proxy_production_line_6
judge_collision_detected:
robot_base_x: 10.484112
robot_base_y: -7.272246
robot_base_yaw: 3.134166
robot_geom: robot0_back_left_caster_2
proxy_geom: scene_aabb_proxy_line_6_belt
judge_collision_detected:
robot_base_x: 10.484112
robot_base_y: -7.272246
robot_base_yaw: 3.134166
robot_geom: robot0_back_left_caster_2
proxy_geom: scene_aabb_proxy_line_6_output_side_protrusion
judge_collision_detected:
robot_base_x: 10.484112
robot_base_y: -7.272246
robot_base_yaw: 3.134166
robot_geom: robot0_back_right_caster_2
proxy_geom: scene_aabb_proxy_line_6_belt
judge_collision_detected:
robot_base_x: 10.484112
robot_base_y: -7.272246
robot_base_yaw: 3.134166
robot_geom: robot0_back_right_caster_2
proxy_geom: scene_aabb_proxy_line_6_output_side_protrusion
judge_collision_detected:
robot_base_x: 10.484112
robot_base_y: -7.272246
robot_base_yaw: 3.134166
robot_geom: robot0_base_collision
proxy_geom: scene_aabb_proxy_line_6_belt
judge_collision_detected:
robot_base_x: 10.484112
robot_base_y: -7.272246
robot_base_yaw: 3.134166
robot_geom: robot0_base_collision
proxy_geom: scene_aabb_proxy_line_6_output_side_protrusion
judge_collision_detected:
robot_base_x: 10.484112
robot_base_y: -7.272246
robot_base_yaw: 3.134166
robot_geom: robot0_base_collision
proxy_geom: scene_aabb_proxy_output_6
judge_collision_detected:
robot_base_x: 10.484112
robot_base_y: -7.272246
robot_base_yaw: 3.134166
robot_geom: robot0_base_collision
proxy_geom: scene_aabb_proxy_production_line_6
judge_collision_detected:
robot_base_x: 10.484112
robot_base_y: -7.272246
robot_base_yaw: 3.134166
robot_geom: robot0_torso_fixed_collision_box_1
proxy_geom: scene_aabb_proxy_line_6_belt
judge_collision_detected:
robot_base_x: 10.484112
robot_base_y: -7.272246
robot_base_yaw: 3.134166
robot_geom: robot0_torso_fixed_collision_box_1
proxy_geom: scene_aabb_proxy_line_6_output_side_protrusion
judge_collision_detected:
robot_base_x: 10.484112
robot_base_y: -7.272246
robot_base_yaw: 3.134166
robot_geom: robot0_torso_fixed_collision_box_1
proxy_geom: scene_aabb_proxy_output_6
judge_collision_detected:
robot_base_x: 10.484112
robot_base_y: -7.272246
robot_base_yaw: 3.134166
robot_geom: robot0_torso_fixed_collision_box_1
proxy_geom: scene_aabb_proxy_production_line_6
judge_collision_detected:
robot_base_x: 10.484112
robot_base_y: -7.272246
robot_base_yaw: 3.134166
robot_geom: robot0_torso_fixed_column_collision
proxy_geom: scene_aabb_proxy_line_6_belt
judge_collision_detected:
robot_base_x: 10.484112
robot_base_y: -7.272246
robot_base_yaw: 3.134166
robot_geom: robot0_torso_fixed_column_collision
proxy_geom: scene_aabb_proxy_line_6_output_side_protrusion
judge_collision_detected:
robot_base_x: 10.484112
robot_base_y: -7.272246
robot_base_yaw: 3.134166
robot_geom: robot0_wheel_left_collision
proxy_geom: scene_aabb_proxy_line_6_output_side_protrusion
judge_collision_detected:
robot_base_x: 10.484112
robot_base_y: -7.272246
robot_base_yaw: 3.134166
robot_geom: robot0_wheel_right_collision
proxy_geom: scene_aabb_proxy_line_6_output_side_protrusion
judge_collision_detected:
robot_base_x: 10.484112
robot_base_y: -7.272246
robot_base_yaw: 3.134166
robot_geom: robot0_wheel_right_collision
proxy_geom: scene_aabb_proxy_production_line_6
judge_collision_detected:
robot_base_x: 10.482200
robot_base_y: -7.272503
robot_base_yaw: 3.134117
robot_geom: robot0_back_left_caster_2
proxy_geom: scene_aabb_proxy_line_6_belt
judge_collision_detected:
robot_base_x: 10.482200
robot_base_y: -7.272503
robot_base_yaw: 3.134117
robot_geom: robot0_back_left_caster_2
proxy_geom: scene_aabb_proxy_line_6_output_side_protrusion
judge_collision_detected:
robot_base_x: 10.482200
robot_base_y: -7.272503
robot_base_yaw: 3.134117
robot_geom: robot0_back_right_caster_2
proxy_geom: scene_aabb_proxy_line_6_belt
judge_collision_detected:
robot_base_x: 10.482200
robot_base_y: -7.272503
robot_base_yaw: 3.134117
robot_geom: robot0_back_right_caster_2
proxy_geom: scene_aabb_proxy_line_6_output_side_protrusion
judge_collision_detected:
robot_base_x: 10.482200
robot_base_y: -7.272503
robot_base_yaw: 3.134117
robot_geom: robot0_base_collision
proxy_geom: scene_aabb_proxy_line_6_belt
judge_collision_detected:
robot_base_x: 10.482200
robot_base_y: -7.272503
robot_base_yaw: 3.134117
robot_geom: robot0_base_collision
proxy_geom: scene_aabb_proxy_line_6_output_side_protrusion
judge_collision_detected:
robot_base_x: 10.482200
robot_base_y: -7.272503
robot_base_yaw: 3.134117
robot_geom: robot0_base_collision
proxy_geom: scene_aabb_proxy_output_6
judge_collision_detected:
robot_base_x: 10.482200
robot_base_y: -7.272503
robot_base_yaw: 3.134117
robot_geom: robot0_base_collision
proxy_geom: scene_aabb_proxy_production_line_6
judge_collision_detected:
robot_base_x: 10.482200
robot_base_y: -7.272503
robot_base_yaw: 3.134117
robot_geom: robot0_torso_fixed_collision_box_1
proxy_geom: scene_aabb_proxy_line_6_belt
judge_collision_detected:
robot_base_x: 10.482200
robot_base_y: -7.272503
robot_base_yaw: 3.134117
robot_geom: robot0_torso_fixed_collision_box_1
proxy_geom: scene_aabb_proxy_line_6_output_side_protrusion
judge_collision_detected:
robot_base_x: 10.482200
robot_base_y: -7.272503
robot_base_yaw: 3.134117
robot_geom: robot0_torso_fixed_collision_box_1
proxy_geom: scene_aabb_proxy_output_6
judge_collision_detected:
robot_base_x: 10.482200
robot_base_y: -7.272503
robot_base_yaw: 3.134117
robot_geom: robot0_torso_fixed_collision_box_1
proxy_geom: scene_aabb_proxy_production_line_6
judge_collision_detected:
robot_base_x: 10.482200
robot_base_y: -7.272503
robot_base_yaw: 3.134117
robot_geom: robot0_torso_fixed_column_collision
proxy_geom: scene_aabb_proxy_line_6_belt
judge_collision_detected:
robot_base_x: 10.482200
robot_base_y: -7.272503
robot_base_yaw: 3.134117
robot_geom: robot0_torso_fixed_column_collision
proxy_geom: scene_aabb_proxy_line_6_output_side_protrusion
judge_collision_detected:
robot_base_x: 10.482200
robot_base_y: -7.272503
robot_base_yaw: 3.134117
robot_geom: robot0_wheel_left_collision
proxy_geom: scene_aabb_proxy_line_6_output_side_protrusion
judge_collision_detected:
robot_base_x: 10.482200
robot_base_y: -7.272503
robot_base_yaw: 3.134117
robot_geom: robot0_wheel_right_collision
proxy_geom: scene_aabb_proxy_line_6_output_side_protrusion
judge_collision_detected:
robot_base_x: 10.482200
robot_base_y: -7.272503
robot_base_yaw: 3.134117
robot_geom: robot0_wheel_right_collision
proxy_geom: scene_aabb_proxy_production_line_6
judge_collision_detected:
robot_base_x: 10.480362
robot_base_y: -7.272757
robot_base_yaw: 3.134067
robot_geom: robot0_back_left_caster_2
proxy_geom: scene_aabb_proxy_line_6_belt
judge_collision_detected:
robot_base_x: 10.480362
robot_base_y: -7.272757
robot_base_yaw: 3.134067
robot_geom: robot0_back_left_caster_2
proxy_geom: scene_aabb_proxy_line_6_output_side_protrusion
judge_collision_detected:
robot_base_x: 10.480362
robot_base_y: -7.272757
robot_base_yaw: 3.134067
robot_geom: robot0_back_right_caster_2
proxy_geom: scene_aabb_proxy_line_6_belt
judge_collision_detected:
robot_base_x: 10.480362
robot_base_y: -7.272757
robot_base_yaw: 3.134067
robot_geom: robot0_back_right_caster_2
proxy_geom: scene_aabb_proxy_line_6_output_side_protrusion
judge_collision_detected:
robot_base_x: 10.480362
robot_base_y: -7.272757
robot_base_yaw: 3.134067
robot_geom: robot0_base_collision
proxy_geom: scene_aabb_proxy_line_6_belt
judge_collision_detected:
robot_base_x: 10.480362
robot_base_y: -7.272757
robot_base_yaw: 3.134067
robot_geom: robot0_base_collision
proxy_geom: scene_aabb_proxy_line_6_output_side_protrusion
judge_collision_detected:
robot_base_x: 10.480362
robot_base_y: -7.272757
robot_base_yaw: 3.134067
robot_geom: robot0_base_collision
proxy_geom: scene_aabb_proxy_output_6
judge_collision_detected:
robot_base_x: 10.480362
robot_base_y: -7.272757
robot_base_yaw: 3.134067
robot_geom: robot0_base_collision
proxy_geom: scene_aabb_proxy_production_line_6
judge_collision_detected:
robot_base_x: 10.480362
robot_base_y: -7.272757
robot_base_yaw: 3.134067
robot_geom: robot0_torso_fixed_collision_box_1
proxy_geom: scene_aabb_proxy_line_6_belt
judge_collision_detected:
robot_base_x: 10.480362
robot_base_y: -7.272757
robot_base_yaw: 3.134067
robot_geom: robot0_torso_fixed_collision_box_1
proxy_geom: scene_aabb_proxy_line_6_output_side_protrusion
judge_collision_detected:
robot_base_x: 10.480362
robot_base_y: -7.272757
robot_base_yaw: 3.134067
robot_geom: robot0_torso_fixed_collision_box_1
proxy_geom: scene_aabb_proxy_output_6
judge_collision_detected:
robot_base_x: 10.480362
robot_base_y: -7.272757
robot_base_yaw: 3.134067
robot_geom: robot0_torso_fixed_collision_box_1
proxy_geom: scene_aabb_proxy_production_line_6
judge_collision_detected:
robot_base_x: 10.480362
robot_base_y: -7.272757
robot_base_yaw: 3.134067
robot_geom: robot0_torso_fixed_column_collision
proxy_geom: scene_aabb_proxy_line_6_belt
judge_collision_detected:
robot_base_x: 10.480362
robot_base_y: -7.272757
robot_base_yaw: 3.134067
robot_geom: robot0_torso_fixed_column_collision
proxy_geom: scene_aabb_proxy_line_6_output_side_protrusion
judge_collision_detected:
robot_base_x: 10.480362
robot_base_y: -7.272757
robot_base_yaw: 3.134067
robot_geom: robot0_wheel_left_collision
proxy_geom: scene_aabb_proxy_line_6_output_side_protrusion
judge_collision_detected:
robot_base_x: 10.480362
robot_base_y: -7.272757
robot_base_yaw: 3.134067
robot_geom: robot0_wheel_right_collision
proxy_geom: scene_aabb_proxy_line_6_output_side_protrusion
judge_collision_detected:
robot_base_x: 10.480362
robot_base_y: -7.272757
robot_base_yaw: 3.134067
robot_geom: robot0_wheel_right_collision
proxy_geom: scene_aabb_proxy_production_line_6
judge_collision_detected:
robot_base_x: 10.478592
robot_base_y: -7.273008
robot_base_yaw: 3.134016
robot_geom: robot0_back_left_caster_2
proxy_geom: scene_aabb_proxy_line_6_belt
judge_collision_detected:
robot_base_x: 10.478592
robot_base_y: -7.273008
robot_base_yaw: 3.134016
robot_geom: robot0_back_left_caster_2
proxy_geom: scene_aabb_proxy_line_6_output_side_protrusion
judge_collision_detected:
robot_base_x: 10.478592
robot_base_y: -7.273008
robot_base_yaw: 3.134016
robot_geom: robot0_back_right_caster_2
proxy_geom: scene_aabb_proxy_line_6_belt
judge_collision_detected:
robot_base_x: 10.478592
robot_base_y: -7.273008
robot_base_yaw: 3.134016
robot_geom: robot0_back_right_caster_2
proxy_geom: scene_aabb_proxy_line_6_output_side_protrusion
judge_collision_detected:
robot_base_x: 10.478592
robot_base_y: -7.273008
robot_base_yaw: 3.134016
robot_geom: robot0_base_collision
proxy_geom: scene_aabb_proxy_line_6_belt
judge_collision_detected:
robot_base_x: 10.478592
robot_base_y: -7.273008
robot_base_yaw: 3.134016
robot_geom: robot0_base_collision
proxy_geom: scene_aabb_proxy_line_6_output_side_protrusion
judge_collision_detected:
robot_base_x: 10.478592
robot_base_y: -7.273008
robot_base_yaw: 3.134016
robot_geom: robot0_base_collision
proxy_geom: scene_aabb_proxy_output_6
judge_collision_detected:
robot_base_x: 10.478592
robot_base_y: -7.273008
robot_base_yaw: 3.134016
robot_geom: robot0_base_collision
proxy_geom: scene_aabb_proxy_production_line_6
judge_collision_detected:
robot_base_x: 10.478592
robot_base_y: -7.273008
robot_base_yaw: 3.134016
robot_geom: robot0_torso_fixed_collision_box_1
proxy_geom: scene_aabb_proxy_line_6_belt
judge_collision_detected:
robot_base_x: 10.478592
robot_base_y: -7.273008
robot_base_yaw: 3.134016
robot_geom: robot0_torso_fixed_collision_box_1
proxy_geom: scene_aabb_proxy_line_6_output_side_protrusion
judge_collision_detected:
robot_base_x: 10.478592
robot_base_y: -7.273008
robot_base_yaw: 3.134016
robot_geom: robot0_torso_fixed_collision_box_1
proxy_geom: scene_aabb_proxy_output_6
judge_collision_detected:
robot_base_x: 10.478592
robot_base_y: -7.273008
robot_base_yaw: 3.134016
robot_geom: robot0_torso_fixed_collision_box_1
proxy_geom: scene_aabb_proxy_production_line_6
judge_collision_detected:
robot_base_x: 10.478592
robot_base_y: -7.273008
robot_base_yaw: 3.134016
robot_geom: robot0_torso_fixed_column_collision
proxy_geom: scene_aabb_proxy_line_6_belt
judge_collision_detected:
robot_base_x: 10.478592
robot_base_y: -7.273008
robot_base_yaw: 3.134016
robot_geom: robot0_torso_fixed_column_collision
proxy_geom: scene_aabb_proxy_line_6_output_side_protrusion
judge_collision_detected:
robot_base_x: 10.478592
robot_base_y: -7.273008
robot_base_yaw: 3.134016
robot_geom: robot0_wheel_left_collision
proxy_geom: scene_aabb_proxy_line_6_output_side_protrusion
judge_collision_detected:
robot_base_x: 10.478592
robot_base_y: -7.273008
robot_base_yaw: 3.134016
robot_geom: robot0_wheel_right_collision
proxy_geom: scene_aabb_proxy_line_6_output_side_protrusion
judge_collision_detected:
robot_base_x: 10.478592
robot_base_y: -7.273008
robot_base_yaw: 3.134016
robot_geom: robot0_wheel_right_collision
proxy_geom: scene_aabb_proxy_production_line_6
judge_collision_detected:
robot_base_x: 10.476885
robot_base_y: -7.273256
robot_base_yaw: 3.133965
robot_geom: robot0_back_left_caster_2
proxy_geom: scene_aabb_proxy_line_6_belt
judge_collision_detected:
robot_base_x: 10.476885
robot_base_y: -7.273256
robot_base_yaw: 3.133965
robot_geom: robot0_back_left_caster_2
proxy_geom: scene_aabb_proxy_line_6_output_side_protrusion
judge_collision_detected:
robot_base_x: 10.476885
robot_base_y: -7.273256
robot_base_yaw: 3.133965
robot_geom: robot0_back_right_caster_2
proxy_geom: scene_aabb_proxy_line_6_belt
judge_collision_detected:
robot_base_x: 10.476885
robot_base_y: -7.273256
robot_base_yaw: 3.133965
robot_geom: robot0_back_right_caster_2
proxy_geom: scene_aabb_proxy_line_6_output_side_protrusion
judge_collision_detected:
robot_base_x: 10.476885
robot_base_y: -7.273256
robot_base_yaw: 3.133965
robot_geom: robot0_base_collision
proxy_geom: scene_aabb_proxy_line_6_belt
judge_collision_detected:
robot_base_x: 10.476885
robot_base_y: -7.273256
robot_base_yaw: 3.133965
robot_geom: robot0_base_collision
proxy_geom: scene_aabb_proxy_line_6_output_side_protrusion
judge_collision_detected:
robot_base_x: 10.476885
robot_base_y: -7.273256
robot_base_yaw: 3.133965
robot_geom: robot0_base_collision
proxy_geom: scene_aabb_proxy_output_6
judge_collision_detected:
robot_base_x: 10.476885
robot_base_y: -7.273256
robot_base_yaw: 3.133965
robot_geom: robot0_base_collision
proxy_geom: scene_aabb_proxy_production_line_6
judge_collision_detected:
robot_base_x: 10.476885
robot_base_y: -7.273256
robot_base_yaw: 3.133965
robot_geom: robot0_torso_fixed_collision_box_1
proxy_geom: scene_aabb_proxy_line_6_belt
judge_collision_detected:
robot_base_x: 10.476885
robot_base_y: -7.273256
robot_base_yaw: 3.133965
robot_geom: robot0_torso_fixed_collision_box_1
proxy_geom: scene_aabb_proxy_line_6_output_side_protrusion
judge_collision_detected:
robot_base_x: 10.476885
robot_base_y: -7.273256
robot_base_yaw: 3.133965
robot_geom: robot0_torso_fixed_collision_box_1
proxy_geom: scene_aabb_proxy_output_6
judge_collision_detected:
robot_base_x: 10.476885
robot_base_y: -7.273256
robot_base_yaw: 3.133965
robot_geom: robot0_torso_fixed_collision_box_1
proxy_geom: scene_aabb_proxy_production_line_6
judge_collision_detected:
robot_base_x: 10.476885
robot_base_y: -7.273256
robot_base_yaw: 3.133965
robot_geom: robot0_torso_fixed_column_collision
proxy_geom: scene_aabb_proxy_line_6_belt
judge_collision_detected:
robot_base_x: 10.476885
robot_base_y: -7.273256
robot_base_yaw: 3.133965
robot_geom: robot0_torso_fixed_column_collision
proxy_geom: scene_aabb_proxy_line_6_output_side_protrusion
judge_collision_detected:
robot_base_x: 10.476885
robot_base_y: -7.273256
robot_base_yaw: 3.133965
robot_geom: robot0_wheel_left_collision
proxy_geom: scene_aabb_proxy_line_6_output_side_protrusion
judge_collision_detected:
robot_base_x: 10.476885
robot_base_y: -7.273256
robot_base_yaw: 3.133965
robot_geom: robot0_wheel_right_collision
proxy_geom: scene_aabb_proxy_line_6_output_side_protrusion
judge_collision_detected:
robot_base_x: 10.476885
robot_base_y: -7.273256
robot_base_yaw: 3.133965
robot_geom: robot0_wheel_right_collision
proxy_geom: scene_aabb_proxy_production_line_6
judge_collision_detected:
robot_base_x: 10.475064
robot_base_y: -7.273469
robot_base_yaw: 3.133370
robot_geom: robot0_back_left_caster_2
proxy_geom: scene_aabb_proxy_line_6_belt
judge_collision_detected:
robot_base_x: 10.475064
robot_base_y: -7.273469
robot_base_yaw: 3.133370
robot_geom: robot0_back_left_caster_2
proxy_geom: scene_aabb_proxy_line_6_output_side_protrusion
judge_collision_detected:
robot_base_x: 10.475064
robot_base_y: -7.273469
robot_base_yaw: 3.133370
robot_geom: robot0_back_right_caster_2
proxy_geom: scene_aabb_proxy_line_6_belt
judge_collision_detected:
robot_base_x: 10.475064
robot_base_y: -7.273469
robot_base_yaw: 3.133370
robot_geom: robot0_back_right_caster_2
proxy_geom: scene_aabb_proxy_line_6_output_side_protrusion
judge_collision_detected:
robot_base_x: 10.475064
robot_base_y: -7.273469
robot_base_yaw: 3.133370
robot_geom: robot0_base_collision
proxy_geom: scene_aabb_proxy_line_6_belt
judge_collision_detected:
robot_base_x: 10.475064
robot_base_y: -7.273469
robot_base_yaw: 3.133370
robot_geom: robot0_base_collision
proxy_geom: scene_aabb_proxy_line_6_output_side_protrusion
judge_collision_detected:
robot_base_x: 10.475064
robot_base_y: -7.273469
robot_base_yaw: 3.133370
robot_geom: robot0_base_collision
proxy_geom: scene_aabb_proxy_output_6
judge_collision_detected:
robot_base_x: 10.475064
robot_base_y: -7.273469
robot_base_yaw: 3.133370
robot_geom: robot0_base_collision
proxy_geom: scene_aabb_proxy_production_line_6
judge_collision_detected:
robot_base_x: 10.475064
robot_base_y: -7.273469
robot_base_yaw: 3.133370
robot_geom: robot0_torso_fixed_collision_box_1
proxy_geom: scene_aabb_proxy_line_6_belt
judge_collision_detected:
robot_base_x: 10.475064
robot_base_y: -7.273469
robot_base_yaw: 3.133370
robot_geom: robot0_torso_fixed_collision_box_1
proxy_geom: scene_aabb_proxy_line_6_output_side_protrusion
judge_collision_detected:
robot_base_x: 10.475064
robot_base_y: -7.273469
robot_base_yaw: 3.133370
robot_geom: robot0_torso_fixed_collision_box_1
proxy_geom: scene_aabb_proxy_output_6
judge_collision_detected:
robot_base_x: 10.475064
robot_base_y: -7.273469
robot_base_yaw: 3.133370
robot_geom: robot0_torso_fixed_collision_box_1
proxy_geom: scene_aabb_proxy_production_line_6
judge_collision_detected:
robot_base_x: 10.475064
robot_base_y: -7.273469
robot_base_yaw: 3.133370
robot_geom: robot0_torso_fixed_column_collision
proxy_geom: scene_aabb_proxy_line_6_belt
judge_collision_detected:
robot_base_x: 10.475064
robot_base_y: -7.273469
robot_base_yaw: 3.133370
robot_geom: robot0_torso_fixed_column_collision
proxy_geom: scene_aabb_proxy_line_6_output_side_protrusion
judge_collision_detected:
robot_base_x: 10.475064
robot_base_y: -7.273469
robot_base_yaw: 3.133370
robot_geom: robot0_wheel_left_collision
proxy_geom: scene_aabb_proxy_line_6_output_side_protrusion
judge_collision_detected:
robot_base_x: 10.475064
robot_base_y: -7.273469
robot_base_yaw: 3.133370
robot_geom: robot0_wheel_right_collision
proxy_geom: scene_aabb_proxy_line_6_output_side_protrusion
judge_collision_detected:
robot_base_x: 10.475064
robot_base_y: -7.273469
robot_base_yaw: 3.133370
robot_geom: robot0_wheel_right_collision
proxy_geom: scene_aabb_proxy_production_line_6
judge_collision_detected:
robot_base_x: 10.472359
robot_base_y: -7.273518
robot_base_yaw: 3.130146
robot_geom: robot0_back_left_caster_2
proxy_geom: scene_aabb_proxy_line_6_belt
judge_collision_detected:
robot_base_x: 10.472359
robot_base_y: -7.273518
robot_base_yaw: 3.130146
robot_geom: robot0_back_left_caster_2
proxy_geom: scene_aabb_proxy_line_6_output_side_protrusion
judge_collision_detected:
robot_base_x: 10.472359
robot_base_y: -7.273518
robot_base_yaw: 3.130146
robot_geom: robot0_back_right_caster_2
proxy_geom: scene_aabb_proxy_line_6_belt
judge_collision_detected:
robot_base_x: 10.472359
robot_base_y: -7.273518
robot_base_yaw: 3.130146
robot_geom: robot0_back_right_caster_2
proxy_geom: scene_aabb_proxy_line_6_output_side_protrusion
judge_collision_detected:
robot_base_x: 10.472359
robot_base_y: -7.273518
robot_base_yaw: 3.130146
robot_geom: robot0_base_collision
proxy_geom: scene_aabb_proxy_line_6_belt
judge_collision_detected:
robot_base_x: 10.472359
robot_base_y: -7.273518
robot_base_yaw: 3.130146
robot_geom: robot0_base_collision
proxy_geom: scene_aabb_proxy_line_6_output_side_protrusion
judge_collision_detected:
robot_base_x: 10.472359
robot_base_y: -7.273518
robot_base_yaw: 3.130146
robot_geom: robot0_base_collision
proxy_geom: scene_aabb_proxy_output_6
judge_collision_detected:
robot_base_x: 10.472359
robot_base_y: -7.273518
robot_base_yaw: 3.130146
robot_geom: robot0_base_collision
proxy_geom: scene_aabb_proxy_production_line_6
judge_collision_detected:
robot_base_x: 10.472359
robot_base_y: -7.273518
robot_base_yaw: 3.130146
robot_geom: robot0_torso_fixed_collision_box_1
proxy_geom: scene_aabb_proxy_line_6_belt
judge_collision_detected:
robot_base_x: 10.472359
robot_base_y: -7.273518
robot_base_yaw: 3.130146
robot_geom: robot0_torso_fixed_collision_box_1
proxy_geom: scene_aabb_proxy_line_6_output_side_protrusion
judge_collision_detected:
robot_base_x: 10.472359
robot_base_y: -7.273518
robot_base_yaw: 3.130146
robot_geom: robot0_torso_fixed_collision_box_1
proxy_geom: scene_aabb_proxy_output_6
judge_collision_detected:
robot_base_x: 10.472359
robot_base_y: -7.273518
robot_base_yaw: 3.130146
robot_geom: robot0_torso_fixed_collision_box_1
proxy_geom: scene_aabb_proxy_production_line_6
judge_collision_detected:
robot_base_x: 10.472359
robot_base_y: -7.273518
robot_base_yaw: 3.130146
robot_geom: robot0_torso_fixed_column_collision
proxy_geom: scene_aabb_proxy_line_6_belt
judge_collision_detected:
robot_base_x: 10.472359
robot_base_y: -7.273518
robot_base_yaw: 3.130146
robot_geom: robot0_torso_fixed_column_collision
proxy_geom: scene_aabb_proxy_line_6_output_side_protrusion
judge_collision_detected:
robot_base_x: 10.472359
robot_base_y: -7.273518
robot_base_yaw: 3.130146
robot_geom: robot0_wheel_left_collision
proxy_geom: scene_aabb_proxy_line_6_output_side_protrusion
judge_collision_detected:
robot_base_x: 10.472359
robot_base_y: -7.273518
robot_base_yaw: 3.130146
robot_geom: robot0_wheel_right_collision
proxy_geom: scene_aabb_proxy_line_6_output_side_protrusion
judge_collision_detected:
robot_base_x: 10.472359
robot_base_y: -7.273518
robot_base_yaw: 3.130146
robot_geom: robot0_wheel_right_collision
proxy_geom: scene_aabb_proxy_production_line_6
judge_collision_detected:
robot_base_x: 10.468362
robot_base_y: -7.273808
robot_base_yaw: 3.130245
robot_geom: robot0_back_left_caster_2
proxy_geom: scene_aabb_proxy_line_6_belt
judge_collision_detected:
robot_base_x: 10.468362
robot_base_y: -7.273808
robot_base_yaw: 3.130245
robot_geom: robot0_back_left_caster_2
proxy_geom: scene_aabb_proxy_line_6_output_side_protrusion
judge_collision_detected:
robot_base_x: 10.468362
robot_base_y: -7.273808
robot_base_yaw: 3.130245
robot_geom: robot0_back_right_caster_2
proxy_geom: scene_aabb_proxy_line_6_belt
judge_collision_detected:
robot_base_x: 10.468362
robot_base_y: -7.273808
robot_base_yaw: 3.130245
robot_geom: robot0_back_right_caster_2
proxy_geom: scene_aabb_proxy_line_6_output_side_protrusion
judge_collision_detected:
robot_base_x: 10.468362
robot_base_y: -7.273808
robot_base_yaw: 3.130245
robot_geom: robot0_base_collision
proxy_geom: scene_aabb_proxy_line_6_belt
judge_collision_detected:
robot_base_x: 10.468362
robot_base_y: -7.273808
robot_base_yaw: 3.130245
robot_geom: robot0_base_collision
proxy_geom: scene_aabb_proxy_line_6_output_side_protrusion
judge_collision_detected:
robot_base_x: 10.468362
robot_base_y: -7.273808
robot_base_yaw: 3.130245
robot_geom: robot0_base_collision
proxy_geom: scene_aabb_proxy_output_6
judge_collision_detected:
robot_base_x: 10.468362
robot_base_y: -7.273808
robot_base_yaw: 3.130245
robot_geom: robot0_base_collision
proxy_geom: scene_aabb_proxy_production_line_6
judge_collision_detected:
robot_base_x: 10.468362
robot_base_y: -7.273808
robot_base_yaw: 3.130245
robot_geom: robot0_torso_fixed_collision_box_1
proxy_geom: scene_aabb_proxy_line_6_belt
judge_collision_detected:
robot_base_x: 10.468362
robot_base_y: -7.273808
robot_base_yaw: 3.130245
robot_geom: robot0_torso_fixed_collision_box_1
proxy_geom: scene_aabb_proxy_line_6_output_side_protrusion
judge_collision_detected:
robot_base_x: 10.468362
robot_base_y: -7.273808
robot_base_yaw: 3.130245
robot_geom: robot0_torso_fixed_collision_box_1
proxy_geom: scene_aabb_proxy_output_6
judge_collision_detected:
robot_base_x: 10.468362
robot_base_y: -7.273808
robot_base_yaw: 3.130245
robot_geom: robot0_torso_fixed_collision_box_1
proxy_geom: scene_aabb_proxy_production_line_6
judge_collision_detected:
robot_base_x: 10.468362
robot_base_y: -7.273808
robot_base_yaw: 3.130245
robot_geom: robot0_torso_fixed_column_collision
proxy_geom: scene_aabb_proxy_line_6_belt
judge_collision_detected:
robot_base_x: 10.468362
robot_base_y: -7.273808
robot_base_yaw: 3.130245
robot_geom: robot0_torso_fixed_column_collision
proxy_geom: scene_aabb_proxy_line_6_output_side_protrusion
judge_collision_detected:
robot_base_x: 10.468362
robot_base_y: -7.273808
robot_base_yaw: 3.130245
robot_geom: robot0_wheel_left_collision
proxy_geom: scene_aabb_proxy_line_6_output_side_protrusion
judge_collision_detected:
robot_base_x: 10.468362
robot_base_y: -7.273808
robot_base_yaw: 3.130245
robot_geom: robot0_wheel_right_collision
proxy_geom: scene_aabb_proxy_line_6_output_side_protrusion
judge_collision_detected:
robot_base_x: 10.468362
robot_base_y: -7.273808
robot_base_yaw: 3.130245
robot_geom: robot0_wheel_right_collision
proxy_geom: scene_aabb_proxy_production_line_6
judge_collision_detected:
robot_base_x: 10.463289
robot_base_y: -7.274314
robot_base_yaw: 3.133160
robot_geom: robot0_back_left_caster_2
proxy_geom: scene_aabb_proxy_line_6_belt
judge_collision_detected:
robot_base_x: 10.463289
robot_base_y: -7.274314
robot_base_yaw: 3.133160
robot_geom: robot0_back_left_caster_2
proxy_geom: scene_aabb_proxy_line_6_output_side_protrusion
judge_collision_detected:
robot_base_x: 10.463289
robot_base_y: -7.274314
robot_base_yaw: 3.133160
robot_geom: robot0_back_right_caster_2
proxy_geom: scene_aabb_proxy_line_6_belt
judge_collision_detected:
robot_base_x: 10.463289
robot_base_y: -7.274314
robot_base_yaw: 3.133160
robot_geom: robot0_back_right_caster_2
proxy_geom: scene_aabb_proxy_line_6_output_side_protrusion
judge_collision_detected:
robot_base_x: 10.463289
robot_base_y: -7.274314
robot_base_yaw: 3.133160
robot_geom: robot0_base_collision
proxy_geom: scene_aabb_proxy_line_6_belt
judge_collision_detected:
robot_base_x: 10.463289
robot_base_y: -7.274314
robot_base_yaw: 3.133160
robot_geom: robot0_base_collision
proxy_geom: scene_aabb_proxy_line_6_output_side_protrusion
judge_collision_detected:
robot_base_x: 10.463289
robot_base_y: -7.274314
robot_base_yaw: 3.133160
robot_geom: robot0_base_collision
proxy_geom: scene_aabb_proxy_output_6
judge_collision_detected:
robot_base_x: 10.463289
robot_base_y: -7.274314
robot_base_yaw: 3.133160
robot_geom: robot0_base_collision
proxy_geom: scene_aabb_proxy_production_line_6
judge_collision_detected:
robot_base_x: 10.463289
robot_base_y: -7.274314
robot_base_yaw: 3.133160
robot_geom: robot0_front_left_caster_2
proxy_geom: scene_aabb_proxy_output_6
judge_collision_detected:
robot_base_x: 10.463289
robot_base_y: -7.274314
robot_base_yaw: 3.133160
robot_geom: robot0_front_right_caster_2
proxy_geom: scene_aabb_proxy_output_6
judge_collision_detected:
robot_base_x: 10.463289
robot_base_y: -7.274314
robot_base_yaw: 3.133160
robot_geom: robot0_torso_fixed_collision_box_1
proxy_geom: scene_aabb_proxy_line_6_belt
judge_collision_detected:
robot_base_x: 10.463289
robot_base_y: -7.274314
robot_base_yaw: 3.133160
robot_geom: robot0_torso_fixed_collision_box_1
proxy_geom: scene_aabb_proxy_line_6_output_side_protrusion
judge_collision_detected:
robot_base_x: 10.463289
robot_base_y: -7.274314
robot_base_yaw: 3.133160
robot_geom: robot0_torso_fixed_collision_box_1
proxy_geom: scene_aabb_proxy_output_6
judge_collision_detected:
robot_base_x: 10.463289
robot_base_y: -7.274314
robot_base_yaw: 3.133160
robot_geom: robot0_torso_fixed_collision_box_1
proxy_geom: scene_aabb_proxy_production_line_6
judge_collision_detected:
robot_base_x: 10.463289
robot_base_y: -7.274314
robot_base_yaw: 3.133160
robot_geom: robot0_torso_fixed_column_collision
proxy_geom: scene_aabb_proxy_line_6_belt
judge_collision_detected:
robot_base_x: 10.463289
robot_base_y: -7.274314
robot_base_yaw: 3.133160
robot_geom: robot0_torso_fixed_column_collision
proxy_geom: scene_aabb_proxy_line_6_output_side_protrusion
judge_collision_detected:
robot_base_x: 10.463289
robot_base_y: -7.274314
robot_base_yaw: 3.133160
robot_geom: robot0_wheel_left_collision
proxy_geom: scene_aabb_proxy_line_6_output_side_protrusion
judge_collision_detected:
robot_base_x: 10.463289
robot_base_y: -7.274314
robot_base_yaw: 3.133160
robot_geom: robot0_wheel_right_collision
proxy_geom: scene_aabb_proxy_line_6_output_side_protrusion
judge_collision_detected:
robot_base_x: 10.463289
robot_base_y: -7.274314
robot_base_yaw: 3.133160
robot_geom: robot0_wheel_right_collision
proxy_geom: scene_aabb_proxy_production_line_6
judge_collision_detected:
robot_base_x: 10.456465
robot_base_y: -7.274704
robot_base_yaw: 3.135142
robot_geom: robot0_back_left_caster_2
proxy_geom: scene_aabb_proxy_line_6_belt
judge_collision_detected:
robot_base_x: 10.456465
robot_base_y: -7.274704
robot_base_yaw: 3.135142
robot_geom: robot0_back_left_caster_2
proxy_geom: scene_aabb_proxy_line_6_output_side_protrusion
judge_collision_detected:
robot_base_x: 10.456465
robot_base_y: -7.274704
robot_base_yaw: 3.135142
robot_geom: robot0_back_right_caster_2
proxy_geom: scene_aabb_proxy_line_6_belt
judge_collision_detected:
robot_base_x: 10.456465
robot_base_y: -7.274704
robot_base_yaw: 3.135142
robot_geom: robot0_back_right_caster_2
proxy_geom: scene_aabb_proxy_line_6_output_side_protrusion
judge_collision_detected:
robot_base_x: 10.456465
robot_base_y: -7.274704
robot_base_yaw: 3.135142
robot_geom: robot0_base_collision
proxy_geom: scene_aabb_proxy_line_6_belt
judge_collision_detected:
robot_base_x: 10.456465
robot_base_y: -7.274704
robot_base_yaw: 3.135142
robot_geom: robot0_base_collision
proxy_geom: scene_aabb_proxy_line_6_output_side_protrusion
judge_collision_detected:
robot_base_x: 10.456465
robot_base_y: -7.274704
robot_base_yaw: 3.135142
robot_geom: robot0_base_collision
proxy_geom: scene_aabb_proxy_output_6
judge_collision_detected:
robot_base_x: 10.456465
robot_base_y: -7.274704
robot_base_yaw: 3.135142
robot_geom: robot0_base_collision
proxy_geom: scene_aabb_proxy_production_line_6
judge_collision_detected:
robot_base_x: 10.456465
robot_base_y: -7.274704
robot_base_yaw: 3.135142
robot_geom: robot0_front_left_caster_2
proxy_geom: scene_aabb_proxy_output_6
judge_collision_detected:
robot_base_x: 10.456465
robot_base_y: -7.274704
robot_base_yaw: 3.135142
robot_geom: robot0_front_right_caster_2
proxy_geom: scene_aabb_proxy_output_6
judge_collision_detected:
robot_base_x: 10.456465
robot_base_y: -7.274704
robot_base_yaw: 3.135142
robot_geom: robot0_torso_fixed_collision_box_1
proxy_geom: scene_aabb_proxy_line_6_belt
judge_collision_detected:
robot_base_x: 10.456465
robot_base_y: -7.274704
robot_base_yaw: 3.135142
robot_geom: robot0_torso_fixed_collision_box_1
proxy_geom: scene_aabb_proxy_line_6_output_side_protrusion
judge_collision_detected:
robot_base_x: 10.456465
robot_base_y: -7.274704
robot_base_yaw: 3.135142
robot_geom: robot0_torso_fixed_collision_box_1
proxy_geom: scene_aabb_proxy_output_6
judge_collision_detected:
robot_base_x: 10.456465
robot_base_y: -7.274704
robot_base_yaw: 3.135142
robot_geom: robot0_torso_fixed_collision_box_1
proxy_geom: scene_aabb_proxy_production_line_6
judge_collision_detected:
robot_base_x: 10.456465
robot_base_y: -7.274704
robot_base_yaw: 3.135142
robot_geom: robot0_torso_fixed_column_collision
proxy_geom: scene_aabb_proxy_line_6_output_side_protrusion
judge_collision_detected:
robot_base_x: 10.456465
robot_base_y: -7.274704
robot_base_yaw: 3.135142
robot_geom: robot0_wheel_left_collision
proxy_geom: scene_aabb_proxy_line_6_output_side_protrusion
judge_collision_detected:
robot_base_x: 10.456465
robot_base_y: -7.274704
robot_base_yaw: 3.135142
robot_geom: robot0_wheel_right_collision
proxy_geom: scene_aabb_proxy_line_6_output_side_protrusion
judge_collision_detected:
robot_base_x: 10.456465
robot_base_y: -7.274704
robot_base_yaw: 3.135142
robot_geom: robot0_wheel_right_collision
proxy_geom: scene_aabb_proxy_production_line_6
judge_collision_detected:
robot_base_x: 10.448460
robot_base_y: -7.275108
robot_base_yaw: 3.137433
robot_geom: robot0_back_left_caster_2
proxy_geom: scene_aabb_proxy_line_6_belt
judge_collision_detected:
robot_base_x: 10.448460
robot_base_y: -7.275108
robot_base_yaw: 3.137433
robot_geom: robot0_back_left_caster_2
proxy_geom: scene_aabb_proxy_line_6_output_side_protrusion
judge_collision_detected:
robot_base_x: 10.448460
robot_base_y: -7.275108
robot_base_yaw: 3.137433
robot_geom: robot0_back_right_caster_2
proxy_geom: scene_aabb_proxy_line_6_belt
judge_collision_detected:
robot_base_x: 10.448460
robot_base_y: -7.275108
robot_base_yaw: 3.137433
robot_geom: robot0_back_right_caster_2
proxy_geom: scene_aabb_proxy_line_6_output_side_protrusion
judge_collision_detected:
robot_base_x: 10.448460
robot_base_y: -7.275108
robot_base_yaw: 3.137433
robot_geom: robot0_base_collision
proxy_geom: scene_aabb_proxy_line_6_belt
judge_collision_detected:
robot_base_x: 10.448460
robot_base_y: -7.275108
robot_base_yaw: 3.137433
robot_geom: robot0_base_collision
proxy_geom: scene_aabb_proxy_line_6_output_side_protrusion
judge_collision_detected:
robot_base_x: 10.448460
robot_base_y: -7.275108
robot_base_yaw: 3.137433
robot_geom: robot0_base_collision
proxy_geom: scene_aabb_proxy_output_6
judge_collision_detected:
robot_base_x: 10.448460
robot_base_y: -7.275108
robot_base_yaw: 3.137433
robot_geom: robot0_base_collision
proxy_geom: scene_aabb_proxy_production_line_6
judge_collision_detected:
robot_base_x: 10.448460
robot_base_y: -7.275108
robot_base_yaw: 3.137433
robot_geom: robot0_front_left_caster_2
proxy_geom: scene_aabb_proxy_output_6
judge_collision_detected:
robot_base_x: 10.448460
robot_base_y: -7.275108
robot_base_yaw: 3.137433
robot_geom: robot0_front_right_caster_2
proxy_geom: scene_aabb_proxy_output_6
judge_collision_detected:
robot_base_x: 10.448460
robot_base_y: -7.275108
robot_base_yaw: 3.137433
robot_geom: robot0_torso_fixed_collision_box_1
proxy_geom: scene_aabb_proxy_line_6_belt
judge_collision_detected:
robot_base_x: 10.448460
robot_base_y: -7.275108
robot_base_yaw: 3.137433
robot_geom: robot0_torso_fixed_collision_box_1
proxy_geom: scene_aabb_proxy_line_6_output_side_protrusion
judge_collision_detected:
robot_base_x: 10.448460
robot_base_y: -7.275108
robot_base_yaw: 3.137433
robot_geom: robot0_torso_fixed_collision_box_1
proxy_geom: scene_aabb_proxy_output_6
judge_collision_detected:
robot_base_x: 10.448460
robot_base_y: -7.275108
robot_base_yaw: 3.137433
robot_geom: robot0_torso_fixed_collision_box_1
proxy_geom: scene_aabb_proxy_production_line_6
judge_collision_detected:
robot_base_x: 10.448460
robot_base_y: -7.275108
robot_base_yaw: 3.137433
robot_geom: robot0_torso_fixed_column_collision
proxy_geom: scene_aabb_proxy_line_6_output_side_protrusion
judge_collision_detected:
robot_base_x: 10.448460
robot_base_y: -7.275108
robot_base_yaw: 3.137433
robot_geom: robot0_wheel_left_collision
proxy_geom: scene_aabb_proxy_line_6_output_side_protrusion
judge_collision_detected:
robot_base_x: 10.448460
robot_base_y: -7.275108
robot_base_yaw: 3.137433
robot_geom: robot0_wheel_right_collision
proxy_geom: scene_aabb_proxy_line_6_output_side_protrusion
judge_collision_detected:
robot_base_x: 10.448460
robot_base_y: -7.275108
robot_base_yaw: 3.137433
robot_geom: robot0_wheel_right_collision
proxy_geom: scene_aabb_proxy_production_line_6
judge_collision_detected:
robot_base_x: 10.441499
robot_base_y: -7.275546
robot_base_yaw: 3.139400
robot_geom: robot0_back_left_caster_2
proxy_geom: scene_aabb_proxy_line_6_belt
judge_collision_detected:
robot_base_x: 10.441499
robot_base_y: -7.275546
robot_base_yaw: 3.139400
robot_geom: robot0_back_left_caster_2
proxy_geom: scene_aabb_proxy_line_6_output_side_protrusion
judge_collision_detected:
robot_base_x: 10.441499
robot_base_y: -7.275546
robot_base_yaw: 3.139400
robot_geom: robot0_back_right_caster_2
proxy_geom: scene_aabb_proxy_line_6_belt
judge_collision_detected:
robot_base_x: 10.441499
robot_base_y: -7.275546
robot_base_yaw: 3.139400
robot_geom: robot0_back_right_caster_2
proxy_geom: scene_aabb_proxy_line_6_output_side_protrusion
judge_collision_detected:
robot_base_x: 10.441499
robot_base_y: -7.275546
robot_base_yaw: 3.139400
robot_geom: robot0_base_collision
proxy_geom: scene_aabb_proxy_line_6_belt
judge_collision_detected:
robot_base_x: 10.441499
robot_base_y: -7.275546
robot_base_yaw: 3.139400
robot_geom: robot0_base_collision
proxy_geom: scene_aabb_proxy_line_6_output_side_protrusion
judge_collision_detected:
robot_base_x: 10.441499
robot_base_y: -7.275546
robot_base_yaw: 3.139400
robot_geom: robot0_base_collision
proxy_geom: scene_aabb_proxy_output_6
judge_collision_detected:
robot_base_x: 10.441499
robot_base_y: -7.275546
robot_base_yaw: 3.139400
robot_geom: robot0_base_collision
proxy_geom: scene_aabb_proxy_production_line_6
judge_collision_detected:
robot_base_x: 10.441499
robot_base_y: -7.275546
robot_base_yaw: 3.139400
robot_geom: robot0_front_left_caster_2
proxy_geom: scene_aabb_proxy_output_6
judge_collision_detected:
robot_base_x: 10.441499
robot_base_y: -7.275546
robot_base_yaw: 3.139400
robot_geom: robot0_front_right_caster_2
proxy_geom: scene_aabb_proxy_output_6
judge_collision_detected:
robot_base_x: 10.441499
robot_base_y: -7.275546
robot_base_yaw: 3.139400
robot_geom: robot0_torso_fixed_collision_box_1
proxy_geom: scene_aabb_proxy_line_6_belt
judge_collision_detected:
robot_base_x: 10.441499
robot_base_y: -7.275546
robot_base_yaw: 3.139400
robot_geom: robot0_torso_fixed_collision_box_1
proxy_geom: scene_aabb_proxy_line_6_output_side_protrusion
judge_collision_detected:
robot_base_x: 10.441499
robot_base_y: -7.275546
robot_base_yaw: 3.139400
robot_geom: robot0_torso_fixed_collision_box_1
proxy_geom: scene_aabb_proxy_output_6
judge_collision_detected:
robot_base_x: 10.441499
robot_base_y: -7.275546
robot_base_yaw: 3.139400
robot_geom: robot0_torso_fixed_collision_box_1
proxy_geom: scene_aabb_proxy_production_line_6
judge_collision_detected:
robot_base_x: 10.441499
robot_base_y: -7.275546
robot_base_yaw: 3.139400
robot_geom: robot0_torso_fixed_column_collision
proxy_geom: scene_aabb_proxy_line_6_output_side_protrusion
judge_collision_detected:
robot_base_x: 10.441499
robot_base_y: -7.275546
robot_base_yaw: 3.139400
robot_geom: robot0_wheel_left_collision
proxy_geom: scene_aabb_proxy_line_6_output_side_protrusion
judge_collision_detected:
robot_base_x: 10.441499
robot_base_y: -7.275546
robot_base_yaw: 3.139400
robot_geom: robot0_wheel_right_collision
proxy_geom: scene_aabb_proxy_line_6_output_side_protrusion
judge_collision_detected:
robot_base_x: 10.441499
robot_base_y: -7.275546
robot_base_yaw: 3.139400
robot_geom: robot0_wheel_right_collision
proxy_geom: scene_aabb_proxy_production_line_6
judge_collision_detected:
robot_base_x: 10.435707
robot_base_y: -7.275958
robot_base_yaw: 3.140326
robot_geom: robot0_back_left_caster_2
proxy_geom: scene_aabb_proxy_line_6_belt
judge_collision_detected:
robot_base_x: 10.435707
robot_base_y: -7.275958
robot_base_yaw: 3.140326
robot_geom: robot0_back_left_caster_2
proxy_geom: scene_aabb_proxy_line_6_output_side_protrusion
judge_collision_detected:
robot_base_x: 10.435707
robot_base_y: -7.275958
robot_base_yaw: 3.140326
robot_geom: robot0_back_right_caster_2
proxy_geom: scene_aabb_proxy_line_6_belt
judge_collision_detected:
robot_base_x: 10.435707
robot_base_y: -7.275958
robot_base_yaw: 3.140326
robot_geom: robot0_back_right_caster_2
proxy_geom: scene_aabb_proxy_line_6_output_side_protrusion
judge_collision_detected:
robot_base_x: 10.435707
robot_base_y: -7.275958
robot_base_yaw: 3.140326
robot_geom: robot0_base_collision
proxy_geom: scene_aabb_proxy_line_6_belt
judge_collision_detected:
robot_base_x: 10.435707
robot_base_y: -7.275958
robot_base_yaw: 3.140326
robot_geom: robot0_base_collision
proxy_geom: scene_aabb_proxy_line_6_output_side_protrusion
judge_collision_detected:
robot_base_x: 10.435707
robot_base_y: -7.275958
robot_base_yaw: 3.140326
robot_geom: robot0_base_collision
proxy_geom: scene_aabb_proxy_output_6
judge_collision_detected:
robot_base_x: 10.435707
robot_base_y: -7.275958
robot_base_yaw: 3.140326
robot_geom: robot0_base_collision
proxy_geom: scene_aabb_proxy_production_line_6
judge_collision_detected:
robot_base_x: 10.435707
robot_base_y: -7.275958
robot_base_yaw: 3.140326
robot_geom: robot0_front_left_caster_2
proxy_geom: scene_aabb_proxy_output_6
judge_collision_detected:
robot_base_x: 10.435707
robot_base_y: -7.275958
robot_base_yaw: 3.140326
robot_geom: robot0_front_right_caster_2
proxy_geom: scene_aabb_proxy_output_6
judge_collision_detected:
robot_base_x: 10.435707
robot_base_y: -7.275958
robot_base_yaw: 3.140326
robot_geom: robot0_torso_fixed_collision_box_1
proxy_geom: scene_aabb_proxy_line_6_belt
judge_collision_detected:
robot_base_x: 10.435707
robot_base_y: -7.275958
robot_base_yaw: 3.140326
robot_geom: robot0_torso_fixed_collision_box_1
proxy_geom: scene_aabb_proxy_line_6_output_side_protrusion
judge_collision_detected:
robot_base_x: 10.435707
robot_base_y: -7.275958
robot_base_yaw: 3.140326
robot_geom: robot0_torso_fixed_collision_box_1
proxy_geom: scene_aabb_proxy_output_6
judge_collision_detected:
robot_base_x: 10.435707
robot_base_y: -7.275958
robot_base_yaw: 3.140326
robot_geom: robot0_torso_fixed_collision_box_1
proxy_geom: scene_aabb_proxy_production_line_6
judge_collision_detected:
robot_base_x: 10.435707
robot_base_y: -7.275958
robot_base_yaw: 3.140326
robot_geom: robot0_torso_fixed_column_collision
proxy_geom: scene_aabb_proxy_line_6_output_side_protrusion
judge_collision_detected:
robot_base_x: 10.435707
robot_base_y: -7.275958
robot_base_yaw: 3.140326
robot_geom: robot0_wheel_left_collision
proxy_geom: scene_aabb_proxy_line_6_output_side_protrusion
judge_collision_detected:
robot_base_x: 10.435707
robot_base_y: -7.275958
robot_base_yaw: 3.140326
robot_geom: robot0_wheel_right_collision
proxy_geom: scene_aabb_proxy_line_6_output_side_protrusion
judge_collision_detected:
robot_base_x: 10.435707
robot_base_y: -7.275958
robot_base_yaw: 3.140326
robot_geom: robot0_wheel_right_collision
proxy_geom: scene_aabb_proxy_production_line_6
judge_collision_detected:
robot_base_x: 10.431181
robot_base_y: -7.276298
robot_base_yaw: 3.140600
robot_geom: robot0_back_left_caster_2
proxy_geom: scene_aabb_proxy_line_6_belt
judge_collision_detected:
robot_base_x: 10.431181
robot_base_y: -7.276298
robot_base_yaw: 3.140600
robot_geom: robot0_back_left_caster_2
proxy_geom: scene_aabb_proxy_line_6_output_side_protrusion
judge_collision_detected:
robot_base_x: 10.431181
robot_base_y: -7.276298
robot_base_yaw: 3.140600
robot_geom: robot0_back_right_caster_2
proxy_geom: scene_aabb_proxy_line_6_belt
judge_collision_detected:
robot_base_x: 10.431181
robot_base_y: -7.276298
robot_base_yaw: 3.140600
robot_geom: robot0_back_right_caster_2
proxy_geom: scene_aabb_proxy_line_6_output_side_protrusion
judge_collision_detected:
robot_base_x: 10.431181
robot_base_y: -7.276298
robot_base_yaw: 3.140600
robot_geom: robot0_base_collision
proxy_geom: scene_aabb_proxy_line_6_belt
judge_collision_detected:
robot_base_x: 10.431181
robot_base_y: -7.276298
robot_base_yaw: 3.140600
robot_geom: robot0_base_collision
proxy_geom: scene_aabb_proxy_line_6_output_side_protrusion
judge_collision_detected:
robot_base_x: 10.431181
robot_base_y: -7.276298
robot_base_yaw: 3.140600
robot_geom: robot0_base_collision
proxy_geom: scene_aabb_proxy_output_6
judge_collision_detected:
robot_base_x: 10.431181
robot_base_y: -7.276298
robot_base_yaw: 3.140600
robot_geom: robot0_base_collision
proxy_geom: scene_aabb_proxy_production_line_6
judge_collision_detected:
robot_base_x: 10.431181
robot_base_y: -7.276298
robot_base_yaw: 3.140600
robot_geom: robot0_front_left_caster_2
proxy_geom: scene_aabb_proxy_output_6
judge_collision_detected:
robot_base_x: 10.431181
robot_base_y: -7.276298
robot_base_yaw: 3.140600
robot_geom: robot0_front_right_caster_2
proxy_geom: scene_aabb_proxy_output_6
judge_collision_detected:
robot_base_x: 10.431181
robot_base_y: -7.276298
robot_base_yaw: 3.140600
robot_geom: robot0_torso_fixed_collision_box_1
proxy_geom: scene_aabb_proxy_line_6_belt
judge_collision_detected:
robot_base_x: 10.431181
robot_base_y: -7.276298
robot_base_yaw: 3.140600
robot_geom: robot0_torso_fixed_collision_box_1
proxy_geom: scene_aabb_proxy_line_6_output_side_protrusion
judge_collision_detected:
robot_base_x: 10.431181
robot_base_y: -7.276298
robot_base_yaw: 3.140600
robot_geom: robot0_torso_fixed_collision_box_1
proxy_geom: scene_aabb_proxy_output_6
judge_collision_detected:
robot_base_x: 10.431181
robot_base_y: -7.276298
robot_base_yaw: 3.140600
robot_geom: robot0_torso_fixed_collision_box_1
proxy_geom: scene_aabb_proxy_production_line_6
judge_collision_detected:
robot_base_x: 10.431181
robot_base_y: -7.276298
robot_base_yaw: 3.140600
robot_geom: robot0_torso_fixed_column_collision
proxy_geom: scene_aabb_proxy_line_6_output_side_protrusion
judge_collision_detected:
robot_base_x: 10.431181
robot_base_y: -7.276298
robot_base_yaw: 3.140600
robot_geom: robot0_wheel_left_collision
proxy_geom: scene_aabb_proxy_line_6_output_side_protrusion
judge_collision_detected:
robot_base_x: 10.431181
robot_base_y: -7.276298
robot_base_yaw: 3.140600
robot_geom: robot0_wheel_right_collision
proxy_geom: scene_aabb_proxy_line_6_output_side_protrusion
judge_collision_detected:
robot_base_x: 10.431181
robot_base_y: -7.276298
robot_base_yaw: 3.140600
robot_geom: robot0_wheel_right_collision
proxy_geom: scene_aabb_proxy_production_line_6
judge_collision_detected:
robot_base_x: 10.426357
robot_base_y: -7.276621
robot_base_yaw: 3.140976
robot_geom: robot0_back_left_caster_2
proxy_geom: scene_aabb_proxy_line_6_belt
judge_collision_detected:
robot_base_x: 10.426357
robot_base_y: -7.276621
robot_base_yaw: 3.140976
robot_geom: robot0_back_left_caster_2
proxy_geom: scene_aabb_proxy_line_6_output_side_protrusion
judge_collision_detected:
robot_base_x: 10.426357
robot_base_y: -7.276621
robot_base_yaw: 3.140976
robot_geom: robot0_back_right_caster_2
proxy_geom: scene_aabb_proxy_line_6_belt
judge_collision_detected:
robot_base_x: 10.426357
robot_base_y: -7.276621
robot_base_yaw: 3.140976
robot_geom: robot0_back_right_caster_2
proxy_geom: scene_aabb_proxy_line_6_output_side_protrusion
judge_collision_detected:
robot_base_x: 10.426357
robot_base_y: -7.276621
robot_base_yaw: 3.140976
robot_geom: robot0_base_collision
proxy_geom: scene_aabb_proxy_line_6_belt
judge_collision_detected:
robot_base_x: 10.426357
robot_base_y: -7.276621
robot_base_yaw: 3.140976
robot_geom: robot0_base_collision
proxy_geom: scene_aabb_proxy_line_6_output_side_protrusion
judge_collision_detected:
robot_base_x: 10.426357
robot_base_y: -7.276621
robot_base_yaw: 3.140976
robot_geom: robot0_base_collision
proxy_geom: scene_aabb_proxy_output_6
judge_collision_detected:
robot_base_x: 10.426357
robot_base_y: -7.276621
robot_base_yaw: 3.140976
robot_geom: robot0_base_collision
proxy_geom: scene_aabb_proxy_production_line_6
judge_collision_detected:
robot_base_x: 10.426357
robot_base_y: -7.276621
robot_base_yaw: 3.140976
robot_geom: robot0_front_left_caster_2
proxy_geom: scene_aabb_proxy_output_6
judge_collision_detected:
robot_base_x: 10.426357
robot_base_y: -7.276621
robot_base_yaw: 3.140976
robot_geom: robot0_front_right_caster_2
proxy_geom: scene_aabb_proxy_output_6
judge_collision_detected:
robot_base_x: 10.426357
robot_base_y: -7.276621
robot_base_yaw: 3.140976
robot_geom: robot0_torso_fixed_collision_box_1
proxy_geom: scene_aabb_proxy_line_6_belt
judge_collision_detected:
robot_base_x: 10.426357
robot_base_y: -7.276621
robot_base_yaw: 3.140976
robot_geom: robot0_torso_fixed_collision_box_1
proxy_geom: scene_aabb_proxy_line_6_output_side_protrusion
judge_collision_detected:
robot_base_x: 10.426357
robot_base_y: -7.276621
robot_base_yaw: 3.140976
robot_geom: robot0_torso_fixed_collision_box_1
proxy_geom: scene_aabb_proxy_output_6
judge_collision_detected:
robot_base_x: 10.426357
robot_base_y: -7.276621
robot_base_yaw: 3.140976
robot_geom: robot0_torso_fixed_collision_box_1
proxy_geom: scene_aabb_proxy_production_line_6
judge_collision_detected:
robot_base_x: 10.426357
robot_base_y: -7.276621
robot_base_yaw: 3.140976
robot_geom: robot0_torso_fixed_column_collision
proxy_geom: scene_aabb_proxy_line_6_output_side_protrusion
judge_collision_detected:
robot_base_x: 10.426357
robot_base_y: -7.276621
robot_base_yaw: 3.140976
robot_geom: robot0_wheel_left_collision
proxy_geom: scene_aabb_proxy_line_6_output_side_protrusion
judge_collision_detected:
robot_base_x: 10.426357
robot_base_y: -7.276621
robot_base_yaw: 3.140976
robot_geom: robot0_wheel_right_collision
proxy_geom: scene_aabb_proxy_line_6_output_side_protrusion
judge_collision_detected:
robot_base_x: 10.426357
robot_base_y: -7.276621
robot_base_yaw: 3.140976
robot_geom: robot0_wheel_right_collision
proxy_geom: scene_aabb_proxy_production_line_6
judge_collision_detected:
robot_base_x: 10.415365
robot_base_y: -7.277089
robot_base_yaw: 3.138948
robot_geom: robot0_back_left_caster_2
proxy_geom: scene_aabb_proxy_line_6_belt
judge_collision_detected:
robot_base_x: 10.415365
robot_base_y: -7.277089
robot_base_yaw: 3.138948
robot_geom: robot0_back_left_caster_2
proxy_geom: scene_aabb_proxy_line_6_output_side_protrusion
judge_collision_detected:
robot_base_x: 10.415365
robot_base_y: -7.277089
robot_base_yaw: 3.138948
robot_geom: robot0_back_right_caster_2
proxy_geom: scene_aabb_proxy_line_6_belt
judge_collision_detected:
robot_base_x: 10.415365
robot_base_y: -7.277089
robot_base_yaw: 3.138948
robot_geom: robot0_back_right_caster_2
proxy_geom: scene_aabb_proxy_line_6_output_side_protrusion
judge_collision_detected:
robot_base_x: 10.415365
robot_base_y: -7.277089
robot_base_yaw: 3.138948
robot_geom: robot0_base_collision
proxy_geom: scene_aabb_proxy_line_6_belt
judge_collision_detected:
robot_base_x: 10.415365
robot_base_y: -7.277089
robot_base_yaw: 3.138948
robot_geom: robot0_base_collision
proxy_geom: scene_aabb_proxy_line_6_output_side_protrusion
judge_collision_detected:
robot_base_x: 10.415365
robot_base_y: -7.277089
robot_base_yaw: 3.138948
robot_geom: robot0_base_collision
proxy_geom: scene_aabb_proxy_output_6
judge_collision_detected:
robot_base_x: 10.415365
robot_base_y: -7.277089
robot_base_yaw: 3.138948
robot_geom: robot0_base_collision
proxy_geom: scene_aabb_proxy_production_line_6
judge_collision_detected:
robot_base_x: 10.415365
robot_base_y: -7.277089
robot_base_yaw: 3.138948
robot_geom: robot0_front_left_caster_2
proxy_geom: scene_aabb_proxy_output_6
judge_collision_detected:
robot_base_x: 10.415365
robot_base_y: -7.277089
robot_base_yaw: 3.138948
robot_geom: robot0_front_right_caster_2
proxy_geom: scene_aabb_proxy_output_6
judge_collision_detected:
robot_base_x: 10.415365
robot_base_y: -7.277089
robot_base_yaw: 3.138948
robot_geom: robot0_torso_fixed_collision_box_1
proxy_geom: scene_aabb_proxy_line_6_belt
judge_collision_detected:
robot_base_x: 10.415365
robot_base_y: -7.277089
robot_base_yaw: 3.138948
robot_geom: robot0_torso_fixed_collision_box_1
proxy_geom: scene_aabb_proxy_line_6_output_side_protrusion
judge_collision_detected:
robot_base_x: 10.415365
robot_base_y: -7.277089
robot_base_yaw: 3.138948
robot_geom: robot0_torso_fixed_collision_box_1
proxy_geom: scene_aabb_proxy_output_6
judge_collision_detected:
robot_base_x: 10.415365
robot_base_y: -7.277089
robot_base_yaw: 3.138948
robot_geom: robot0_torso_fixed_collision_box_1
proxy_geom: scene_aabb_proxy_production_line_6
judge_collision_detected:
robot_base_x: 10.415365
robot_base_y: -7.277089
robot_base_yaw: 3.138948
robot_geom: robot0_torso_fixed_column_collision
proxy_geom: scene_aabb_proxy_line_6_output_side_protrusion
judge_collision_detected:
robot_base_x: 10.415365
robot_base_y: -7.277089
robot_base_yaw: 3.138948
robot_geom: robot0_wheel_left_collision
proxy_geom: scene_aabb_proxy_line_6_output_side_protrusion
judge_collision_detected:
robot_base_x: 10.415365
robot_base_y: -7.277089
robot_base_yaw: 3.138948
robot_geom: robot0_wheel_right_collision
proxy_geom: scene_aabb_proxy_line_6_output_side_protrusion
judge_collision_detected:
robot_base_x: 10.415365
robot_base_y: -7.277089
robot_base_yaw: 3.138948
robot_geom: robot0_wheel_right_collision
proxy_geom: scene_aabb_proxy_production_line_6
judge_collision_detected:
robot_base_x: 10.407154
robot_base_y: -7.277544
robot_base_yaw: 3.138275
robot_geom: robot0_back_left_caster_2
proxy_geom: scene_aabb_proxy_line_6_output_side_protrusion
judge_collision_detected:
robot_base_x: 10.407154
robot_base_y: -7.277544
robot_base_yaw: 3.138275
robot_geom: robot0_back_right_caster_2
proxy_geom: scene_aabb_proxy_line_6_output_side_protrusion
judge_collision_detected:
robot_base_x: 10.407154
robot_base_y: -7.277544
robot_base_yaw: 3.138275
robot_geom: robot0_base_collision
proxy_geom: scene_aabb_proxy_line_6_belt
judge_collision_detected:
robot_base_x: 10.407154
robot_base_y: -7.277544
robot_base_yaw: 3.138275
robot_geom: robot0_base_collision
proxy_geom: scene_aabb_proxy_line_6_output_side_protrusion
judge_collision_detected:
robot_base_x: 10.407154
robot_base_y: -7.277544
robot_base_yaw: 3.138275
robot_geom: robot0_base_collision
proxy_geom: scene_aabb_proxy_output_6
judge_collision_detected:
robot_base_x: 10.407154
robot_base_y: -7.277544
robot_base_yaw: 3.138275
robot_geom: robot0_base_collision
proxy_geom: scene_aabb_proxy_production_line_6
judge_collision_detected:
robot_base_x: 10.407154
robot_base_y: -7.277544
robot_base_yaw: 3.138275
robot_geom: robot0_front_left_caster_2
proxy_geom: scene_aabb_proxy_output_6
judge_collision_detected:
robot_base_x: 10.407154
robot_base_y: -7.277544
robot_base_yaw: 3.138275
robot_geom: robot0_front_right_caster_2
proxy_geom: scene_aabb_proxy_output_6
judge_collision_detected:
robot_base_x: 10.407154
robot_base_y: -7.277544
robot_base_yaw: 3.138275
robot_geom: robot0_torso_fixed_collision_box_1
proxy_geom: scene_aabb_proxy_line_6_belt
judge_collision_detected:
robot_base_x: 10.407154
robot_base_y: -7.277544
robot_base_yaw: 3.138275
robot_geom: robot0_torso_fixed_collision_box_1
proxy_geom: scene_aabb_proxy_line_6_output_side_protrusion
judge_collision_detected:
robot_base_x: 10.407154
robot_base_y: -7.277544
robot_base_yaw: 3.138275
robot_geom: robot0_torso_fixed_collision_box_1
proxy_geom: scene_aabb_proxy_output_6
judge_collision_detected:
robot_base_x: 10.407154
robot_base_y: -7.277544
robot_base_yaw: 3.138275
robot_geom: robot0_torso_fixed_collision_box_1
proxy_geom: scene_aabb_proxy_production_line_6
judge_collision_detected:
robot_base_x: 10.407154
robot_base_y: -7.277544
robot_base_yaw: 3.138275
robot_geom: robot0_torso_fixed_column_collision
proxy_geom: scene_aabb_proxy_line_6_output_side_protrusion
judge_collision_detected:
robot_base_x: 10.407154
robot_base_y: -7.277544
robot_base_yaw: 3.138275
robot_geom: robot0_wheel_left_collision
proxy_geom: scene_aabb_proxy_line_6_output_side_protrusion
judge_collision_detected:
robot_base_x: 10.407154
robot_base_y: -7.277544
robot_base_yaw: 3.138275
robot_geom: robot0_wheel_right_collision
proxy_geom: scene_aabb_proxy_line_6_output_side_protrusion
judge_collision_detected:
robot_base_x: 10.407154
robot_base_y: -7.277544
robot_base_yaw: 3.138275
robot_geom: robot0_wheel_right_collision
proxy_geom: scene_aabb_proxy_production_line_6
judge_collision_detected:
robot_base_x: 10.400200
robot_base_y: -7.278010
robot_base_yaw: 3.137693
robot_geom: robot0_back_left_caster_2
proxy_geom: scene_aabb_proxy_line_6_output_side_protrusion
judge_collision_detected:
robot_base_x: 10.400200
robot_base_y: -7.278010
robot_base_yaw: 3.137693
robot_geom: robot0_back_right_caster_2
proxy_geom: scene_aabb_proxy_line_6_output_side_protrusion
judge_collision_detected:
robot_base_x: 10.400200
robot_base_y: -7.278010
robot_base_yaw: 3.137693
robot_geom: robot0_base_collision
proxy_geom: scene_aabb_proxy_line_6_belt
judge_collision_detected:
robot_base_x: 10.400200
robot_base_y: -7.278010
robot_base_yaw: 3.137693
robot_geom: robot0_base_collision
proxy_geom: scene_aabb_proxy_line_6_output_side_protrusion
judge_collision_detected:
robot_base_x: 10.400200
robot_base_y: -7.278010
robot_base_yaw: 3.137693
robot_geom: robot0_base_collision
proxy_geom: scene_aabb_proxy_output_6
judge_collision_detected:
robot_base_x: 10.400200
robot_base_y: -7.278010
robot_base_yaw: 3.137693
robot_geom: robot0_base_collision
proxy_geom: scene_aabb_proxy_production_line_6
judge_collision_detected:
robot_base_x: 10.400200
robot_base_y: -7.278010
robot_base_yaw: 3.137693
robot_geom: robot0_front_left_caster_2
proxy_geom: scene_aabb_proxy_output_6
judge_collision_detected:
robot_base_x: 10.400200
robot_base_y: -7.278010
robot_base_yaw: 3.137693
robot_geom: robot0_front_right_caster_2
proxy_geom: scene_aabb_proxy_output_6
judge_collision_detected:
robot_base_x: 10.400200
robot_base_y: -7.278010
robot_base_yaw: 3.137693
robot_geom: robot0_torso_fixed_collision_box_1
proxy_geom: scene_aabb_proxy_line_6_belt
judge_collision_detected:
robot_base_x: 10.400200
robot_base_y: -7.278010
robot_base_yaw: 3.137693
robot_geom: robot0_torso_fixed_collision_box_1
proxy_geom: scene_aabb_proxy_line_6_output_side_protrusion
judge_collision_detected:
robot_base_x: 10.400200
robot_base_y: -7.278010
robot_base_yaw: 3.137693
robot_geom: robot0_torso_fixed_collision_box_1
proxy_geom: scene_aabb_proxy_output_6
judge_collision_detected:
robot_base_x: 10.400200
robot_base_y: -7.278010
robot_base_yaw: 3.137693
robot_geom: robot0_torso_fixed_collision_box_1
proxy_geom: scene_aabb_proxy_production_line_6
judge_collision_detected:
robot_base_x: 10.400200
robot_base_y: -7.278010
robot_base_yaw: 3.137693
robot_geom: robot0_torso_fixed_column_collision
proxy_geom: scene_aabb_proxy_line_6_output_side_protrusion
judge_collision_detected:
robot_base_x: 10.400200
robot_base_y: -7.278010
robot_base_yaw: 3.137693
robot_geom: robot0_wheel_left_collision
proxy_geom: scene_aabb_proxy_line_6_output_side_protrusion
judge_collision_detected:
robot_base_x: 10.400200
robot_base_y: -7.278010
robot_base_yaw: 3.137693
robot_geom: robot0_wheel_right_collision
proxy_geom: scene_aabb_proxy_line_6_output_side_protrusion
judge_collision_detected:
robot_base_x: 10.400200
robot_base_y: -7.278010
robot_base_yaw: 3.137693
robot_geom: robot0_wheel_right_collision
proxy_geom: scene_aabb_proxy_production_line_6
judge_collision_detected:
robot_base_x: 10.394070
robot_base_y: -7.278452
robot_base_yaw: 3.137249
robot_geom: robot0_back_left_caster_2
proxy_geom: scene_aabb_proxy_line_6_output_side_protrusion
judge_collision_detected:
robot_base_x: 10.394070
robot_base_y: -7.278452
robot_base_yaw: 3.137249
robot_geom: robot0_back_right_caster_2
proxy_geom: scene_aabb_proxy_line_6_output_side_protrusion
judge_collision_detected:
robot_base_x: 10.394070
robot_base_y: -7.278452
robot_base_yaw: 3.137249
robot_geom: robot0_base_collision
proxy_geom: scene_aabb_proxy_line_6_belt
judge_collision_detected:
robot_base_x: 10.394070
robot_base_y: -7.278452
robot_base_yaw: 3.137249
robot_geom: robot0_base_collision
proxy_geom: scene_aabb_proxy_line_6_output_side_protrusion
judge_collision_detected:
robot_base_x: 10.394070
robot_base_y: -7.278452
robot_base_yaw: 3.137249
robot_geom: robot0_base_collision
proxy_geom: scene_aabb_proxy_output_6
judge_collision_detected:
robot_base_x: 10.394070
robot_base_y: -7.278452
robot_base_yaw: 3.137249
robot_geom: robot0_base_collision
proxy_geom: scene_aabb_proxy_production_line_6
judge_collision_detected:
robot_base_x: 10.394070
robot_base_y: -7.278452
robot_base_yaw: 3.137249
robot_geom: robot0_front_left_caster_2
proxy_geom: scene_aabb_proxy_output_6
judge_collision_detected:
robot_base_x: 10.394070
robot_base_y: -7.278452
robot_base_yaw: 3.137249
robot_geom: robot0_front_right_caster_2
proxy_geom: scene_aabb_proxy_output_6
judge_collision_detected:
robot_base_x: 10.394070
robot_base_y: -7.278452
robot_base_yaw: 3.137249
robot_geom: robot0_torso_fixed_collision_box_1
proxy_geom: scene_aabb_proxy_line_6_output_side_protrusion
judge_collision_detected:
robot_base_x: 10.394070
robot_base_y: -7.278452
robot_base_yaw: 3.137249
robot_geom: robot0_torso_fixed_collision_box_1
proxy_geom: scene_aabb_proxy_output_6
judge_collision_detected:
robot_base_x: 10.394070
robot_base_y: -7.278452
robot_base_yaw: 3.137249
robot_geom: robot0_torso_fixed_collision_box_1
proxy_geom: scene_aabb_proxy_production_line_6
judge_collision_detected:
robot_base_x: 10.394070
robot_base_y: -7.278452
robot_base_yaw: 3.137249
robot_geom: robot0_torso_fixed_column_collision
proxy_geom: scene_aabb_proxy_line_6_output_side_protrusion
judge_collision_detected:
robot_base_x: 10.394070
robot_base_y: -7.278452
robot_base_yaw: 3.137249
robot_geom: robot0_wheel_left_collision
proxy_geom: scene_aabb_proxy_line_6_output_side_protrusion
judge_collision_detected:
robot_base_x: 10.394070
robot_base_y: -7.278452
robot_base_yaw: 3.137249
robot_geom: robot0_wheel_right_collision
proxy_geom: scene_aabb_proxy_line_6_output_side_protrusion
judge_collision_detected:
robot_base_x: 10.394070
robot_base_y: -7.278452
robot_base_yaw: 3.137249
robot_geom: robot0_wheel_right_collision
proxy_geom: scene_aabb_proxy_production_line_6
judge_collision_detected:
robot_base_x: 10.388479
robot_base_y: -7.278868
robot_base_yaw: 3.136849
robot_geom: robot0_back_left_caster_2
proxy_geom: scene_aabb_proxy_line_6_output_side_protrusion
judge_collision_detected:
robot_base_x: 10.388479
robot_base_y: -7.278868
robot_base_yaw: 3.136849
robot_geom: robot0_back_right_caster_2
proxy_geom: scene_aabb_proxy_line_6_output_side_protrusion
judge_collision_detected:
robot_base_x: 10.388479
robot_base_y: -7.278868
robot_base_yaw: 3.136849
robot_geom: robot0_base_collision
proxy_geom: scene_aabb_proxy_line_6_belt
judge_collision_detected:
robot_base_x: 10.388479
robot_base_y: -7.278868
robot_base_yaw: 3.136849
robot_geom: robot0_base_collision
proxy_geom: scene_aabb_proxy_line_6_output_side_protrusion
judge_collision_detected:
robot_base_x: 10.388479
robot_base_y: -7.278868
robot_base_yaw: 3.136849
robot_geom: robot0_base_collision
proxy_geom: scene_aabb_proxy_output_6
judge_collision_detected:
robot_base_x: 10.388479
robot_base_y: -7.278868
robot_base_yaw: 3.136849
robot_geom: robot0_base_collision
proxy_geom: scene_aabb_proxy_production_line_6
judge_collision_detected:
robot_base_x: 10.388479
robot_base_y: -7.278868
robot_base_yaw: 3.136849
robot_geom: robot0_front_left_caster_2
proxy_geom: scene_aabb_proxy_output_6
judge_collision_detected:
robot_base_x: 10.388479
robot_base_y: -7.278868
robot_base_yaw: 3.136849
robot_geom: robot0_front_right_caster_2
proxy_geom: scene_aabb_proxy_output_6
judge_collision_detected:
robot_base_x: 10.388479
robot_base_y: -7.278868
robot_base_yaw: 3.136849
robot_geom: robot0_torso_fixed_collision_box_1
proxy_geom: scene_aabb_proxy_line_6_output_side_protrusion
judge_collision_detected:
robot_base_x: 10.388479
robot_base_y: -7.278868
robot_base_yaw: 3.136849
robot_geom: robot0_torso_fixed_collision_box_1
proxy_geom: scene_aabb_proxy_output_6
judge_collision_detected:
robot_base_x: 10.388479
robot_base_y: -7.278868
robot_base_yaw: 3.136849
robot_geom: robot0_torso_fixed_collision_box_1
proxy_geom: scene_aabb_proxy_production_line_6
judge_collision_detected:
robot_base_x: 10.388479
robot_base_y: -7.278868
robot_base_yaw: 3.136849
robot_geom: robot0_torso_fixed_column_collision
proxy_geom: scene_aabb_proxy_line_6_output_side_protrusion
judge_collision_detected:
robot_base_x: 10.388479
robot_base_y: -7.278868
robot_base_yaw: 3.136849
robot_geom: robot0_wheel_left_collision
proxy_geom: scene_aabb_proxy_line_6_output_side_protrusion
judge_collision_detected:
robot_base_x: 10.388479
robot_base_y: -7.278868
robot_base_yaw: 3.136849
robot_geom: robot0_wheel_right_collision
proxy_geom: scene_aabb_proxy_line_6_output_side_protrusion
judge_collision_detected:
robot_base_x: 10.388479
robot_base_y: -7.278868
robot_base_yaw: 3.136849
robot_geom: robot0_wheel_right_collision
proxy_geom: scene_aabb_proxy_production_line_6
judge_collision_detected:
robot_base_x: 10.383478
robot_base_y: -7.279237
robot_base_yaw: 3.136726
robot_geom: robot0_back_left_caster_2
proxy_geom: scene_aabb_proxy_line_6_output_side_protrusion
judge_collision_detected:
robot_base_x: 10.383478
robot_base_y: -7.279237
robot_base_yaw: 3.136726
robot_geom: robot0_back_right_caster_2
proxy_geom: scene_aabb_proxy_line_6_output_side_protrusion
judge_collision_detected:
robot_base_x: 10.383478
robot_base_y: -7.279237
robot_base_yaw: 3.136726
robot_geom: robot0_base_collision
proxy_geom: scene_aabb_proxy_line_6_belt
judge_collision_detected:
robot_base_x: 10.383478
robot_base_y: -7.279237
robot_base_yaw: 3.136726
robot_geom: robot0_base_collision
proxy_geom: scene_aabb_proxy_line_6_output_side_protrusion
judge_collision_detected:
robot_base_x: 10.383478
robot_base_y: -7.279237
robot_base_yaw: 3.136726
robot_geom: robot0_base_collision
proxy_geom: scene_aabb_proxy_output_6
judge_collision_detected:
robot_base_x: 10.383478
robot_base_y: -7.279237
robot_base_yaw: 3.136726
robot_geom: robot0_base_collision
proxy_geom: scene_aabb_proxy_production_line_6
judge_collision_detected:
robot_base_x: 10.383478
robot_base_y: -7.279237
robot_base_yaw: 3.136726
robot_geom: robot0_front_left_caster_2
proxy_geom: scene_aabb_proxy_output_6
judge_collision_detected:
robot_base_x: 10.383478
robot_base_y: -7.279237
robot_base_yaw: 3.136726
robot_geom: robot0_front_right_caster_2
proxy_geom: scene_aabb_proxy_output_6
judge_collision_detected:
robot_base_x: 10.383478
robot_base_y: -7.279237
robot_base_yaw: 3.136726
robot_geom: robot0_torso_fixed_collision_box_1
proxy_geom: scene_aabb_proxy_line_6_output_side_protrusion
judge_collision_detected:
robot_base_x: 10.383478
robot_base_y: -7.279237
robot_base_yaw: 3.136726
robot_geom: robot0_torso_fixed_collision_box_1
proxy_geom: scene_aabb_proxy_output_6
judge_collision_detected:
robot_base_x: 10.383478
robot_base_y: -7.279237
robot_base_yaw: 3.136726
robot_geom: robot0_torso_fixed_collision_box_1
proxy_geom: scene_aabb_proxy_production_line_6
judge_collision_detected:
robot_base_x: 10.383478
robot_base_y: -7.279237
robot_base_yaw: 3.136726
robot_geom: robot0_torso_fixed_column_collision
proxy_geom: scene_aabb_proxy_line_6_output_side_protrusion
judge_collision_detected:
robot_base_x: 10.383478
robot_base_y: -7.279237
robot_base_yaw: 3.136726
robot_geom: robot0_wheel_left_collision
proxy_geom: scene_aabb_proxy_line_6_output_side_protrusion
judge_collision_detected:
robot_base_x: 10.383478
robot_base_y: -7.279237
robot_base_yaw: 3.136726
robot_geom: robot0_wheel_left_collision
proxy_geom: scene_aabb_proxy_output_6
judge_collision_detected:
robot_base_x: 10.383478
robot_base_y: -7.279237
robot_base_yaw: 3.136726
robot_geom: robot0_wheel_right_collision
proxy_geom: scene_aabb_proxy_line_6_output_side_protrusion
judge_collision_detected:
robot_base_x: 10.383478
robot_base_y: -7.279237
robot_base_yaw: 3.136726
robot_geom: robot0_wheel_right_collision
proxy_geom: scene_aabb_proxy_output_6
judge_collision_detected:
robot_base_x: 10.383478
robot_base_y: -7.279237
robot_base_yaw: 3.136726
robot_geom: robot0_wheel_right_collision
proxy_geom: scene_aabb_proxy_production_line_6
judge_collision_detected:
robot_base_x: 10.380365
robot_base_y: -7.279552
robot_base_yaw: 3.136536
robot_geom: robot0_back_left_caster_2
proxy_geom: scene_aabb_proxy_line_6_output_side_protrusion
judge_collision_detected:
robot_base_x: 10.380365
robot_base_y: -7.279552
robot_base_yaw: 3.136536
robot_geom: robot0_back_right_caster_2
proxy_geom: scene_aabb_proxy_line_6_output_side_protrusion
judge_collision_detected:
robot_base_x: 10.380365
robot_base_y: -7.279552
robot_base_yaw: 3.136536
robot_geom: robot0_base_collision
proxy_geom: scene_aabb_proxy_line_6_belt
judge_collision_detected:
robot_base_x: 10.380365
robot_base_y: -7.279552
robot_base_yaw: 3.136536
robot_geom: robot0_base_collision
proxy_geom: scene_aabb_proxy_line_6_output_side_protrusion
judge_collision_detected:
robot_base_x: 10.380365
robot_base_y: -7.279552
robot_base_yaw: 3.136536
robot_geom: robot0_base_collision
proxy_geom: scene_aabb_proxy_output_6
judge_collision_detected:
robot_base_x: 10.380365
robot_base_y: -7.279552
robot_base_yaw: 3.136536
robot_geom: robot0_base_collision
proxy_geom: scene_aabb_proxy_production_line_6
judge_collision_detected:
robot_base_x: 10.380365
robot_base_y: -7.279552
robot_base_yaw: 3.136536
robot_geom: robot0_front_left_caster_2
proxy_geom: scene_aabb_proxy_output_6
judge_collision_detected:
robot_base_x: 10.380365
robot_base_y: -7.279552
robot_base_yaw: 3.136536
robot_geom: robot0_front_right_caster_2
proxy_geom: scene_aabb_proxy_output_6
judge_collision_detected:
robot_base_x: 10.380365
robot_base_y: -7.279552
robot_base_yaw: 3.136536
robot_geom: robot0_torso_fixed_collision_box_1
proxy_geom: scene_aabb_proxy_line_6_output_side_protrusion
judge_collision_detected:
robot_base_x: 10.380365
robot_base_y: -7.279552
robot_base_yaw: 3.136536
robot_geom: robot0_torso_fixed_collision_box_1
proxy_geom: scene_aabb_proxy_output_6
judge_collision_detected:
robot_base_x: 10.380365
robot_base_y: -7.279552
robot_base_yaw: 3.136536
robot_geom: robot0_torso_fixed_collision_box_1
proxy_geom: scene_aabb_proxy_production_line_6
judge_collision_detected:
robot_base_x: 10.380365
robot_base_y: -7.279552
robot_base_yaw: 3.136536
robot_geom: robot0_torso_fixed_column_collision
proxy_geom: scene_aabb_proxy_line_6_output_side_protrusion
judge_collision_detected:
robot_base_x: 10.380365
robot_base_y: -7.279552
robot_base_yaw: 3.136536
robot_geom: robot0_wheel_left_collision
proxy_geom: scene_aabb_proxy_line_6_output_side_protrusion
judge_collision_detected:
robot_base_x: 10.380365
robot_base_y: -7.279552
robot_base_yaw: 3.136536
robot_geom: robot0_wheel_left_collision
proxy_geom: scene_aabb_proxy_output_6
judge_collision_detected:
robot_base_x: 10.380365
robot_base_y: -7.279552
robot_base_yaw: 3.136536
robot_geom: robot0_wheel_right_collision
proxy_geom: scene_aabb_proxy_line_6_output_side_protrusion
judge_collision_detected:
robot_base_x: 10.380365
robot_base_y: -7.279552
robot_base_yaw: 3.136536
robot_geom: robot0_wheel_right_collision
proxy_geom: scene_aabb_proxy_output_6
judge_collision_detected:
robot_base_x: 10.380365
robot_base_y: -7.279552
robot_base_yaw: 3.136536
robot_geom: robot0_wheel_right_collision
proxy_geom: scene_aabb_proxy_production_line_6
judge_collision_detected:
robot_base_x: 10.378070
robot_base_y: -7.279838
robot_base_yaw: 3.135659
robot_geom: robot0_back_left_caster_2
proxy_geom: scene_aabb_proxy_line_6_output_side_protrusion
judge_collision_detected:
robot_base_x: 10.378070
robot_base_y: -7.279838
robot_base_yaw: 3.135659
robot_geom: robot0_back_right_caster_2
proxy_geom: scene_aabb_proxy_line_6_output_side_protrusion
judge_collision_detected:
robot_base_x: 10.378070
robot_base_y: -7.279838
robot_base_yaw: 3.135659
robot_geom: robot0_base_collision
proxy_geom: scene_aabb_proxy_line_6_belt
judge_collision_detected:
robot_base_x: 10.378070
robot_base_y: -7.279838
robot_base_yaw: 3.135659
robot_geom: robot0_base_collision
proxy_geom: scene_aabb_proxy_line_6_output_side_protrusion
judge_collision_detected:
robot_base_x: 10.378070
robot_base_y: -7.279838
robot_base_yaw: 3.135659
robot_geom: robot0_base_collision
proxy_geom: scene_aabb_proxy_output_6
judge_collision_detected:
robot_base_x: 10.378070
robot_base_y: -7.279838
robot_base_yaw: 3.135659
robot_geom: robot0_base_collision
proxy_geom: scene_aabb_proxy_production_line_6
judge_collision_detected:
robot_base_x: 10.378070
robot_base_y: -7.279838
robot_base_yaw: 3.135659
robot_geom: robot0_front_left_caster_2
proxy_geom: scene_aabb_proxy_output_6
judge_collision_detected:
robot_base_x: 10.378070
robot_base_y: -7.279838
robot_base_yaw: 3.135659
robot_geom: robot0_front_right_caster_2
proxy_geom: scene_aabb_proxy_output_6
judge_collision_detected:
robot_base_x: 10.378070
robot_base_y: -7.279838
robot_base_yaw: 3.135659
robot_geom: robot0_torso_fixed_collision_box_1
proxy_geom: scene_aabb_proxy_line_6_output_side_protrusion
judge_collision_detected:
robot_base_x: 10.378070
robot_base_y: -7.279838
robot_base_yaw: 3.135659
robot_geom: robot0_torso_fixed_collision_box_1
proxy_geom: scene_aabb_proxy_output_6
judge_collision_detected:
robot_base_x: 10.378070
robot_base_y: -7.279838
robot_base_yaw: 3.135659
robot_geom: robot0_torso_fixed_collision_box_1
proxy_geom: scene_aabb_proxy_production_line_6
judge_collision_detected:
robot_base_x: 10.378070
robot_base_y: -7.279838
robot_base_yaw: 3.135659
robot_geom: robot0_torso_fixed_column_collision
proxy_geom: scene_aabb_proxy_line_6_output_side_protrusion
judge_collision_detected:
robot_base_x: 10.378070
robot_base_y: -7.279838
robot_base_yaw: 3.135659
robot_geom: robot0_wheel_left_collision
proxy_geom: scene_aabb_proxy_line_6_output_side_protrusion
judge_collision_detected:
robot_base_x: 10.378070
robot_base_y: -7.279838
robot_base_yaw: 3.135659
robot_geom: robot0_wheel_left_collision
proxy_geom: scene_aabb_proxy_output_6
judge_collision_detected:
robot_base_x: 10.378070
robot_base_y: -7.279838
robot_base_yaw: 3.135659
robot_geom: robot0_wheel_right_collision
proxy_geom: scene_aabb_proxy_line_6_output_side_protrusion
judge_collision_detected:
robot_base_x: 10.378070
robot_base_y: -7.279838
robot_base_yaw: 3.135659
robot_geom: robot0_wheel_right_collision
proxy_geom: scene_aabb_proxy_output_6
judge_collision_detected:
robot_base_x: 10.378070
robot_base_y: -7.279838
robot_base_yaw: 3.135659
robot_geom: robot0_wheel_right_collision
proxy_geom: scene_aabb_proxy_production_line_6
judge_collision_detected:
robot_base_x: 10.376038
robot_base_y: -7.280124
robot_base_yaw: 3.134779
robot_geom: robot0_back_left_caster_2
proxy_geom: scene_aabb_proxy_line_6_output_side_protrusion
judge_collision_detected:
robot_base_x: 10.376038
robot_base_y: -7.280124
robot_base_yaw: 3.134779
robot_geom: robot0_back_right_caster_2
proxy_geom: scene_aabb_proxy_line_6_output_side_protrusion
judge_collision_detected:
robot_base_x: 10.376038
robot_base_y: -7.280124
robot_base_yaw: 3.134779
robot_geom: robot0_base_collision
proxy_geom: scene_aabb_proxy_line_6_belt
judge_collision_detected:
robot_base_x: 10.376038
robot_base_y: -7.280124
robot_base_yaw: 3.134779
robot_geom: robot0_base_collision
proxy_geom: scene_aabb_proxy_line_6_output_side_protrusion
judge_collision_detected:
robot_base_x: 10.376038
robot_base_y: -7.280124
robot_base_yaw: 3.134779
robot_geom: robot0_base_collision
proxy_geom: scene_aabb_proxy_output_6
judge_collision_detected:
robot_base_x: 10.376038
robot_base_y: -7.280124
robot_base_yaw: 3.134779
robot_geom: robot0_base_collision
proxy_geom: scene_aabb_proxy_production_line_6
judge_collision_detected:
robot_base_x: 10.376038
robot_base_y: -7.280124
robot_base_yaw: 3.134779
robot_geom: robot0_front_left_caster_2
proxy_geom: scene_aabb_proxy_output_6
judge_collision_detected:
robot_base_x: 10.376038
robot_base_y: -7.280124
robot_base_yaw: 3.134779
robot_geom: robot0_front_right_caster_2
proxy_geom: scene_aabb_proxy_output_6
judge_collision_detected:
robot_base_x: 10.376038
robot_base_y: -7.280124
robot_base_yaw: 3.134779
robot_geom: robot0_torso_fixed_collision_box_1
proxy_geom: scene_aabb_proxy_line_6_output_side_protrusion
judge_collision_detected:
robot_base_x: 10.376038
robot_base_y: -7.280124
robot_base_yaw: 3.134779
robot_geom: robot0_torso_fixed_collision_box_1
proxy_geom: scene_aabb_proxy_output_6
judge_collision_detected:
robot_base_x: 10.376038
robot_base_y: -7.280124
robot_base_yaw: 3.134779
robot_geom: robot0_torso_fixed_collision_box_1
proxy_geom: scene_aabb_proxy_production_line_6
judge_collision_detected:
robot_base_x: 10.376038
robot_base_y: -7.280124
robot_base_yaw: 3.134779
robot_geom: robot0_torso_fixed_column_collision
proxy_geom: scene_aabb_proxy_line_6_output_side_protrusion
judge_collision_detected:
robot_base_x: 10.376038
robot_base_y: -7.280124
robot_base_yaw: 3.134779
robot_geom: robot0_wheel_left_collision
proxy_geom: scene_aabb_proxy_line_6_output_side_protrusion
judge_collision_detected:
robot_base_x: 10.376038
robot_base_y: -7.280124
robot_base_yaw: 3.134779
robot_geom: robot0_wheel_left_collision
proxy_geom: scene_aabb_proxy_output_6
judge_collision_detected:
robot_base_x: 10.376038
robot_base_y: -7.280124
robot_base_yaw: 3.134779
robot_geom: robot0_wheel_right_collision
proxy_geom: scene_aabb_proxy_line_6_output_side_protrusion
judge_collision_detected:
robot_base_x: 10.376038
robot_base_y: -7.280124
robot_base_yaw: 3.134779
robot_geom: robot0_wheel_right_collision
proxy_geom: scene_aabb_proxy_output_6
judge_collision_detected:
robot_base_x: 10.376038
robot_base_y: -7.280124
robot_base_yaw: 3.134779
robot_geom: robot0_wheel_right_collision
proxy_geom: scene_aabb_proxy_production_line_6
judge_collision_detected:
robot_base_x: 10.374094
robot_base_y: -7.280403
robot_base_yaw: 3.133945
robot_geom: robot0_back_left_caster_2
proxy_geom: scene_aabb_proxy_line_6_output_side_protrusion
judge_collision_detected:
robot_base_x: 10.374094
robot_base_y: -7.280403
robot_base_yaw: 3.133945
robot_geom: robot0_back_right_caster_2
proxy_geom: scene_aabb_proxy_line_6_output_side_protrusion
judge_collision_detected:
robot_base_x: 10.374094
robot_base_y: -7.280403
robot_base_yaw: 3.133945
robot_geom: robot0_base_collision
proxy_geom: scene_aabb_proxy_line_6_output_side_protrusion
judge_collision_detected:
robot_base_x: 10.374094
robot_base_y: -7.280403
robot_base_yaw: 3.133945
robot_geom: robot0_base_collision
proxy_geom: scene_aabb_proxy_output_6
judge_collision_detected:
robot_base_x: 10.374094
robot_base_y: -7.280403
robot_base_yaw: 3.133945
robot_geom: robot0_base_collision
proxy_geom: scene_aabb_proxy_production_line_6
judge_collision_detected:
robot_base_x: 10.374094
robot_base_y: -7.280403
robot_base_yaw: 3.133945
robot_geom: robot0_front_left_caster_2
proxy_geom: scene_aabb_proxy_output_6
judge_collision_detected:
robot_base_x: 10.374094
robot_base_y: -7.280403
robot_base_yaw: 3.133945
robot_geom: robot0_front_right_caster_2
proxy_geom: scene_aabb_proxy_output_6
judge_collision_detected:
robot_base_x: 10.374094
robot_base_y: -7.280403
robot_base_yaw: 3.133945
robot_geom: robot0_torso_fixed_collision_box_1
proxy_geom: scene_aabb_proxy_line_6_output_side_protrusion
judge_collision_detected:
robot_base_x: 10.374094
robot_base_y: -7.280403
robot_base_yaw: 3.133945
robot_geom: robot0_torso_fixed_collision_box_1
proxy_geom: scene_aabb_proxy_output_6
judge_collision_detected:
robot_base_x: 10.374094
robot_base_y: -7.280403
robot_base_yaw: 3.133945
robot_geom: robot0_torso_fixed_collision_box_1
proxy_geom: scene_aabb_proxy_production_line_6
judge_collision_detected:
robot_base_x: 10.374094
robot_base_y: -7.280403
robot_base_yaw: 3.133945
robot_geom: robot0_torso_fixed_column_collision
proxy_geom: scene_aabb_proxy_line_6_output_side_protrusion
judge_collision_detected:
robot_base_x: 10.374094
robot_base_y: -7.280403
robot_base_yaw: 3.133945
robot_geom: robot0_wheel_left_collision
proxy_geom: scene_aabb_proxy_line_6_output_side_protrusion
judge_collision_detected:
robot_base_x: 10.374094
robot_base_y: -7.280403
robot_base_yaw: 3.133945
robot_geom: robot0_wheel_left_collision
proxy_geom: scene_aabb_proxy_output_6
judge_collision_detected:
robot_base_x: 10.374094
robot_base_y: -7.280403
robot_base_yaw: 3.133945
robot_geom: robot0_wheel_right_collision
proxy_geom: scene_aabb_proxy_line_6_output_side_protrusion
judge_collision_detected:
robot_base_x: 10.374094
robot_base_y: -7.280403
robot_base_yaw: 3.133945
robot_geom: robot0_wheel_right_collision
proxy_geom: scene_aabb_proxy_output_6
judge_collision_detected:
robot_base_x: 10.374094
robot_base_y: -7.280403
robot_base_yaw: 3.133945
robot_geom: robot0_wheel_right_collision
proxy_geom: scene_aabb_proxy_production_line_6
judge_collision_detected:
robot_base_x: 10.372223
robot_base_y: -7.280676
robot_base_yaw: 3.133157
robot_geom: robot0_back_left_caster_2
proxy_geom: scene_aabb_proxy_line_6_output_side_protrusion
judge_collision_detected:
robot_base_x: 10.372223
robot_base_y: -7.280676
robot_base_yaw: 3.133157
robot_geom: robot0_back_right_caster_2
proxy_geom: scene_aabb_proxy_line_6_output_side_protrusion
judge_collision_detected:
robot_base_x: 10.372223
robot_base_y: -7.280676
robot_base_yaw: 3.133157
robot_geom: robot0_base_collision
proxy_geom: scene_aabb_proxy_line_6_output_side_protrusion
judge_collision_detected:
robot_base_x: 10.372223
robot_base_y: -7.280676
robot_base_yaw: 3.133157
robot_geom: robot0_base_collision
proxy_geom: scene_aabb_proxy_output_6
judge_collision_detected:
robot_base_x: 10.372223
robot_base_y: -7.280676
robot_base_yaw: 3.133157
robot_geom: robot0_base_collision
proxy_geom: scene_aabb_proxy_production_line_6
judge_collision_detected:
robot_base_x: 10.372223
robot_base_y: -7.280676
robot_base_yaw: 3.133157
robot_geom: robot0_front_left_caster_2
proxy_geom: scene_aabb_proxy_output_6
judge_collision_detected:
robot_base_x: 10.372223
robot_base_y: -7.280676
robot_base_yaw: 3.133157
robot_geom: robot0_front_right_caster_2
proxy_geom: scene_aabb_proxy_output_6
judge_collision_detected:
robot_base_x: 10.372223
robot_base_y: -7.280676
robot_base_yaw: 3.133157
robot_geom: robot0_torso_fixed_collision_box_1
proxy_geom: scene_aabb_proxy_line_6_output_side_protrusion
judge_collision_detected:
robot_base_x: 10.372223
robot_base_y: -7.280676
robot_base_yaw: 3.133157
robot_geom: robot0_torso_fixed_collision_box_1
proxy_geom: scene_aabb_proxy_output_6
judge_collision_detected:
robot_base_x: 10.372223
robot_base_y: -7.280676
robot_base_yaw: 3.133157
robot_geom: robot0_torso_fixed_collision_box_1
proxy_geom: scene_aabb_proxy_production_line_6
judge_collision_detected:
robot_base_x: 10.372223
robot_base_y: -7.280676
robot_base_yaw: 3.133157
robot_geom: robot0_torso_fixed_column_collision
proxy_geom: scene_aabb_proxy_line_6_output_side_protrusion
judge_collision_detected:
robot_base_x: 10.372223
robot_base_y: -7.280676
robot_base_yaw: 3.133157
robot_geom: robot0_wheel_left_collision
proxy_geom: scene_aabb_proxy_line_6_output_side_protrusion
judge_collision_detected:
robot_base_x: 10.372223
robot_base_y: -7.280676
robot_base_yaw: 3.133157
robot_geom: robot0_wheel_left_collision
proxy_geom: scene_aabb_proxy_output_6
judge_collision_detected:
robot_base_x: 10.372223
robot_base_y: -7.280676
robot_base_yaw: 3.133157
robot_geom: robot0_wheel_right_collision
proxy_geom: scene_aabb_proxy_line_6_output_side_protrusion
judge_collision_detected:
robot_base_x: 10.372223
robot_base_y: -7.280676
robot_base_yaw: 3.133157
robot_geom: robot0_wheel_right_collision
proxy_geom: scene_aabb_proxy_output_6
judge_collision_detected:
robot_base_x: 10.372223
robot_base_y: -7.280676
robot_base_yaw: 3.133157
robot_geom: robot0_wheel_right_collision
proxy_geom: scene_aabb_proxy_production_line_6
judge_collision_detected:
robot_base_x: 10.370009
robot_base_y: -7.280959
robot_base_yaw: 3.132399
robot_geom: robot0_back_left_caster_2
proxy_geom: scene_aabb_proxy_line_6_output_side_protrusion
judge_collision_detected:
robot_base_x: 10.370009
robot_base_y: -7.280959
robot_base_yaw: 3.132399
robot_geom: robot0_back_right_caster_2
proxy_geom: scene_aabb_proxy_line_6_output_side_protrusion
judge_collision_detected:
robot_base_x: 10.370009
robot_base_y: -7.280959
robot_base_yaw: 3.132399
robot_geom: robot0_base_collision
proxy_geom: scene_aabb_proxy_line_6_output_side_protrusion
judge_collision_detected:
robot_base_x: 10.370009
robot_base_y: -7.280959
robot_base_yaw: 3.132399
robot_geom: robot0_base_collision
proxy_geom: scene_aabb_proxy_output_6
judge_collision_detected:
robot_base_x: 10.370009
robot_base_y: -7.280959
robot_base_yaw: 3.132399
robot_geom: robot0_base_collision
proxy_geom: scene_aabb_proxy_production_line_6
judge_collision_detected:
robot_base_x: 10.370009
robot_base_y: -7.280959
robot_base_yaw: 3.132399
robot_geom: robot0_front_left_caster_2
proxy_geom: scene_aabb_proxy_output_6
judge_collision_detected:
robot_base_x: 10.370009
robot_base_y: -7.280959
robot_base_yaw: 3.132399
robot_geom: robot0_front_right_caster_2
proxy_geom: scene_aabb_proxy_output_6
judge_collision_detected:
robot_base_x: 10.370009
robot_base_y: -7.280959
robot_base_yaw: 3.132399
robot_geom: robot0_torso_fixed_collision_box_1
proxy_geom: scene_aabb_proxy_line_6_output_side_protrusion
judge_collision_detected:
robot_base_x: 10.370009
robot_base_y: -7.280959
robot_base_yaw: 3.132399
robot_geom: robot0_torso_fixed_collision_box_1
proxy_geom: scene_aabb_proxy_output_6
judge_collision_detected:
robot_base_x: 10.370009
robot_base_y: -7.280959
robot_base_yaw: 3.132399
robot_geom: robot0_torso_fixed_collision_box_1
proxy_geom: scene_aabb_proxy_production_line_6
judge_collision_detected:
robot_base_x: 10.370009
robot_base_y: -7.280959
robot_base_yaw: 3.132399
robot_geom: robot0_torso_fixed_column_collision
proxy_geom: scene_aabb_proxy_line_6_output_side_protrusion
judge_collision_detected:
robot_base_x: 10.370009
robot_base_y: -7.280959
robot_base_yaw: 3.132399
robot_geom: robot0_wheel_left_collision
proxy_geom: scene_aabb_proxy_line_6_output_side_protrusion
judge_collision_detected:
robot_base_x: 10.370009
robot_base_y: -7.280959
robot_base_yaw: 3.132399
robot_geom: robot0_wheel_left_collision
proxy_geom: scene_aabb_proxy_output_6
judge_collision_detected:
robot_base_x: 10.370009
robot_base_y: -7.280959
robot_base_yaw: 3.132399
robot_geom: robot0_wheel_right_collision
proxy_geom: scene_aabb_proxy_line_6_output_side_protrusion
judge_collision_detected:
robot_base_x: 10.370009
robot_base_y: -7.280959
robot_base_yaw: 3.132399
robot_geom: robot0_wheel_right_collision
proxy_geom: scene_aabb_proxy_output_6
judge_collision_detected:
robot_base_x: 10.370009
robot_base_y: -7.280959
robot_base_yaw: 3.132399
robot_geom: robot0_wheel_right_collision
proxy_geom: scene_aabb_proxy_production_line_6
judge_collision_detected:
robot_base_x: 10.367566
robot_base_y: -7.281237
robot_base_yaw: 3.130964
robot_geom: robot0_back_left_caster_2
proxy_geom: scene_aabb_proxy_line_6_output_side_protrusion
judge_collision_detected:
robot_base_x: 10.367566
robot_base_y: -7.281237
robot_base_yaw: 3.130964
robot_geom: robot0_back_right_caster_2
proxy_geom: scene_aabb_proxy_line_6_output_side_protrusion
judge_collision_detected:
robot_base_x: 10.367566
robot_base_y: -7.281237
robot_base_yaw: 3.130964
robot_geom: robot0_base_collision
proxy_geom: scene_aabb_proxy_line_6_output_side_protrusion
judge_collision_detected:
robot_base_x: 10.367566
robot_base_y: -7.281237
robot_base_yaw: 3.130964
robot_geom: robot0_base_collision
proxy_geom: scene_aabb_proxy_output_6
judge_collision_detected:
robot_base_x: 10.367566
robot_base_y: -7.281237
robot_base_yaw: 3.130964
robot_geom: robot0_base_collision
proxy_geom: scene_aabb_proxy_production_line_6
judge_collision_detected:
robot_base_x: 10.367566
robot_base_y: -7.281237
robot_base_yaw: 3.130964
robot_geom: robot0_front_left_caster_2
proxy_geom: scene_aabb_proxy_output_6
judge_collision_detected:
robot_base_x: 10.367566
robot_base_y: -7.281237
robot_base_yaw: 3.130964
robot_geom: robot0_front_right_caster_2
proxy_geom: scene_aabb_proxy_output_6
judge_collision_detected:
robot_base_x: 10.367566
robot_base_y: -7.281237
robot_base_yaw: 3.130964
robot_geom: robot0_torso_fixed_collision_box_1
proxy_geom: scene_aabb_proxy_line_6_output_side_protrusion
judge_collision_detected:
robot_base_x: 10.367566
robot_base_y: -7.281237
robot_base_yaw: 3.130964
robot_geom: robot0_torso_fixed_collision_box_1
proxy_geom: scene_aabb_proxy_output_6
judge_collision_detected:
robot_base_x: 10.367566
robot_base_y: -7.281237
robot_base_yaw: 3.130964
robot_geom: robot0_torso_fixed_collision_box_1
proxy_geom: scene_aabb_proxy_production_line_6
judge_collision_detected:
robot_base_x: 10.367566
robot_base_y: -7.281237
robot_base_yaw: 3.130964
robot_geom: robot0_torso_fixed_column_collision
proxy_geom: scene_aabb_proxy_line_6_output_side_protrusion
judge_collision_detected:
robot_base_x: 10.367566
robot_base_y: -7.281237
robot_base_yaw: 3.130964
robot_geom: robot0_wheel_left_collision
proxy_geom: scene_aabb_proxy_line_6_output_side_protrusion
judge_collision_detected:
robot_base_x: 10.367566
robot_base_y: -7.281237
robot_base_yaw: 3.130964
robot_geom: robot0_wheel_left_collision
proxy_geom: scene_aabb_proxy_output_6
judge_collision_detected:
robot_base_x: 10.367566
robot_base_y: -7.281237
robot_base_yaw: 3.130964
robot_geom: robot0_wheel_right_collision
proxy_geom: scene_aabb_proxy_line_6_output_side_protrusion
judge_collision_detected:
robot_base_x: 10.367566
robot_base_y: -7.281237
robot_base_yaw: 3.130964
robot_geom: robot0_wheel_right_collision
proxy_geom: scene_aabb_proxy_output_6
judge_collision_detected:
robot_base_x: 10.367566
robot_base_y: -7.281237
robot_base_yaw: 3.130964
robot_geom: robot0_wheel_right_collision
proxy_geom: scene_aabb_proxy_production_line_6
judge_collision_detected:
robot_base_x: 10.365342
robot_base_y: -7.281456
robot_base_yaw: 3.129505
robot_geom: robot0_back_left_caster_2
proxy_geom: scene_aabb_proxy_line_6_output_side_protrusion
judge_collision_detected:
robot_base_x: 10.365342
robot_base_y: -7.281456
robot_base_yaw: 3.129505
robot_geom: robot0_back_right_caster_2
proxy_geom: scene_aabb_proxy_line_6_output_side_protrusion
judge_collision_detected:
robot_base_x: 10.365342
robot_base_y: -7.281456
robot_base_yaw: 3.129505
robot_geom: robot0_base_collision
proxy_geom: scene_aabb_proxy_line_6_output_side_protrusion
judge_collision_detected:
robot_base_x: 10.365342
robot_base_y: -7.281456
robot_base_yaw: 3.129505
robot_geom: robot0_base_collision
proxy_geom: scene_aabb_proxy_output_6
judge_collision_detected:
robot_base_x: 10.365342
robot_base_y: -7.281456
robot_base_yaw: 3.129505
robot_geom: robot0_base_collision
proxy_geom: scene_aabb_proxy_production_line_6
judge_collision_detected:
robot_base_x: 10.365342
robot_base_y: -7.281456
robot_base_yaw: 3.129505
robot_geom: robot0_front_left_caster_2
proxy_geom: scene_aabb_proxy_output_6
judge_collision_detected:
robot_base_x: 10.365342
robot_base_y: -7.281456
robot_base_yaw: 3.129505
robot_geom: robot0_front_right_caster_2
proxy_geom: scene_aabb_proxy_output_6
judge_collision_detected:
robot_base_x: 10.365342
robot_base_y: -7.281456
robot_base_yaw: 3.129505
robot_geom: robot0_torso_fixed_collision_box_1
proxy_geom: scene_aabb_proxy_line_6_output_side_protrusion
judge_collision_detected:
robot_base_x: 10.365342
robot_base_y: -7.281456
robot_base_yaw: 3.129505
robot_geom: robot0_torso_fixed_collision_box_1
proxy_geom: scene_aabb_proxy_output_6
judge_collision_detected:
robot_base_x: 10.365342
robot_base_y: -7.281456
robot_base_yaw: 3.129505
robot_geom: robot0_torso_fixed_collision_box_1
proxy_geom: scene_aabb_proxy_production_line_6
judge_collision_detected:
robot_base_x: 10.365342
robot_base_y: -7.281456
robot_base_yaw: 3.129505
robot_geom: robot0_torso_fixed_column_collision
proxy_geom: scene_aabb_proxy_line_6_output_side_protrusion
judge_collision_detected:
robot_base_x: 10.365342
robot_base_y: -7.281456
robot_base_yaw: 3.129505
robot_geom: robot0_wheel_left_collision
proxy_geom: scene_aabb_proxy_line_6_output_side_protrusion
judge_collision_detected:
robot_base_x: 10.365342
robot_base_y: -7.281456
robot_base_yaw: 3.129505
robot_geom: robot0_wheel_left_collision
proxy_geom: scene_aabb_proxy_output_6
judge_collision_detected:
robot_base_x: 10.365342
robot_base_y: -7.281456
robot_base_yaw: 3.129505
robot_geom: robot0_wheel_right_collision
proxy_geom: scene_aabb_proxy_line_6_output_side_protrusion
judge_collision_detected:
robot_base_x: 10.365342
robot_base_y: -7.281456
robot_base_yaw: 3.129505
robot_geom: robot0_wheel_right_collision
proxy_geom: scene_aabb_proxy_output_6
judge_collision_detected:
robot_base_x: 10.365342
robot_base_y: -7.281456
robot_base_yaw: 3.129505
robot_geom: robot0_wheel_right_collision
proxy_geom: scene_aabb_proxy_production_line_6
judge_collision_detected:
robot_base_x: 10.362959
robot_base_y: -7.281674
robot_base_yaw: 3.129337
robot_geom: robot0_back_left_caster_2
proxy_geom: scene_aabb_proxy_line_6_output_side_protrusion
judge_collision_detected:
robot_base_x: 10.362959
robot_base_y: -7.281674
robot_base_yaw: 3.129337
robot_geom: robot0_back_right_caster_2
proxy_geom: scene_aabb_proxy_line_6_output_side_protrusion
judge_collision_detected:
robot_base_x: 10.362959
robot_base_y: -7.281674
robot_base_yaw: 3.129337
robot_geom: robot0_base_collision
proxy_geom: scene_aabb_proxy_line_6_output_side_protrusion
judge_collision_detected:
robot_base_x: 10.362959
robot_base_y: -7.281674
robot_base_yaw: 3.129337
robot_geom: robot0_base_collision
proxy_geom: scene_aabb_proxy_output_6
judge_collision_detected:
robot_base_x: 10.362959
robot_base_y: -7.281674
robot_base_yaw: 3.129337
robot_geom: robot0_base_collision
proxy_geom: scene_aabb_proxy_production_line_6
judge_collision_detected:
robot_base_x: 10.362959
robot_base_y: -7.281674
robot_base_yaw: 3.129337
robot_geom: robot0_front_left_caster_2
proxy_geom: scene_aabb_proxy_output_6
judge_collision_detected:
robot_base_x: 10.362959
robot_base_y: -7.281674
robot_base_yaw: 3.129337
robot_geom: robot0_front_right_caster_2
proxy_geom: scene_aabb_proxy_output_6
judge_collision_detected:
robot_base_x: 10.362959
robot_base_y: -7.281674
robot_base_yaw: 3.129337
robot_geom: robot0_torso_fixed_collision_box_1
proxy_geom: scene_aabb_proxy_line_6_output_side_protrusion
judge_collision_detected:
robot_base_x: 10.362959
robot_base_y: -7.281674
robot_base_yaw: 3.129337
robot_geom: robot0_torso_fixed_collision_box_1
proxy_geom: scene_aabb_proxy_output_6
judge_collision_detected:
robot_base_x: 10.362959
robot_base_y: -7.281674
robot_base_yaw: 3.129337
robot_geom: robot0_torso_fixed_collision_box_1
proxy_geom: scene_aabb_proxy_production_line_6
judge_collision_detected:
robot_base_x: 10.362959
robot_base_y: -7.281674
robot_base_yaw: 3.129337
robot_geom: robot0_torso_fixed_column_collision
proxy_geom: scene_aabb_proxy_line_6_output_side_protrusion
judge_collision_detected:
robot_base_x: 10.362959
robot_base_y: -7.281674
robot_base_yaw: 3.129337
robot_geom: robot0_wheel_left_collision
proxy_geom: scene_aabb_proxy_line_6_output_side_protrusion
judge_collision_detected:
robot_base_x: 10.362959
robot_base_y: -7.281674
robot_base_yaw: 3.129337
robot_geom: robot0_wheel_left_collision
proxy_geom: scene_aabb_proxy_output_6
judge_collision_detected:
robot_base_x: 10.362959
robot_base_y: -7.281674
robot_base_yaw: 3.129337
robot_geom: robot0_wheel_right_collision
proxy_geom: scene_aabb_proxy_line_6_output_side_protrusion
judge_collision_detected:
robot_base_x: 10.362959
robot_base_y: -7.281674
robot_base_yaw: 3.129337
robot_geom: robot0_wheel_right_collision
proxy_geom: scene_aabb_proxy_output_6
judge_collision_detected:
robot_base_x: 10.362959
robot_base_y: -7.281674
robot_base_yaw: 3.129337
robot_geom: robot0_wheel_right_collision
proxy_geom: scene_aabb_proxy_production_line_6
judge_collision_detected:
robot_base_x: 10.360609
robot_base_y: -7.281892
robot_base_yaw: 3.129468
robot_geom: robot0_back_left_caster_2
proxy_geom: scene_aabb_proxy_line_6_output_side_protrusion
judge_collision_detected:
robot_base_x: 10.360609
robot_base_y: -7.281892
robot_base_yaw: 3.129468
robot_geom: robot0_back_right_caster_2
proxy_geom: scene_aabb_proxy_line_6_output_side_protrusion
judge_collision_detected:
robot_base_x: 10.360609
robot_base_y: -7.281892
robot_base_yaw: 3.129468
robot_geom: robot0_base_collision
proxy_geom: scene_aabb_proxy_line_6_output_side_protrusion
judge_collision_detected:
robot_base_x: 10.360609
robot_base_y: -7.281892
robot_base_yaw: 3.129468
robot_geom: robot0_base_collision
proxy_geom: scene_aabb_proxy_output_6
judge_collision_detected:
robot_base_x: 10.360609
robot_base_y: -7.281892
robot_base_yaw: 3.129468
robot_geom: robot0_base_collision
proxy_geom: scene_aabb_proxy_production_line_6
judge_collision_detected:
robot_base_x: 10.360609
robot_base_y: -7.281892
robot_base_yaw: 3.129468
robot_geom: robot0_front_left_caster_2
proxy_geom: scene_aabb_proxy_output_6
judge_collision_detected:
robot_base_x: 10.360609
robot_base_y: -7.281892
robot_base_yaw: 3.129468
robot_geom: robot0_front_right_caster_2
proxy_geom: scene_aabb_proxy_output_6
judge_collision_detected:
robot_base_x: 10.360609
robot_base_y: -7.281892
robot_base_yaw: 3.129468
robot_geom: robot0_torso_fixed_collision_box_1
proxy_geom: scene_aabb_proxy_line_6_output_side_protrusion
judge_collision_detected:
robot_base_x: 10.360609
robot_base_y: -7.281892
robot_base_yaw: 3.129468
robot_geom: robot0_torso_fixed_collision_box_1
proxy_geom: scene_aabb_proxy_output_6
judge_collision_detected:
robot_base_x: 10.360609
robot_base_y: -7.281892
robot_base_yaw: 3.129468
robot_geom: robot0_torso_fixed_collision_box_1
proxy_geom: scene_aabb_proxy_production_line_6
judge_collision_detected:
robot_base_x: 10.360609
robot_base_y: -7.281892
robot_base_yaw: 3.129468
robot_geom: robot0_torso_fixed_column_collision
proxy_geom: scene_aabb_proxy_line_6_output_side_protrusion
judge_collision_detected:
robot_base_x: 10.360609
robot_base_y: -7.281892
robot_base_yaw: 3.129468
robot_geom: robot0_wheel_left_collision
proxy_geom: scene_aabb_proxy_line_6_output_side_protrusion
judge_collision_detected:
robot_base_x: 10.360609
robot_base_y: -7.281892
robot_base_yaw: 3.129468
robot_geom: robot0_wheel_left_collision
proxy_geom: scene_aabb_proxy_output_6
judge_collision_detected:
robot_base_x: 10.360609
robot_base_y: -7.281892
robot_base_yaw: 3.129468
robot_geom: robot0_wheel_right_collision
proxy_geom: scene_aabb_proxy_line_6_output_side_protrusion
judge_collision_detected:
robot_base_x: 10.360609
robot_base_y: -7.281892
robot_base_yaw: 3.129468
robot_geom: robot0_wheel_right_collision
proxy_geom: scene_aabb_proxy_output_6
judge_collision_detected:
robot_base_x: 10.360609
robot_base_y: -7.281892
robot_base_yaw: 3.129468
robot_geom: robot0_wheel_right_collision
proxy_geom: scene_aabb_proxy_production_line_6
judge_collision_detected:
robot_base_x: 10.358362
robot_base_y: -7.282105
robot_base_yaw: 3.129619
robot_geom: robot0_back_left_caster_2
proxy_geom: scene_aabb_proxy_line_6_output_side_protrusion
judge_collision_detected:
robot_base_x: 10.358362
robot_base_y: -7.282105
robot_base_yaw: 3.129619
robot_geom: robot0_back_right_caster_2
proxy_geom: scene_aabb_proxy_line_6_output_side_protrusion
judge_collision_detected:
robot_base_x: 10.358362
robot_base_y: -7.282105
robot_base_yaw: 3.129619
robot_geom: robot0_base_collision
proxy_geom: scene_aabb_proxy_line_6_output_side_protrusion
judge_collision_detected:
robot_base_x: 10.358362
robot_base_y: -7.282105
robot_base_yaw: 3.129619
robot_geom: robot0_base_collision
proxy_geom: scene_aabb_proxy_output_6
judge_collision_detected:
robot_base_x: 10.358362
robot_base_y: -7.282105
robot_base_yaw: 3.129619
robot_geom: robot0_base_collision
proxy_geom: scene_aabb_proxy_production_line_6
judge_collision_detected:
robot_base_x: 10.358362
robot_base_y: -7.282105
robot_base_yaw: 3.129619
robot_geom: robot0_front_left_caster_2
proxy_geom: scene_aabb_proxy_output_6
judge_collision_detected:
robot_base_x: 10.358362
robot_base_y: -7.282105
robot_base_yaw: 3.129619
robot_geom: robot0_front_right_caster_2
proxy_geom: scene_aabb_proxy_output_6
judge_collision_detected:
robot_base_x: 10.358362
robot_base_y: -7.282105
robot_base_yaw: 3.129619
robot_geom: robot0_torso_fixed_collision_box_1
proxy_geom: scene_aabb_proxy_line_6_output_side_protrusion
judge_collision_detected:
robot_base_x: 10.358362
robot_base_y: -7.282105
robot_base_yaw: 3.129619
robot_geom: robot0_torso_fixed_collision_box_1
proxy_geom: scene_aabb_proxy_output_6
judge_collision_detected:
robot_base_x: 10.358362
robot_base_y: -7.282105
robot_base_yaw: 3.129619
robot_geom: robot0_torso_fixed_collision_box_1
proxy_geom: scene_aabb_proxy_production_line_6
judge_collision_detected:
robot_base_x: 10.358362
robot_base_y: -7.282105
robot_base_yaw: 3.129619
robot_geom: robot0_torso_fixed_column_collision
proxy_geom: scene_aabb_proxy_line_6_output_side_protrusion
judge_collision_detected:
robot_base_x: 10.358362
robot_base_y: -7.282105
robot_base_yaw: 3.129619
robot_geom: robot0_wheel_left_collision
proxy_geom: scene_aabb_proxy_line_6_output_side_protrusion
judge_collision_detected:
robot_base_x: 10.358362
robot_base_y: -7.282105
robot_base_yaw: 3.129619
robot_geom: robot0_wheel_left_collision
proxy_geom: scene_aabb_proxy_output_6
judge_collision_detected:
robot_base_x: 10.358362
robot_base_y: -7.282105
robot_base_yaw: 3.129619
robot_geom: robot0_wheel_right_collision
proxy_geom: scene_aabb_proxy_line_6_output_side_protrusion
judge_collision_detected:
robot_base_x: 10.358362
robot_base_y: -7.282105
robot_base_yaw: 3.129619
robot_geom: robot0_wheel_right_collision
proxy_geom: scene_aabb_proxy_output_6
judge_collision_detected:
robot_base_x: 10.358362
robot_base_y: -7.282105
robot_base_yaw: 3.129619
robot_geom: robot0_wheel_right_collision
proxy_geom: scene_aabb_proxy_production_line_6
judge_collision_detected:
robot_base_x: 10.356215
robot_base_y: -7.282315
robot_base_yaw: 3.129785
robot_geom: robot0_back_left_caster_2
proxy_geom: scene_aabb_proxy_line_6_output_side_protrusion
judge_collision_detected:
robot_base_x: 10.356215
robot_base_y: -7.282315
robot_base_yaw: 3.129785
robot_geom: robot0_back_right_caster_2
proxy_geom: scene_aabb_proxy_line_6_output_side_protrusion
judge_collision_detected:
robot_base_x: 10.356215
robot_base_y: -7.282315
robot_base_yaw: 3.129785
robot_geom: robot0_base_collision
proxy_geom: scene_aabb_proxy_line_6_output_side_protrusion
judge_collision_detected:
robot_base_x: 10.356215
robot_base_y: -7.282315
robot_base_yaw: 3.129785
robot_geom: robot0_base_collision
proxy_geom: scene_aabb_proxy_output_6
judge_collision_detected:
robot_base_x: 10.356215
robot_base_y: -7.282315
robot_base_yaw: 3.129785
robot_geom: robot0_base_collision
proxy_geom: scene_aabb_proxy_production_line_6
judge_collision_detected:
robot_base_x: 10.356215
robot_base_y: -7.282315
robot_base_yaw: 3.129785
robot_geom: robot0_front_left_caster_2
proxy_geom: scene_aabb_proxy_output_6
judge_collision_detected:
robot_base_x: 10.356215
robot_base_y: -7.282315
robot_base_yaw: 3.129785
robot_geom: robot0_front_right_caster_2
proxy_geom: scene_aabb_proxy_output_6
judge_collision_detected:
robot_base_x: 10.356215
robot_base_y: -7.282315
robot_base_yaw: 3.129785
robot_geom: robot0_torso_fixed_collision_box_1
proxy_geom: scene_aabb_proxy_line_6_output_side_protrusion
judge_collision_detected:
robot_base_x: 10.356215
robot_base_y: -7.282315
robot_base_yaw: 3.129785
robot_geom: robot0_torso_fixed_collision_box_1
proxy_geom: scene_aabb_proxy_output_6
judge_collision_detected:
robot_base_x: 10.356215
robot_base_y: -7.282315
robot_base_yaw: 3.129785
robot_geom: robot0_torso_fixed_collision_box_1
proxy_geom: scene_aabb_proxy_production_line_6
judge_collision_detected:
robot_base_x: 10.356215
robot_base_y: -7.282315
robot_base_yaw: 3.129785
robot_geom: robot0_torso_fixed_column_collision
proxy_geom: scene_aabb_proxy_line_6_output_side_protrusion
judge_collision_detected:
robot_base_x: 10.356215
robot_base_y: -7.282315
robot_base_yaw: 3.129785
robot_geom: robot0_wheel_left_collision
proxy_geom: scene_aabb_proxy_line_6_output_side_protrusion
judge_collision_detected:
robot_base_x: 10.356215
robot_base_y: -7.282315
robot_base_yaw: 3.129785
robot_geom: robot0_wheel_left_collision
proxy_geom: scene_aabb_proxy_output_6
judge_collision_detected:
robot_base_x: 10.356215
robot_base_y: -7.282315
robot_base_yaw: 3.129785
robot_geom: robot0_wheel_right_collision
proxy_geom: scene_aabb_proxy_line_6_output_side_protrusion
judge_collision_detected:
robot_base_x: 10.356215
robot_base_y: -7.282315
robot_base_yaw: 3.129785
robot_geom: robot0_wheel_right_collision
proxy_geom: scene_aabb_proxy_output_6
judge_collision_detected:
robot_base_x: 10.356215
robot_base_y: -7.282315
robot_base_yaw: 3.129785
robot_geom: robot0_wheel_right_collision
proxy_geom: scene_aabb_proxy_production_line_6
judge_collision_detected:
robot_base_x: 10.354166
robot_base_y: -7.282522
robot_base_yaw: 3.129972
robot_geom: robot0_back_left_caster_2
proxy_geom: scene_aabb_proxy_line_6_output_side_protrusion
judge_collision_detected:
robot_base_x: 10.354166
robot_base_y: -7.282522
robot_base_yaw: 3.129972
robot_geom: robot0_back_right_caster_2
proxy_geom: scene_aabb_proxy_line_6_output_side_protrusion
judge_collision_detected:
robot_base_x: 10.354166
robot_base_y: -7.282522
robot_base_yaw: 3.129972
robot_geom: robot0_base_collision
proxy_geom: scene_aabb_proxy_line_6_output_side_protrusion
judge_collision_detected:
robot_base_x: 10.354166
robot_base_y: -7.282522
robot_base_yaw: 3.129972
robot_geom: robot0_base_collision
proxy_geom: scene_aabb_proxy_output_6
judge_collision_detected:
robot_base_x: 10.354166
robot_base_y: -7.282522
robot_base_yaw: 3.129972
robot_geom: robot0_base_collision
proxy_geom: scene_aabb_proxy_production_line_6
judge_collision_detected:
robot_base_x: 10.354166
robot_base_y: -7.282522
robot_base_yaw: 3.129972
robot_geom: robot0_front_left_caster_2
proxy_geom: scene_aabb_proxy_output_6
judge_collision_detected:
robot_base_x: 10.354166
robot_base_y: -7.282522
robot_base_yaw: 3.129972
robot_geom: robot0_front_right_caster_2
proxy_geom: scene_aabb_proxy_output_6
judge_collision_detected:
robot_base_x: 10.354166
robot_base_y: -7.282522
robot_base_yaw: 3.129972
robot_geom: robot0_torso_fixed_collision_box_1
proxy_geom: scene_aabb_proxy_line_6_output_side_protrusion
judge_collision_detected:
robot_base_x: 10.354166
robot_base_y: -7.282522
robot_base_yaw: 3.129972
robot_geom: robot0_torso_fixed_collision_box_1
proxy_geom: scene_aabb_proxy_output_6
judge_collision_detected:
robot_base_x: 10.354166
robot_base_y: -7.282522
robot_base_yaw: 3.129972
robot_geom: robot0_torso_fixed_collision_box_1
proxy_geom: scene_aabb_proxy_production_line_6
judge_collision_detected:
robot_base_x: 10.354166
robot_base_y: -7.282522
robot_base_yaw: 3.129972
robot_geom: robot0_torso_fixed_column_collision
proxy_geom: scene_aabb_proxy_line_6_output_side_protrusion
judge_collision_detected:
robot_base_x: 10.354166
robot_base_y: -7.282522
robot_base_yaw: 3.129972
robot_geom: robot0_wheel_left_collision
proxy_geom: scene_aabb_proxy_line_6_output_side_protrusion
judge_collision_detected:
robot_base_x: 10.354166
robot_base_y: -7.282522
robot_base_yaw: 3.129972
robot_geom: robot0_wheel_left_collision
proxy_geom: scene_aabb_proxy_output_6
judge_collision_detected:
robot_base_x: 10.354166
robot_base_y: -7.282522
robot_base_yaw: 3.129972
robot_geom: robot0_wheel_right_collision
proxy_geom: scene_aabb_proxy_line_6_output_side_protrusion
judge_collision_detected:
robot_base_x: 10.354166
robot_base_y: -7.282522
robot_base_yaw: 3.129972
robot_geom: robot0_wheel_right_collision
proxy_geom: scene_aabb_proxy_output_6
judge_collision_detected:
robot_base_x: 10.354166
robot_base_y: -7.282522
robot_base_yaw: 3.129972
robot_geom: robot0_wheel_right_collision
proxy_geom: scene_aabb_proxy_production_line_6
judge_collision_detected:
robot_base_x: 10.352206
robot_base_y: -7.282724
robot_base_yaw: 3.130168
robot_geom: robot0_back_left_caster_2
proxy_geom: scene_aabb_proxy_line_6_output_side_protrusion
judge_collision_detected:
robot_base_x: 10.352206
robot_base_y: -7.282724
robot_base_yaw: 3.130168
robot_geom: robot0_back_right_caster_2
proxy_geom: scene_aabb_proxy_line_6_output_side_protrusion
judge_collision_detected:
robot_base_x: 10.352206
robot_base_y: -7.282724
robot_base_yaw: 3.130168
robot_geom: robot0_base_collision
proxy_geom: scene_aabb_proxy_line_6_output_side_protrusion
judge_collision_detected:
robot_base_x: 10.352206
robot_base_y: -7.282724
robot_base_yaw: 3.130168
robot_geom: robot0_base_collision
proxy_geom: scene_aabb_proxy_output_6
judge_collision_detected:
robot_base_x: 10.352206
robot_base_y: -7.282724
robot_base_yaw: 3.130168
robot_geom: robot0_base_collision
proxy_geom: scene_aabb_proxy_production_line_6
judge_collision_detected:
robot_base_x: 10.352206
robot_base_y: -7.282724
robot_base_yaw: 3.130168
robot_geom: robot0_front_left_caster_2
proxy_geom: scene_aabb_proxy_output_6
judge_collision_detected:
robot_base_x: 10.352206
robot_base_y: -7.282724
robot_base_yaw: 3.130168
robot_geom: robot0_front_right_caster_2
proxy_geom: scene_aabb_proxy_output_6
judge_collision_detected:
robot_base_x: 10.352206
robot_base_y: -7.282724
robot_base_yaw: 3.130168
robot_geom: robot0_torso_fixed_collision_box_1
proxy_geom: scene_aabb_proxy_line_6_output_side_protrusion
judge_collision_detected:
robot_base_x: 10.352206
robot_base_y: -7.282724
robot_base_yaw: 3.130168
robot_geom: robot0_torso_fixed_collision_box_1
proxy_geom: scene_aabb_proxy_output_6
judge_collision_detected:
robot_base_x: 10.352206
robot_base_y: -7.282724
robot_base_yaw: 3.130168
robot_geom: robot0_torso_fixed_collision_box_1
proxy_geom: scene_aabb_proxy_production_line_6
judge_collision_detected:
robot_base_x: 10.352206
robot_base_y: -7.282724
robot_base_yaw: 3.130168
robot_geom: robot0_torso_fixed_column_collision
proxy_geom: scene_aabb_proxy_line_6_output_side_protrusion
judge_collision_detected:
robot_base_x: 10.352206
robot_base_y: -7.282724
robot_base_yaw: 3.130168
robot_geom: robot0_wheel_left_collision
proxy_geom: scene_aabb_proxy_line_6_output_side_protrusion
judge_collision_detected:
robot_base_x: 10.352206
robot_base_y: -7.282724
robot_base_yaw: 3.130168
robot_geom: robot0_wheel_left_collision
proxy_geom: scene_aabb_proxy_output_6
judge_collision_detected:
robot_base_x: 10.352206
robot_base_y: -7.282724
robot_base_yaw: 3.130168
robot_geom: robot0_wheel_right_collision
proxy_geom: scene_aabb_proxy_line_6_output_side_protrusion
judge_collision_detected:
robot_base_x: 10.352206
robot_base_y: -7.282724
robot_base_yaw: 3.130168
robot_geom: robot0_wheel_right_collision
proxy_geom: scene_aabb_proxy_output_6
judge_collision_detected:
robot_base_x: 10.352206
robot_base_y: -7.282724
robot_base_yaw: 3.130168
robot_geom: robot0_wheel_right_collision
proxy_geom: scene_aabb_proxy_production_line_6
judge_collision_detected:
robot_base_x: 10.350294
robot_base_y: -7.282927
robot_base_yaw: 3.130425
robot_geom: robot0_back_left_caster_2
proxy_geom: scene_aabb_proxy_line_6_output_side_protrusion
judge_collision_detected:
robot_base_x: 10.350294
robot_base_y: -7.282927
robot_base_yaw: 3.130425
robot_geom: robot0_back_right_caster_2
proxy_geom: scene_aabb_proxy_line_6_output_side_protrusion
judge_collision_detected:
robot_base_x: 10.350294
robot_base_y: -7.282927
robot_base_yaw: 3.130425
robot_geom: robot0_base_collision
proxy_geom: scene_aabb_proxy_line_6_output_side_protrusion
judge_collision_detected:
robot_base_x: 10.350294
robot_base_y: -7.282927
robot_base_yaw: 3.130425
robot_geom: robot0_base_collision
proxy_geom: scene_aabb_proxy_output_6
judge_collision_detected:
robot_base_x: 10.350294
robot_base_y: -7.282927
robot_base_yaw: 3.130425
robot_geom: robot0_base_collision
proxy_geom: scene_aabb_proxy_production_line_6
judge_collision_detected:
robot_base_x: 10.350294
robot_base_y: -7.282927
robot_base_yaw: 3.130425
robot_geom: robot0_front_left_caster_2
proxy_geom: scene_aabb_proxy_output_6
judge_collision_detected:
robot_base_x: 10.350294
robot_base_y: -7.282927
robot_base_yaw: 3.130425
robot_geom: robot0_front_right_caster_2
proxy_geom: scene_aabb_proxy_output_6
judge_collision_detected:
robot_base_x: 10.350294
robot_base_y: -7.282927
robot_base_yaw: 3.130425
robot_geom: robot0_torso_fixed_collision_box_1
proxy_geom: scene_aabb_proxy_line_6_output_side_protrusion
judge_collision_detected:
robot_base_x: 10.350294
robot_base_y: -7.282927
robot_base_yaw: 3.130425
robot_geom: robot0_torso_fixed_collision_box_1
proxy_geom: scene_aabb_proxy_output_6
judge_collision_detected:
robot_base_x: 10.350294
robot_base_y: -7.282927
robot_base_yaw: 3.130425
robot_geom: robot0_torso_fixed_collision_box_1
proxy_geom: scene_aabb_proxy_production_line_6
judge_collision_detected:
robot_base_x: 10.350294
robot_base_y: -7.282927
robot_base_yaw: 3.130425
robot_geom: robot0_torso_fixed_column_collision
proxy_geom: scene_aabb_proxy_line_6_output_side_protrusion
judge_collision_detected:
robot_base_x: 10.350294
robot_base_y: -7.282927
robot_base_yaw: 3.130425
robot_geom: robot0_wheel_left_collision
proxy_geom: scene_aabb_proxy_line_6_output_side_protrusion
judge_collision_detected:
robot_base_x: 10.350294
robot_base_y: -7.282927
robot_base_yaw: 3.130425
robot_geom: robot0_wheel_left_collision
proxy_geom: scene_aabb_proxy_output_6
judge_collision_detected:
robot_base_x: 10.350294
robot_base_y: -7.282927
robot_base_yaw: 3.130425
robot_geom: robot0_wheel_right_collision
proxy_geom: scene_aabb_proxy_line_6_output_side_protrusion
judge_collision_detected:
robot_base_x: 10.350294
robot_base_y: -7.282927
robot_base_yaw: 3.130425
robot_geom: robot0_wheel_right_collision
proxy_geom: scene_aabb_proxy_output_6
judge_collision_detected:
robot_base_x: 10.350294
robot_base_y: -7.282927
robot_base_yaw: 3.130425
robot_geom: robot0_wheel_right_collision
proxy_geom: scene_aabb_proxy_production_line_6
judge_collision_detected:
robot_base_x: 10.348437
robot_base_y: -7.283129
robot_base_yaw: 3.130740
robot_geom: robot0_back_left_caster_2
proxy_geom: scene_aabb_proxy_line_6_output_side_protrusion
judge_collision_detected:
robot_base_x: 10.348437
robot_base_y: -7.283129
robot_base_yaw: 3.130740
robot_geom: robot0_back_right_caster_2
proxy_geom: scene_aabb_proxy_line_6_output_side_protrusion
judge_collision_detected:
robot_base_x: 10.348437
robot_base_y: -7.283129
robot_base_yaw: 3.130740
robot_geom: robot0_base_collision
proxy_geom: scene_aabb_proxy_line_6_output_side_protrusion
judge_collision_detected:
robot_base_x: 10.348437
robot_base_y: -7.283129
robot_base_yaw: 3.130740
robot_geom: robot0_base_collision
proxy_geom: scene_aabb_proxy_output_6
judge_collision_detected:
robot_base_x: 10.348437
robot_base_y: -7.283129
robot_base_yaw: 3.130740
robot_geom: robot0_base_collision
proxy_geom: scene_aabb_proxy_production_line_6
judge_collision_detected:
robot_base_x: 10.348437
robot_base_y: -7.283129
robot_base_yaw: 3.130740
robot_geom: robot0_front_left_caster_2
proxy_geom: scene_aabb_proxy_output_6
judge_collision_detected:
robot_base_x: 10.348437
robot_base_y: -7.283129
robot_base_yaw: 3.130740
robot_geom: robot0_front_right_caster_2
proxy_geom: scene_aabb_proxy_output_6
judge_collision_detected:
robot_base_x: 10.348437
robot_base_y: -7.283129
robot_base_yaw: 3.130740
robot_geom: robot0_torso_fixed_collision_box_1
proxy_geom: scene_aabb_proxy_line_6_output_side_protrusion
judge_collision_detected:
robot_base_x: 10.348437
robot_base_y: -7.283129
robot_base_yaw: 3.130740
robot_geom: robot0_torso_fixed_collision_box_1
proxy_geom: scene_aabb_proxy_output_6
judge_collision_detected:
robot_base_x: 10.348437
robot_base_y: -7.283129
robot_base_yaw: 3.130740
robot_geom: robot0_torso_fixed_collision_box_1
proxy_geom: scene_aabb_proxy_production_line_6
judge_collision_detected:
robot_base_x: 10.348437
robot_base_y: -7.283129
robot_base_yaw: 3.130740
robot_geom: robot0_torso_fixed_column_collision
proxy_geom: scene_aabb_proxy_line_6_output_side_protrusion
judge_collision_detected:
robot_base_x: 10.348437
robot_base_y: -7.283129
robot_base_yaw: 3.130740
robot_geom: robot0_wheel_left_collision
proxy_geom: scene_aabb_proxy_line_6_output_side_protrusion
judge_collision_detected:
robot_base_x: 10.348437
robot_base_y: -7.283129
robot_base_yaw: 3.130740
robot_geom: robot0_wheel_left_collision
proxy_geom: scene_aabb_proxy_output_6
judge_collision_detected:
robot_base_x: 10.348437
robot_base_y: -7.283129
robot_base_yaw: 3.130740
robot_geom: robot0_wheel_right_collision
proxy_geom: scene_aabb_proxy_line_6_output_side_protrusion
judge_collision_detected:
robot_base_x: 10.348437
robot_base_y: -7.283129
robot_base_yaw: 3.130740
robot_geom: robot0_wheel_right_collision
proxy_geom: scene_aabb_proxy_output_6
judge_collision_detected:
robot_base_x: 10.348437
robot_base_y: -7.283129
robot_base_yaw: 3.130740
robot_geom: robot0_wheel_right_collision
proxy_geom: scene_aabb_proxy_production_line_6
judge_collision_detected:
robot_base_x: 10.346665
robot_base_y: -7.283327
robot_base_yaw: 3.131066
robot_geom: robot0_back_left_caster_2
proxy_geom: scene_aabb_proxy_line_6_output_side_protrusion
judge_collision_detected:
robot_base_x: 10.346665
robot_base_y: -7.283327
robot_base_yaw: 3.131066
robot_geom: robot0_back_right_caster_2
proxy_geom: scene_aabb_proxy_line_6_output_side_protrusion
judge_collision_detected:
robot_base_x: 10.346665
robot_base_y: -7.283327
robot_base_yaw: 3.131066
robot_geom: robot0_base_collision
proxy_geom: scene_aabb_proxy_line_6_output_side_protrusion
judge_collision_detected:
robot_base_x: 10.346665
robot_base_y: -7.283327
robot_base_yaw: 3.131066
robot_geom: robot0_base_collision
proxy_geom: scene_aabb_proxy_output_6
judge_collision_detected:
robot_base_x: 10.346665
robot_base_y: -7.283327
robot_base_yaw: 3.131066
robot_geom: robot0_base_collision
proxy_geom: scene_aabb_proxy_production_line_6
judge_collision_detected:
robot_base_x: 10.346665
robot_base_y: -7.283327
robot_base_yaw: 3.131066
robot_geom: robot0_front_left_caster_2
proxy_geom: scene_aabb_proxy_output_6
judge_collision_detected:
robot_base_x: 10.346665
robot_base_y: -7.283327
robot_base_yaw: 3.131066
robot_geom: robot0_front_right_caster_2
proxy_geom: scene_aabb_proxy_output_6
judge_collision_detected:
robot_base_x: 10.346665
robot_base_y: -7.283327
robot_base_yaw: 3.131066
robot_geom: robot0_torso_fixed_collision_box_1
proxy_geom: scene_aabb_proxy_line_6_output_side_protrusion
judge_collision_detected:
robot_base_x: 10.346665
robot_base_y: -7.283327
robot_base_yaw: 3.131066
robot_geom: robot0_torso_fixed_collision_box_1
proxy_geom: scene_aabb_proxy_output_6
judge_collision_detected:
robot_base_x: 10.346665
robot_base_y: -7.283327
robot_base_yaw: 3.131066
robot_geom: robot0_torso_fixed_collision_box_1
proxy_geom: scene_aabb_proxy_production_line_6
judge_collision_detected:
robot_base_x: 10.346665
robot_base_y: -7.283327
robot_base_yaw: 3.131066
robot_geom: robot0_torso_fixed_column_collision
proxy_geom: scene_aabb_proxy_line_6_output_side_protrusion
judge_collision_detected:
robot_base_x: 10.346665
robot_base_y: -7.283327
robot_base_yaw: 3.131066
robot_geom: robot0_wheel_left_collision
proxy_geom: scene_aabb_proxy_line_6_output_side_protrusion
judge_collision_detected:
robot_base_x: 10.346665
robot_base_y: -7.283327
robot_base_yaw: 3.131066
robot_geom: robot0_wheel_left_collision
proxy_geom: scene_aabb_proxy_output_6
judge_collision_detected:
robot_base_x: 10.346665
robot_base_y: -7.283327
robot_base_yaw: 3.131066
robot_geom: robot0_wheel_right_collision
proxy_geom: scene_aabb_proxy_line_6_output_side_protrusion
judge_collision_detected:
robot_base_x: 10.346665
robot_base_y: -7.283327
robot_base_yaw: 3.131066
robot_geom: robot0_wheel_right_collision
proxy_geom: scene_aabb_proxy_output_6
judge_collision_detected:
robot_base_x: 10.346665
robot_base_y: -7.283327
robot_base_yaw: 3.131066
robot_geom: robot0_wheel_right_collision
proxy_geom: scene_aabb_proxy_production_line_6
judge_collision_detected:
robot_base_x: 10.344918
robot_base_y: -7.283523
robot_base_yaw: 3.131288
robot_geom: robot0_back_left_caster_2
proxy_geom: scene_aabb_proxy_line_6_output_side_protrusion
judge_collision_detected:
robot_base_x: 10.344918
robot_base_y: -7.283523
robot_base_yaw: 3.131288
robot_geom: robot0_back_right_caster_2
proxy_geom: scene_aabb_proxy_line_6_output_side_protrusion
judge_collision_detected:
robot_base_x: 10.344918
robot_base_y: -7.283523
robot_base_yaw: 3.131288
robot_geom: robot0_base_collision
proxy_geom: scene_aabb_proxy_line_6_output_side_protrusion
judge_collision_detected:
robot_base_x: 10.344918
robot_base_y: -7.283523
robot_base_yaw: 3.131288
robot_geom: robot0_base_collision
proxy_geom: scene_aabb_proxy_output_6
judge_collision_detected:
robot_base_x: 10.344918
robot_base_y: -7.283523
robot_base_yaw: 3.131288
robot_geom: robot0_base_collision
proxy_geom: scene_aabb_proxy_production_line_6
judge_collision_detected:
robot_base_x: 10.344918
robot_base_y: -7.283523
robot_base_yaw: 3.131288
robot_geom: robot0_front_left_caster_2
proxy_geom: scene_aabb_proxy_output_6
judge_collision_detected:
robot_base_x: 10.344918
robot_base_y: -7.283523
robot_base_yaw: 3.131288
robot_geom: robot0_front_right_caster_2
proxy_geom: scene_aabb_proxy_output_6
judge_collision_detected:
robot_base_x: 10.344918
robot_base_y: -7.283523
robot_base_yaw: 3.131288
robot_geom: robot0_torso_fixed_collision_box_1
proxy_geom: scene_aabb_proxy_line_6_output_side_protrusion
judge_collision_detected:
robot_base_x: 10.344918
robot_base_y: -7.283523
robot_base_yaw: 3.131288
robot_geom: robot0_torso_fixed_collision_box_1
proxy_geom: scene_aabb_proxy_output_6
judge_collision_detected:
robot_base_x: 10.344918
robot_base_y: -7.283523
robot_base_yaw: 3.131288
robot_geom: robot0_torso_fixed_collision_box_1
proxy_geom: scene_aabb_proxy_production_line_6
judge_collision_detected:
robot_base_x: 10.344918
robot_base_y: -7.283523
robot_base_yaw: 3.131288
robot_geom: robot0_torso_fixed_column_collision
proxy_geom: scene_aabb_proxy_line_6_output_side_protrusion
judge_collision_detected:
robot_base_x: 10.344918
robot_base_y: -7.283523
robot_base_yaw: 3.131288
robot_geom: robot0_wheel_left_collision
proxy_geom: scene_aabb_proxy_line_6_output_side_protrusion
judge_collision_detected:
robot_base_x: 10.344918
robot_base_y: -7.283523
robot_base_yaw: 3.131288
robot_geom: robot0_wheel_left_collision
proxy_geom: scene_aabb_proxy_output_6
judge_collision_detected:
robot_base_x: 10.344918
robot_base_y: -7.283523
robot_base_yaw: 3.131288
robot_geom: robot0_wheel_right_collision
proxy_geom: scene_aabb_proxy_line_6_output_side_protrusion
judge_collision_detected:
robot_base_x: 10.344918
robot_base_y: -7.283523
robot_base_yaw: 3.131288
robot_geom: robot0_wheel_right_collision
proxy_geom: scene_aabb_proxy_output_6
judge_collision_detected:
robot_base_x: 10.344918
robot_base_y: -7.283523
robot_base_yaw: 3.131288
robot_geom: robot0_wheel_right_collision
proxy_geom: scene_aabb_proxy_production_line_6
judge_collision_detected:
robot_base_x: 10.343218
robot_base_y: -7.283724
robot_base_yaw: 3.131528
robot_geom: robot0_back_left_caster_2
proxy_geom: scene_aabb_proxy_line_6_output_side_protrusion
judge_collision_detected:
robot_base_x: 10.343218
robot_base_y: -7.283724
robot_base_yaw: 3.131528
robot_geom: robot0_back_right_caster_2
proxy_geom: scene_aabb_proxy_line_6_output_side_protrusion
judge_collision_detected:
robot_base_x: 10.343218
robot_base_y: -7.283724
robot_base_yaw: 3.131528
robot_geom: robot0_base_collision
proxy_geom: scene_aabb_proxy_line_6_output_side_protrusion
judge_collision_detected:
robot_base_x: 10.343218
robot_base_y: -7.283724
robot_base_yaw: 3.131528
robot_geom: robot0_base_collision
proxy_geom: scene_aabb_proxy_output_6
judge_collision_detected:
robot_base_x: 10.343218
robot_base_y: -7.283724
robot_base_yaw: 3.131528
robot_geom: robot0_base_collision
proxy_geom: scene_aabb_proxy_production_line_6
judge_collision_detected:
robot_base_x: 10.343218
robot_base_y: -7.283724
robot_base_yaw: 3.131528
robot_geom: robot0_front_left_caster_2
proxy_geom: scene_aabb_proxy_output_6
judge_collision_detected:
robot_base_x: 10.343218
robot_base_y: -7.283724
robot_base_yaw: 3.131528
robot_geom: robot0_front_right_caster_2
proxy_geom: scene_aabb_proxy_output_6
judge_collision_detected:
robot_base_x: 10.343218
robot_base_y: -7.283724
robot_base_yaw: 3.131528
robot_geom: robot0_torso_fixed_collision_box_1
proxy_geom: scene_aabb_proxy_line_6_output_side_protrusion
judge_collision_detected:
robot_base_x: 10.343218
robot_base_y: -7.283724
robot_base_yaw: 3.131528
robot_geom: robot0_torso_fixed_collision_box_1
proxy_geom: scene_aabb_proxy_output_6
judge_collision_detected:
robot_base_x: 10.343218
robot_base_y: -7.283724
robot_base_yaw: 3.131528
robot_geom: robot0_torso_fixed_collision_box_1
proxy_geom: scene_aabb_proxy_production_line_6
judge_collision_detected:
robot_base_x: 10.343218
robot_base_y: -7.283724
robot_base_yaw: 3.131528
robot_geom: robot0_torso_fixed_column_collision
proxy_geom: scene_aabb_proxy_line_6_output_side_protrusion
judge_collision_detected:
robot_base_x: 10.343218
robot_base_y: -7.283724
robot_base_yaw: 3.131528
robot_geom: robot0_wheel_left_collision
proxy_geom: scene_aabb_proxy_line_6_output_side_protrusion
judge_collision_detected:
robot_base_x: 10.343218
robot_base_y: -7.283724
robot_base_yaw: 3.131528
robot_geom: robot0_wheel_left_collision
proxy_geom: scene_aabb_proxy_output_6
judge_collision_detected:
robot_base_x: 10.343218
robot_base_y: -7.283724
robot_base_yaw: 3.131528
robot_geom: robot0_wheel_right_collision
proxy_geom: scene_aabb_proxy_line_6_output_side_protrusion
judge_collision_detected:
robot_base_x: 10.343218
robot_base_y: -7.283724
robot_base_yaw: 3.131528
robot_geom: robot0_wheel_right_collision
proxy_geom: scene_aabb_proxy_output_6
judge_collision_detected:
robot_base_x: 10.343218
robot_base_y: -7.283724
robot_base_yaw: 3.131528
robot_geom: robot0_wheel_right_collision
proxy_geom: scene_aabb_proxy_production_line_6
judge_collision_detected:
robot_base_x: 10.341582
robot_base_y: -7.283928
robot_base_yaw: 3.131791
robot_geom: robot0_back_left_caster_2
proxy_geom: scene_aabb_proxy_line_6_output_side_protrusion
judge_collision_detected:
robot_base_x: 10.341582
robot_base_y: -7.283928
robot_base_yaw: 3.131791
robot_geom: robot0_back_right_caster_2
proxy_geom: scene_aabb_proxy_line_6_output_side_protrusion
judge_collision_detected:
robot_base_x: 10.341582
robot_base_y: -7.283928
robot_base_yaw: 3.131791
robot_geom: robot0_base_collision
proxy_geom: scene_aabb_proxy_line_6_output_side_protrusion
judge_collision_detected:
robot_base_x: 10.341582
robot_base_y: -7.283928
robot_base_yaw: 3.131791
robot_geom: robot0_base_collision
proxy_geom: scene_aabb_proxy_output_6
judge_collision_detected:
robot_base_x: 10.341582
robot_base_y: -7.283928
robot_base_yaw: 3.131791
robot_geom: robot0_base_collision
proxy_geom: scene_aabb_proxy_production_line_6
judge_collision_detected:
robot_base_x: 10.341582
robot_base_y: -7.283928
robot_base_yaw: 3.131791
robot_geom: robot0_front_left_caster_2
proxy_geom: scene_aabb_proxy_output_6
judge_collision_detected:
robot_base_x: 10.341582
robot_base_y: -7.283928
robot_base_yaw: 3.131791
robot_geom: robot0_front_right_caster_2
proxy_geom: scene_aabb_proxy_output_6
judge_collision_detected:
robot_base_x: 10.341582
robot_base_y: -7.283928
robot_base_yaw: 3.131791
robot_geom: robot0_torso_fixed_collision_box_1
proxy_geom: scene_aabb_proxy_line_6_output_side_protrusion
judge_collision_detected:
robot_base_x: 10.341582
robot_base_y: -7.283928
robot_base_yaw: 3.131791
robot_geom: robot0_torso_fixed_collision_box_1
proxy_geom: scene_aabb_proxy_output_6
judge_collision_detected:
robot_base_x: 10.341582
robot_base_y: -7.283928
robot_base_yaw: 3.131791
robot_geom: robot0_torso_fixed_collision_box_1
proxy_geom: scene_aabb_proxy_production_line_6
judge_collision_detected:
robot_base_x: 10.341582
robot_base_y: -7.283928
robot_base_yaw: 3.131791
robot_geom: robot0_torso_fixed_column_collision
proxy_geom: scene_aabb_proxy_line_6_output_side_protrusion
judge_collision_detected:
robot_base_x: 10.341582
robot_base_y: -7.283928
robot_base_yaw: 3.131791
robot_geom: robot0_wheel_left_collision
proxy_geom: scene_aabb_proxy_line_6_output_side_protrusion
judge_collision_detected:
robot_base_x: 10.341582
robot_base_y: -7.283928
robot_base_yaw: 3.131791
robot_geom: robot0_wheel_left_collision
proxy_geom: scene_aabb_proxy_output_6
judge_collision_detected:
robot_base_x: 10.341582
robot_base_y: -7.283928
robot_base_yaw: 3.131791
robot_geom: robot0_wheel_right_collision
proxy_geom: scene_aabb_proxy_line_6_output_side_protrusion
judge_collision_detected:
robot_base_x: 10.341582
robot_base_y: -7.283928
robot_base_yaw: 3.131791
robot_geom: robot0_wheel_right_collision
proxy_geom: scene_aabb_proxy_output_6
judge_collision_detected:
robot_base_x: 10.341582
robot_base_y: -7.283928
robot_base_yaw: 3.131791
robot_geom: robot0_wheel_right_collision
proxy_geom: scene_aabb_proxy_production_line_6
judge_collision_detected:
robot_base_x: 10.340025
robot_base_y: -7.284128
robot_base_yaw: 3.132064
robot_geom: robot0_back_left_caster_2
proxy_geom: scene_aabb_proxy_line_6_output_side_protrusion
judge_collision_detected:
robot_base_x: 10.340025
robot_base_y: -7.284128
robot_base_yaw: 3.132064
robot_geom: robot0_back_right_caster_2
proxy_geom: scene_aabb_proxy_line_6_output_side_protrusion
judge_collision_detected:
robot_base_x: 10.340025
robot_base_y: -7.284128
robot_base_yaw: 3.132064
robot_geom: robot0_base_collision
proxy_geom: scene_aabb_proxy_line_6_output_side_protrusion
judge_collision_detected:
robot_base_x: 10.340025
robot_base_y: -7.284128
robot_base_yaw: 3.132064
robot_geom: robot0_base_collision
proxy_geom: scene_aabb_proxy_output_6
judge_collision_detected:
robot_base_x: 10.340025
robot_base_y: -7.284128
robot_base_yaw: 3.132064
robot_geom: robot0_base_collision
proxy_geom: scene_aabb_proxy_production_line_6
judge_collision_detected:
robot_base_x: 10.340025
robot_base_y: -7.284128
robot_base_yaw: 3.132064
robot_geom: robot0_front_left_caster_2
proxy_geom: scene_aabb_proxy_output_6
judge_collision_detected:
robot_base_x: 10.340025
robot_base_y: -7.284128
robot_base_yaw: 3.132064
robot_geom: robot0_front_right_caster_2
proxy_geom: scene_aabb_proxy_output_6
judge_collision_detected:
robot_base_x: 10.340025
robot_base_y: -7.284128
robot_base_yaw: 3.132064
robot_geom: robot0_torso_fixed_collision_box_1
proxy_geom: scene_aabb_proxy_line_6_output_side_protrusion
judge_collision_detected:
robot_base_x: 10.340025
robot_base_y: -7.284128
robot_base_yaw: 3.132064
robot_geom: robot0_torso_fixed_collision_box_1
proxy_geom: scene_aabb_proxy_output_6
judge_collision_detected:
robot_base_x: 10.340025
robot_base_y: -7.284128
robot_base_yaw: 3.132064
robot_geom: robot0_torso_fixed_collision_box_1
proxy_geom: scene_aabb_proxy_production_line_6
judge_collision_detected:
robot_base_x: 10.340025
robot_base_y: -7.284128
robot_base_yaw: 3.132064
robot_geom: robot0_torso_fixed_column_collision
proxy_geom: scene_aabb_proxy_line_6_output_side_protrusion
judge_collision_detected:
robot_base_x: 10.340025
robot_base_y: -7.284128
robot_base_yaw: 3.132064
robot_geom: robot0_wheel_left_collision
proxy_geom: scene_aabb_proxy_line_6_output_side_protrusion
judge_collision_detected:
robot_base_x: 10.340025
robot_base_y: -7.284128
robot_base_yaw: 3.132064
robot_geom: robot0_wheel_left_collision
proxy_geom: scene_aabb_proxy_output_6
judge_collision_detected:
robot_base_x: 10.340025
robot_base_y: -7.284128
robot_base_yaw: 3.132064
robot_geom: robot0_wheel_right_collision
proxy_geom: scene_aabb_proxy_line_6_output_side_protrusion
judge_collision_detected:
robot_base_x: 10.340025
robot_base_y: -7.284128
robot_base_yaw: 3.132064
robot_geom: robot0_wheel_right_collision
proxy_geom: scene_aabb_proxy_output_6
judge_collision_detected:
robot_base_x: 10.340025
robot_base_y: -7.284128
robot_base_yaw: 3.132064
robot_geom: robot0_wheel_right_collision
proxy_geom: scene_aabb_proxy_production_line_6
judge_collision_detected:
robot_base_x: 10.338543
robot_base_y: -7.284325
robot_base_yaw: 3.132348
robot_geom: robot0_back_left_caster_2
proxy_geom: scene_aabb_proxy_line_6_output_side_protrusion
judge_collision_detected:
robot_base_x: 10.338543
robot_base_y: -7.284325
robot_base_yaw: 3.132348
robot_geom: robot0_back_right_caster_2
proxy_geom: scene_aabb_proxy_line_6_output_side_protrusion
judge_collision_detected:
robot_base_x: 10.338543
robot_base_y: -7.284325
robot_base_yaw: 3.132348
robot_geom: robot0_base_collision
proxy_geom: scene_aabb_proxy_line_6_output_side_protrusion
judge_collision_detected:
robot_base_x: 10.338543
robot_base_y: -7.284325
robot_base_yaw: 3.132348
robot_geom: robot0_base_collision
proxy_geom: scene_aabb_proxy_output_6
judge_collision_detected:
robot_base_x: 10.338543
robot_base_y: -7.284325
robot_base_yaw: 3.132348
robot_geom: robot0_base_collision
proxy_geom: scene_aabb_proxy_production_line_6
judge_collision_detected:
robot_base_x: 10.338543
robot_base_y: -7.284325
robot_base_yaw: 3.132348
robot_geom: robot0_front_left_caster_2
proxy_geom: scene_aabb_proxy_output_6
judge_collision_detected:
robot_base_x: 10.338543
robot_base_y: -7.284325
robot_base_yaw: 3.132348
robot_geom: robot0_front_right_caster_2
proxy_geom: scene_aabb_proxy_output_6
judge_collision_detected:
robot_base_x: 10.338543
robot_base_y: -7.284325
robot_base_yaw: 3.132348
robot_geom: robot0_torso_fixed_collision_box_1
proxy_geom: scene_aabb_proxy_line_6_output_side_protrusion
judge_collision_detected:
robot_base_x: 10.338543
robot_base_y: -7.284325
robot_base_yaw: 3.132348
robot_geom: robot0_torso_fixed_collision_box_1
proxy_geom: scene_aabb_proxy_output_6
judge_collision_detected:
robot_base_x: 10.338543
robot_base_y: -7.284325
robot_base_yaw: 3.132348
robot_geom: robot0_torso_fixed_collision_box_1
proxy_geom: scene_aabb_proxy_production_line_6
judge_collision_detected:
robot_base_x: 10.338543
robot_base_y: -7.284325
robot_base_yaw: 3.132348
robot_geom: robot0_torso_fixed_column_collision
proxy_geom: scene_aabb_proxy_line_6_output_side_protrusion
judge_collision_detected:
robot_base_x: 10.338543
robot_base_y: -7.284325
robot_base_yaw: 3.132348
robot_geom: robot0_wheel_left_collision
proxy_geom: scene_aabb_proxy_line_6_output_side_protrusion
judge_collision_detected:
robot_base_x: 10.338543
robot_base_y: -7.284325
robot_base_yaw: 3.132348
robot_geom: robot0_wheel_left_collision
proxy_geom: scene_aabb_proxy_output_6
judge_collision_detected:
robot_base_x: 10.338543
robot_base_y: -7.284325
robot_base_yaw: 3.132348
robot_geom: robot0_wheel_right_collision
proxy_geom: scene_aabb_proxy_line_6_output_side_protrusion
judge_collision_detected:
robot_base_x: 10.338543
robot_base_y: -7.284325
robot_base_yaw: 3.132348
robot_geom: robot0_wheel_right_collision
proxy_geom: scene_aabb_proxy_output_6
judge_collision_detected:
robot_base_x: 10.338543
robot_base_y: -7.284325
robot_base_yaw: 3.132348
robot_geom: robot0_wheel_right_collision
proxy_geom: scene_aabb_proxy_production_line_6
judge_collision_detected:
robot_base_x: 10.337132
robot_base_y: -7.284517
robot_base_yaw: 3.132644
robot_geom: robot0_back_left_caster_2
proxy_geom: scene_aabb_proxy_line_6_output_side_protrusion
judge_collision_detected:
robot_base_x: 10.337132
robot_base_y: -7.284517
robot_base_yaw: 3.132644
robot_geom: robot0_back_right_caster_2
proxy_geom: scene_aabb_proxy_line_6_output_side_protrusion
judge_collision_detected:
robot_base_x: 10.337132
robot_base_y: -7.284517
robot_base_yaw: 3.132644
robot_geom: robot0_base_collision
proxy_geom: scene_aabb_proxy_line_6_output_side_protrusion
judge_collision_detected:
robot_base_x: 10.337132
robot_base_y: -7.284517
robot_base_yaw: 3.132644
robot_geom: robot0_base_collision
proxy_geom: scene_aabb_proxy_output_6
judge_collision_detected:
robot_base_x: 10.337132
robot_base_y: -7.284517
robot_base_yaw: 3.132644
robot_geom: robot0_base_collision
proxy_geom: scene_aabb_proxy_production_line_6
judge_collision_detected:
robot_base_x: 10.337132
robot_base_y: -7.284517
robot_base_yaw: 3.132644
robot_geom: robot0_front_left_caster_2
proxy_geom: scene_aabb_proxy_output_6
judge_collision_detected:
robot_base_x: 10.337132
robot_base_y: -7.284517
robot_base_yaw: 3.132644
robot_geom: robot0_front_right_caster_2
proxy_geom: scene_aabb_proxy_output_6
judge_collision_detected:
robot_base_x: 10.337132
robot_base_y: -7.284517
robot_base_yaw: 3.132644
robot_geom: robot0_torso_fixed_collision_box_1
proxy_geom: scene_aabb_proxy_line_6_output_side_protrusion
judge_collision_detected:
robot_base_x: 10.337132
robot_base_y: -7.284517
robot_base_yaw: 3.132644
robot_geom: robot0_torso_fixed_collision_box_1
proxy_geom: scene_aabb_proxy_output_6
judge_collision_detected:
robot_base_x: 10.337132
robot_base_y: -7.284517
robot_base_yaw: 3.132644
robot_geom: robot0_torso_fixed_collision_box_1
proxy_geom: scene_aabb_proxy_production_line_6
judge_collision_detected:
robot_base_x: 10.337132
robot_base_y: -7.284517
robot_base_yaw: 3.132644
robot_geom: robot0_torso_fixed_column_collision
proxy_geom: scene_aabb_proxy_line_6_output_side_protrusion
judge_collision_detected:
robot_base_x: 10.337132
robot_base_y: -7.284517
robot_base_yaw: 3.132644
robot_geom: robot0_wheel_left_collision
proxy_geom: scene_aabb_proxy_line_6_output_side_protrusion
judge_collision_detected:
robot_base_x: 10.337132
robot_base_y: -7.284517
robot_base_yaw: 3.132644
robot_geom: robot0_wheel_left_collision
proxy_geom: scene_aabb_proxy_output_6
judge_collision_detected:
robot_base_x: 10.337132
robot_base_y: -7.284517
robot_base_yaw: 3.132644
robot_geom: robot0_wheel_right_collision
proxy_geom: scene_aabb_proxy_line_6_output_side_protrusion
judge_collision_detected:
robot_base_x: 10.337132
robot_base_y: -7.284517
robot_base_yaw: 3.132644
robot_geom: robot0_wheel_right_collision
proxy_geom: scene_aabb_proxy_output_6
judge_collision_detected:
robot_base_x: 10.337132
robot_base_y: -7.284517
robot_base_yaw: 3.132644
robot_geom: robot0_wheel_right_collision
proxy_geom: scene_aabb_proxy_production_line_6
judge_collision_detected:
robot_base_x: 10.335773
robot_base_y: -7.284697
robot_base_yaw: 3.132978
robot_geom: robot0_back_left_caster_2
proxy_geom: scene_aabb_proxy_line_6_output_side_protrusion
judge_collision_detected:
robot_base_x: 10.335773
robot_base_y: -7.284697
robot_base_yaw: 3.132978
robot_geom: robot0_back_right_caster_2
proxy_geom: scene_aabb_proxy_line_6_output_side_protrusion
judge_collision_detected:
robot_base_x: 10.335773
robot_base_y: -7.284697
robot_base_yaw: 3.132978
robot_geom: robot0_base_collision
proxy_geom: scene_aabb_proxy_line_6_output_side_protrusion
judge_collision_detected:
robot_base_x: 10.335773
robot_base_y: -7.284697
robot_base_yaw: 3.132978
robot_geom: robot0_base_collision
proxy_geom: scene_aabb_proxy_output_6
judge_collision_detected:
robot_base_x: 10.335773
robot_base_y: -7.284697
robot_base_yaw: 3.132978
robot_geom: robot0_base_collision
proxy_geom: scene_aabb_proxy_production_line_6
judge_collision_detected:
robot_base_x: 10.335773
robot_base_y: -7.284697
robot_base_yaw: 3.132978
robot_geom: robot0_front_left_caster_2
proxy_geom: scene_aabb_proxy_output_6
judge_collision_detected:
robot_base_x: 10.335773
robot_base_y: -7.284697
robot_base_yaw: 3.132978
robot_geom: robot0_front_right_caster_2
proxy_geom: scene_aabb_proxy_output_6
judge_collision_detected:
robot_base_x: 10.335773
robot_base_y: -7.284697
robot_base_yaw: 3.132978
robot_geom: robot0_torso_fixed_collision_box_1
proxy_geom: scene_aabb_proxy_line_6_output_side_protrusion
judge_collision_detected:
robot_base_x: 10.335773
robot_base_y: -7.284697
robot_base_yaw: 3.132978
robot_geom: robot0_torso_fixed_collision_box_1
proxy_geom: scene_aabb_proxy_output_6
judge_collision_detected:
robot_base_x: 10.335773
robot_base_y: -7.284697
robot_base_yaw: 3.132978
robot_geom: robot0_torso_fixed_collision_box_1
proxy_geom: scene_aabb_proxy_production_line_6
judge_collision_detected:
robot_base_x: 10.335773
robot_base_y: -7.284697
robot_base_yaw: 3.132978
robot_geom: robot0_torso_fixed_column_collision
proxy_geom: scene_aabb_proxy_line_6_output_side_protrusion
judge_collision_detected:
robot_base_x: 10.335773
robot_base_y: -7.284697
robot_base_yaw: 3.132978
robot_geom: robot0_wheel_left_collision
proxy_geom: scene_aabb_proxy_line_6_output_side_protrusion
judge_collision_detected:
robot_base_x: 10.335773
robot_base_y: -7.284697
robot_base_yaw: 3.132978
robot_geom: robot0_wheel_left_collision
proxy_geom: scene_aabb_proxy_output_6
judge_collision_detected:
robot_base_x: 10.335773
robot_base_y: -7.284697
robot_base_yaw: 3.132978
robot_geom: robot0_wheel_right_collision
proxy_geom: scene_aabb_proxy_line_6_output_side_protrusion
judge_collision_detected:
robot_base_x: 10.335773
robot_base_y: -7.284697
robot_base_yaw: 3.132978
robot_geom: robot0_wheel_right_collision
proxy_geom: scene_aabb_proxy_output_6
judge_collision_detected:
robot_base_x: 10.335773
robot_base_y: -7.284697
robot_base_yaw: 3.132978
robot_geom: robot0_wheel_right_collision
proxy_geom: scene_aabb_proxy_production_line_6
judge_collision_detected:
robot_base_x: 10.334550
robot_base_y: -7.284871
robot_base_yaw: 3.133320
robot_geom: robot0_back_left_caster_2
proxy_geom: scene_aabb_proxy_line_6_output_side_protrusion
judge_collision_detected:
robot_base_x: 10.334550
robot_base_y: -7.284871
robot_base_yaw: 3.133320
robot_geom: robot0_back_right_caster_2
proxy_geom: scene_aabb_proxy_line_6_output_side_protrusion
judge_collision_detected:
robot_base_x: 10.334550
robot_base_y: -7.284871
robot_base_yaw: 3.133320
robot_geom: robot0_base_collision
proxy_geom: scene_aabb_proxy_line_6_output_side_protrusion
judge_collision_detected:
robot_base_x: 10.334550
robot_base_y: -7.284871
robot_base_yaw: 3.133320
robot_geom: robot0_base_collision
proxy_geom: scene_aabb_proxy_output_6
judge_collision_detected:
robot_base_x: 10.334550
robot_base_y: -7.284871
robot_base_yaw: 3.133320
robot_geom: robot0_base_collision
proxy_geom: scene_aabb_proxy_production_line_6
judge_collision_detected:
robot_base_x: 10.334550
robot_base_y: -7.284871
robot_base_yaw: 3.133320
robot_geom: robot0_front_left_caster_2
proxy_geom: scene_aabb_proxy_output_6
judge_collision_detected:
robot_base_x: 10.334550
robot_base_y: -7.284871
robot_base_yaw: 3.133320
robot_geom: robot0_front_right_caster_2
proxy_geom: scene_aabb_proxy_output_6
judge_collision_detected:
robot_base_x: 10.334550
robot_base_y: -7.284871
robot_base_yaw: 3.133320
robot_geom: robot0_torso_fixed_collision_box_1
proxy_geom: scene_aabb_proxy_line_6_output_side_protrusion
judge_collision_detected:
robot_base_x: 10.334550
robot_base_y: -7.284871
robot_base_yaw: 3.133320
robot_geom: robot0_torso_fixed_collision_box_1
proxy_geom: scene_aabb_proxy_output_6
judge_collision_detected:
robot_base_x: 10.334550
robot_base_y: -7.284871
robot_base_yaw: 3.133320
robot_geom: robot0_torso_fixed_collision_box_1
proxy_geom: scene_aabb_proxy_production_line_6
judge_collision_detected:
robot_base_x: 10.334550
robot_base_y: -7.284871
robot_base_yaw: 3.133320
robot_geom: robot0_torso_fixed_column_collision
proxy_geom: scene_aabb_proxy_line_6_output_side_protrusion
judge_collision_detected:
robot_base_x: 10.334550
robot_base_y: -7.284871
robot_base_yaw: 3.133320
robot_geom: robot0_wheel_left_collision
proxy_geom: scene_aabb_proxy_line_6_output_side_protrusion
judge_collision_detected:
robot_base_x: 10.334550
robot_base_y: -7.284871
robot_base_yaw: 3.133320
robot_geom: robot0_wheel_left_collision
proxy_geom: scene_aabb_proxy_output_6
judge_collision_detected:
robot_base_x: 10.334550
robot_base_y: -7.284871
robot_base_yaw: 3.133320
robot_geom: robot0_wheel_right_collision
proxy_geom: scene_aabb_proxy_line_6_output_side_protrusion
judge_collision_detected:
robot_base_x: 10.334550
robot_base_y: -7.284871
robot_base_yaw: 3.133320
robot_geom: robot0_wheel_right_collision
proxy_geom: scene_aabb_proxy_output_6
judge_collision_detected:
robot_base_x: 10.334550
robot_base_y: -7.284871
robot_base_yaw: 3.133320
robot_geom: robot0_wheel_right_collision
proxy_geom: scene_aabb_proxy_production_line_6
judge_collision_detected:
robot_base_x: 10.333853
robot_base_y: -7.285034
robot_base_yaw: 3.133674
robot_geom: robot0_back_left_caster_2
proxy_geom: scene_aabb_proxy_line_6_output_side_protrusion
judge_collision_detected:
robot_base_x: 10.333853
robot_base_y: -7.285034
robot_base_yaw: 3.133674
robot_geom: robot0_back_right_caster_2
proxy_geom: scene_aabb_proxy_line_6_output_side_protrusion
judge_collision_detected:
robot_base_x: 10.333853
robot_base_y: -7.285034
robot_base_yaw: 3.133674
robot_geom: robot0_base_collision
proxy_geom: scene_aabb_proxy_line_6_output_side_protrusion
judge_collision_detected:
robot_base_x: 10.333853
robot_base_y: -7.285034
robot_base_yaw: 3.133674
robot_geom: robot0_base_collision
proxy_geom: scene_aabb_proxy_output_6
judge_collision_detected:
robot_base_x: 10.333853
robot_base_y: -7.285034
robot_base_yaw: 3.133674
robot_geom: robot0_base_collision
proxy_geom: scene_aabb_proxy_production_line_6
judge_collision_detected:
robot_base_x: 10.333853
robot_base_y: -7.285034
robot_base_yaw: 3.133674
robot_geom: robot0_front_left_caster_2
proxy_geom: scene_aabb_proxy_output_6
judge_collision_detected:
robot_base_x: 10.333853
robot_base_y: -7.285034
robot_base_yaw: 3.133674
robot_geom: robot0_front_right_caster_2
proxy_geom: scene_aabb_proxy_output_6
judge_collision_detected:
robot_base_x: 10.333853
robot_base_y: -7.285034
robot_base_yaw: 3.133674
robot_geom: robot0_torso_fixed_collision_box_1
proxy_geom: scene_aabb_proxy_line_6_output_side_protrusion
judge_collision_detected:
robot_base_x: 10.333853
robot_base_y: -7.285034
robot_base_yaw: 3.133674
robot_geom: robot0_torso_fixed_collision_box_1
proxy_geom: scene_aabb_proxy_output_6
judge_collision_detected:
robot_base_x: 10.333853
robot_base_y: -7.285034
robot_base_yaw: 3.133674
robot_geom: robot0_torso_fixed_collision_box_1
proxy_geom: scene_aabb_proxy_production_line_6
judge_collision_detected:
robot_base_x: 10.333853
robot_base_y: -7.285034
robot_base_yaw: 3.133674
robot_geom: robot0_torso_fixed_column_collision
proxy_geom: scene_aabb_proxy_line_6_output_side_protrusion
judge_collision_detected:
robot_base_x: 10.333853
robot_base_y: -7.285034
robot_base_yaw: 3.133674
robot_geom: robot0_wheel_left_collision
proxy_geom: scene_aabb_proxy_line_6_output_side_protrusion
judge_collision_detected:
robot_base_x: 10.333853
robot_base_y: -7.285034
robot_base_yaw: 3.133674
robot_geom: robot0_wheel_left_collision
proxy_geom: scene_aabb_proxy_output_6
judge_collision_detected:
robot_base_x: 10.333853
robot_base_y: -7.285034
robot_base_yaw: 3.133674
robot_geom: robot0_wheel_right_collision
proxy_geom: scene_aabb_proxy_line_6_output_side_protrusion
judge_collision_detected:
robot_base_x: 10.333853
robot_base_y: -7.285034
robot_base_yaw: 3.133674
robot_geom: robot0_wheel_right_collision
proxy_geom: scene_aabb_proxy_output_6
judge_collision_detected:
robot_base_x: 10.333853
robot_base_y: -7.285034
robot_base_yaw: 3.133674
robot_geom: robot0_wheel_right_collision
proxy_geom: scene_aabb_proxy_production_line_6
judge_collision_detected:
robot_base_x: 10.333208
robot_base_y: -7.285194
robot_base_yaw: 3.134041
robot_geom: robot0_back_left_caster_2
proxy_geom: scene_aabb_proxy_line_6_output_side_protrusion
judge_collision_detected:
robot_base_x: 10.333208
robot_base_y: -7.285194
robot_base_yaw: 3.134041
robot_geom: robot0_back_right_caster_2
proxy_geom: scene_aabb_proxy_line_6_output_side_protrusion
judge_collision_detected:
robot_base_x: 10.333208
robot_base_y: -7.285194
robot_base_yaw: 3.134041
robot_geom: robot0_base_collision
proxy_geom: scene_aabb_proxy_line_6_output_side_protrusion
judge_collision_detected:
robot_base_x: 10.333208
robot_base_y: -7.285194
robot_base_yaw: 3.134041
robot_geom: robot0_base_collision
proxy_geom: scene_aabb_proxy_output_6
judge_collision_detected:
robot_base_x: 10.333208
robot_base_y: -7.285194
robot_base_yaw: 3.134041
robot_geom: robot0_base_collision
proxy_geom: scene_aabb_proxy_production_line_6
judge_collision_detected:
robot_base_x: 10.333208
robot_base_y: -7.285194
robot_base_yaw: 3.134041
robot_geom: robot0_front_left_caster_2
proxy_geom: scene_aabb_proxy_output_6
judge_collision_detected:
robot_base_x: 10.333208
robot_base_y: -7.285194
robot_base_yaw: 3.134041
robot_geom: robot0_front_right_caster_2
proxy_geom: scene_aabb_proxy_output_6
judge_collision_detected:
robot_base_x: 10.333208
robot_base_y: -7.285194
robot_base_yaw: 3.134041
robot_geom: robot0_torso_fixed_collision_box_1
proxy_geom: scene_aabb_proxy_line_6_output_side_protrusion
judge_collision_detected:
robot_base_x: 10.333208
robot_base_y: -7.285194
robot_base_yaw: 3.134041
robot_geom: robot0_torso_fixed_collision_box_1
proxy_geom: scene_aabb_proxy_output_6
judge_collision_detected:
robot_base_x: 10.333208
robot_base_y: -7.285194
robot_base_yaw: 3.134041
robot_geom: robot0_torso_fixed_collision_box_1
proxy_geom: scene_aabb_proxy_production_line_6
judge_collision_detected:
robot_base_x: 10.333208
robot_base_y: -7.285194
robot_base_yaw: 3.134041
robot_geom: robot0_torso_fixed_column_collision
proxy_geom: scene_aabb_proxy_line_6_output_side_protrusion
judge_collision_detected:
robot_base_x: 10.333208
robot_base_y: -7.285194
robot_base_yaw: 3.134041
robot_geom: robot0_wheel_left_collision
proxy_geom: scene_aabb_proxy_line_6_output_side_protrusion
judge_collision_detected:
robot_base_x: 10.333208
robot_base_y: -7.285194
robot_base_yaw: 3.134041
robot_geom: robot0_wheel_left_collision
proxy_geom: scene_aabb_proxy_output_6
judge_collision_detected:
robot_base_x: 10.333208
robot_base_y: -7.285194
robot_base_yaw: 3.134041
robot_geom: robot0_wheel_right_collision
proxy_geom: scene_aabb_proxy_line_6_output_side_protrusion
judge_collision_detected:
robot_base_x: 10.333208
robot_base_y: -7.285194
robot_base_yaw: 3.134041
robot_geom: robot0_wheel_right_collision
proxy_geom: scene_aabb_proxy_output_6
judge_collision_detected:
robot_base_x: 10.333208
robot_base_y: -7.285194
robot_base_yaw: 3.134041
robot_geom: robot0_wheel_right_collision
proxy_geom: scene_aabb_proxy_production_line_6
judge_collision_detected:
robot_base_x: 10.332591
robot_base_y: -7.285351
robot_base_yaw: 3.134420
robot_geom: robot0_back_left_caster_2
proxy_geom: scene_aabb_proxy_line_6_output_side_protrusion
judge_collision_detected:
robot_base_x: 10.332591
robot_base_y: -7.285351
robot_base_yaw: 3.134420
robot_geom: robot0_back_right_caster_2
proxy_geom: scene_aabb_proxy_line_6_output_side_protrusion
judge_collision_detected:
robot_base_x: 10.332591
robot_base_y: -7.285351
robot_base_yaw: 3.134420
robot_geom: robot0_base_collision
proxy_geom: scene_aabb_proxy_line_6_output_side_protrusion
judge_collision_detected:
robot_base_x: 10.332591
robot_base_y: -7.285351
robot_base_yaw: 3.134420
robot_geom: robot0_base_collision
proxy_geom: scene_aabb_proxy_output_6
judge_collision_detected:
robot_base_x: 10.332591
robot_base_y: -7.285351
robot_base_yaw: 3.134420
robot_geom: robot0_base_collision
proxy_geom: scene_aabb_proxy_production_line_6
judge_collision_detected:
robot_base_x: 10.332591
robot_base_y: -7.285351
robot_base_yaw: 3.134420
robot_geom: robot0_front_left_caster_2
proxy_geom: scene_aabb_proxy_output_6
judge_collision_detected:
robot_base_x: 10.332591
robot_base_y: -7.285351
robot_base_yaw: 3.134420
robot_geom: robot0_front_right_caster_2
proxy_geom: scene_aabb_proxy_output_6
judge_collision_detected:
robot_base_x: 10.332591
robot_base_y: -7.285351
robot_base_yaw: 3.134420
robot_geom: robot0_torso_fixed_collision_box_1
proxy_geom: scene_aabb_proxy_line_6_output_side_protrusion
judge_collision_detected:
robot_base_x: 10.332591
robot_base_y: -7.285351
robot_base_yaw: 3.134420
robot_geom: robot0_torso_fixed_collision_box_1
proxy_geom: scene_aabb_proxy_output_6
judge_collision_detected:
robot_base_x: 10.332591
robot_base_y: -7.285351
robot_base_yaw: 3.134420
robot_geom: robot0_torso_fixed_collision_box_1
proxy_geom: scene_aabb_proxy_production_line_6
judge_collision_detected:
robot_base_x: 10.332591
robot_base_y: -7.285351
robot_base_yaw: 3.134420
robot_geom: robot0_torso_fixed_column_collision
proxy_geom: scene_aabb_proxy_line_6_output_side_protrusion
judge_collision_detected:
robot_base_x: 10.332591
robot_base_y: -7.285351
robot_base_yaw: 3.134420
robot_geom: robot0_wheel_left_collision
proxy_geom: scene_aabb_proxy_line_6_output_side_protrusion
judge_collision_detected:
robot_base_x: 10.332591
robot_base_y: -7.285351
robot_base_yaw: 3.134420
robot_geom: robot0_wheel_left_collision
proxy_geom: scene_aabb_proxy_output_6
judge_collision_detected:
robot_base_x: 10.332591
robot_base_y: -7.285351
robot_base_yaw: 3.134420
robot_geom: robot0_wheel_right_collision
proxy_geom: scene_aabb_proxy_line_6_output_side_protrusion
judge_collision_detected:
robot_base_x: 10.332591
robot_base_y: -7.285351
robot_base_yaw: 3.134420
robot_geom: robot0_wheel_right_collision
proxy_geom: scene_aabb_proxy_output_6
judge_collision_detected:
robot_base_x: 10.332591
robot_base_y: -7.285351
robot_base_yaw: 3.134420
robot_geom: robot0_wheel_right_collision
proxy_geom: scene_aabb_proxy_production_line_6
judge_collision_detected:
robot_base_x: 10.332001
robot_base_y: -7.285505
robot_base_yaw: 3.134810
robot_geom: robot0_back_left_caster_2
proxy_geom: scene_aabb_proxy_line_6_output_side_protrusion
judge_collision_detected:
robot_base_x: 10.332001
robot_base_y: -7.285505
robot_base_yaw: 3.134810
robot_geom: robot0_back_right_caster_2
proxy_geom: scene_aabb_proxy_line_6_output_side_protrusion
judge_collision_detected:
robot_base_x: 10.332001
robot_base_y: -7.285505
robot_base_yaw: 3.134810
robot_geom: robot0_base_collision
proxy_geom: scene_aabb_proxy_line_6_output_side_protrusion
judge_collision_detected:
robot_base_x: 10.332001
robot_base_y: -7.285505
robot_base_yaw: 3.134810
robot_geom: robot0_base_collision
proxy_geom: scene_aabb_proxy_output_6
judge_collision_detected:
robot_base_x: 10.332001
robot_base_y: -7.285505
robot_base_yaw: 3.134810
robot_geom: robot0_base_collision
proxy_geom: scene_aabb_proxy_production_line_6
judge_collision_detected:
robot_base_x: 10.332001
robot_base_y: -7.285505
robot_base_yaw: 3.134810
robot_geom: robot0_front_left_caster_2
proxy_geom: scene_aabb_proxy_output_6
judge_collision_detected:
robot_base_x: 10.332001
robot_base_y: -7.285505
robot_base_yaw: 3.134810
robot_geom: robot0_front_right_caster_2
proxy_geom: scene_aabb_proxy_output_6
judge_collision_detected:
robot_base_x: 10.332001
robot_base_y: -7.285505
robot_base_yaw: 3.134810
robot_geom: robot0_torso_fixed_collision_box_1
proxy_geom: scene_aabb_proxy_line_6_output_side_protrusion
judge_collision_detected:
robot_base_x: 10.332001
robot_base_y: -7.285505
robot_base_yaw: 3.134810
robot_geom: robot0_torso_fixed_collision_box_1
proxy_geom: scene_aabb_proxy_output_6
judge_collision_detected:
robot_base_x: 10.332001
robot_base_y: -7.285505
robot_base_yaw: 3.134810
robot_geom: robot0_torso_fixed_collision_box_1
proxy_geom: scene_aabb_proxy_production_line_6
judge_collision_detected:
robot_base_x: 10.332001
robot_base_y: -7.285505
robot_base_yaw: 3.134810
robot_geom: robot0_torso_fixed_column_collision
proxy_geom: scene_aabb_proxy_line_6_output_side_protrusion
judge_collision_detected:
robot_base_x: 10.332001
robot_base_y: -7.285505
robot_base_yaw: 3.134810
robot_geom: robot0_wheel_left_collision
proxy_geom: scene_aabb_proxy_line_6_output_side_protrusion
judge_collision_detected:
robot_base_x: 10.332001
robot_base_y: -7.285505
robot_base_yaw: 3.134810
robot_geom: robot0_wheel_left_collision
proxy_geom: scene_aabb_proxy_output_6
judge_collision_detected:
robot_base_x: 10.332001
robot_base_y: -7.285505
robot_base_yaw: 3.134810
robot_geom: robot0_wheel_right_collision
proxy_geom: scene_aabb_proxy_line_6_output_side_protrusion
judge_collision_detected:
robot_base_x: 10.332001
robot_base_y: -7.285505
robot_base_yaw: 3.134810
robot_geom: robot0_wheel_right_collision
proxy_geom: scene_aabb_proxy_output_6
judge_collision_detected:
robot_base_x: 10.332001
robot_base_y: -7.285505
robot_base_yaw: 3.134810
robot_geom: robot0_wheel_right_collision
proxy_geom: scene_aabb_proxy_production_line_6
judge_collision_detected:
robot_base_x: 10.331447
robot_base_y: -7.285653
robot_base_yaw: 3.135229
robot_geom: robot0_back_left_caster_2
proxy_geom: scene_aabb_proxy_line_6_output_side_protrusion
judge_collision_detected:
robot_base_x: 10.331447
robot_base_y: -7.285653
robot_base_yaw: 3.135229
robot_geom: robot0_back_right_caster_2
proxy_geom: scene_aabb_proxy_line_6_output_side_protrusion
judge_collision_detected:
robot_base_x: 10.331447
robot_base_y: -7.285653
robot_base_yaw: 3.135229
robot_geom: robot0_base_collision
proxy_geom: scene_aabb_proxy_line_6_output_side_protrusion
judge_collision_detected:
robot_base_x: 10.331447
robot_base_y: -7.285653
robot_base_yaw: 3.135229
robot_geom: robot0_base_collision
proxy_geom: scene_aabb_proxy_output_6
judge_collision_detected:
robot_base_x: 10.331447
robot_base_y: -7.285653
robot_base_yaw: 3.135229
robot_geom: robot0_base_collision
proxy_geom: scene_aabb_proxy_production_line_6
judge_collision_detected:
robot_base_x: 10.331447
robot_base_y: -7.285653
robot_base_yaw: 3.135229
robot_geom: robot0_front_left_caster_2
proxy_geom: scene_aabb_proxy_output_6
judge_collision_detected:
robot_base_x: 10.331447
robot_base_y: -7.285653
robot_base_yaw: 3.135229
robot_geom: robot0_front_right_caster_2
proxy_geom: scene_aabb_proxy_output_6
judge_collision_detected:
robot_base_x: 10.331447
robot_base_y: -7.285653
robot_base_yaw: 3.135229
robot_geom: robot0_torso_fixed_collision_box_1
proxy_geom: scene_aabb_proxy_line_6_output_side_protrusion
judge_collision_detected:
robot_base_x: 10.331447
robot_base_y: -7.285653
robot_base_yaw: 3.135229
robot_geom: robot0_torso_fixed_collision_box_1
proxy_geom: scene_aabb_proxy_output_6
judge_collision_detected:
robot_base_x: 10.331447
robot_base_y: -7.285653
robot_base_yaw: 3.135229
robot_geom: robot0_torso_fixed_collision_box_1
proxy_geom: scene_aabb_proxy_production_line_6
judge_collision_detected:
robot_base_x: 10.331447
robot_base_y: -7.285653
robot_base_yaw: 3.135229
robot_geom: robot0_torso_fixed_column_collision
proxy_geom: scene_aabb_proxy_line_6_output_side_protrusion
judge_collision_detected:
robot_base_x: 10.331447
robot_base_y: -7.285653
robot_base_yaw: 3.135229
robot_geom: robot0_wheel_left_collision
proxy_geom: scene_aabb_proxy_line_6_output_side_protrusion
judge_collision_detected:
robot_base_x: 10.331447
robot_base_y: -7.285653
robot_base_yaw: 3.135229
robot_geom: robot0_wheel_left_collision
proxy_geom: scene_aabb_proxy_output_6
judge_collision_detected:
robot_base_x: 10.331447
robot_base_y: -7.285653
robot_base_yaw: 3.135229
robot_geom: robot0_wheel_right_collision
proxy_geom: scene_aabb_proxy_line_6_output_side_protrusion
judge_collision_detected:
robot_base_x: 10.331447
robot_base_y: -7.285653
robot_base_yaw: 3.135229
robot_geom: robot0_wheel_right_collision
proxy_geom: scene_aabb_proxy_output_6
judge_collision_detected:
robot_base_x: 10.331447
robot_base_y: -7.285653
robot_base_yaw: 3.135229
robot_geom: robot0_wheel_right_collision
proxy_geom: scene_aabb_proxy_production_line_6
judge_collision_detected:
robot_base_x: 10.330922
robot_base_y: -7.285797
robot_base_yaw: 3.135661
robot_geom: robot0_back_left_caster_2
proxy_geom: scene_aabb_proxy_line_6_output_side_protrusion
judge_collision_detected:
robot_base_x: 10.330922
robot_base_y: -7.285797
robot_base_yaw: 3.135661
robot_geom: robot0_back_right_caster_2
proxy_geom: scene_aabb_proxy_line_6_output_side_protrusion
judge_collision_detected:
robot_base_x: 10.330922
robot_base_y: -7.285797
robot_base_yaw: 3.135661
robot_geom: robot0_base_collision
proxy_geom: scene_aabb_proxy_line_6_output_side_protrusion
judge_collision_detected:
robot_base_x: 10.330922
robot_base_y: -7.285797
robot_base_yaw: 3.135661
robot_geom: robot0_base_collision
proxy_geom: scene_aabb_proxy_output_6
judge_collision_detected:
robot_base_x: 10.330922
robot_base_y: -7.285797
robot_base_yaw: 3.135661
robot_geom: robot0_base_collision
proxy_geom: scene_aabb_proxy_production_line_6
judge_collision_detected:
robot_base_x: 10.330922
robot_base_y: -7.285797
robot_base_yaw: 3.135661
robot_geom: robot0_front_left_caster_2
proxy_geom: scene_aabb_proxy_output_6
judge_collision_detected:
robot_base_x: 10.330922
robot_base_y: -7.285797
robot_base_yaw: 3.135661
robot_geom: robot0_front_right_caster_2
proxy_geom: scene_aabb_proxy_output_6
judge_collision_detected:
robot_base_x: 10.330922
robot_base_y: -7.285797
robot_base_yaw: 3.135661
robot_geom: robot0_torso_fixed_collision_box_1
proxy_geom: scene_aabb_proxy_line_6_output_side_protrusion
judge_collision_detected:
robot_base_x: 10.330922
robot_base_y: -7.285797
robot_base_yaw: 3.135661
robot_geom: robot0_torso_fixed_collision_box_1
proxy_geom: scene_aabb_proxy_output_6
judge_collision_detected:
robot_base_x: 10.330922
robot_base_y: -7.285797
robot_base_yaw: 3.135661
robot_geom: robot0_torso_fixed_collision_box_1
proxy_geom: scene_aabb_proxy_production_line_6
judge_collision_detected:
robot_base_x: 10.330922
robot_base_y: -7.285797
robot_base_yaw: 3.135661
robot_geom: robot0_torso_fixed_column_collision
proxy_geom: scene_aabb_proxy_line_6_output_side_protrusion
judge_collision_detected:
robot_base_x: 10.330922
robot_base_y: -7.285797
robot_base_yaw: 3.135661
robot_geom: robot0_wheel_left_collision
proxy_geom: scene_aabb_proxy_line_6_output_side_protrusion
judge_collision_detected:
robot_base_x: 10.330922
robot_base_y: -7.285797
robot_base_yaw: 3.135661
robot_geom: robot0_wheel_left_collision
proxy_geom: scene_aabb_proxy_output_6
judge_collision_detected:
robot_base_x: 10.330922
robot_base_y: -7.285797
robot_base_yaw: 3.135661
robot_geom: robot0_wheel_right_collision
proxy_geom: scene_aabb_proxy_line_6_output_side_protrusion
judge_collision_detected:
robot_base_x: 10.330922
robot_base_y: -7.285797
robot_base_yaw: 3.135661
robot_geom: robot0_wheel_right_collision
proxy_geom: scene_aabb_proxy_output_6
judge_collision_detected:
robot_base_x: 10.330922
robot_base_y: -7.285797
robot_base_yaw: 3.135661
robot_geom: robot0_wheel_right_collision
proxy_geom: scene_aabb_proxy_production_line_6
judge_collision_detected:
robot_base_x: 10.330404
robot_base_y: -7.285940
robot_base_yaw: 3.136071
robot_geom: robot0_back_left_caster_2
proxy_geom: scene_aabb_proxy_line_6_output_side_protrusion
judge_collision_detected:
robot_base_x: 10.330404
robot_base_y: -7.285940
robot_base_yaw: 3.136071
robot_geom: robot0_back_right_caster_2
proxy_geom: scene_aabb_proxy_line_6_output_side_protrusion
judge_collision_detected:
robot_base_x: 10.330404
robot_base_y: -7.285940
robot_base_yaw: 3.136071
robot_geom: robot0_base_collision
proxy_geom: scene_aabb_proxy_line_6_output_side_protrusion
judge_collision_detected:
robot_base_x: 10.330404
robot_base_y: -7.285940
robot_base_yaw: 3.136071
robot_geom: robot0_base_collision
proxy_geom: scene_aabb_proxy_output_6
judge_collision_detected:
robot_base_x: 10.330404
robot_base_y: -7.285940
robot_base_yaw: 3.136071
robot_geom: robot0_base_collision
proxy_geom: scene_aabb_proxy_production_line_6
judge_collision_detected:
robot_base_x: 10.330404
robot_base_y: -7.285940
robot_base_yaw: 3.136071
robot_geom: robot0_front_left_caster_2
proxy_geom: scene_aabb_proxy_output_6
judge_collision_detected:
robot_base_x: 10.330404
robot_base_y: -7.285940
robot_base_yaw: 3.136071
robot_geom: robot0_front_right_caster_2
proxy_geom: scene_aabb_proxy_output_6
judge_collision_detected:
robot_base_x: 10.330404
robot_base_y: -7.285940
robot_base_yaw: 3.136071
robot_geom: robot0_torso_fixed_collision_box_1
proxy_geom: scene_aabb_proxy_line_6_output_side_protrusion
judge_collision_detected:
robot_base_x: 10.330404
robot_base_y: -7.285940
robot_base_yaw: 3.136071
robot_geom: robot0_torso_fixed_collision_box_1
proxy_geom: scene_aabb_proxy_output_6
judge_collision_detected:
robot_base_x: 10.330404
robot_base_y: -7.285940
robot_base_yaw: 3.136071
robot_geom: robot0_torso_fixed_collision_box_1
proxy_geom: scene_aabb_proxy_production_line_6
judge_collision_detected:
robot_base_x: 10.330404
robot_base_y: -7.285940
robot_base_yaw: 3.136071
robot_geom: robot0_torso_fixed_column_collision
proxy_geom: scene_aabb_proxy_line_6_output_side_protrusion
judge_collision_detected:
robot_base_x: 10.330404
robot_base_y: -7.285940
robot_base_yaw: 3.136071
robot_geom: robot0_wheel_left_collision
proxy_geom: scene_aabb_proxy_line_6_output_side_protrusion
judge_collision_detected:
robot_base_x: 10.330404
robot_base_y: -7.285940
robot_base_yaw: 3.136071
robot_geom: robot0_wheel_left_collision
proxy_geom: scene_aabb_proxy_output_6
judge_collision_detected:
robot_base_x: 10.330404
robot_base_y: -7.285940
robot_base_yaw: 3.136071
robot_geom: robot0_wheel_right_collision
proxy_geom: scene_aabb_proxy_line_6_output_side_protrusion
judge_collision_detected:
robot_base_x: 10.330404
robot_base_y: -7.285940
robot_base_yaw: 3.136071
robot_geom: robot0_wheel_right_collision
proxy_geom: scene_aabb_proxy_output_6
judge_collision_detected:
robot_base_x: 10.330404
robot_base_y: -7.285940
robot_base_yaw: 3.136071
robot_geom: robot0_wheel_right_collision
proxy_geom: scene_aabb_proxy_production_line_6
judge_collision_detected:
robot_base_x: 10.329881
robot_base_y: -7.286080
robot_base_yaw: 3.136480
robot_geom: robot0_back_left_caster_2
proxy_geom: scene_aabb_proxy_line_6_output_side_protrusion
judge_collision_detected:
robot_base_x: 10.329881
robot_base_y: -7.286080
robot_base_yaw: 3.136480
robot_geom: robot0_back_right_caster_2
proxy_geom: scene_aabb_proxy_line_6_output_side_protrusion
judge_collision_detected:
robot_base_x: 10.329881
robot_base_y: -7.286080
robot_base_yaw: 3.136480
robot_geom: robot0_base_collision
proxy_geom: scene_aabb_proxy_line_6_output_side_protrusion
judge_collision_detected:
robot_base_x: 10.329881
robot_base_y: -7.286080
robot_base_yaw: 3.136480
robot_geom: robot0_base_collision
proxy_geom: scene_aabb_proxy_output_6
judge_collision_detected:
robot_base_x: 10.329881
robot_base_y: -7.286080
robot_base_yaw: 3.136480
robot_geom: robot0_base_collision
proxy_geom: scene_aabb_proxy_production_line_6
judge_collision_detected:
robot_base_x: 10.329881
robot_base_y: -7.286080
robot_base_yaw: 3.136480
robot_geom: robot0_front_left_caster_2
proxy_geom: scene_aabb_proxy_output_6
judge_collision_detected:
robot_base_x: 10.329881
robot_base_y: -7.286080
robot_base_yaw: 3.136480
robot_geom: robot0_front_right_caster_2
proxy_geom: scene_aabb_proxy_output_6
judge_collision_detected:
robot_base_x: 10.329881
robot_base_y: -7.286080
robot_base_yaw: 3.136480
robot_geom: robot0_torso_fixed_collision_box_1
proxy_geom: scene_aabb_proxy_line_6_output_side_protrusion
judge_collision_detected:
robot_base_x: 10.329881
robot_base_y: -7.286080
robot_base_yaw: 3.136480
robot_geom: robot0_torso_fixed_collision_box_1
proxy_geom: scene_aabb_proxy_output_6
judge_collision_detected:
robot_base_x: 10.329881
robot_base_y: -7.286080
robot_base_yaw: 3.136480
robot_geom: robot0_torso_fixed_collision_box_1
proxy_geom: scene_aabb_proxy_production_line_6
judge_collision_detected:
robot_base_x: 10.329881
robot_base_y: -7.286080
robot_base_yaw: 3.136480
robot_geom: robot0_torso_fixed_column_collision
proxy_geom: scene_aabb_proxy_line_6_output_side_protrusion
judge_collision_detected:
robot_base_x: 10.329881
robot_base_y: -7.286080
robot_base_yaw: 3.136480
robot_geom: robot0_wheel_left_collision
proxy_geom: scene_aabb_proxy_line_6_output_side_protrusion
judge_collision_detected:
robot_base_x: 10.329881
robot_base_y: -7.286080
robot_base_yaw: 3.136480
robot_geom: robot0_wheel_left_collision
proxy_geom: scene_aabb_proxy_output_6
judge_collision_detected:
robot_base_x: 10.329881
robot_base_y: -7.286080
robot_base_yaw: 3.136480
robot_geom: robot0_wheel_right_collision
proxy_geom: scene_aabb_proxy_line_6_output_side_protrusion
judge_collision_detected:
robot_base_x: 10.329881
robot_base_y: -7.286080
robot_base_yaw: 3.136480
robot_geom: robot0_wheel_right_collision
proxy_geom: scene_aabb_proxy_output_6
judge_collision_detected:
robot_base_x: 10.329881
robot_base_y: -7.286080
robot_base_yaw: 3.136480
robot_geom: robot0_wheel_right_collision
proxy_geom: scene_aabb_proxy_production_line_6
judge_collision_detected:
robot_base_x: 10.328895
robot_base_y: -7.286228
robot_base_yaw: 3.136785
robot_geom: robot0_back_left_caster_2
proxy_geom: scene_aabb_proxy_line_6_output_side_protrusion
judge_collision_detected:
robot_base_x: 10.328895
robot_base_y: -7.286228
robot_base_yaw: 3.136785
robot_geom: robot0_back_right_caster_2
proxy_geom: scene_aabb_proxy_line_6_output_side_protrusion
judge_collision_detected:
robot_base_x: 10.328895
robot_base_y: -7.286228
robot_base_yaw: 3.136785
robot_geom: robot0_base_collision
proxy_geom: scene_aabb_proxy_line_6_output_side_protrusion
judge_collision_detected:
robot_base_x: 10.328895
robot_base_y: -7.286228
robot_base_yaw: 3.136785
robot_geom: robot0_base_collision
proxy_geom: scene_aabb_proxy_output_6
judge_collision_detected:
robot_base_x: 10.328895
robot_base_y: -7.286228
robot_base_yaw: 3.136785
robot_geom: robot0_base_collision
proxy_geom: scene_aabb_proxy_production_line_6
judge_collision_detected:
robot_base_x: 10.328895
robot_base_y: -7.286228
robot_base_yaw: 3.136785
robot_geom: robot0_front_left_caster_2
proxy_geom: scene_aabb_proxy_output_6
judge_collision_detected:
robot_base_x: 10.328895
robot_base_y: -7.286228
robot_base_yaw: 3.136785
robot_geom: robot0_front_right_caster_2
proxy_geom: scene_aabb_proxy_output_6
judge_collision_detected:
robot_base_x: 10.328895
robot_base_y: -7.286228
robot_base_yaw: 3.136785
robot_geom: robot0_torso_fixed_collision_box_1
proxy_geom: scene_aabb_proxy_line_6_output_side_protrusion
judge_collision_detected:
robot_base_x: 10.328895
robot_base_y: -7.286228
robot_base_yaw: 3.136785
robot_geom: robot0_torso_fixed_collision_box_1
proxy_geom: scene_aabb_proxy_output_6
judge_collision_detected:
robot_base_x: 10.328895
robot_base_y: -7.286228
robot_base_yaw: 3.136785
robot_geom: robot0_torso_fixed_collision_box_1
proxy_geom: scene_aabb_proxy_production_line_6
judge_collision_detected:
robot_base_x: 10.328895
robot_base_y: -7.286228
robot_base_yaw: 3.136785
robot_geom: robot0_torso_fixed_column_collision
proxy_geom: scene_aabb_proxy_line_6_output_side_protrusion
judge_collision_detected:
robot_base_x: 10.328895
robot_base_y: -7.286228
robot_base_yaw: 3.136785
robot_geom: robot0_wheel_left_collision
proxy_geom: scene_aabb_proxy_line_6_output_side_protrusion
judge_collision_detected:
robot_base_x: 10.328895
robot_base_y: -7.286228
robot_base_yaw: 3.136785
robot_geom: robot0_wheel_left_collision
proxy_geom: scene_aabb_proxy_output_6
judge_collision_detected:
robot_base_x: 10.328895
robot_base_y: -7.286228
robot_base_yaw: 3.136785
robot_geom: robot0_wheel_right_collision
proxy_geom: scene_aabb_proxy_line_6_output_side_protrusion
judge_collision_detected:
robot_base_x: 10.328895
robot_base_y: -7.286228
robot_base_yaw: 3.136785
robot_geom: robot0_wheel_right_collision
proxy_geom: scene_aabb_proxy_output_6
judge_collision_detected:
robot_base_x: 10.328895
robot_base_y: -7.286228
robot_base_yaw: 3.136785
robot_geom: robot0_wheel_right_collision
proxy_geom: scene_aabb_proxy_production_line_6
judge_collision_detected:
robot_base_x: 10.327900
robot_base_y: -7.286379
robot_base_yaw: 3.137056
robot_geom: robot0_back_left_caster_2
proxy_geom: scene_aabb_proxy_line_6_output_side_protrusion
judge_collision_detected:
robot_base_x: 10.327900
robot_base_y: -7.286379
robot_base_yaw: 3.137056
robot_geom: robot0_back_right_caster_2
proxy_geom: scene_aabb_proxy_line_6_output_side_protrusion
judge_collision_detected:
robot_base_x: 10.327900
robot_base_y: -7.286379
robot_base_yaw: 3.137056
robot_geom: robot0_base_collision
proxy_geom: scene_aabb_proxy_line_6_output_side_protrusion
judge_collision_detected:
robot_base_x: 10.327900
robot_base_y: -7.286379
robot_base_yaw: 3.137056
robot_geom: robot0_base_collision
proxy_geom: scene_aabb_proxy_output_6
judge_collision_detected:
robot_base_x: 10.327900
robot_base_y: -7.286379
robot_base_yaw: 3.137056
robot_geom: robot0_base_collision
proxy_geom: scene_aabb_proxy_production_line_6
judge_collision_detected:
robot_base_x: 10.327900
robot_base_y: -7.286379
robot_base_yaw: 3.137056
robot_geom: robot0_front_left_caster_2
proxy_geom: scene_aabb_proxy_output_6
judge_collision_detected:
robot_base_x: 10.327900
robot_base_y: -7.286379
robot_base_yaw: 3.137056
robot_geom: robot0_front_right_caster_2
proxy_geom: scene_aabb_proxy_output_6
judge_collision_detected:
robot_base_x: 10.327900
robot_base_y: -7.286379
robot_base_yaw: 3.137056
robot_geom: robot0_torso_fixed_collision_box_1
proxy_geom: scene_aabb_proxy_line_6_output_side_protrusion
judge_collision_detected:
robot_base_x: 10.327900
robot_base_y: -7.286379
robot_base_yaw: 3.137056
robot_geom: robot0_torso_fixed_collision_box_1
proxy_geom: scene_aabb_proxy_output_6
judge_collision_detected:
robot_base_x: 10.327900
robot_base_y: -7.286379
robot_base_yaw: 3.137056
robot_geom: robot0_torso_fixed_collision_box_1
proxy_geom: scene_aabb_proxy_production_line_6
judge_collision_detected:
robot_base_x: 10.327900
robot_base_y: -7.286379
robot_base_yaw: 3.137056
robot_geom: robot0_torso_fixed_column_collision
proxy_geom: scene_aabb_proxy_line_6_output_side_protrusion
judge_collision_detected:
robot_base_x: 10.327900
robot_base_y: -7.286379
robot_base_yaw: 3.137056
robot_geom: robot0_wheel_left_collision
proxy_geom: scene_aabb_proxy_line_6_output_side_protrusion
judge_collision_detected:
robot_base_x: 10.327900
robot_base_y: -7.286379
robot_base_yaw: 3.137056
robot_geom: robot0_wheel_left_collision
proxy_geom: scene_aabb_proxy_output_6
judge_collision_detected:
robot_base_x: 10.327900
robot_base_y: -7.286379
robot_base_yaw: 3.137056
robot_geom: robot0_wheel_right_collision
proxy_geom: scene_aabb_proxy_line_6_output_side_protrusion
judge_collision_detected:
robot_base_x: 10.327900
robot_base_y: -7.286379
robot_base_yaw: 3.137056
robot_geom: robot0_wheel_right_collision
proxy_geom: scene_aabb_proxy_output_6
judge_collision_detected:
robot_base_x: 10.327900
robot_base_y: -7.286379
robot_base_yaw: 3.137056
robot_geom: robot0_wheel_right_collision
proxy_geom: scene_aabb_proxy_production_line_6
judge_collision_detected:
robot_base_x: 10.326943
robot_base_y: -7.286532
robot_base_yaw: 3.137305
robot_geom: robot0_back_left_caster_2
proxy_geom: scene_aabb_proxy_line_6_output_side_protrusion
judge_collision_detected:
robot_base_x: 10.326943
robot_base_y: -7.286532
robot_base_yaw: 3.137305
robot_geom: robot0_back_right_caster_2
proxy_geom: scene_aabb_proxy_line_6_output_side_protrusion
judge_collision_detected:
robot_base_x: 10.326943
robot_base_y: -7.286532
robot_base_yaw: 3.137305
robot_geom: robot0_base_collision
proxy_geom: scene_aabb_proxy_line_6_output_side_protrusion
judge_collision_detected:
robot_base_x: 10.326943
robot_base_y: -7.286532
robot_base_yaw: 3.137305
robot_geom: robot0_base_collision
proxy_geom: scene_aabb_proxy_output_6
judge_collision_detected:
robot_base_x: 10.326943
robot_base_y: -7.286532
robot_base_yaw: 3.137305
robot_geom: robot0_base_collision
proxy_geom: scene_aabb_proxy_production_line_6
judge_collision_detected:
robot_base_x: 10.326943
robot_base_y: -7.286532
robot_base_yaw: 3.137305
robot_geom: robot0_front_left_caster_2
proxy_geom: scene_aabb_proxy_output_6
judge_collision_detected:
robot_base_x: 10.326943
robot_base_y: -7.286532
robot_base_yaw: 3.137305
robot_geom: robot0_front_right_caster_2
proxy_geom: scene_aabb_proxy_output_6
judge_collision_detected:
robot_base_x: 10.326943
robot_base_y: -7.286532
robot_base_yaw: 3.137305
robot_geom: robot0_torso_fixed_collision_box_1
proxy_geom: scene_aabb_proxy_line_6_output_side_protrusion
judge_collision_detected:
robot_base_x: 10.326943
robot_base_y: -7.286532
robot_base_yaw: 3.137305
robot_geom: robot0_torso_fixed_collision_box_1
proxy_geom: scene_aabb_proxy_output_6
judge_collision_detected:
robot_base_x: 10.326943
robot_base_y: -7.286532
robot_base_yaw: 3.137305
robot_geom: robot0_torso_fixed_collision_box_1
proxy_geom: scene_aabb_proxy_production_line_6
judge_collision_detected:
robot_base_x: 10.326943
robot_base_y: -7.286532
robot_base_yaw: 3.137305
robot_geom: robot0_torso_fixed_column_collision
proxy_geom: scene_aabb_proxy_line_6_output_side_protrusion
judge_collision_detected:
robot_base_x: 10.326943
robot_base_y: -7.286532
robot_base_yaw: 3.137305
robot_geom: robot0_wheel_left_collision
proxy_geom: scene_aabb_proxy_line_6_output_side_protrusion
judge_collision_detected:
robot_base_x: 10.326943
robot_base_y: -7.286532
robot_base_yaw: 3.137305
robot_geom: robot0_wheel_left_collision
proxy_geom: scene_aabb_proxy_output_6
judge_collision_detected:
robot_base_x: 10.326943
robot_base_y: -7.286532
robot_base_yaw: 3.137305
robot_geom: robot0_wheel_right_collision
proxy_geom: scene_aabb_proxy_line_6_output_side_protrusion
judge_collision_detected:
robot_base_x: 10.326943
robot_base_y: -7.286532
robot_base_yaw: 3.137305
robot_geom: robot0_wheel_right_collision
proxy_geom: scene_aabb_proxy_output_6
judge_collision_detected:
robot_base_x: 10.326943
robot_base_y: -7.286532
robot_base_yaw: 3.137305
robot_geom: robot0_wheel_right_collision
proxy_geom: scene_aabb_proxy_production_line_6
judge_collision_detected:
robot_base_x: 10.326033
robot_base_y: -7.286682
robot_base_yaw: 3.137563
robot_geom: robot0_back_left_caster_2
proxy_geom: scene_aabb_proxy_line_6_output_side_protrusion
judge_collision_detected:
robot_base_x: 10.326033
robot_base_y: -7.286682
robot_base_yaw: 3.137563
robot_geom: robot0_back_right_caster_2
proxy_geom: scene_aabb_proxy_line_6_output_side_protrusion
judge_collision_detected:
robot_base_x: 10.326033
robot_base_y: -7.286682
robot_base_yaw: 3.137563
robot_geom: robot0_base_collision
proxy_geom: scene_aabb_proxy_line_6_output_side_protrusion
judge_collision_detected:
robot_base_x: 10.326033
robot_base_y: -7.286682
robot_base_yaw: 3.137563
robot_geom: robot0_base_collision
proxy_geom: scene_aabb_proxy_output_6
judge_collision_detected:
robot_base_x: 10.326033
robot_base_y: -7.286682
robot_base_yaw: 3.137563
robot_geom: robot0_base_collision
proxy_geom: scene_aabb_proxy_production_line_6
judge_collision_detected:
robot_base_x: 10.326033
robot_base_y: -7.286682
robot_base_yaw: 3.137563
robot_geom: robot0_front_left_caster_2
proxy_geom: scene_aabb_proxy_output_6
judge_collision_detected:
robot_base_x: 10.326033
robot_base_y: -7.286682
robot_base_yaw: 3.137563
robot_geom: robot0_front_right_caster_2
proxy_geom: scene_aabb_proxy_output_6
judge_collision_detected:
robot_base_x: 10.326033
robot_base_y: -7.286682
robot_base_yaw: 3.137563
robot_geom: robot0_torso_fixed_collision_box_1
proxy_geom: scene_aabb_proxy_line_6_output_side_protrusion
judge_collision_detected:
robot_base_x: 10.326033
robot_base_y: -7.286682
robot_base_yaw: 3.137563
robot_geom: robot0_torso_fixed_collision_box_1
proxy_geom: scene_aabb_proxy_output_6
judge_collision_detected:
robot_base_x: 10.326033
robot_base_y: -7.286682
robot_base_yaw: 3.137563
robot_geom: robot0_torso_fixed_collision_box_1
proxy_geom: scene_aabb_proxy_production_line_6
judge_collision_detected:
robot_base_x: 10.326033
robot_base_y: -7.286682
robot_base_yaw: 3.137563
robot_geom: robot0_torso_fixed_column_collision
proxy_geom: scene_aabb_proxy_line_6_output_side_protrusion
judge_collision_detected:
robot_base_x: 10.326033
robot_base_y: -7.286682
robot_base_yaw: 3.137563
robot_geom: robot0_wheel_left_collision
proxy_geom: scene_aabb_proxy_line_6_output_side_protrusion
judge_collision_detected:
robot_base_x: 10.326033
robot_base_y: -7.286682
robot_base_yaw: 3.137563
robot_geom: robot0_wheel_left_collision
proxy_geom: scene_aabb_proxy_output_6
judge_collision_detected:
robot_base_x: 10.326033
robot_base_y: -7.286682
robot_base_yaw: 3.137563
robot_geom: robot0_wheel_right_collision
proxy_geom: scene_aabb_proxy_line_6_output_side_protrusion
judge_collision_detected:
robot_base_x: 10.326033
robot_base_y: -7.286682
robot_base_yaw: 3.137563
robot_geom: robot0_wheel_right_collision
proxy_geom: scene_aabb_proxy_output_6
judge_collision_detected:
robot_base_x: 10.326033
robot_base_y: -7.286682
robot_base_yaw: 3.137563
robot_geom: robot0_wheel_right_collision
proxy_geom: scene_aabb_proxy_production_line_6
judge_collision_detected:
robot_base_x: 10.325167
robot_base_y: -7.286830
robot_base_yaw: 3.137830
robot_geom: robot0_back_left_caster_2
proxy_geom: scene_aabb_proxy_line_6_output_side_protrusion
judge_collision_detected:
robot_base_x: 10.325167
robot_base_y: -7.286830
robot_base_yaw: 3.137830
robot_geom: robot0_back_right_caster_2
proxy_geom: scene_aabb_proxy_line_6_output_side_protrusion
judge_collision_detected:
robot_base_x: 10.325167
robot_base_y: -7.286830
robot_base_yaw: 3.137830
robot_geom: robot0_base_collision
proxy_geom: scene_aabb_proxy_line_6_output_side_protrusion
judge_collision_detected:
robot_base_x: 10.325167
robot_base_y: -7.286830
robot_base_yaw: 3.137830
robot_geom: robot0_base_collision
proxy_geom: scene_aabb_proxy_output_6
judge_collision_detected:
robot_base_x: 10.325167
robot_base_y: -7.286830
robot_base_yaw: 3.137830
robot_geom: robot0_base_collision
proxy_geom: scene_aabb_proxy_production_line_6
judge_collision_detected:
robot_base_x: 10.325167
robot_base_y: -7.286830
robot_base_yaw: 3.137830
robot_geom: robot0_front_left_caster_2
proxy_geom: scene_aabb_proxy_output_6
judge_collision_detected:
robot_base_x: 10.325167
robot_base_y: -7.286830
robot_base_yaw: 3.137830
robot_geom: robot0_front_right_caster_2
proxy_geom: scene_aabb_proxy_output_6
judge_collision_detected:
robot_base_x: 10.325167
robot_base_y: -7.286830
robot_base_yaw: 3.137830
robot_geom: robot0_torso_fixed_collision_box_1
proxy_geom: scene_aabb_proxy_line_6_output_side_protrusion
judge_collision_detected:
robot_base_x: 10.325167
robot_base_y: -7.286830
robot_base_yaw: 3.137830
robot_geom: robot0_torso_fixed_collision_box_1
proxy_geom: scene_aabb_proxy_output_6
judge_collision_detected:
robot_base_x: 10.325167
robot_base_y: -7.286830
robot_base_yaw: 3.137830
robot_geom: robot0_torso_fixed_collision_box_1
proxy_geom: scene_aabb_proxy_production_line_6
judge_collision_detected:
robot_base_x: 10.325167
robot_base_y: -7.286830
robot_base_yaw: 3.137830
robot_geom: robot0_torso_fixed_column_collision
proxy_geom: scene_aabb_proxy_line_6_output_side_protrusion
judge_collision_detected:
robot_base_x: 10.325167
robot_base_y: -7.286830
robot_base_yaw: 3.137830
robot_geom: robot0_wheel_left_collision
proxy_geom: scene_aabb_proxy_line_6_output_side_protrusion
judge_collision_detected:
robot_base_x: 10.325167
robot_base_y: -7.286830
robot_base_yaw: 3.137830
robot_geom: robot0_wheel_left_collision
proxy_geom: scene_aabb_proxy_output_6
judge_collision_detected:
robot_base_x: 10.325167
robot_base_y: -7.286830
robot_base_yaw: 3.137830
robot_geom: robot0_wheel_right_collision
proxy_geom: scene_aabb_proxy_line_6_output_side_protrusion
judge_collision_detected:
robot_base_x: 10.325167
robot_base_y: -7.286830
robot_base_yaw: 3.137830
robot_geom: robot0_wheel_right_collision
proxy_geom: scene_aabb_proxy_output_6
judge_collision_detected:
robot_base_x: 10.325167
robot_base_y: -7.286830
robot_base_yaw: 3.137830
robot_geom: robot0_wheel_right_collision
proxy_geom: scene_aabb_proxy_production_line_6
judge_collision_detected:
robot_base_x: 10.324323
robot_base_y: -7.286977
robot_base_yaw: 3.138090
robot_geom: robot0_back_left_caster_2
proxy_geom: scene_aabb_proxy_line_6_output_side_protrusion
judge_collision_detected:
robot_base_x: 10.324323
robot_base_y: -7.286977
robot_base_yaw: 3.138090
robot_geom: robot0_back_right_caster_2
proxy_geom: scene_aabb_proxy_line_6_output_side_protrusion
judge_collision_detected:
robot_base_x: 10.324323
robot_base_y: -7.286977
robot_base_yaw: 3.138090
robot_geom: robot0_base_collision
proxy_geom: scene_aabb_proxy_line_6_output_side_protrusion
judge_collision_detected:
robot_base_x: 10.324323
robot_base_y: -7.286977
robot_base_yaw: 3.138090
robot_geom: robot0_base_collision
proxy_geom: scene_aabb_proxy_output_6
judge_collision_detected:
robot_base_x: 10.324323
robot_base_y: -7.286977
robot_base_yaw: 3.138090
robot_geom: robot0_base_collision
proxy_geom: scene_aabb_proxy_production_line_6
judge_collision_detected:
robot_base_x: 10.324323
robot_base_y: -7.286977
robot_base_yaw: 3.138090
robot_geom: robot0_front_left_caster_2
proxy_geom: scene_aabb_proxy_output_6
judge_collision_detected:
robot_base_x: 10.324323
robot_base_y: -7.286977
robot_base_yaw: 3.138090
robot_geom: robot0_front_right_caster_2
proxy_geom: scene_aabb_proxy_output_6
judge_collision_detected:
robot_base_x: 10.324323
robot_base_y: -7.286977
robot_base_yaw: 3.138090
robot_geom: robot0_torso_fixed_collision_box_1
proxy_geom: scene_aabb_proxy_line_6_output_side_protrusion
judge_collision_detected:
robot_base_x: 10.324323
robot_base_y: -7.286977
robot_base_yaw: 3.138090
robot_geom: robot0_torso_fixed_collision_box_1
proxy_geom: scene_aabb_proxy_output_6
judge_collision_detected:
robot_base_x: 10.324323
robot_base_y: -7.286977
robot_base_yaw: 3.138090
robot_geom: robot0_torso_fixed_collision_box_1
proxy_geom: scene_aabb_proxy_production_line_6
judge_collision_detected:
robot_base_x: 10.324323
robot_base_y: -7.286977
robot_base_yaw: 3.138090
robot_geom: robot0_torso_fixed_column_collision
proxy_geom: scene_aabb_proxy_line_6_output_side_protrusion
judge_collision_detected:
robot_base_x: 10.324323
robot_base_y: -7.286977
robot_base_yaw: 3.138090
robot_geom: robot0_torso_fixed_column_collision
proxy_geom: scene_aabb_proxy_output_6
judge_collision_detected:
robot_base_x: 10.324323
robot_base_y: -7.286977
robot_base_yaw: 3.138090
robot_geom: robot0_wheel_left_collision
proxy_geom: scene_aabb_proxy_line_6_output_side_protrusion
judge_collision_detected:
robot_base_x: 10.324323
robot_base_y: -7.286977
robot_base_yaw: 3.138090
robot_geom: robot0_wheel_left_collision
proxy_geom: scene_aabb_proxy_output_6
judge_collision_detected:
robot_base_x: 10.324323
robot_base_y: -7.286977
robot_base_yaw: 3.138090
robot_geom: robot0_wheel_right_collision
proxy_geom: scene_aabb_proxy_line_6_output_side_protrusion
judge_collision_detected:
robot_base_x: 10.324323
robot_base_y: -7.286977
robot_base_yaw: 3.138090
robot_geom: robot0_wheel_right_collision
proxy_geom: scene_aabb_proxy_output_6
judge_collision_detected:
robot_base_x: 10.324323
robot_base_y: -7.286977
robot_base_yaw: 3.138090
robot_geom: robot0_wheel_right_collision
proxy_geom: scene_aabb_proxy_production_line_6
judge_collision_detected:
robot_base_x: 10.323521
robot_base_y: -7.287118
robot_base_yaw: 3.138345
robot_geom: robot0_back_left_caster_2
proxy_geom: scene_aabb_proxy_line_6_output_side_protrusion
judge_collision_detected:
robot_base_x: 10.323521
robot_base_y: -7.287118
robot_base_yaw: 3.138345
robot_geom: robot0_back_right_caster_2
proxy_geom: scene_aabb_proxy_line_6_output_side_protrusion
judge_collision_detected:
robot_base_x: 10.323521
robot_base_y: -7.287118
robot_base_yaw: 3.138345
robot_geom: robot0_base_collision
proxy_geom: scene_aabb_proxy_line_6_output_side_protrusion
judge_collision_detected:
robot_base_x: 10.323521
robot_base_y: -7.287118
robot_base_yaw: 3.138345
robot_geom: robot0_base_collision
proxy_geom: scene_aabb_proxy_output_6
judge_collision_detected:
robot_base_x: 10.323521
robot_base_y: -7.287118
robot_base_yaw: 3.138345
robot_geom: robot0_base_collision
proxy_geom: scene_aabb_proxy_production_line_6
judge_collision_detected:
robot_base_x: 10.323521
robot_base_y: -7.287118
robot_base_yaw: 3.138345
robot_geom: robot0_front_left_caster_2
proxy_geom: scene_aabb_proxy_output_6
judge_collision_detected:
robot_base_x: 10.323521
robot_base_y: -7.287118
robot_base_yaw: 3.138345
robot_geom: robot0_front_right_caster_2
proxy_geom: scene_aabb_proxy_output_6
judge_collision_detected:
robot_base_x: 10.323521
robot_base_y: -7.287118
robot_base_yaw: 3.138345
robot_geom: robot0_torso_fixed_collision_box_1
proxy_geom: scene_aabb_proxy_line_6_output_side_protrusion
judge_collision_detected:
robot_base_x: 10.323521
robot_base_y: -7.287118
robot_base_yaw: 3.138345
robot_geom: robot0_torso_fixed_collision_box_1
proxy_geom: scene_aabb_proxy_output_6
judge_collision_detected:
robot_base_x: 10.323521
robot_base_y: -7.287118
robot_base_yaw: 3.138345
robot_geom: robot0_torso_fixed_collision_box_1
proxy_geom: scene_aabb_proxy_production_line_6
judge_collision_detected:
robot_base_x: 10.323521
robot_base_y: -7.287118
robot_base_yaw: 3.138345
robot_geom: robot0_torso_fixed_column_collision
proxy_geom: scene_aabb_proxy_line_6_output_side_protrusion
judge_collision_detected:
robot_base_x: 10.323521
robot_base_y: -7.287118
robot_base_yaw: 3.138345
robot_geom: robot0_torso_fixed_column_collision
proxy_geom: scene_aabb_proxy_output_6
judge_collision_detected:
robot_base_x: 10.323521
robot_base_y: -7.287118
robot_base_yaw: 3.138345
robot_geom: robot0_wheel_left_collision
proxy_geom: scene_aabb_proxy_line_6_output_side_protrusion
judge_collision_detected:
robot_base_x: 10.323521
robot_base_y: -7.287118
robot_base_yaw: 3.138345
robot_geom: robot0_wheel_left_collision
proxy_geom: scene_aabb_proxy_output_6
judge_collision_detected:
robot_base_x: 10.323521
robot_base_y: -7.287118
robot_base_yaw: 3.138345
robot_geom: robot0_wheel_right_collision
proxy_geom: scene_aabb_proxy_line_6_output_side_protrusion
judge_collision_detected:
robot_base_x: 10.323521
robot_base_y: -7.287118
robot_base_yaw: 3.138345
robot_geom: robot0_wheel_right_collision
proxy_geom: scene_aabb_proxy_output_6
judge_collision_detected:
robot_base_x: 10.323521
robot_base_y: -7.287118
robot_base_yaw: 3.138345
robot_geom: robot0_wheel_right_collision
proxy_geom: scene_aabb_proxy_production_line_6
judge_collision_detected:
robot_base_x: 10.322805
robot_base_y: -7.287241
robot_base_yaw: 3.138558
robot_geom: robot0_back_left_caster_2
proxy_geom: scene_aabb_proxy_line_6_output_side_protrusion
judge_collision_detected:
robot_base_x: 10.322805
robot_base_y: -7.287241
robot_base_yaw: 3.138558
robot_geom: robot0_back_right_caster_2
proxy_geom: scene_aabb_proxy_line_6_output_side_protrusion
judge_collision_detected:
robot_base_x: 10.322805
robot_base_y: -7.287241
robot_base_yaw: 3.138558
robot_geom: robot0_base_collision
proxy_geom: scene_aabb_proxy_line_6_output_side_protrusion
judge_collision_detected:
robot_base_x: 10.322805
robot_base_y: -7.287241
robot_base_yaw: 3.138558
robot_geom: robot0_base_collision
proxy_geom: scene_aabb_proxy_output_6
judge_collision_detected:
robot_base_x: 10.322805
robot_base_y: -7.287241
robot_base_yaw: 3.138558
robot_geom: robot0_base_collision
proxy_geom: scene_aabb_proxy_production_line_6
judge_collision_detected:
robot_base_x: 10.322805
robot_base_y: -7.287241
robot_base_yaw: 3.138558
robot_geom: robot0_front_left_caster_2
proxy_geom: scene_aabb_proxy_output_6
judge_collision_detected:
robot_base_x: 10.322805
robot_base_y: -7.287241
robot_base_yaw: 3.138558
robot_geom: robot0_front_right_caster_2
proxy_geom: scene_aabb_proxy_output_6
judge_collision_detected:
robot_base_x: 10.322805
robot_base_y: -7.287241
robot_base_yaw: 3.138558
robot_geom: robot0_torso_fixed_collision_box_1
proxy_geom: scene_aabb_proxy_line_6_output_side_protrusion
judge_collision_detected:
robot_base_x: 10.322805
robot_base_y: -7.287241
robot_base_yaw: 3.138558
robot_geom: robot0_torso_fixed_collision_box_1
proxy_geom: scene_aabb_proxy_output_6
judge_collision_detected:
robot_base_x: 10.322805
robot_base_y: -7.287241
robot_base_yaw: 3.138558
robot_geom: robot0_torso_fixed_collision_box_1
proxy_geom: scene_aabb_proxy_production_line_6
judge_collision_detected:
robot_base_x: 10.322805
robot_base_y: -7.287241
robot_base_yaw: 3.138558
robot_geom: robot0_torso_fixed_column_collision
proxy_geom: scene_aabb_proxy_line_6_output_side_protrusion
judge_collision_detected:
robot_base_x: 10.322805
robot_base_y: -7.287241
robot_base_yaw: 3.138558
robot_geom: robot0_torso_fixed_column_collision
proxy_geom: scene_aabb_proxy_output_6
judge_collision_detected:
robot_base_x: 10.322805
robot_base_y: -7.287241
robot_base_yaw: 3.138558
robot_geom: robot0_wheel_left_collision
proxy_geom: scene_aabb_proxy_line_6_output_side_protrusion
judge_collision_detected:
robot_base_x: 10.322805
robot_base_y: -7.287241
robot_base_yaw: 3.138558
robot_geom: robot0_wheel_left_collision
proxy_geom: scene_aabb_proxy_output_6
judge_collision_detected:
robot_base_x: 10.322805
robot_base_y: -7.287241
robot_base_yaw: 3.138558
robot_geom: robot0_wheel_right_collision
proxy_geom: scene_aabb_proxy_line_6_output_side_protrusion
judge_collision_detected:
robot_base_x: 10.322805
robot_base_y: -7.287241
robot_base_yaw: 3.138558
robot_geom: robot0_wheel_right_collision
proxy_geom: scene_aabb_proxy_output_6
judge_collision_detected:
robot_base_x: 10.322805
robot_base_y: -7.287241
robot_base_yaw: 3.138558
robot_geom: robot0_wheel_right_collision
proxy_geom: scene_aabb_proxy_production_line_6
judge_collision_detected:
robot_base_x: 10.322145
robot_base_y: -7.287352
robot_base_yaw: 3.138765
robot_geom: robot0_back_left_caster_2
proxy_geom: scene_aabb_proxy_line_6_output_side_protrusion
judge_collision_detected:
robot_base_x: 10.322145
robot_base_y: -7.287352
robot_base_yaw: 3.138765
robot_geom: robot0_back_right_caster_2
proxy_geom: scene_aabb_proxy_line_6_output_side_protrusion
judge_collision_detected:
robot_base_x: 10.322145
robot_base_y: -7.287352
robot_base_yaw: 3.138765
robot_geom: robot0_base_collision
proxy_geom: scene_aabb_proxy_line_6_output_side_protrusion
judge_collision_detected:
robot_base_x: 10.322145
robot_base_y: -7.287352
robot_base_yaw: 3.138765
robot_geom: robot0_base_collision
proxy_geom: scene_aabb_proxy_output_6
judge_collision_detected:
robot_base_x: 10.322145
robot_base_y: -7.287352
robot_base_yaw: 3.138765
robot_geom: robot0_base_collision
proxy_geom: scene_aabb_proxy_production_line_6
judge_collision_detected:
robot_base_x: 10.322145
robot_base_y: -7.287352
robot_base_yaw: 3.138765
robot_geom: robot0_front_left_caster_2
proxy_geom: scene_aabb_proxy_output_6
judge_collision_detected:
robot_base_x: 10.322145
robot_base_y: -7.287352
robot_base_yaw: 3.138765
robot_geom: robot0_front_right_caster_2
proxy_geom: scene_aabb_proxy_output_6
judge_collision_detected:
robot_base_x: 10.322145
robot_base_y: -7.287352
robot_base_yaw: 3.138765
robot_geom: robot0_torso_fixed_collision_box_1
proxy_geom: scene_aabb_proxy_line_6_output_side_protrusion
judge_collision_detected:
robot_base_x: 10.322145
robot_base_y: -7.287352
robot_base_yaw: 3.138765
robot_geom: robot0_torso_fixed_collision_box_1
proxy_geom: scene_aabb_proxy_output_6
judge_collision_detected:
robot_base_x: 10.322145
robot_base_y: -7.287352
robot_base_yaw: 3.138765
robot_geom: robot0_torso_fixed_collision_box_1
proxy_geom: scene_aabb_proxy_production_line_6
judge_collision_detected:
robot_base_x: 10.322145
robot_base_y: -7.287352
robot_base_yaw: 3.138765
robot_geom: robot0_torso_fixed_column_collision
proxy_geom: scene_aabb_proxy_line_6_output_side_protrusion
judge_collision_detected:
robot_base_x: 10.322145
robot_base_y: -7.287352
robot_base_yaw: 3.138765
robot_geom: robot0_torso_fixed_column_collision
proxy_geom: scene_aabb_proxy_output_6
judge_collision_detected:
robot_base_x: 10.322145
robot_base_y: -7.287352
robot_base_yaw: 3.138765
robot_geom: robot0_wheel_left_collision
proxy_geom: scene_aabb_proxy_line_6_output_side_protrusion
judge_collision_detected:
robot_base_x: 10.322145
robot_base_y: -7.287352
robot_base_yaw: 3.138765
robot_geom: robot0_wheel_left_collision
proxy_geom: scene_aabb_proxy_output_6
judge_collision_detected:
robot_base_x: 10.322145
robot_base_y: -7.287352
robot_base_yaw: 3.138765
robot_geom: robot0_wheel_right_collision
proxy_geom: scene_aabb_proxy_line_6_output_side_protrusion
judge_collision_detected:
robot_base_x: 10.322145
robot_base_y: -7.287352
robot_base_yaw: 3.138765
robot_geom: robot0_wheel_right_collision
proxy_geom: scene_aabb_proxy_output_6
judge_collision_detected:
robot_base_x: 10.322145
robot_base_y: -7.287352
robot_base_yaw: 3.138765
robot_geom: robot0_wheel_right_collision
proxy_geom: scene_aabb_proxy_production_line_6
judge_collision_detected:
robot_base_x: 10.321529
robot_base_y: -7.287461
robot_base_yaw: 3.138988
robot_geom: robot0_back_left_caster_2
proxy_geom: scene_aabb_proxy_line_6_output_side_protrusion
judge_collision_detected:
robot_base_x: 10.321529
robot_base_y: -7.287461
robot_base_yaw: 3.138988
robot_geom: robot0_back_right_caster_2
proxy_geom: scene_aabb_proxy_line_6_output_side_protrusion
judge_collision_detected:
robot_base_x: 10.321529
robot_base_y: -7.287461
robot_base_yaw: 3.138988
robot_geom: robot0_base_collision
proxy_geom: scene_aabb_proxy_line_6_output_side_protrusion
judge_collision_detected:
robot_base_x: 10.321529
robot_base_y: -7.287461
robot_base_yaw: 3.138988
robot_geom: robot0_base_collision
proxy_geom: scene_aabb_proxy_output_6
judge_collision_detected:
robot_base_x: 10.321529
robot_base_y: -7.287461
robot_base_yaw: 3.138988
robot_geom: robot0_base_collision
proxy_geom: scene_aabb_proxy_production_line_6
judge_collision_detected:
robot_base_x: 10.321529
robot_base_y: -7.287461
robot_base_yaw: 3.138988
robot_geom: robot0_front_left_caster_2
proxy_geom: scene_aabb_proxy_output_6
judge_collision_detected:
robot_base_x: 10.321529
robot_base_y: -7.287461
robot_base_yaw: 3.138988
robot_geom: robot0_front_right_caster_2
proxy_geom: scene_aabb_proxy_output_6
judge_collision_detected:
robot_base_x: 10.321529
robot_base_y: -7.287461
robot_base_yaw: 3.138988
robot_geom: robot0_torso_fixed_collision_box_1
proxy_geom: scene_aabb_proxy_line_6_output_side_protrusion
judge_collision_detected:
robot_base_x: 10.321529
robot_base_y: -7.287461
robot_base_yaw: 3.138988
robot_geom: robot0_torso_fixed_collision_box_1
proxy_geom: scene_aabb_proxy_output_6
judge_collision_detected:
robot_base_x: 10.321529
robot_base_y: -7.287461
robot_base_yaw: 3.138988
robot_geom: robot0_torso_fixed_collision_box_1
proxy_geom: scene_aabb_proxy_production_line_6
judge_collision_detected:
robot_base_x: 10.321529
robot_base_y: -7.287461
robot_base_yaw: 3.138988
robot_geom: robot0_torso_fixed_column_collision
proxy_geom: scene_aabb_proxy_line_6_output_side_protrusion
judge_collision_detected:
robot_base_x: 10.321529
robot_base_y: -7.287461
robot_base_yaw: 3.138988
robot_geom: robot0_torso_fixed_column_collision
proxy_geom: scene_aabb_proxy_output_6
judge_collision_detected:
robot_base_x: 10.321529
robot_base_y: -7.287461
robot_base_yaw: 3.138988
robot_geom: robot0_wheel_left_collision
proxy_geom: scene_aabb_proxy_line_6_output_side_protrusion
judge_collision_detected:
robot_base_x: 10.321529
robot_base_y: -7.287461
robot_base_yaw: 3.138988
robot_geom: robot0_wheel_left_collision
proxy_geom: scene_aabb_proxy_output_6
judge_collision_detected:
robot_base_x: 10.321529
robot_base_y: -7.287461
robot_base_yaw: 3.138988
robot_geom: robot0_wheel_right_collision
proxy_geom: scene_aabb_proxy_line_6_output_side_protrusion
judge_collision_detected:
robot_base_x: 10.321529
robot_base_y: -7.287461
robot_base_yaw: 3.138988
robot_geom: robot0_wheel_right_collision
proxy_geom: scene_aabb_proxy_output_6
judge_collision_detected:
robot_base_x: 10.321529
robot_base_y: -7.287461
robot_base_yaw: 3.138988
robot_geom: robot0_wheel_right_collision
proxy_geom: scene_aabb_proxy_production_line_6
judge_collision_detected:
robot_base_x: 10.320954
robot_base_y: -7.287567
robot_base_yaw: 3.139230
robot_geom: robot0_back_left_caster_2
proxy_geom: scene_aabb_proxy_line_6_output_side_protrusion
judge_collision_detected:
robot_base_x: 10.320954
robot_base_y: -7.287567
robot_base_yaw: 3.139230
robot_geom: robot0_back_right_caster_2
proxy_geom: scene_aabb_proxy_line_6_output_side_protrusion
judge_collision_detected:
robot_base_x: 10.320954
robot_base_y: -7.287567
robot_base_yaw: 3.139230
robot_geom: robot0_base_collision
proxy_geom: scene_aabb_proxy_line_6_output_side_protrusion
judge_collision_detected:
robot_base_x: 10.320954
robot_base_y: -7.287567
robot_base_yaw: 3.139230
robot_geom: robot0_base_collision
proxy_geom: scene_aabb_proxy_output_6
judge_collision_detected:
robot_base_x: 10.320954
robot_base_y: -7.287567
robot_base_yaw: 3.139230
robot_geom: robot0_base_collision
proxy_geom: scene_aabb_proxy_production_line_6
judge_collision_detected:
robot_base_x: 10.320954
robot_base_y: -7.287567
robot_base_yaw: 3.139230
robot_geom: robot0_front_left_caster_2
proxy_geom: scene_aabb_proxy_output_6
judge_collision_detected:
robot_base_x: 10.320954
robot_base_y: -7.287567
robot_base_yaw: 3.139230
robot_geom: robot0_front_right_caster_2
proxy_geom: scene_aabb_proxy_output_6
judge_collision_detected:
robot_base_x: 10.320954
robot_base_y: -7.287567
robot_base_yaw: 3.139230
robot_geom: robot0_torso_fixed_collision_box_1
proxy_geom: scene_aabb_proxy_line_6_output_side_protrusion
judge_collision_detected:
robot_base_x: 10.320954
robot_base_y: -7.287567
robot_base_yaw: 3.139230
robot_geom: robot0_torso_fixed_collision_box_1
proxy_geom: scene_aabb_proxy_output_6
judge_collision_detected:
robot_base_x: 10.320954
robot_base_y: -7.287567
robot_base_yaw: 3.139230
robot_geom: robot0_torso_fixed_collision_box_1
proxy_geom: scene_aabb_proxy_production_line_6
judge_collision_detected:
robot_base_x: 10.320954
robot_base_y: -7.287567
robot_base_yaw: 3.139230
robot_geom: robot0_torso_fixed_column_collision
proxy_geom: scene_aabb_proxy_line_6_output_side_protrusion
judge_collision_detected:
robot_base_x: 10.320954
robot_base_y: -7.287567
robot_base_yaw: 3.139230
robot_geom: robot0_torso_fixed_column_collision
proxy_geom: scene_aabb_proxy_output_6
judge_collision_detected:
robot_base_x: 10.320954
robot_base_y: -7.287567
robot_base_yaw: 3.139230
robot_geom: robot0_wheel_left_collision
proxy_geom: scene_aabb_proxy_line_6_output_side_protrusion
judge_collision_detected:
robot_base_x: 10.320954
robot_base_y: -7.287567
robot_base_yaw: 3.139230
robot_geom: robot0_wheel_left_collision
proxy_geom: scene_aabb_proxy_output_6
judge_collision_detected:
robot_base_x: 10.320954
robot_base_y: -7.287567
robot_base_yaw: 3.139230
robot_geom: robot0_wheel_right_collision
proxy_geom: scene_aabb_proxy_line_6_output_side_protrusion
judge_collision_detected:
robot_base_x: 10.320954
robot_base_y: -7.287567
robot_base_yaw: 3.139230
robot_geom: robot0_wheel_right_collision
proxy_geom: scene_aabb_proxy_output_6
judge_collision_detected:
robot_base_x: 10.320954
robot_base_y: -7.287567
robot_base_yaw: 3.139230
robot_geom: robot0_wheel_right_collision
proxy_geom: scene_aabb_proxy_production_line_6
judge_collision_detected:
robot_base_x: 10.320415
robot_base_y: -7.287672
robot_base_yaw: 3.139493
robot_geom: robot0_back_left_caster_2
proxy_geom: scene_aabb_proxy_line_6_output_side_protrusion
judge_collision_detected:
robot_base_x: 10.320415
robot_base_y: -7.287672
robot_base_yaw: 3.139493
robot_geom: robot0_back_right_caster_2
proxy_geom: scene_aabb_proxy_line_6_output_side_protrusion
judge_collision_detected:
robot_base_x: 10.320415
robot_base_y: -7.287672
robot_base_yaw: 3.139493
robot_geom: robot0_base_collision
proxy_geom: scene_aabb_proxy_line_6_output_side_protrusion
judge_collision_detected:
robot_base_x: 10.320415
robot_base_y: -7.287672
robot_base_yaw: 3.139493
robot_geom: robot0_base_collision
proxy_geom: scene_aabb_proxy_output_6
judge_collision_detected:
robot_base_x: 10.320415
robot_base_y: -7.287672
robot_base_yaw: 3.139493
robot_geom: robot0_base_collision
proxy_geom: scene_aabb_proxy_production_line_6
judge_collision_detected:
robot_base_x: 10.320415
robot_base_y: -7.287672
robot_base_yaw: 3.139493
robot_geom: robot0_front_left_caster_2
proxy_geom: scene_aabb_proxy_output_6
judge_collision_detected:
robot_base_x: 10.320415
robot_base_y: -7.287672
robot_base_yaw: 3.139493
robot_geom: robot0_front_right_caster_2
proxy_geom: scene_aabb_proxy_output_6
judge_collision_detected:
robot_base_x: 10.320415
robot_base_y: -7.287672
robot_base_yaw: 3.139493
robot_geom: robot0_torso_fixed_collision_box_1
proxy_geom: scene_aabb_proxy_line_6_output_side_protrusion
judge_collision_detected:
robot_base_x: 10.320415
robot_base_y: -7.287672
robot_base_yaw: 3.139493
robot_geom: robot0_torso_fixed_collision_box_1
proxy_geom: scene_aabb_proxy_output_6
judge_collision_detected:
robot_base_x: 10.320415
robot_base_y: -7.287672
robot_base_yaw: 3.139493
robot_geom: robot0_torso_fixed_collision_box_1
proxy_geom: scene_aabb_proxy_production_line_6
judge_collision_detected:
robot_base_x: 10.320415
robot_base_y: -7.287672
robot_base_yaw: 3.139493
robot_geom: robot0_torso_fixed_column_collision
proxy_geom: scene_aabb_proxy_line_6_output_side_protrusion
judge_collision_detected:
robot_base_x: 10.320415
robot_base_y: -7.287672
robot_base_yaw: 3.139493
robot_geom: robot0_torso_fixed_column_collision
proxy_geom: scene_aabb_proxy_output_6
judge_collision_detected:
robot_base_x: 10.320415
robot_base_y: -7.287672
robot_base_yaw: 3.139493
robot_geom: robot0_wheel_left_collision
proxy_geom: scene_aabb_proxy_line_6_output_side_protrusion
judge_collision_detected:
robot_base_x: 10.320415
robot_base_y: -7.287672
robot_base_yaw: 3.139493
robot_geom: robot0_wheel_left_collision
proxy_geom: scene_aabb_proxy_output_6
judge_collision_detected:
robot_base_x: 10.320415
robot_base_y: -7.287672
robot_base_yaw: 3.139493
robot_geom: robot0_wheel_right_collision
proxy_geom: scene_aabb_proxy_line_6_output_side_protrusion
judge_collision_detected:
robot_base_x: 10.320415
robot_base_y: -7.287672
robot_base_yaw: 3.139493
robot_geom: robot0_wheel_right_collision
proxy_geom: scene_aabb_proxy_output_6
judge_collision_detected:
robot_base_x: 10.320415
robot_base_y: -7.287672
robot_base_yaw: 3.139493
robot_geom: robot0_wheel_right_collision
proxy_geom: scene_aabb_proxy_production_line_6
judge_collision_detected:
robot_base_x: 10.319958
robot_base_y: -7.287771
robot_base_yaw: 3.139710
robot_geom: robot0_back_left_caster_2
proxy_geom: scene_aabb_proxy_line_6_output_side_protrusion
judge_collision_detected:
robot_base_x: 10.319958
robot_base_y: -7.287771
robot_base_yaw: 3.139710
robot_geom: robot0_back_right_caster_2
proxy_geom: scene_aabb_proxy_line_6_output_side_protrusion
judge_collision_detected:
robot_base_x: 10.319958
robot_base_y: -7.287771
robot_base_yaw: 3.139710
robot_geom: robot0_base_collision
proxy_geom: scene_aabb_proxy_line_6_output_side_protrusion
judge_collision_detected:
robot_base_x: 10.319958
robot_base_y: -7.287771
robot_base_yaw: 3.139710
robot_geom: robot0_base_collision
proxy_geom: scene_aabb_proxy_output_6
judge_collision_detected:
robot_base_x: 10.319958
robot_base_y: -7.287771
robot_base_yaw: 3.139710
robot_geom: robot0_base_collision
proxy_geom: scene_aabb_proxy_production_line_6
judge_collision_detected:
robot_base_x: 10.319958
robot_base_y: -7.287771
robot_base_yaw: 3.139710
robot_geom: robot0_front_left_caster_2
proxy_geom: scene_aabb_proxy_output_6
judge_collision_detected:
robot_base_x: 10.319958
robot_base_y: -7.287771
robot_base_yaw: 3.139710
robot_geom: robot0_front_right_caster_2
proxy_geom: scene_aabb_proxy_output_6
judge_collision_detected:
robot_base_x: 10.319958
robot_base_y: -7.287771
robot_base_yaw: 3.139710
robot_geom: robot0_torso_fixed_collision_box_1
proxy_geom: scene_aabb_proxy_line_6_output_side_protrusion
judge_collision_detected:
robot_base_x: 10.319958
robot_base_y: -7.287771
robot_base_yaw: 3.139710
robot_geom: robot0_torso_fixed_collision_box_1
proxy_geom: scene_aabb_proxy_output_6
judge_collision_detected:
robot_base_x: 10.319958
robot_base_y: -7.287771
robot_base_yaw: 3.139710
robot_geom: robot0_torso_fixed_collision_box_1
proxy_geom: scene_aabb_proxy_production_line_6
judge_collision_detected:
robot_base_x: 10.319958
robot_base_y: -7.287771
robot_base_yaw: 3.139710
robot_geom: robot0_torso_fixed_column_collision
proxy_geom: scene_aabb_proxy_line_6_output_side_protrusion
judge_collision_detected:
robot_base_x: 10.319958
robot_base_y: -7.287771
robot_base_yaw: 3.139710
robot_geom: robot0_torso_fixed_column_collision
proxy_geom: scene_aabb_proxy_output_6
judge_collision_detected:
robot_base_x: 10.319958
robot_base_y: -7.287771
robot_base_yaw: 3.139710
robot_geom: robot0_wheel_left_collision
proxy_geom: scene_aabb_proxy_line_6_output_side_protrusion
judge_collision_detected:
robot_base_x: 10.319958
robot_base_y: -7.287771
robot_base_yaw: 3.139710
robot_geom: robot0_wheel_left_collision
proxy_geom: scene_aabb_proxy_output_6
judge_collision_detected:
robot_base_x: 10.319958
robot_base_y: -7.287771
robot_base_yaw: 3.139710
robot_geom: robot0_wheel_right_collision
proxy_geom: scene_aabb_proxy_line_6_output_side_protrusion
judge_collision_detected:
robot_base_x: 10.319958
robot_base_y: -7.287771
robot_base_yaw: 3.139710
robot_geom: robot0_wheel_right_collision
proxy_geom: scene_aabb_proxy_output_6
judge_collision_detected:
robot_base_x: 10.319958
robot_base_y: -7.287771
robot_base_yaw: 3.139710
robot_geom: robot0_wheel_right_collision
proxy_geom: scene_aabb_proxy_production_line_6
judge_collision_detected:
robot_base_x: 10.319567
robot_base_y: -7.287863
robot_base_yaw: 3.139813
robot_geom: robot0_back_left_caster_2
proxy_geom: scene_aabb_proxy_line_6_output_side_protrusion
judge_collision_detected:
robot_base_x: 10.319567
robot_base_y: -7.287863
robot_base_yaw: 3.139813
robot_geom: robot0_back_right_caster_2
proxy_geom: scene_aabb_proxy_line_6_output_side_protrusion
judge_collision_detected:
robot_base_x: 10.319567
robot_base_y: -7.287863
robot_base_yaw: 3.139813
robot_geom: robot0_base_collision
proxy_geom: scene_aabb_proxy_line_6_output_side_protrusion
judge_collision_detected:
robot_base_x: 10.319567
robot_base_y: -7.287863
robot_base_yaw: 3.139813
robot_geom: robot0_base_collision
proxy_geom: scene_aabb_proxy_output_6
judge_collision_detected:
robot_base_x: 10.319567
robot_base_y: -7.287863
robot_base_yaw: 3.139813
robot_geom: robot0_base_collision
proxy_geom: scene_aabb_proxy_production_line_6
judge_collision_detected:
robot_base_x: 10.319567
robot_base_y: -7.287863
robot_base_yaw: 3.139813
robot_geom: robot0_front_left_caster_2
proxy_geom: scene_aabb_proxy_output_6
judge_collision_detected:
robot_base_x: 10.319567
robot_base_y: -7.287863
robot_base_yaw: 3.139813
robot_geom: robot0_front_right_caster_2
proxy_geom: scene_aabb_proxy_output_6
judge_collision_detected:
robot_base_x: 10.319567
robot_base_y: -7.287863
robot_base_yaw: 3.139813
robot_geom: robot0_torso_fixed_collision_box_1
proxy_geom: scene_aabb_proxy_line_6_output_side_protrusion
judge_collision_detected:
robot_base_x: 10.319567
robot_base_y: -7.287863
robot_base_yaw: 3.139813
robot_geom: robot0_torso_fixed_collision_box_1
proxy_geom: scene_aabb_proxy_output_6
judge_collision_detected:
robot_base_x: 10.319567
robot_base_y: -7.287863
robot_base_yaw: 3.139813
robot_geom: robot0_torso_fixed_collision_box_1
proxy_geom: scene_aabb_proxy_production_line_6
judge_collision_detected:
robot_base_x: 10.319567
robot_base_y: -7.287863
robot_base_yaw: 3.139813
robot_geom: robot0_torso_fixed_column_collision
proxy_geom: scene_aabb_proxy_line_6_output_side_protrusion
judge_collision_detected:
robot_base_x: 10.319567
robot_base_y: -7.287863
robot_base_yaw: 3.139813
robot_geom: robot0_torso_fixed_column_collision
proxy_geom: scene_aabb_proxy_output_6
judge_collision_detected:
robot_base_x: 10.319567
robot_base_y: -7.287863
robot_base_yaw: 3.139813
robot_geom: robot0_wheel_left_collision
proxy_geom: scene_aabb_proxy_line_6_output_side_protrusion
judge_collision_detected:
robot_base_x: 10.319567
robot_base_y: -7.287863
robot_base_yaw: 3.139813
robot_geom: robot0_wheel_left_collision
proxy_geom: scene_aabb_proxy_output_6
judge_collision_detected:
robot_base_x: 10.319567
robot_base_y: -7.287863
robot_base_yaw: 3.139813
robot_geom: robot0_wheel_right_collision
proxy_geom: scene_aabb_proxy_line_6_output_side_protrusion
judge_collision_detected:
robot_base_x: 10.319567
robot_base_y: -7.287863
robot_base_yaw: 3.139813
robot_geom: robot0_wheel_right_collision
proxy_geom: scene_aabb_proxy_output_6
judge_collision_detected:
robot_base_x: 10.319567
robot_base_y: -7.287863
robot_base_yaw: 3.139813
robot_geom: robot0_wheel_right_collision
proxy_geom: scene_aabb_proxy_production_line_6
judge_collision_detected:
robot_base_x: 10.319204
robot_base_y: -7.287953
robot_base_yaw: 3.139933
robot_geom: robot0_back_left_caster_2
proxy_geom: scene_aabb_proxy_line_6_output_side_protrusion
judge_collision_detected:
robot_base_x: 10.319204
robot_base_y: -7.287953
robot_base_yaw: 3.139933
robot_geom: robot0_back_right_caster_2
proxy_geom: scene_aabb_proxy_line_6_output_side_protrusion
judge_collision_detected:
robot_base_x: 10.319204
robot_base_y: -7.287953
robot_base_yaw: 3.139933
robot_geom: robot0_base_collision
proxy_geom: scene_aabb_proxy_line_6_output_side_protrusion
judge_collision_detected:
robot_base_x: 10.319204
robot_base_y: -7.287953
robot_base_yaw: 3.139933
robot_geom: robot0_base_collision
proxy_geom: scene_aabb_proxy_output_6
judge_collision_detected:
robot_base_x: 10.319204
robot_base_y: -7.287953
robot_base_yaw: 3.139933
robot_geom: robot0_base_collision
proxy_geom: scene_aabb_proxy_production_line_6
judge_collision_detected:
robot_base_x: 10.319204
robot_base_y: -7.287953
robot_base_yaw: 3.139933
robot_geom: robot0_front_left_caster_2
proxy_geom: scene_aabb_proxy_output_6
judge_collision_detected:
robot_base_x: 10.319204
robot_base_y: -7.287953
robot_base_yaw: 3.139933
robot_geom: robot0_front_right_caster_2
proxy_geom: scene_aabb_proxy_output_6
judge_collision_detected:
robot_base_x: 10.319204
robot_base_y: -7.287953
robot_base_yaw: 3.139933
robot_geom: robot0_torso_fixed_collision_box_1
proxy_geom: scene_aabb_proxy_line_6_output_side_protrusion
judge_collision_detected:
robot_base_x: 10.319204
robot_base_y: -7.287953
robot_base_yaw: 3.139933
robot_geom: robot0_torso_fixed_collision_box_1
proxy_geom: scene_aabb_proxy_output_6
judge_collision_detected:
robot_base_x: 10.319204
robot_base_y: -7.287953
robot_base_yaw: 3.139933
robot_geom: robot0_torso_fixed_collision_box_1
proxy_geom: scene_aabb_proxy_production_line_6
judge_collision_detected:
robot_base_x: 10.319204
robot_base_y: -7.287953
robot_base_yaw: 3.139933
robot_geom: robot0_torso_fixed_column_collision
proxy_geom: scene_aabb_proxy_line_6_output_side_protrusion
judge_collision_detected:
robot_base_x: 10.319204
robot_base_y: -7.287953
robot_base_yaw: 3.139933
robot_geom: robot0_torso_fixed_column_collision
proxy_geom: scene_aabb_proxy_output_6
judge_collision_detected:
robot_base_x: 10.319204
robot_base_y: -7.287953
robot_base_yaw: 3.139933
robot_geom: robot0_wheel_left_collision
proxy_geom: scene_aabb_proxy_line_6_output_side_protrusion
judge_collision_detected:
robot_base_x: 10.319204
robot_base_y: -7.287953
robot_base_yaw: 3.139933
robot_geom: robot0_wheel_left_collision
proxy_geom: scene_aabb_proxy_output_6
judge_collision_detected:
robot_base_x: 10.319204
robot_base_y: -7.287953
robot_base_yaw: 3.139933
robot_geom: robot0_wheel_right_collision
proxy_geom: scene_aabb_proxy_line_6_output_side_protrusion
judge_collision_detected:
robot_base_x: 10.319204
robot_base_y: -7.287953
robot_base_yaw: 3.139933
robot_geom: robot0_wheel_right_collision
proxy_geom: scene_aabb_proxy_output_6
judge_collision_detected:
robot_base_x: 10.319204
robot_base_y: -7.287953
robot_base_yaw: 3.139933
robot_geom: robot0_wheel_right_collision
proxy_geom: scene_aabb_proxy_production_line_6
[L5] place_skill result for white_tote_b01_left_front: success=True msg=Physics place OK: output_6
[L5] synced white_tote_b01_left_front to output_6 in nav env
[BACKEND v4] grasp_object_physics called
[robosuite INFO] Loading controller configuration from: /mnt/workspace/JCIIOT2026/JCIIOT/robosuite/robosuite/controllers/config/robots/default_tiago.json (composite_controller_factory.py:121)
Evaluation factory scene: FactorySorting9_3FO3ERT2C5FP
[STANCE_FIX] obj=(-14.674,5.521) base=(-13.824,5.521) OK
[BC_INPUT] robot_base_pos=(-13.824088,5.520619,0.000000)
[BC_INPUT] robot_base_ori=[0.000000,0.000000,3.141592] (yaw=1.0000*pi)
[BC_INPUT] actual_base_pose=(-13.824088,5.520619) yaw=3.141592
[BC_INPUT] object_name=white_tote_b01_left_back
[BC_INPUT] torso_lift=0.3500
[BC_INPUT] arm_right_1=0.7426
[BC_INPUT] arm_right_3=2.1378
[BC_INPUT] arm_right_4=2.1057
[BC_INPUT] gripper_r=0.0120
[BC_INPUT] scene=FactorySorting9_3FO3ERT2C5FP
[BC_INPUT] object dark_tote_b01_lower: pos=(-4.4877,4.4961,1.2890)
[BC_INPUT] object dark_tote_b01_upper: pos=(-4.4877,5.1895,1.2890)
[BC_INPUT] object blue_container_h01_back_left: pos=(-9.9453,4.4392,1.2140)
[BC_INPUT] object blue_container_h01_back_center: pos=(-9.9453,4.9181,1.2140)
[BC_INPUT] object blue_container_h01_back_right: pos=(-9.9453,5.4052,1.2140)
[BC_INPUT] object white_tote_b01_left_front: pos=(-14.6741,4.4149,1.2890)
[BC_INPUT] object white_tote_b01_left_center: pos=(-14.6741,4.9547,1.2890)
[BC_INPUT] object white_tote_b01_left_back: pos=(-14.6741,5.5210,1.2890)
[BC_INPUT] object white_tote_b01_right_left: pos=(-6.2060,8.4731,1.2890)
[BC_INPUT] object white_tote_b01_right_right: pos=(-5.5060,8.4731,1.2890)
Target object: white_tote_b01_left_back
Robot base xy at reset: (-13.824088, 5.520619)
Tracking sites: {'right': 'white_tote_b01_left_back_right_grasp_site', 'left': 'white_tote_b01_left_back_left_grasp_site'}
Below-site grasp targets: {'right': array([ 0.165, -0.215,  0.165]), 'left': array([-0.165, -0.215,  0.165])}
wrapped_env_grasp_start_pose: x=-13.824088, y=5.520619, yaw=3.141592
Executing scripted grasp policy (deterministic OSC waypoint servo)
[SCRIPTED] site_positions (world): {'right': 'white_tote_b01_left_back_right_grasp_site', 'left': 'white_tote_b01_left_back_left_grasp_site'}
[SCRIPTED] right site world pos: [-14.509088   5.305966   1.489   ], below_target: [-14.509088   5.305966   1.454   ]
[SCRIPTED] left site world pos: [-14.839088   5.305966   1.489   ], below_target: [-14.839088   5.305966   1.454   ]
[SCRIPTED] eef starts: right=[-14.19211782   5.78936398   1.1359892 ], left=[-14.20842047   5.33570737   1.1086439 ]
[SCRIPTED] xwall-grasp: obj=(-14.674,5.521) targets: right=[-14.374088   5.640966   1.454   ], left=[-14.374088   5.400966   1.454   ]
[SCRIPTED] contact rejection disabled (approach phases)
[SCRIPTED] Phase 1: safe vertical lift (60 steps, safe_z=1.739)
[SCRIPTED] Phase 2: XY approach (120 steps)
[SCRIPTED] Phase 3: vertical descent (80 steps)
[SCRIPTED] Phase 4: settle gripper end centers (max 150 steps)
gripper end center arrival distances before grasp: {'right': 0.023528148530032236, 'left': 0.025894069744484622}
[SCRIPTED] Phase 5: grasp close (40 steps)
After scripted grasp close object collision geoms: ['white_tote_b01_left_back_tote_b01_col_bottom', 'white_tote_b01_left_back_tote_b01_col_front', 'white_tote_b01_left_back_tote_b01_col_back', 'white_tote_b01_left_back_tote_b01_col_left', 'white_tote_b01_left_back_tote_b01_col_right']
After scripted grasp close gripper end targets: {'right': [-14.3741, 5.641, 1.454], 'left': [-14.3741, 5.401, 1.454]}
After scripted grasp close gripper end positions: {'right': [-14.3647, 5.6384, 1.47], 'left': [-14.3639, 5.4023, 1.4725]}
After scripted grasp close gripper end deltas current-minus-target: {'right': [0.0094, -0.0026, 0.016], 'left': [0.0102, 0.0014, 0.0185]}
After scripted grasp close gripper end distances: {'right': 0.018757085897289916, 'left': 0.021203076298405225}
After scripted grasp close fingerpad contact status: {'right': {'left_fingerpad': True, 'right_fingerpad': True}, 'left': {'left_fingerpad': True, 'right_fingerpad': True}}
After scripted grasp close fingerpad contact pairs: {'right': {'left_fingerpad': [('gripper0_right_left_fingerpad_collision', 'white_tote_b01_left_back_tote_b01_col_right')], 'right_fingerpad': [('gripper0_right_right_fingerpad_collision', 'white_tote_b01_left_back_tote_b01_col_right')]}, 'left': {'left_fingerpad': [('gripper0_left_left_fingerpad_collision', 'white_tote_b01_left_back_tote_b01_col_right')], 'right_fingerpad': [('gripper0_left_right_fingerpad_collision', 'white_tote_b01_left_back_tote_b01_col_right')]}}
After scripted grasp close grasp status: {'right': True, 'left': True}
[SCRIPTED] Phase 6: post-success hold (10 steps)
Holding final grasp action for 12 steps
After same-env wrapped policy execution object collision geoms: ['white_tote_b01_left_back_tote_b01_col_bottom', 'white_tote_b01_left_back_tote_b01_col_front', 'white_tote_b01_left_back_tote_b01_col_back', 'white_tote_b01_left_back_tote_b01_col_left', 'white_tote_b01_left_back_tote_b01_col_right']
After same-env wrapped policy execution gripper end targets: {'right': [-14.3741, 5.641, 1.454], 'left': [-14.3741, 5.401, 1.454]}
After same-env wrapped policy execution gripper end positions: {'right': [-14.3596, 5.6382, 1.4703], 'left': [-14.3588, 5.4025, 1.4729]}
After same-env wrapped policy execution gripper end deltas current-minus-target: {'right': [0.0145, -0.0028, 0.0163], 'left': [0.0152, 0.0015, 0.0189]}
After same-env wrapped policy execution gripper end distances: {'right': 0.02198760540641938, 'left': 0.024318408493263482}
After same-env wrapped policy execution fingerpad contact status: {'right': {'left_fingerpad': True, 'right_fingerpad': True}, 'left': {'left_fingerpad': True, 'right_fingerpad': True}}
After same-env wrapped policy execution fingerpad contact pairs: {'right': {'left_fingerpad': [('gripper0_right_left_fingerpad_collision', 'white_tote_b01_left_back_tote_b01_col_right')], 'right_fingerpad': [('gripper0_right_right_fingerpad_collision', 'white_tote_b01_left_back_tote_b01_col_right')]}, 'left': {'left_fingerpad': [('gripper0_left_left_fingerpad_collision', 'white_tote_b01_left_back_tote_b01_col_right')], 'right_fingerpad': [('gripper0_left_right_fingerpad_collision', 'white_tote_b01_left_back_tote_b01_col_right')]}}
After same-env wrapped policy execution grasp status: {'right': True, 'left': True}
Scripted grasp total_steps=310
Same-env wrapped grasp success: True
lift_initial_grasp_status: {'right': True, 'left': True}
lift_start: object=white_tote_b01_left_back, start_object_z=1.501848, target_object_z=1.651848, lift_height=0.150000
lift_result: success=True, final_object_z=1.611406, lifted=0.109558, target_lift=0.150000, final_grasp_status={'right': True, 'left': True}
[BACKEND] grasp and lift succeeded, proceeding with transport
transport_attachment_enabled: object=white_tote_b01_left_back, joint=white_tote_b01_left_back_joint0, relative_xy=[0.8489, -0.0025], world_z=1.413498, held_gripper_joints=12
[L5] teleported to dest (10.532, -7.267)
[L5] calling place_skill for white_tote_b01_left_back at output_6
judge_collision_detected:
robot_base_x: 10.527214
robot_base_y: -7.267347
robot_base_yaw: 3.140316
robot_geom: robot0_back_left_caster_2
proxy_geom: scene_aabb_proxy_line_6_belt
judge_collision_detected:
robot_base_x: 10.527214
robot_base_y: -7.267347
robot_base_yaw: 3.140316
robot_geom: robot0_back_left_caster_2
proxy_geom: scene_aabb_proxy_line_6_output_side_protrusion
judge_collision_detected:
robot_base_x: 10.527214
robot_base_y: -7.267347
robot_base_yaw: 3.140316
robot_geom: robot0_back_right_caster_2
proxy_geom: scene_aabb_proxy_line_6_belt
judge_collision_detected:
robot_base_x: 10.527214
robot_base_y: -7.267347
robot_base_yaw: 3.140316
robot_geom: robot0_back_right_caster_2
proxy_geom: scene_aabb_proxy_line_6_output_side_protrusion
judge_collision_detected:
robot_base_x: 10.527214
robot_base_y: -7.267347
robot_base_yaw: 3.140316
robot_geom: robot0_base_collision
proxy_geom: scene_aabb_proxy_line_6_belt
judge_collision_detected:
robot_base_x: 10.527214
robot_base_y: -7.267347
robot_base_yaw: 3.140316
robot_geom: robot0_base_collision
proxy_geom: scene_aabb_proxy_line_6_output_side_protrusion
judge_collision_detected:
robot_base_x: 10.527214
robot_base_y: -7.267347
robot_base_yaw: 3.140316
robot_geom: robot0_base_collision
proxy_geom: scene_aabb_proxy_output_6
judge_collision_detected:
robot_base_x: 10.527214
robot_base_y: -7.267347
robot_base_yaw: 3.140316
robot_geom: robot0_base_collision
proxy_geom: scene_aabb_proxy_production_line_6
judge_collision_detected:
robot_base_x: 10.527214
robot_base_y: -7.267347
robot_base_yaw: 3.140316
robot_geom: robot0_front_left_caster_2
proxy_geom: scene_aabb_proxy_line_6_output_side_protrusion
judge_collision_detected:
robot_base_x: 10.527214
robot_base_y: -7.267347
robot_base_yaw: 3.140316
robot_geom: robot0_front_right_caster_2
proxy_geom: scene_aabb_proxy_line_6_output_side_protrusion
judge_collision_detected:
robot_base_x: 10.527214
robot_base_y: -7.267347
robot_base_yaw: 3.140316
robot_geom: robot0_torso_fixed_collision_box_1
proxy_geom: scene_aabb_proxy_line_6_belt
judge_collision_detected:
robot_base_x: 10.527214
robot_base_y: -7.267347
robot_base_yaw: 3.140316
robot_geom: robot0_torso_fixed_collision_box_1
proxy_geom: scene_aabb_proxy_line_6_output_side_protrusion
judge_collision_detected:
robot_base_x: 10.527214
robot_base_y: -7.267347
robot_base_yaw: 3.140316
robot_geom: robot0_torso_fixed_collision_box_1
proxy_geom: scene_aabb_proxy_output_6
judge_collision_detected:
robot_base_x: 10.527214
robot_base_y: -7.267347
robot_base_yaw: 3.140316
robot_geom: robot0_torso_fixed_collision_box_1
proxy_geom: scene_aabb_proxy_production_line_6
judge_collision_detected:
robot_base_x: 10.527214
robot_base_y: -7.267347
robot_base_yaw: 3.140316
robot_geom: robot0_torso_fixed_column_collision
proxy_geom: scene_aabb_proxy_line_6_belt
judge_collision_detected:
robot_base_x: 10.527214
robot_base_y: -7.267347
robot_base_yaw: 3.140316
robot_geom: robot0_torso_fixed_column_collision
proxy_geom: scene_aabb_proxy_line_6_output_side_protrusion
judge_collision_detected:
robot_base_x: 10.527214
robot_base_y: -7.267347
robot_base_yaw: 3.140316
robot_geom: robot0_wheel_left_collision
proxy_geom: scene_aabb_proxy_line_6_output_side_protrusion
judge_collision_detected:
robot_base_x: 10.527214
robot_base_y: -7.267347
robot_base_yaw: 3.140316
robot_geom: robot0_wheel_right_collision
proxy_geom: scene_aabb_proxy_line_6_belt
judge_collision_detected:
robot_base_x: 10.527214
robot_base_y: -7.267347
robot_base_yaw: 3.140316
robot_geom: robot0_wheel_right_collision
proxy_geom: scene_aabb_proxy_line_6_output_side_protrusion
judge_collision_detected:
robot_base_x: 10.527214
robot_base_y: -7.267347
robot_base_yaw: 3.140316
robot_geom: robot0_wheel_right_collision
proxy_geom: scene_aabb_proxy_production_line_6
judge_collision_detected:
robot_base_x: 10.524077
robot_base_y: -7.267559
robot_base_yaw: 3.139417
robot_geom: robot0_back_left_caster_2
proxy_geom: scene_aabb_proxy_line_6_belt
judge_collision_detected:
robot_base_x: 10.524077
robot_base_y: -7.267559
robot_base_yaw: 3.139417
robot_geom: robot0_back_left_caster_2
proxy_geom: scene_aabb_proxy_line_6_output_side_protrusion
judge_collision_detected:
robot_base_x: 10.524077
robot_base_y: -7.267559
robot_base_yaw: 3.139417
robot_geom: robot0_back_right_caster_2
proxy_geom: scene_aabb_proxy_line_6_belt
judge_collision_detected:
robot_base_x: 10.524077
robot_base_y: -7.267559
robot_base_yaw: 3.139417
robot_geom: robot0_back_right_caster_2
proxy_geom: scene_aabb_proxy_line_6_output_side_protrusion
judge_collision_detected:
robot_base_x: 10.524077
robot_base_y: -7.267559
robot_base_yaw: 3.139417
robot_geom: robot0_base_collision
proxy_geom: scene_aabb_proxy_line_6_belt
judge_collision_detected:
robot_base_x: 10.524077
robot_base_y: -7.267559
robot_base_yaw: 3.139417
robot_geom: robot0_base_collision
proxy_geom: scene_aabb_proxy_line_6_output_side_protrusion
judge_collision_detected:
robot_base_x: 10.524077
robot_base_y: -7.267559
robot_base_yaw: 3.139417
robot_geom: robot0_base_collision
proxy_geom: scene_aabb_proxy_output_6
judge_collision_detected:
robot_base_x: 10.524077
robot_base_y: -7.267559
robot_base_yaw: 3.139417
robot_geom: robot0_base_collision
proxy_geom: scene_aabb_proxy_production_line_6
judge_collision_detected:
robot_base_x: 10.524077
robot_base_y: -7.267559
robot_base_yaw: 3.139417
robot_geom: robot0_front_left_caster_2
proxy_geom: scene_aabb_proxy_line_6_output_side_protrusion
judge_collision_detected:
robot_base_x: 10.524077
robot_base_y: -7.267559
robot_base_yaw: 3.139417
robot_geom: robot0_front_right_caster_2
proxy_geom: scene_aabb_proxy_line_6_output_side_protrusion
judge_collision_detected:
robot_base_x: 10.524077
robot_base_y: -7.267559
robot_base_yaw: 3.139417
robot_geom: robot0_torso_fixed_collision_box_1
proxy_geom: scene_aabb_proxy_line_6_belt
judge_collision_detected:
robot_base_x: 10.524077
robot_base_y: -7.267559
robot_base_yaw: 3.139417
robot_geom: robot0_torso_fixed_collision_box_1
proxy_geom: scene_aabb_proxy_line_6_output_side_protrusion
judge_collision_detected:
robot_base_x: 10.524077
robot_base_y: -7.267559
robot_base_yaw: 3.139417
robot_geom: robot0_torso_fixed_collision_box_1
proxy_geom: scene_aabb_proxy_output_6
judge_collision_detected:
robot_base_x: 10.524077
robot_base_y: -7.267559
robot_base_yaw: 3.139417
robot_geom: robot0_torso_fixed_collision_box_1
proxy_geom: scene_aabb_proxy_production_line_6
judge_collision_detected:
robot_base_x: 10.524077
robot_base_y: -7.267559
robot_base_yaw: 3.139417
robot_geom: robot0_torso_fixed_column_collision
proxy_geom: scene_aabb_proxy_line_6_belt
judge_collision_detected:
robot_base_x: 10.524077
robot_base_y: -7.267559
robot_base_yaw: 3.139417
robot_geom: robot0_torso_fixed_column_collision
proxy_geom: scene_aabb_proxy_line_6_output_side_protrusion
judge_collision_detected:
robot_base_x: 10.524077
robot_base_y: -7.267559
robot_base_yaw: 3.139417
robot_geom: robot0_wheel_left_collision
proxy_geom: scene_aabb_proxy_line_6_output_side_protrusion
judge_collision_detected:
robot_base_x: 10.524077
robot_base_y: -7.267559
robot_base_yaw: 3.139417
robot_geom: robot0_wheel_right_collision
proxy_geom: scene_aabb_proxy_line_6_output_side_protrusion
judge_collision_detected:
robot_base_x: 10.524077
robot_base_y: -7.267559
robot_base_yaw: 3.139417
robot_geom: robot0_wheel_right_collision
proxy_geom: scene_aabb_proxy_production_line_6
judge_collision_detected:
robot_base_x: 10.522050
robot_base_y: -7.267687
robot_base_yaw: 3.138708
robot_geom: robot0_back_left_caster_2
proxy_geom: scene_aabb_proxy_line_6_belt
judge_collision_detected:
robot_base_x: 10.522050
robot_base_y: -7.267687
robot_base_yaw: 3.138708
robot_geom: robot0_back_left_caster_2
proxy_geom: scene_aabb_proxy_line_6_output_side_protrusion
judge_collision_detected:
robot_base_x: 10.522050
robot_base_y: -7.267687
robot_base_yaw: 3.138708
robot_geom: robot0_back_right_caster_2
proxy_geom: scene_aabb_proxy_line_6_belt
judge_collision_detected:
robot_base_x: 10.522050
robot_base_y: -7.267687
robot_base_yaw: 3.138708
robot_geom: robot0_back_right_caster_2
proxy_geom: scene_aabb_proxy_line_6_output_side_protrusion
judge_collision_detected:
robot_base_x: 10.522050
robot_base_y: -7.267687
robot_base_yaw: 3.138708
robot_geom: robot0_base_collision
proxy_geom: scene_aabb_proxy_line_6_belt
judge_collision_detected:
robot_base_x: 10.522050
robot_base_y: -7.267687
robot_base_yaw: 3.138708
robot_geom: robot0_base_collision
proxy_geom: scene_aabb_proxy_line_6_output_side_protrusion
judge_collision_detected:
robot_base_x: 10.522050
robot_base_y: -7.267687
robot_base_yaw: 3.138708
robot_geom: robot0_base_collision
proxy_geom: scene_aabb_proxy_output_6
judge_collision_detected:
robot_base_x: 10.522050
robot_base_y: -7.267687
robot_base_yaw: 3.138708
robot_geom: robot0_base_collision
proxy_geom: scene_aabb_proxy_production_line_6
judge_collision_detected:
robot_base_x: 10.522050
robot_base_y: -7.267687
robot_base_yaw: 3.138708
robot_geom: robot0_front_left_caster_2
proxy_geom: scene_aabb_proxy_line_6_output_side_protrusion
judge_collision_detected:
robot_base_x: 10.522050
robot_base_y: -7.267687
robot_base_yaw: 3.138708
robot_geom: robot0_front_right_caster_2
proxy_geom: scene_aabb_proxy_line_6_output_side_protrusion
judge_collision_detected:
robot_base_x: 10.522050
robot_base_y: -7.267687
robot_base_yaw: 3.138708
robot_geom: robot0_torso_fixed_collision_box_1
proxy_geom: scene_aabb_proxy_line_6_belt
judge_collision_detected:
robot_base_x: 10.522050
robot_base_y: -7.267687
robot_base_yaw: 3.138708
robot_geom: robot0_torso_fixed_collision_box_1
proxy_geom: scene_aabb_proxy_line_6_output_side_protrusion
judge_collision_detected:
robot_base_x: 10.522050
robot_base_y: -7.267687
robot_base_yaw: 3.138708
robot_geom: robot0_torso_fixed_collision_box_1
proxy_geom: scene_aabb_proxy_output_6
judge_collision_detected:
robot_base_x: 10.522050
robot_base_y: -7.267687
robot_base_yaw: 3.138708
robot_geom: robot0_torso_fixed_collision_box_1
proxy_geom: scene_aabb_proxy_production_line_6
judge_collision_detected:
robot_base_x: 10.522050
robot_base_y: -7.267687
robot_base_yaw: 3.138708
robot_geom: robot0_torso_fixed_column_collision
proxy_geom: scene_aabb_proxy_line_6_belt
judge_collision_detected:
robot_base_x: 10.522050
robot_base_y: -7.267687
robot_base_yaw: 3.138708
robot_geom: robot0_torso_fixed_column_collision
proxy_geom: scene_aabb_proxy_line_6_output_side_protrusion
judge_collision_detected:
robot_base_x: 10.522050
robot_base_y: -7.267687
robot_base_yaw: 3.138708
robot_geom: robot0_wheel_left_collision
proxy_geom: scene_aabb_proxy_line_6_output_side_protrusion
judge_collision_detected:
robot_base_x: 10.522050
robot_base_y: -7.267687
robot_base_yaw: 3.138708
robot_geom: robot0_wheel_right_collision
proxy_geom: scene_aabb_proxy_line_6_output_side_protrusion
judge_collision_detected:
robot_base_x: 10.522050
robot_base_y: -7.267687
robot_base_yaw: 3.138708
robot_geom: robot0_wheel_right_collision
proxy_geom: scene_aabb_proxy_production_line_6
judge_collision_detected:
robot_base_x: 10.520885
robot_base_y: -7.267828
robot_base_yaw: 3.137988
robot_geom: robot0_back_left_caster_2
proxy_geom: scene_aabb_proxy_line_6_belt
judge_collision_detected:
robot_base_x: 10.520885
robot_base_y: -7.267828
robot_base_yaw: 3.137988
robot_geom: robot0_back_left_caster_2
proxy_geom: scene_aabb_proxy_line_6_output_side_protrusion
judge_collision_detected:
robot_base_x: 10.520885
robot_base_y: -7.267828
robot_base_yaw: 3.137988
robot_geom: robot0_back_right_caster_2
proxy_geom: scene_aabb_proxy_line_6_belt
judge_collision_detected:
robot_base_x: 10.520885
robot_base_y: -7.267828
robot_base_yaw: 3.137988
robot_geom: robot0_back_right_caster_2
proxy_geom: scene_aabb_proxy_line_6_output_side_protrusion
judge_collision_detected:
robot_base_x: 10.520885
robot_base_y: -7.267828
robot_base_yaw: 3.137988
robot_geom: robot0_base_collision
proxy_geom: scene_aabb_proxy_line_6_belt
judge_collision_detected:
robot_base_x: 10.520885
robot_base_y: -7.267828
robot_base_yaw: 3.137988
robot_geom: robot0_base_collision
proxy_geom: scene_aabb_proxy_line_6_output_side_protrusion
judge_collision_detected:
robot_base_x: 10.520885
robot_base_y: -7.267828
robot_base_yaw: 3.137988
robot_geom: robot0_base_collision
proxy_geom: scene_aabb_proxy_output_6
judge_collision_detected:
robot_base_x: 10.520885
robot_base_y: -7.267828
robot_base_yaw: 3.137988
robot_geom: robot0_base_collision
proxy_geom: scene_aabb_proxy_production_line_6
judge_collision_detected:
robot_base_x: 10.520885
robot_base_y: -7.267828
robot_base_yaw: 3.137988
robot_geom: robot0_front_left_caster_2
proxy_geom: scene_aabb_proxy_line_6_output_side_protrusion
judge_collision_detected:
robot_base_x: 10.520885
robot_base_y: -7.267828
robot_base_yaw: 3.137988
robot_geom: robot0_front_right_caster_2
proxy_geom: scene_aabb_proxy_line_6_output_side_protrusion
judge_collision_detected:
robot_base_x: 10.520885
robot_base_y: -7.267828
robot_base_yaw: 3.137988
robot_geom: robot0_torso_fixed_collision_box_1
proxy_geom: scene_aabb_proxy_line_6_belt
judge_collision_detected:
robot_base_x: 10.520885
robot_base_y: -7.267828
robot_base_yaw: 3.137988
robot_geom: robot0_torso_fixed_collision_box_1
proxy_geom: scene_aabb_proxy_line_6_output_side_protrusion
judge_collision_detected:
robot_base_x: 10.520885
robot_base_y: -7.267828
robot_base_yaw: 3.137988
robot_geom: robot0_torso_fixed_collision_box_1
proxy_geom: scene_aabb_proxy_output_6
judge_collision_detected:
robot_base_x: 10.520885
robot_base_y: -7.267828
robot_base_yaw: 3.137988
robot_geom: robot0_torso_fixed_collision_box_1
proxy_geom: scene_aabb_proxy_production_line_6
judge_collision_detected:
robot_base_x: 10.520885
robot_base_y: -7.267828
robot_base_yaw: 3.137988
robot_geom: robot0_torso_fixed_column_collision
proxy_geom: scene_aabb_proxy_line_6_belt
judge_collision_detected:
robot_base_x: 10.520885
robot_base_y: -7.267828
robot_base_yaw: 3.137988
robot_geom: robot0_torso_fixed_column_collision
proxy_geom: scene_aabb_proxy_line_6_output_side_protrusion
judge_collision_detected:
robot_base_x: 10.520885
robot_base_y: -7.267828
robot_base_yaw: 3.137988
robot_geom: robot0_wheel_left_collision
proxy_geom: scene_aabb_proxy_line_6_output_side_protrusion
judge_collision_detected:
robot_base_x: 10.520885
robot_base_y: -7.267828
robot_base_yaw: 3.137988
robot_geom: robot0_wheel_right_collision
proxy_geom: scene_aabb_proxy_line_6_output_side_protrusion
judge_collision_detected:
robot_base_x: 10.520885
robot_base_y: -7.267828
robot_base_yaw: 3.137988
robot_geom: robot0_wheel_right_collision
proxy_geom: scene_aabb_proxy_production_line_6
judge_collision_detected:
robot_base_x: 10.520069
robot_base_y: -7.267846
robot_base_yaw: 3.137350
robot_geom: robot0_back_left_caster_2
proxy_geom: scene_aabb_proxy_line_6_belt
judge_collision_detected:
robot_base_x: 10.520069
robot_base_y: -7.267846
robot_base_yaw: 3.137350
robot_geom: robot0_back_left_caster_2
proxy_geom: scene_aabb_proxy_line_6_output_side_protrusion
judge_collision_detected:
robot_base_x: 10.520069
robot_base_y: -7.267846
robot_base_yaw: 3.137350
robot_geom: robot0_back_right_caster_2
proxy_geom: scene_aabb_proxy_line_6_belt
judge_collision_detected:
robot_base_x: 10.520069
robot_base_y: -7.267846
robot_base_yaw: 3.137350
robot_geom: robot0_back_right_caster_2
proxy_geom: scene_aabb_proxy_line_6_output_side_protrusion
judge_collision_detected:
robot_base_x: 10.520069
robot_base_y: -7.267846
robot_base_yaw: 3.137350
robot_geom: robot0_base_collision
proxy_geom: scene_aabb_proxy_line_6_belt
judge_collision_detected:
robot_base_x: 10.520069
robot_base_y: -7.267846
robot_base_yaw: 3.137350
robot_geom: robot0_base_collision
proxy_geom: scene_aabb_proxy_line_6_output_side_protrusion
judge_collision_detected:
robot_base_x: 10.520069
robot_base_y: -7.267846
robot_base_yaw: 3.137350
robot_geom: robot0_base_collision
proxy_geom: scene_aabb_proxy_output_6
judge_collision_detected:
robot_base_x: 10.520069
robot_base_y: -7.267846
robot_base_yaw: 3.137350
robot_geom: robot0_base_collision
proxy_geom: scene_aabb_proxy_production_line_6
judge_collision_detected:
robot_base_x: 10.520069
robot_base_y: -7.267846
robot_base_yaw: 3.137350
robot_geom: robot0_front_left_caster_2
proxy_geom: scene_aabb_proxy_line_6_output_side_protrusion
judge_collision_detected:
robot_base_x: 10.520069
robot_base_y: -7.267846
robot_base_yaw: 3.137350
robot_geom: robot0_front_right_caster_2
proxy_geom: scene_aabb_proxy_line_6_output_side_protrusion
judge_collision_detected:
robot_base_x: 10.520069
robot_base_y: -7.267846
robot_base_yaw: 3.137350
robot_geom: robot0_torso_fixed_collision_box_1
proxy_geom: scene_aabb_proxy_line_6_belt
judge_collision_detected:
robot_base_x: 10.520069
robot_base_y: -7.267846
robot_base_yaw: 3.137350
robot_geom: robot0_torso_fixed_collision_box_1
proxy_geom: scene_aabb_proxy_line_6_output_side_protrusion
judge_collision_detected:
robot_base_x: 10.520069
robot_base_y: -7.267846
robot_base_yaw: 3.137350
robot_geom: robot0_torso_fixed_collision_box_1
proxy_geom: scene_aabb_proxy_output_6
judge_collision_detected:
robot_base_x: 10.520069
robot_base_y: -7.267846
robot_base_yaw: 3.137350
robot_geom: robot0_torso_fixed_collision_box_1
proxy_geom: scene_aabb_proxy_production_line_6
judge_collision_detected:
robot_base_x: 10.520069
robot_base_y: -7.267846
robot_base_yaw: 3.137350
robot_geom: robot0_torso_fixed_column_collision
proxy_geom: scene_aabb_proxy_line_6_belt
judge_collision_detected:
robot_base_x: 10.520069
robot_base_y: -7.267846
robot_base_yaw: 3.137350
robot_geom: robot0_torso_fixed_column_collision
proxy_geom: scene_aabb_proxy_line_6_output_side_protrusion
judge_collision_detected:
robot_base_x: 10.520069
robot_base_y: -7.267846
robot_base_yaw: 3.137350
robot_geom: robot0_wheel_left_collision
proxy_geom: scene_aabb_proxy_line_6_output_side_protrusion
judge_collision_detected:
robot_base_x: 10.520069
robot_base_y: -7.267846
robot_base_yaw: 3.137350
robot_geom: robot0_wheel_right_collision
proxy_geom: scene_aabb_proxy_line_6_output_side_protrusion
judge_collision_detected:
robot_base_x: 10.520069
robot_base_y: -7.267846
robot_base_yaw: 3.137350
robot_geom: robot0_wheel_right_collision
proxy_geom: scene_aabb_proxy_production_line_6
judge_collision_detected:
robot_base_x: 10.519617
robot_base_y: -7.267884
robot_base_yaw: 3.136739
robot_geom: robot0_back_left_caster_2
proxy_geom: scene_aabb_proxy_line_6_belt
judge_collision_detected:
robot_base_x: 10.519617
robot_base_y: -7.267884
robot_base_yaw: 3.136739
robot_geom: robot0_back_left_caster_2
proxy_geom: scene_aabb_proxy_line_6_output_side_protrusion
judge_collision_detected:
robot_base_x: 10.519617
robot_base_y: -7.267884
robot_base_yaw: 3.136739
robot_geom: robot0_back_right_caster_2
proxy_geom: scene_aabb_proxy_line_6_belt
judge_collision_detected:
robot_base_x: 10.519617
robot_base_y: -7.267884
robot_base_yaw: 3.136739
robot_geom: robot0_back_right_caster_2
proxy_geom: scene_aabb_proxy_line_6_output_side_protrusion
judge_collision_detected:
robot_base_x: 10.519617
robot_base_y: -7.267884
robot_base_yaw: 3.136739
robot_geom: robot0_base_collision
proxy_geom: scene_aabb_proxy_line_6_belt
judge_collision_detected:
robot_base_x: 10.519617
robot_base_y: -7.267884
robot_base_yaw: 3.136739
robot_geom: robot0_base_collision
proxy_geom: scene_aabb_proxy_line_6_output_side_protrusion
judge_collision_detected:
robot_base_x: 10.519617
robot_base_y: -7.267884
robot_base_yaw: 3.136739
robot_geom: robot0_base_collision
proxy_geom: scene_aabb_proxy_output_6
judge_collision_detected:
robot_base_x: 10.519617
robot_base_y: -7.267884
robot_base_yaw: 3.136739
robot_geom: robot0_base_collision
proxy_geom: scene_aabb_proxy_production_line_6
judge_collision_detected:
robot_base_x: 10.519617
robot_base_y: -7.267884
robot_base_yaw: 3.136739
robot_geom: robot0_front_left_caster_2
proxy_geom: scene_aabb_proxy_line_6_output_side_protrusion
judge_collision_detected:
robot_base_x: 10.519617
robot_base_y: -7.267884
robot_base_yaw: 3.136739
robot_geom: robot0_front_right_caster_2
proxy_geom: scene_aabb_proxy_line_6_output_side_protrusion
judge_collision_detected:
robot_base_x: 10.519617
robot_base_y: -7.267884
robot_base_yaw: 3.136739
robot_geom: robot0_torso_fixed_collision_box_1
proxy_geom: scene_aabb_proxy_line_6_belt
judge_collision_detected:
robot_base_x: 10.519617
robot_base_y: -7.267884
robot_base_yaw: 3.136739
robot_geom: robot0_torso_fixed_collision_box_1
proxy_geom: scene_aabb_proxy_line_6_output_side_protrusion
judge_collision_detected:
robot_base_x: 10.519617
robot_base_y: -7.267884
robot_base_yaw: 3.136739
robot_geom: robot0_torso_fixed_collision_box_1
proxy_geom: scene_aabb_proxy_output_6
judge_collision_detected:
robot_base_x: 10.519617
robot_base_y: -7.267884
robot_base_yaw: 3.136739
robot_geom: robot0_torso_fixed_collision_box_1
proxy_geom: scene_aabb_proxy_production_line_6
judge_collision_detected:
robot_base_x: 10.519617
robot_base_y: -7.267884
robot_base_yaw: 3.136739
robot_geom: robot0_torso_fixed_column_collision
proxy_geom: scene_aabb_proxy_line_6_belt
judge_collision_detected:
robot_base_x: 10.519617
robot_base_y: -7.267884
robot_base_yaw: 3.136739
robot_geom: robot0_torso_fixed_column_collision
proxy_geom: scene_aabb_proxy_line_6_output_side_protrusion
judge_collision_detected:
robot_base_x: 10.519617
robot_base_y: -7.267884
robot_base_yaw: 3.136739
robot_geom: robot0_wheel_left_collision
proxy_geom: scene_aabb_proxy_line_6_output_side_protrusion
judge_collision_detected:
robot_base_x: 10.519617
robot_base_y: -7.267884
robot_base_yaw: 3.136739
robot_geom: robot0_wheel_right_collision
proxy_geom: scene_aabb_proxy_line_6_output_side_protrusion
judge_collision_detected:
robot_base_x: 10.519617
robot_base_y: -7.267884
robot_base_yaw: 3.136739
robot_geom: robot0_wheel_right_collision
proxy_geom: scene_aabb_proxy_production_line_6
judge_collision_detected:
robot_base_x: 10.519375
robot_base_y: -7.267906
robot_base_yaw: 3.136131
robot_geom: robot0_back_left_caster_2
proxy_geom: scene_aabb_proxy_line_6_belt
judge_collision_detected:
robot_base_x: 10.519375
robot_base_y: -7.267906
robot_base_yaw: 3.136131
robot_geom: robot0_back_left_caster_2
proxy_geom: scene_aabb_proxy_line_6_output_side_protrusion
judge_collision_detected:
robot_base_x: 10.519375
robot_base_y: -7.267906
robot_base_yaw: 3.136131
robot_geom: robot0_back_right_caster_2
proxy_geom: scene_aabb_proxy_line_6_belt
judge_collision_detected:
robot_base_x: 10.519375
robot_base_y: -7.267906
robot_base_yaw: 3.136131
robot_geom: robot0_back_right_caster_2
proxy_geom: scene_aabb_proxy_line_6_output_side_protrusion
judge_collision_detected:
robot_base_x: 10.519375
robot_base_y: -7.267906
robot_base_yaw: 3.136131
robot_geom: robot0_base_collision
proxy_geom: scene_aabb_proxy_line_6_belt
judge_collision_detected:
robot_base_x: 10.519375
robot_base_y: -7.267906
robot_base_yaw: 3.136131
robot_geom: robot0_base_collision
proxy_geom: scene_aabb_proxy_line_6_output_side_protrusion
judge_collision_detected:
robot_base_x: 10.519375
robot_base_y: -7.267906
robot_base_yaw: 3.136131
robot_geom: robot0_base_collision
proxy_geom: scene_aabb_proxy_output_6
judge_collision_detected:
robot_base_x: 10.519375
robot_base_y: -7.267906
robot_base_yaw: 3.136131
robot_geom: robot0_base_collision
proxy_geom: scene_aabb_proxy_production_line_6
judge_collision_detected:
robot_base_x: 10.519375
robot_base_y: -7.267906
robot_base_yaw: 3.136131
robot_geom: robot0_front_left_caster_2
proxy_geom: scene_aabb_proxy_line_6_output_side_protrusion
judge_collision_detected:
robot_base_x: 10.519375
robot_base_y: -7.267906
robot_base_yaw: 3.136131
robot_geom: robot0_front_right_caster_2
proxy_geom: scene_aabb_proxy_line_6_output_side_protrusion
judge_collision_detected:
robot_base_x: 10.519375
robot_base_y: -7.267906
robot_base_yaw: 3.136131
robot_geom: robot0_torso_fixed_collision_box_1
proxy_geom: scene_aabb_proxy_line_6_belt
judge_collision_detected:
robot_base_x: 10.519375
robot_base_y: -7.267906
robot_base_yaw: 3.136131
robot_geom: robot0_torso_fixed_collision_box_1
proxy_geom: scene_aabb_proxy_line_6_output_side_protrusion
judge_collision_detected:
robot_base_x: 10.519375
robot_base_y: -7.267906
robot_base_yaw: 3.136131
robot_geom: robot0_torso_fixed_collision_box_1
proxy_geom: scene_aabb_proxy_output_6
judge_collision_detected:
robot_base_x: 10.519375
robot_base_y: -7.267906
robot_base_yaw: 3.136131
robot_geom: robot0_torso_fixed_collision_box_1
proxy_geom: scene_aabb_proxy_production_line_6
judge_collision_detected:
robot_base_x: 10.519375
robot_base_y: -7.267906
robot_base_yaw: 3.136131
robot_geom: robot0_torso_fixed_column_collision
proxy_geom: scene_aabb_proxy_line_6_belt
judge_collision_detected:
robot_base_x: 10.519375
robot_base_y: -7.267906
robot_base_yaw: 3.136131
robot_geom: robot0_torso_fixed_column_collision
proxy_geom: scene_aabb_proxy_line_6_output_side_protrusion
judge_collision_detected:
robot_base_x: 10.519375
robot_base_y: -7.267906
robot_base_yaw: 3.136131
robot_geom: robot0_wheel_left_collision
proxy_geom: scene_aabb_proxy_line_6_output_side_protrusion
judge_collision_detected:
robot_base_x: 10.519375
robot_base_y: -7.267906
robot_base_yaw: 3.136131
robot_geom: robot0_wheel_right_collision
proxy_geom: scene_aabb_proxy_line_6_output_side_protrusion
judge_collision_detected:
robot_base_x: 10.519375
robot_base_y: -7.267906
robot_base_yaw: 3.136131
robot_geom: robot0_wheel_right_collision
proxy_geom: scene_aabb_proxy_production_line_6
judge_collision_detected:
robot_base_x: 10.519310
robot_base_y: -7.267913
robot_base_yaw: 3.135518
robot_geom: robot0_back_left_caster_2
proxy_geom: scene_aabb_proxy_line_6_belt
judge_collision_detected:
robot_base_x: 10.519310
robot_base_y: -7.267913
robot_base_yaw: 3.135518
robot_geom: robot0_back_left_caster_2
proxy_geom: scene_aabb_proxy_line_6_output_side_protrusion
judge_collision_detected:
robot_base_x: 10.519310
robot_base_y: -7.267913
robot_base_yaw: 3.135518
robot_geom: robot0_back_right_caster_2
proxy_geom: scene_aabb_proxy_line_6_belt
judge_collision_detected:
robot_base_x: 10.519310
robot_base_y: -7.267913
robot_base_yaw: 3.135518
robot_geom: robot0_back_right_caster_2
proxy_geom: scene_aabb_proxy_line_6_output_side_protrusion
judge_collision_detected:
robot_base_x: 10.519310
robot_base_y: -7.267913
robot_base_yaw: 3.135518
robot_geom: robot0_base_collision
proxy_geom: scene_aabb_proxy_line_6_belt
judge_collision_detected:
robot_base_x: 10.519310
robot_base_y: -7.267913
robot_base_yaw: 3.135518
robot_geom: robot0_base_collision
proxy_geom: scene_aabb_proxy_line_6_output_side_protrusion
judge_collision_detected:
robot_base_x: 10.519310
robot_base_y: -7.267913
robot_base_yaw: 3.135518
robot_geom: robot0_base_collision
proxy_geom: scene_aabb_proxy_output_6
judge_collision_detected:
robot_base_x: 10.519310
robot_base_y: -7.267913
robot_base_yaw: 3.135518
robot_geom: robot0_base_collision
proxy_geom: scene_aabb_proxy_production_line_6
judge_collision_detected:
robot_base_x: 10.519310
robot_base_y: -7.267913
robot_base_yaw: 3.135518
robot_geom: robot0_front_left_caster_2
proxy_geom: scene_aabb_proxy_line_6_output_side_protrusion
judge_collision_detected:
robot_base_x: 10.519310
robot_base_y: -7.267913
robot_base_yaw: 3.135518
robot_geom: robot0_front_right_caster_2
proxy_geom: scene_aabb_proxy_line_6_output_side_protrusion
judge_collision_detected:
robot_base_x: 10.519310
robot_base_y: -7.267913
robot_base_yaw: 3.135518
robot_geom: robot0_torso_fixed_collision_box_1
proxy_geom: scene_aabb_proxy_line_6_belt
judge_collision_detected:
robot_base_x: 10.519310
robot_base_y: -7.267913
robot_base_yaw: 3.135518
robot_geom: robot0_torso_fixed_collision_box_1
proxy_geom: scene_aabb_proxy_line_6_output_side_protrusion
judge_collision_detected:
robot_base_x: 10.519310
robot_base_y: -7.267913
robot_base_yaw: 3.135518
robot_geom: robot0_torso_fixed_collision_box_1
proxy_geom: scene_aabb_proxy_output_6
judge_collision_detected:
robot_base_x: 10.519310
robot_base_y: -7.267913
robot_base_yaw: 3.135518
robot_geom: robot0_torso_fixed_collision_box_1
proxy_geom: scene_aabb_proxy_production_line_6
judge_collision_detected:
robot_base_x: 10.519310
robot_base_y: -7.267913
robot_base_yaw: 3.135518
robot_geom: robot0_torso_fixed_column_collision
proxy_geom: scene_aabb_proxy_line_6_belt
judge_collision_detected:
robot_base_x: 10.519310
robot_base_y: -7.267913
robot_base_yaw: 3.135518
robot_geom: robot0_torso_fixed_column_collision
proxy_geom: scene_aabb_proxy_line_6_output_side_protrusion
judge_collision_detected:
robot_base_x: 10.519310
robot_base_y: -7.267913
robot_base_yaw: 3.135518
robot_geom: robot0_wheel_left_collision
proxy_geom: scene_aabb_proxy_line_6_output_side_protrusion
judge_collision_detected:
robot_base_x: 10.519310
robot_base_y: -7.267913
robot_base_yaw: 3.135518
robot_geom: robot0_wheel_right_collision
proxy_geom: scene_aabb_proxy_line_6_output_side_protrusion
judge_collision_detected:
robot_base_x: 10.519310
robot_base_y: -7.267913
robot_base_yaw: 3.135518
robot_geom: robot0_wheel_right_collision
proxy_geom: scene_aabb_proxy_production_line_6
judge_collision_detected:
robot_base_x: 10.519900
robot_base_y: -7.267892
robot_base_yaw: 3.134859
robot_geom: robot0_back_left_caster_2
proxy_geom: scene_aabb_proxy_line_6_belt
judge_collision_detected:
robot_base_x: 10.519900
robot_base_y: -7.267892
robot_base_yaw: 3.134859
robot_geom: robot0_back_left_caster_2
proxy_geom: scene_aabb_proxy_line_6_output_side_protrusion
judge_collision_detected:
robot_base_x: 10.519900
robot_base_y: -7.267892
robot_base_yaw: 3.134859
robot_geom: robot0_back_right_caster_2
proxy_geom: scene_aabb_proxy_line_6_belt
judge_collision_detected:
robot_base_x: 10.519900
robot_base_y: -7.267892
robot_base_yaw: 3.134859
robot_geom: robot0_back_right_caster_2
proxy_geom: scene_aabb_proxy_line_6_output_side_protrusion
judge_collision_detected:
robot_base_x: 10.519900
robot_base_y: -7.267892
robot_base_yaw: 3.134859
robot_geom: robot0_base_collision
proxy_geom: scene_aabb_proxy_line_6_belt
judge_collision_detected:
robot_base_x: 10.519900
robot_base_y: -7.267892
robot_base_yaw: 3.134859
robot_geom: robot0_base_collision
proxy_geom: scene_aabb_proxy_line_6_output_side_protrusion
judge_collision_detected:
robot_base_x: 10.519900
robot_base_y: -7.267892
robot_base_yaw: 3.134859
robot_geom: robot0_base_collision
proxy_geom: scene_aabb_proxy_output_6
judge_collision_detected:
robot_base_x: 10.519900
robot_base_y: -7.267892
robot_base_yaw: 3.134859
robot_geom: robot0_base_collision
proxy_geom: scene_aabb_proxy_production_line_6
judge_collision_detected:
robot_base_x: 10.519900
robot_base_y: -7.267892
robot_base_yaw: 3.134859
robot_geom: robot0_front_left_caster_2
proxy_geom: scene_aabb_proxy_line_6_output_side_protrusion
judge_collision_detected:
robot_base_x: 10.519900
robot_base_y: -7.267892
robot_base_yaw: 3.134859
robot_geom: robot0_front_right_caster_2
proxy_geom: scene_aabb_proxy_line_6_output_side_protrusion
judge_collision_detected:
robot_base_x: 10.519900
robot_base_y: -7.267892
robot_base_yaw: 3.134859
robot_geom: robot0_torso_fixed_collision_box_1
proxy_geom: scene_aabb_proxy_line_6_belt
judge_collision_detected:
robot_base_x: 10.519900
robot_base_y: -7.267892
robot_base_yaw: 3.134859
robot_geom: robot0_torso_fixed_collision_box_1
proxy_geom: scene_aabb_proxy_line_6_output_side_protrusion
judge_collision_detected:
robot_base_x: 10.519900
robot_base_y: -7.267892
robot_base_yaw: 3.134859
robot_geom: robot0_torso_fixed_collision_box_1
proxy_geom: scene_aabb_proxy_output_6
judge_collision_detected:
robot_base_x: 10.519900
robot_base_y: -7.267892
robot_base_yaw: 3.134859
robot_geom: robot0_torso_fixed_collision_box_1
proxy_geom: scene_aabb_proxy_production_line_6
judge_collision_detected:
robot_base_x: 10.519900
robot_base_y: -7.267892
robot_base_yaw: 3.134859
robot_geom: robot0_torso_fixed_column_collision
proxy_geom: scene_aabb_proxy_line_6_belt
judge_collision_detected:
robot_base_x: 10.519900
robot_base_y: -7.267892
robot_base_yaw: 3.134859
robot_geom: robot0_torso_fixed_column_collision
proxy_geom: scene_aabb_proxy_line_6_output_side_protrusion
judge_collision_detected:
robot_base_x: 10.519900
robot_base_y: -7.267892
robot_base_yaw: 3.134859
robot_geom: robot0_wheel_left_collision
proxy_geom: scene_aabb_proxy_line_6_output_side_protrusion
judge_collision_detected:
robot_base_x: 10.519900
robot_base_y: -7.267892
robot_base_yaw: 3.134859
robot_geom: robot0_wheel_right_collision
proxy_geom: scene_aabb_proxy_line_6_output_side_protrusion
judge_collision_detected:
robot_base_x: 10.519900
robot_base_y: -7.267892
robot_base_yaw: 3.134859
robot_geom: robot0_wheel_right_collision
proxy_geom: scene_aabb_proxy_production_line_6
judge_collision_detected:
robot_base_x: 10.521983
robot_base_y: -7.267874
robot_base_yaw: 3.134731
robot_geom: robot0_back_left_caster_2
proxy_geom: scene_aabb_proxy_line_6_belt
judge_collision_detected:
robot_base_x: 10.521983
robot_base_y: -7.267874
robot_base_yaw: 3.134731
robot_geom: robot0_back_left_caster_2
proxy_geom: scene_aabb_proxy_line_6_output_side_protrusion
judge_collision_detected:
robot_base_x: 10.521983
robot_base_y: -7.267874
robot_base_yaw: 3.134731
robot_geom: robot0_back_right_caster_2
proxy_geom: scene_aabb_proxy_line_6_belt
judge_collision_detected:
robot_base_x: 10.521983
robot_base_y: -7.267874
robot_base_yaw: 3.134731
robot_geom: robot0_back_right_caster_2
proxy_geom: scene_aabb_proxy_line_6_output_side_protrusion
judge_collision_detected:
robot_base_x: 10.521983
robot_base_y: -7.267874
robot_base_yaw: 3.134731
robot_geom: robot0_base_collision
proxy_geom: scene_aabb_proxy_line_6_belt
judge_collision_detected:
robot_base_x: 10.521983
robot_base_y: -7.267874
robot_base_yaw: 3.134731
robot_geom: robot0_base_collision
proxy_geom: scene_aabb_proxy_line_6_output_side_protrusion
judge_collision_detected:
robot_base_x: 10.521983
robot_base_y: -7.267874
robot_base_yaw: 3.134731
robot_geom: robot0_base_collision
proxy_geom: scene_aabb_proxy_output_6
judge_collision_detected:
robot_base_x: 10.521983
robot_base_y: -7.267874
robot_base_yaw: 3.134731
robot_geom: robot0_base_collision
proxy_geom: scene_aabb_proxy_production_line_6
judge_collision_detected:
robot_base_x: 10.521983
robot_base_y: -7.267874
robot_base_yaw: 3.134731
robot_geom: robot0_front_left_caster_2
proxy_geom: scene_aabb_proxy_line_6_output_side_protrusion
judge_collision_detected:
robot_base_x: 10.521983
robot_base_y: -7.267874
robot_base_yaw: 3.134731
robot_geom: robot0_front_right_caster_2
proxy_geom: scene_aabb_proxy_line_6_output_side_protrusion
judge_collision_detected:
robot_base_x: 10.521983
robot_base_y: -7.267874
robot_base_yaw: 3.134731
robot_geom: robot0_torso_fixed_collision_box_1
proxy_geom: scene_aabb_proxy_line_6_belt
judge_collision_detected:
robot_base_x: 10.521983
robot_base_y: -7.267874
robot_base_yaw: 3.134731
robot_geom: robot0_torso_fixed_collision_box_1
proxy_geom: scene_aabb_proxy_line_6_output_side_protrusion
judge_collision_detected:
robot_base_x: 10.521983
robot_base_y: -7.267874
robot_base_yaw: 3.134731
robot_geom: robot0_torso_fixed_collision_box_1
proxy_geom: scene_aabb_proxy_output_6
judge_collision_detected:
robot_base_x: 10.521983
robot_base_y: -7.267874
robot_base_yaw: 3.134731
robot_geom: robot0_torso_fixed_collision_box_1
proxy_geom: scene_aabb_proxy_production_line_6
judge_collision_detected:
robot_base_x: 10.521983
robot_base_y: -7.267874
robot_base_yaw: 3.134731
robot_geom: robot0_torso_fixed_column_collision
proxy_geom: scene_aabb_proxy_line_6_belt
judge_collision_detected:
robot_base_x: 10.521983
robot_base_y: -7.267874
robot_base_yaw: 3.134731
robot_geom: robot0_torso_fixed_column_collision
proxy_geom: scene_aabb_proxy_line_6_output_side_protrusion
judge_collision_detected:
robot_base_x: 10.521983
robot_base_y: -7.267874
robot_base_yaw: 3.134731
robot_geom: robot0_wheel_left_collision
proxy_geom: scene_aabb_proxy_line_6_output_side_protrusion
judge_collision_detected:
robot_base_x: 10.521983
robot_base_y: -7.267874
robot_base_yaw: 3.134731
robot_geom: robot0_wheel_right_collision
proxy_geom: scene_aabb_proxy_line_6_output_side_protrusion
judge_collision_detected:
robot_base_x: 10.521983
robot_base_y: -7.267874
robot_base_yaw: 3.134731
robot_geom: robot0_wheel_right_collision
proxy_geom: scene_aabb_proxy_production_line_6
turn_to_output_result: success=True, turn_steps=0, target_yaw=3.141593, final_yaw=3.134728, final_error=0.006865, xy_drift=0.006121
judge_collision_detected:
robot_base_x: 10.523004
robot_base_y: -7.267766
robot_base_yaw: 3.134565
robot_geom: robot0_back_left_caster_2
proxy_geom: scene_aabb_proxy_line_6_belt
judge_collision_detected:
robot_base_x: 10.523004
robot_base_y: -7.267766
robot_base_yaw: 3.134565
robot_geom: robot0_back_left_caster_2
proxy_geom: scene_aabb_proxy_line_6_output_side_protrusion
judge_collision_detected:
robot_base_x: 10.523004
robot_base_y: -7.267766
robot_base_yaw: 3.134565
robot_geom: robot0_back_right_caster_2
proxy_geom: scene_aabb_proxy_line_6_belt
judge_collision_detected:
robot_base_x: 10.523004
robot_base_y: -7.267766
robot_base_yaw: 3.134565
robot_geom: robot0_back_right_caster_2
proxy_geom: scene_aabb_proxy_line_6_output_side_protrusion
judge_collision_detected:
robot_base_x: 10.523004
robot_base_y: -7.267766
robot_base_yaw: 3.134565
robot_geom: robot0_base_collision
proxy_geom: scene_aabb_proxy_line_6_belt
judge_collision_detected:
robot_base_x: 10.523004
robot_base_y: -7.267766
robot_base_yaw: 3.134565
robot_geom: robot0_base_collision
proxy_geom: scene_aabb_proxy_line_6_output_side_protrusion
judge_collision_detected:
robot_base_x: 10.523004
robot_base_y: -7.267766
robot_base_yaw: 3.134565
robot_geom: robot0_base_collision
proxy_geom: scene_aabb_proxy_output_6
judge_collision_detected:
robot_base_x: 10.523004
robot_base_y: -7.267766
robot_base_yaw: 3.134565
robot_geom: robot0_base_collision
proxy_geom: scene_aabb_proxy_production_line_6
judge_collision_detected:
robot_base_x: 10.523004
robot_base_y: -7.267766
robot_base_yaw: 3.134565
robot_geom: robot0_front_left_caster_2
proxy_geom: scene_aabb_proxy_line_6_output_side_protrusion
judge_collision_detected:
robot_base_x: 10.523004
robot_base_y: -7.267766
robot_base_yaw: 3.134565
robot_geom: robot0_front_right_caster_2
proxy_geom: scene_aabb_proxy_line_6_output_side_protrusion
judge_collision_detected:
robot_base_x: 10.523004
robot_base_y: -7.267766
robot_base_yaw: 3.134565
robot_geom: robot0_torso_fixed_collision_box_1
proxy_geom: scene_aabb_proxy_line_6_belt
judge_collision_detected:
robot_base_x: 10.523004
robot_base_y: -7.267766
robot_base_yaw: 3.134565
robot_geom: robot0_torso_fixed_collision_box_1
proxy_geom: scene_aabb_proxy_line_6_output_side_protrusion
judge_collision_detected:
robot_base_x: 10.523004
robot_base_y: -7.267766
robot_base_yaw: 3.134565
robot_geom: robot0_torso_fixed_collision_box_1
proxy_geom: scene_aabb_proxy_output_6
judge_collision_detected:
robot_base_x: 10.523004
robot_base_y: -7.267766
robot_base_yaw: 3.134565
robot_geom: robot0_torso_fixed_collision_box_1
proxy_geom: scene_aabb_proxy_production_line_6
judge_collision_detected:
robot_base_x: 10.523004
robot_base_y: -7.267766
robot_base_yaw: 3.134565
robot_geom: robot0_torso_fixed_column_collision
proxy_geom: scene_aabb_proxy_line_6_belt
judge_collision_detected:
robot_base_x: 10.523004
robot_base_y: -7.267766
robot_base_yaw: 3.134565
robot_geom: robot0_torso_fixed_column_collision
proxy_geom: scene_aabb_proxy_line_6_output_side_protrusion
judge_collision_detected:
robot_base_x: 10.523004
robot_base_y: -7.267766
robot_base_yaw: 3.134565
robot_geom: robot0_wheel_left_collision
proxy_geom: scene_aabb_proxy_line_6_output_side_protrusion
judge_collision_detected:
robot_base_x: 10.523004
robot_base_y: -7.267766
robot_base_yaw: 3.134565
robot_geom: robot0_wheel_right_collision
proxy_geom: scene_aabb_proxy_line_6_output_side_protrusion
judge_collision_detected:
robot_base_x: 10.523004
robot_base_y: -7.267766
robot_base_yaw: 3.134565
robot_geom: robot0_wheel_right_collision
proxy_geom: scene_aabb_proxy_production_line_6
judge_collision_detected:
robot_base_x: 10.519603
robot_base_y: -7.268059
robot_base_yaw: 3.134479
robot_geom: robot0_back_left_caster_2
proxy_geom: scene_aabb_proxy_line_6_belt
judge_collision_detected:
robot_base_x: 10.519603
robot_base_y: -7.268059
robot_base_yaw: 3.134479
robot_geom: robot0_back_left_caster_2
proxy_geom: scene_aabb_proxy_line_6_output_side_protrusion
judge_collision_detected:
robot_base_x: 10.519603
robot_base_y: -7.268059
robot_base_yaw: 3.134479
robot_geom: robot0_back_right_caster_2
proxy_geom: scene_aabb_proxy_line_6_belt
judge_collision_detected:
robot_base_x: 10.519603
robot_base_y: -7.268059
robot_base_yaw: 3.134479
robot_geom: robot0_back_right_caster_2
proxy_geom: scene_aabb_proxy_line_6_output_side_protrusion
judge_collision_detected:
robot_base_x: 10.519603
robot_base_y: -7.268059
robot_base_yaw: 3.134479
robot_geom: robot0_base_collision
proxy_geom: scene_aabb_proxy_line_6_belt
judge_collision_detected:
robot_base_x: 10.519603
robot_base_y: -7.268059
robot_base_yaw: 3.134479
robot_geom: robot0_base_collision
proxy_geom: scene_aabb_proxy_line_6_output_side_protrusion
judge_collision_detected:
robot_base_x: 10.519603
robot_base_y: -7.268059
robot_base_yaw: 3.134479
robot_geom: robot0_base_collision
proxy_geom: scene_aabb_proxy_output_6
judge_collision_detected:
robot_base_x: 10.519603
robot_base_y: -7.268059
robot_base_yaw: 3.134479
robot_geom: robot0_base_collision
proxy_geom: scene_aabb_proxy_production_line_6
judge_collision_detected:
robot_base_x: 10.519603
robot_base_y: -7.268059
robot_base_yaw: 3.134479
robot_geom: robot0_front_left_caster_2
proxy_geom: scene_aabb_proxy_line_6_output_side_protrusion
judge_collision_detected:
robot_base_x: 10.519603
robot_base_y: -7.268059
robot_base_yaw: 3.134479
robot_geom: robot0_front_right_caster_2
proxy_geom: scene_aabb_proxy_line_6_output_side_protrusion
judge_collision_detected:
robot_base_x: 10.519603
robot_base_y: -7.268059
robot_base_yaw: 3.134479
robot_geom: robot0_torso_fixed_collision_box_1
proxy_geom: scene_aabb_proxy_line_6_belt
judge_collision_detected:
robot_base_x: 10.519603
robot_base_y: -7.268059
robot_base_yaw: 3.134479
robot_geom: robot0_torso_fixed_collision_box_1
proxy_geom: scene_aabb_proxy_line_6_output_side_protrusion
judge_collision_detected:
robot_base_x: 10.519603
robot_base_y: -7.268059
robot_base_yaw: 3.134479
robot_geom: robot0_torso_fixed_collision_box_1
proxy_geom: scene_aabb_proxy_output_6
judge_collision_detected:
robot_base_x: 10.519603
robot_base_y: -7.268059
robot_base_yaw: 3.134479
robot_geom: robot0_torso_fixed_collision_box_1
proxy_geom: scene_aabb_proxy_production_line_6
judge_collision_detected:
robot_base_x: 10.519603
robot_base_y: -7.268059
robot_base_yaw: 3.134479
robot_geom: robot0_torso_fixed_column_collision
proxy_geom: scene_aabb_proxy_line_6_belt
judge_collision_detected:
robot_base_x: 10.519603
robot_base_y: -7.268059
robot_base_yaw: 3.134479
robot_geom: robot0_torso_fixed_column_collision
proxy_geom: scene_aabb_proxy_line_6_output_side_protrusion
judge_collision_detected:
robot_base_x: 10.519603
robot_base_y: -7.268059
robot_base_yaw: 3.134479
robot_geom: robot0_wheel_left_collision
proxy_geom: scene_aabb_proxy_line_6_output_side_protrusion
judge_collision_detected:
robot_base_x: 10.519603
robot_base_y: -7.268059
robot_base_yaw: 3.134479
robot_geom: robot0_wheel_right_collision
proxy_geom: scene_aabb_proxy_line_6_output_side_protrusion
judge_collision_detected:
robot_base_x: 10.519603
robot_base_y: -7.268059
robot_base_yaw: 3.134479
robot_geom: robot0_wheel_right_collision
proxy_geom: scene_aabb_proxy_production_line_6
judge_collision_detected:
robot_base_x: 10.516458
robot_base_y: -7.268344
robot_base_yaw: 3.134417
robot_geom: robot0_back_left_caster_2
proxy_geom: scene_aabb_proxy_line_6_belt
judge_collision_detected:
robot_base_x: 10.516458
robot_base_y: -7.268344
robot_base_yaw: 3.134417
robot_geom: robot0_back_left_caster_2
proxy_geom: scene_aabb_proxy_line_6_output_side_protrusion
judge_collision_detected:
robot_base_x: 10.516458
robot_base_y: -7.268344
robot_base_yaw: 3.134417
robot_geom: robot0_back_right_caster_2
proxy_geom: scene_aabb_proxy_line_6_belt
judge_collision_detected:
robot_base_x: 10.516458
robot_base_y: -7.268344
robot_base_yaw: 3.134417
robot_geom: robot0_back_right_caster_2
proxy_geom: scene_aabb_proxy_line_6_output_side_protrusion
judge_collision_detected:
robot_base_x: 10.516458
robot_base_y: -7.268344
robot_base_yaw: 3.134417
robot_geom: robot0_base_collision
proxy_geom: scene_aabb_proxy_line_6_belt
judge_collision_detected:
robot_base_x: 10.516458
robot_base_y: -7.268344
robot_base_yaw: 3.134417
robot_geom: robot0_base_collision
proxy_geom: scene_aabb_proxy_line_6_output_side_protrusion
judge_collision_detected:
robot_base_x: 10.516458
robot_base_y: -7.268344
robot_base_yaw: 3.134417
robot_geom: robot0_base_collision
proxy_geom: scene_aabb_proxy_output_6
judge_collision_detected:
robot_base_x: 10.516458
robot_base_y: -7.268344
robot_base_yaw: 3.134417
robot_geom: robot0_base_collision
proxy_geom: scene_aabb_proxy_production_line_6
judge_collision_detected:
robot_base_x: 10.516458
robot_base_y: -7.268344
robot_base_yaw: 3.134417
robot_geom: robot0_front_left_caster_2
proxy_geom: scene_aabb_proxy_line_6_output_side_protrusion
judge_collision_detected:
robot_base_x: 10.516458
robot_base_y: -7.268344
robot_base_yaw: 3.134417
robot_geom: robot0_front_right_caster_2
proxy_geom: scene_aabb_proxy_line_6_output_side_protrusion
judge_collision_detected:
robot_base_x: 10.516458
robot_base_y: -7.268344
robot_base_yaw: 3.134417
robot_geom: robot0_torso_fixed_collision_box_1
proxy_geom: scene_aabb_proxy_line_6_belt
judge_collision_detected:
robot_base_x: 10.516458
robot_base_y: -7.268344
robot_base_yaw: 3.134417
robot_geom: robot0_torso_fixed_collision_box_1
proxy_geom: scene_aabb_proxy_line_6_output_side_protrusion
judge_collision_detected:
robot_base_x: 10.516458
robot_base_y: -7.268344
robot_base_yaw: 3.134417
robot_geom: robot0_torso_fixed_collision_box_1
proxy_geom: scene_aabb_proxy_output_6
judge_collision_detected:
robot_base_x: 10.516458
robot_base_y: -7.268344
robot_base_yaw: 3.134417
robot_geom: robot0_torso_fixed_collision_box_1
proxy_geom: scene_aabb_proxy_production_line_6
judge_collision_detected:
robot_base_x: 10.516458
robot_base_y: -7.268344
robot_base_yaw: 3.134417
robot_geom: robot0_torso_fixed_column_collision
proxy_geom: scene_aabb_proxy_line_6_belt
judge_collision_detected:
robot_base_x: 10.516458
robot_base_y: -7.268344
robot_base_yaw: 3.134417
robot_geom: robot0_torso_fixed_column_collision
proxy_geom: scene_aabb_proxy_line_6_output_side_protrusion
judge_collision_detected:
robot_base_x: 10.516458
robot_base_y: -7.268344
robot_base_yaw: 3.134417
robot_geom: robot0_wheel_left_collision
proxy_geom: scene_aabb_proxy_line_6_output_side_protrusion
judge_collision_detected:
robot_base_x: 10.516458
robot_base_y: -7.268344
robot_base_yaw: 3.134417
robot_geom: robot0_wheel_right_collision
proxy_geom: scene_aabb_proxy_line_6_output_side_protrusion
judge_collision_detected:
robot_base_x: 10.516458
robot_base_y: -7.268344
robot_base_yaw: 3.134417
robot_geom: robot0_wheel_right_collision
proxy_geom: scene_aabb_proxy_production_line_6
judge_collision_detected:
robot_base_x: 10.513484
robot_base_y: -7.268625
robot_base_yaw: 3.134375
robot_geom: robot0_back_left_caster_2
proxy_geom: scene_aabb_proxy_line_6_belt
judge_collision_detected:
robot_base_x: 10.513484
robot_base_y: -7.268625
robot_base_yaw: 3.134375
robot_geom: robot0_back_left_caster_2
proxy_geom: scene_aabb_proxy_line_6_output_side_protrusion
judge_collision_detected:
robot_base_x: 10.513484
robot_base_y: -7.268625
robot_base_yaw: 3.134375
robot_geom: robot0_back_right_caster_2
proxy_geom: scene_aabb_proxy_line_6_belt
judge_collision_detected:
robot_base_x: 10.513484
robot_base_y: -7.268625
robot_base_yaw: 3.134375
robot_geom: robot0_back_right_caster_2
proxy_geom: scene_aabb_proxy_line_6_output_side_protrusion
judge_collision_detected:
robot_base_x: 10.513484
robot_base_y: -7.268625
robot_base_yaw: 3.134375
robot_geom: robot0_base_collision
proxy_geom: scene_aabb_proxy_line_6_belt
judge_collision_detected:
robot_base_x: 10.513484
robot_base_y: -7.268625
robot_base_yaw: 3.134375
robot_geom: robot0_base_collision
proxy_geom: scene_aabb_proxy_line_6_output_side_protrusion
judge_collision_detected:
robot_base_x: 10.513484
robot_base_y: -7.268625
robot_base_yaw: 3.134375
robot_geom: robot0_base_collision
proxy_geom: scene_aabb_proxy_output_6
judge_collision_detected:
robot_base_x: 10.513484
robot_base_y: -7.268625
robot_base_yaw: 3.134375
robot_geom: robot0_base_collision
proxy_geom: scene_aabb_proxy_production_line_6
judge_collision_detected:
robot_base_x: 10.513484
robot_base_y: -7.268625
robot_base_yaw: 3.134375
robot_geom: robot0_front_left_caster_2
proxy_geom: scene_aabb_proxy_line_6_output_side_protrusion
judge_collision_detected:
robot_base_x: 10.513484
robot_base_y: -7.268625
robot_base_yaw: 3.134375
robot_geom: robot0_front_right_caster_2
proxy_geom: scene_aabb_proxy_line_6_output_side_protrusion
judge_collision_detected:
robot_base_x: 10.513484
robot_base_y: -7.268625
robot_base_yaw: 3.134375
robot_geom: robot0_torso_fixed_collision_box_1
proxy_geom: scene_aabb_proxy_line_6_belt
judge_collision_detected:
robot_base_x: 10.513484
robot_base_y: -7.268625
robot_base_yaw: 3.134375
robot_geom: robot0_torso_fixed_collision_box_1
proxy_geom: scene_aabb_proxy_line_6_output_side_protrusion
judge_collision_detected:
robot_base_x: 10.513484
robot_base_y: -7.268625
robot_base_yaw: 3.134375
robot_geom: robot0_torso_fixed_collision_box_1
proxy_geom: scene_aabb_proxy_output_6
judge_collision_detected:
robot_base_x: 10.513484
robot_base_y: -7.268625
robot_base_yaw: 3.134375
robot_geom: robot0_torso_fixed_collision_box_1
proxy_geom: scene_aabb_proxy_production_line_6
judge_collision_detected:
robot_base_x: 10.513484
robot_base_y: -7.268625
robot_base_yaw: 3.134375
robot_geom: robot0_torso_fixed_column_collision
proxy_geom: scene_aabb_proxy_line_6_belt
judge_collision_detected:
robot_base_x: 10.513484
robot_base_y: -7.268625
robot_base_yaw: 3.134375
robot_geom: robot0_torso_fixed_column_collision
proxy_geom: scene_aabb_proxy_line_6_output_side_protrusion
judge_collision_detected:
robot_base_x: 10.513484
robot_base_y: -7.268625
robot_base_yaw: 3.134375
robot_geom: robot0_wheel_left_collision
proxy_geom: scene_aabb_proxy_line_6_output_side_protrusion
judge_collision_detected:
robot_base_x: 10.513484
robot_base_y: -7.268625
robot_base_yaw: 3.134375
robot_geom: robot0_wheel_right_collision
proxy_geom: scene_aabb_proxy_line_6_output_side_protrusion
judge_collision_detected:
robot_base_x: 10.513484
robot_base_y: -7.268625
robot_base_yaw: 3.134375
robot_geom: robot0_wheel_right_collision
proxy_geom: scene_aabb_proxy_production_line_6
judge_collision_detected:
robot_base_x: 10.510660
robot_base_y: -7.268902
robot_base_yaw: 3.134329
robot_geom: robot0_back_left_caster_2
proxy_geom: scene_aabb_proxy_line_6_belt
judge_collision_detected:
robot_base_x: 10.510660
robot_base_y: -7.268902
robot_base_yaw: 3.134329
robot_geom: robot0_back_left_caster_2
proxy_geom: scene_aabb_proxy_line_6_output_side_protrusion
judge_collision_detected:
robot_base_x: 10.510660
robot_base_y: -7.268902
robot_base_yaw: 3.134329
robot_geom: robot0_back_right_caster_2
proxy_geom: scene_aabb_proxy_line_6_belt
judge_collision_detected:
robot_base_x: 10.510660
robot_base_y: -7.268902
robot_base_yaw: 3.134329
robot_geom: robot0_back_right_caster_2
proxy_geom: scene_aabb_proxy_line_6_output_side_protrusion
judge_collision_detected:
robot_base_x: 10.510660
robot_base_y: -7.268902
robot_base_yaw: 3.134329
robot_geom: robot0_base_collision
proxy_geom: scene_aabb_proxy_line_6_belt
judge_collision_detected:
robot_base_x: 10.510660
robot_base_y: -7.268902
robot_base_yaw: 3.134329
robot_geom: robot0_base_collision
proxy_geom: scene_aabb_proxy_line_6_output_side_protrusion
judge_collision_detected:
robot_base_x: 10.510660
robot_base_y: -7.268902
robot_base_yaw: 3.134329
robot_geom: robot0_base_collision
proxy_geom: scene_aabb_proxy_output_6
judge_collision_detected:
robot_base_x: 10.510660
robot_base_y: -7.268902
robot_base_yaw: 3.134329
robot_geom: robot0_base_collision
proxy_geom: scene_aabb_proxy_production_line_6
judge_collision_detected:
robot_base_x: 10.510660
robot_base_y: -7.268902
robot_base_yaw: 3.134329
robot_geom: robot0_front_left_caster_2
proxy_geom: scene_aabb_proxy_line_6_output_side_protrusion
judge_collision_detected:
robot_base_x: 10.510660
robot_base_y: -7.268902
robot_base_yaw: 3.134329
robot_geom: robot0_front_right_caster_2
proxy_geom: scene_aabb_proxy_line_6_output_side_protrusion
judge_collision_detected:
robot_base_x: 10.510660
robot_base_y: -7.268902
robot_base_yaw: 3.134329
robot_geom: robot0_torso_fixed_collision_box_1
proxy_geom: scene_aabb_proxy_line_6_belt
judge_collision_detected:
robot_base_x: 10.510660
robot_base_y: -7.268902
robot_base_yaw: 3.134329
robot_geom: robot0_torso_fixed_collision_box_1
proxy_geom: scene_aabb_proxy_line_6_output_side_protrusion
judge_collision_detected:
robot_base_x: 10.510660
robot_base_y: -7.268902
robot_base_yaw: 3.134329
robot_geom: robot0_torso_fixed_collision_box_1
proxy_geom: scene_aabb_proxy_output_6
judge_collision_detected:
robot_base_x: 10.510660
robot_base_y: -7.268902
robot_base_yaw: 3.134329
robot_geom: robot0_torso_fixed_collision_box_1
proxy_geom: scene_aabb_proxy_production_line_6
judge_collision_detected:
robot_base_x: 10.510660
robot_base_y: -7.268902
robot_base_yaw: 3.134329
robot_geom: robot0_torso_fixed_column_collision
proxy_geom: scene_aabb_proxy_line_6_belt
judge_collision_detected:
robot_base_x: 10.510660
robot_base_y: -7.268902
robot_base_yaw: 3.134329
robot_geom: robot0_torso_fixed_column_collision
proxy_geom: scene_aabb_proxy_line_6_output_side_protrusion
judge_collision_detected:
robot_base_x: 10.510660
robot_base_y: -7.268902
robot_base_yaw: 3.134329
robot_geom: robot0_wheel_left_collision
proxy_geom: scene_aabb_proxy_line_6_output_side_protrusion
judge_collision_detected:
robot_base_x: 10.510660
robot_base_y: -7.268902
robot_base_yaw: 3.134329
robot_geom: robot0_wheel_right_collision
proxy_geom: scene_aabb_proxy_line_6_output_side_protrusion
judge_collision_detected:
robot_base_x: 10.510660
robot_base_y: -7.268902
robot_base_yaw: 3.134329
robot_geom: robot0_wheel_right_collision
proxy_geom: scene_aabb_proxy_production_line_6
judge_collision_detected:
robot_base_x: 10.507974
robot_base_y: -7.269184
robot_base_yaw: 3.134310
robot_geom: robot0_back_left_caster_2
proxy_geom: scene_aabb_proxy_line_6_belt
judge_collision_detected:
robot_base_x: 10.507974
robot_base_y: -7.269184
robot_base_yaw: 3.134310
robot_geom: robot0_back_left_caster_2
proxy_geom: scene_aabb_proxy_line_6_output_side_protrusion
judge_collision_detected:
robot_base_x: 10.507974
robot_base_y: -7.269184
robot_base_yaw: 3.134310
robot_geom: robot0_back_right_caster_2
proxy_geom: scene_aabb_proxy_line_6_belt
judge_collision_detected:
robot_base_x: 10.507974
robot_base_y: -7.269184
robot_base_yaw: 3.134310
robot_geom: robot0_back_right_caster_2
proxy_geom: scene_aabb_proxy_line_6_output_side_protrusion
judge_collision_detected:
robot_base_x: 10.507974
robot_base_y: -7.269184
robot_base_yaw: 3.134310
robot_geom: robot0_base_collision
proxy_geom: scene_aabb_proxy_line_6_belt
judge_collision_detected:
robot_base_x: 10.507974
robot_base_y: -7.269184
robot_base_yaw: 3.134310
robot_geom: robot0_base_collision
proxy_geom: scene_aabb_proxy_line_6_output_side_protrusion
judge_collision_detected:
robot_base_x: 10.507974
robot_base_y: -7.269184
robot_base_yaw: 3.134310
robot_geom: robot0_base_collision
proxy_geom: scene_aabb_proxy_output_6
judge_collision_detected:
robot_base_x: 10.507974
robot_base_y: -7.269184
robot_base_yaw: 3.134310
robot_geom: robot0_base_collision
proxy_geom: scene_aabb_proxy_production_line_6
judge_collision_detected:
robot_base_x: 10.507974
robot_base_y: -7.269184
robot_base_yaw: 3.134310
robot_geom: robot0_front_left_caster_2
proxy_geom: scene_aabb_proxy_line_6_output_side_protrusion
judge_collision_detected:
robot_base_x: 10.507974
robot_base_y: -7.269184
robot_base_yaw: 3.134310
robot_geom: robot0_front_right_caster_2
proxy_geom: scene_aabb_proxy_line_6_output_side_protrusion
judge_collision_detected:
robot_base_x: 10.507974
robot_base_y: -7.269184
robot_base_yaw: 3.134310
robot_geom: robot0_torso_fixed_collision_box_1
proxy_geom: scene_aabb_proxy_line_6_belt
judge_collision_detected:
robot_base_x: 10.507974
robot_base_y: -7.269184
robot_base_yaw: 3.134310
robot_geom: robot0_torso_fixed_collision_box_1
proxy_geom: scene_aabb_proxy_line_6_output_side_protrusion
judge_collision_detected:
robot_base_x: 10.507974
robot_base_y: -7.269184
robot_base_yaw: 3.134310
robot_geom: robot0_torso_fixed_collision_box_1
proxy_geom: scene_aabb_proxy_output_6
judge_collision_detected:
robot_base_x: 10.507974
robot_base_y: -7.269184
robot_base_yaw: 3.134310
robot_geom: robot0_torso_fixed_collision_box_1
proxy_geom: scene_aabb_proxy_production_line_6
judge_collision_detected:
robot_base_x: 10.507974
robot_base_y: -7.269184
robot_base_yaw: 3.134310
robot_geom: robot0_torso_fixed_column_collision
proxy_geom: scene_aabb_proxy_line_6_belt
judge_collision_detected:
robot_base_x: 10.507974
robot_base_y: -7.269184
robot_base_yaw: 3.134310
robot_geom: robot0_torso_fixed_column_collision
proxy_geom: scene_aabb_proxy_line_6_output_side_protrusion
judge_collision_detected:
robot_base_x: 10.507974
robot_base_y: -7.269184
robot_base_yaw: 3.134310
robot_geom: robot0_wheel_left_collision
proxy_geom: scene_aabb_proxy_line_6_output_side_protrusion
judge_collision_detected:
robot_base_x: 10.507974
robot_base_y: -7.269184
robot_base_yaw: 3.134310
robot_geom: robot0_wheel_right_collision
proxy_geom: scene_aabb_proxy_line_6_output_side_protrusion
judge_collision_detected:
robot_base_x: 10.507974
robot_base_y: -7.269184
robot_base_yaw: 3.134310
robot_geom: robot0_wheel_right_collision
proxy_geom: scene_aabb_proxy_production_line_6
judge_collision_detected:
robot_base_x: 10.505417
robot_base_y: -7.269479
robot_base_yaw: 3.134347
robot_geom: robot0_back_left_caster_2
proxy_geom: scene_aabb_proxy_line_6_belt
judge_collision_detected:
robot_base_x: 10.505417
robot_base_y: -7.269479
robot_base_yaw: 3.134347
robot_geom: robot0_back_left_caster_2
proxy_geom: scene_aabb_proxy_line_6_output_side_protrusion
judge_collision_detected:
robot_base_x: 10.505417
robot_base_y: -7.269479
robot_base_yaw: 3.134347
robot_geom: robot0_back_right_caster_2
proxy_geom: scene_aabb_proxy_line_6_belt
judge_collision_detected:
robot_base_x: 10.505417
robot_base_y: -7.269479
robot_base_yaw: 3.134347
robot_geom: robot0_back_right_caster_2
proxy_geom: scene_aabb_proxy_line_6_output_side_protrusion
judge_collision_detected:
robot_base_x: 10.505417
robot_base_y: -7.269479
robot_base_yaw: 3.134347
robot_geom: robot0_base_collision
proxy_geom: scene_aabb_proxy_line_6_belt
judge_collision_detected:
robot_base_x: 10.505417
robot_base_y: -7.269479
robot_base_yaw: 3.134347
robot_geom: robot0_base_collision
proxy_geom: scene_aabb_proxy_line_6_output_side_protrusion
judge_collision_detected:
robot_base_x: 10.505417
robot_base_y: -7.269479
robot_base_yaw: 3.134347
robot_geom: robot0_base_collision
proxy_geom: scene_aabb_proxy_output_6
judge_collision_detected:
robot_base_x: 10.505417
robot_base_y: -7.269479
robot_base_yaw: 3.134347
robot_geom: robot0_base_collision
proxy_geom: scene_aabb_proxy_production_line_6
judge_collision_detected:
robot_base_x: 10.505417
robot_base_y: -7.269479
robot_base_yaw: 3.134347
robot_geom: robot0_front_left_caster_2
proxy_geom: scene_aabb_proxy_line_6_output_side_protrusion
judge_collision_detected:
robot_base_x: 10.505417
robot_base_y: -7.269479
robot_base_yaw: 3.134347
robot_geom: robot0_front_right_caster_2
proxy_geom: scene_aabb_proxy_line_6_output_side_protrusion
judge_collision_detected:
robot_base_x: 10.505417
robot_base_y: -7.269479
robot_base_yaw: 3.134347
robot_geom: robot0_torso_fixed_collision_box_1
proxy_geom: scene_aabb_proxy_line_6_belt
judge_collision_detected:
robot_base_x: 10.505417
robot_base_y: -7.269479
robot_base_yaw: 3.134347
robot_geom: robot0_torso_fixed_collision_box_1
proxy_geom: scene_aabb_proxy_line_6_output_side_protrusion
judge_collision_detected:
robot_base_x: 10.505417
robot_base_y: -7.269479
robot_base_yaw: 3.134347
robot_geom: robot0_torso_fixed_collision_box_1
proxy_geom: scene_aabb_proxy_output_6
judge_collision_detected:
robot_base_x: 10.505417
robot_base_y: -7.269479
robot_base_yaw: 3.134347
robot_geom: robot0_torso_fixed_collision_box_1
proxy_geom: scene_aabb_proxy_production_line_6
judge_collision_detected:
robot_base_x: 10.505417
robot_base_y: -7.269479
robot_base_yaw: 3.134347
robot_geom: robot0_torso_fixed_column_collision
proxy_geom: scene_aabb_proxy_line_6_belt
judge_collision_detected:
robot_base_x: 10.505417
robot_base_y: -7.269479
robot_base_yaw: 3.134347
robot_geom: robot0_torso_fixed_column_collision
proxy_geom: scene_aabb_proxy_line_6_output_side_protrusion
judge_collision_detected:
robot_base_x: 10.505417
robot_base_y: -7.269479
robot_base_yaw: 3.134347
robot_geom: robot0_wheel_left_collision
proxy_geom: scene_aabb_proxy_line_6_output_side_protrusion
judge_collision_detected:
robot_base_x: 10.505417
robot_base_y: -7.269479
robot_base_yaw: 3.134347
robot_geom: robot0_wheel_right_collision
proxy_geom: scene_aabb_proxy_line_6_output_side_protrusion
judge_collision_detected:
robot_base_x: 10.505417
robot_base_y: -7.269479
robot_base_yaw: 3.134347
robot_geom: robot0_wheel_right_collision
proxy_geom: scene_aabb_proxy_production_line_6
judge_collision_detected:
robot_base_x: 10.502970
robot_base_y: -7.269777
robot_base_yaw: 3.134405
robot_geom: robot0_back_left_caster_2
proxy_geom: scene_aabb_proxy_line_6_belt
judge_collision_detected:
robot_base_x: 10.502970
robot_base_y: -7.269777
robot_base_yaw: 3.134405
robot_geom: robot0_back_left_caster_2
proxy_geom: scene_aabb_proxy_line_6_output_side_protrusion
judge_collision_detected:
robot_base_x: 10.502970
robot_base_y: -7.269777
robot_base_yaw: 3.134405
robot_geom: robot0_back_right_caster_2
proxy_geom: scene_aabb_proxy_line_6_belt
judge_collision_detected:
robot_base_x: 10.502970
robot_base_y: -7.269777
robot_base_yaw: 3.134405
robot_geom: robot0_back_right_caster_2
proxy_geom: scene_aabb_proxy_line_6_output_side_protrusion
judge_collision_detected:
robot_base_x: 10.502970
robot_base_y: -7.269777
robot_base_yaw: 3.134405
robot_geom: robot0_base_collision
proxy_geom: scene_aabb_proxy_line_6_belt
judge_collision_detected:
robot_base_x: 10.502970
robot_base_y: -7.269777
robot_base_yaw: 3.134405
robot_geom: robot0_base_collision
proxy_geom: scene_aabb_proxy_line_6_output_side_protrusion
judge_collision_detected:
robot_base_x: 10.502970
robot_base_y: -7.269777
robot_base_yaw: 3.134405
robot_geom: robot0_base_collision
proxy_geom: scene_aabb_proxy_output_6
judge_collision_detected:
robot_base_x: 10.502970
robot_base_y: -7.269777
robot_base_yaw: 3.134405
robot_geom: robot0_base_collision
proxy_geom: scene_aabb_proxy_production_line_6
judge_collision_detected:
robot_base_x: 10.502970
robot_base_y: -7.269777
robot_base_yaw: 3.134405
robot_geom: robot0_torso_fixed_collision_box_1
proxy_geom: scene_aabb_proxy_line_6_belt
judge_collision_detected:
robot_base_x: 10.502970
robot_base_y: -7.269777
robot_base_yaw: 3.134405
robot_geom: robot0_torso_fixed_collision_box_1
proxy_geom: scene_aabb_proxy_line_6_output_side_protrusion
judge_collision_detected:
robot_base_x: 10.502970
robot_base_y: -7.269777
robot_base_yaw: 3.134405
robot_geom: robot0_torso_fixed_collision_box_1
proxy_geom: scene_aabb_proxy_output_6
judge_collision_detected:
robot_base_x: 10.502970
robot_base_y: -7.269777
robot_base_yaw: 3.134405
robot_geom: robot0_torso_fixed_collision_box_1
proxy_geom: scene_aabb_proxy_production_line_6
judge_collision_detected:
robot_base_x: 10.502970
robot_base_y: -7.269777
robot_base_yaw: 3.134405
robot_geom: robot0_torso_fixed_column_collision
proxy_geom: scene_aabb_proxy_line_6_belt
judge_collision_detected:
robot_base_x: 10.502970
robot_base_y: -7.269777
robot_base_yaw: 3.134405
robot_geom: robot0_torso_fixed_column_collision
proxy_geom: scene_aabb_proxy_line_6_output_side_protrusion
judge_collision_detected:
robot_base_x: 10.502970
robot_base_y: -7.269777
robot_base_yaw: 3.134405
robot_geom: robot0_wheel_left_collision
proxy_geom: scene_aabb_proxy_line_6_output_side_protrusion
judge_collision_detected:
robot_base_x: 10.502970
robot_base_y: -7.269777
robot_base_yaw: 3.134405
robot_geom: robot0_wheel_right_collision
proxy_geom: scene_aabb_proxy_line_6_output_side_protrusion
judge_collision_detected:
robot_base_x: 10.502970
robot_base_y: -7.269777
robot_base_yaw: 3.134405
robot_geom: robot0_wheel_right_collision
proxy_geom: scene_aabb_proxy_production_line_6
judge_collision_detected:
robot_base_x: 10.500619
robot_base_y: -7.270072
robot_base_yaw: 3.134465
robot_geom: robot0_back_left_caster_2
proxy_geom: scene_aabb_proxy_line_6_belt
judge_collision_detected:
robot_base_x: 10.500619
robot_base_y: -7.270072
robot_base_yaw: 3.134465
robot_geom: robot0_back_left_caster_2
proxy_geom: scene_aabb_proxy_line_6_output_side_protrusion
judge_collision_detected:
robot_base_x: 10.500619
robot_base_y: -7.270072
robot_base_yaw: 3.134465
robot_geom: robot0_back_right_caster_2
proxy_geom: scene_aabb_proxy_line_6_belt
judge_collision_detected:
robot_base_x: 10.500619
robot_base_y: -7.270072
robot_base_yaw: 3.134465
robot_geom: robot0_back_right_caster_2
proxy_geom: scene_aabb_proxy_line_6_output_side_protrusion
judge_collision_detected:
robot_base_x: 10.500619
robot_base_y: -7.270072
robot_base_yaw: 3.134465
robot_geom: robot0_base_collision
proxy_geom: scene_aabb_proxy_line_6_belt
judge_collision_detected:
robot_base_x: 10.500619
robot_base_y: -7.270072
robot_base_yaw: 3.134465
robot_geom: robot0_base_collision
proxy_geom: scene_aabb_proxy_line_6_output_side_protrusion
judge_collision_detected:
robot_base_x: 10.500619
robot_base_y: -7.270072
robot_base_yaw: 3.134465
robot_geom: robot0_base_collision
proxy_geom: scene_aabb_proxy_output_6
judge_collision_detected:
robot_base_x: 10.500619
robot_base_y: -7.270072
robot_base_yaw: 3.134465
robot_geom: robot0_base_collision
proxy_geom: scene_aabb_proxy_production_line_6
judge_collision_detected:
robot_base_x: 10.500619
robot_base_y: -7.270072
robot_base_yaw: 3.134465
robot_geom: robot0_torso_fixed_collision_box_1
proxy_geom: scene_aabb_proxy_line_6_belt
judge_collision_detected:
robot_base_x: 10.500619
robot_base_y: -7.270072
robot_base_yaw: 3.134465
robot_geom: robot0_torso_fixed_collision_box_1
proxy_geom: scene_aabb_proxy_line_6_output_side_protrusion
judge_collision_detected:
robot_base_x: 10.500619
robot_base_y: -7.270072
robot_base_yaw: 3.134465
robot_geom: robot0_torso_fixed_collision_box_1
proxy_geom: scene_aabb_proxy_output_6
judge_collision_detected:
robot_base_x: 10.500619
robot_base_y: -7.270072
robot_base_yaw: 3.134465
robot_geom: robot0_torso_fixed_collision_box_1
proxy_geom: scene_aabb_proxy_production_line_6
judge_collision_detected:
robot_base_x: 10.500619
robot_base_y: -7.270072
robot_base_yaw: 3.134465
robot_geom: robot0_torso_fixed_column_collision
proxy_geom: scene_aabb_proxy_line_6_belt
judge_collision_detected:
robot_base_x: 10.500619
robot_base_y: -7.270072
robot_base_yaw: 3.134465
robot_geom: robot0_torso_fixed_column_collision
proxy_geom: scene_aabb_proxy_line_6_output_side_protrusion
judge_collision_detected:
robot_base_x: 10.500619
robot_base_y: -7.270072
robot_base_yaw: 3.134465
robot_geom: robot0_wheel_left_collision
proxy_geom: scene_aabb_proxy_line_6_output_side_protrusion
judge_collision_detected:
robot_base_x: 10.500619
robot_base_y: -7.270072
robot_base_yaw: 3.134465
robot_geom: robot0_wheel_right_collision
proxy_geom: scene_aabb_proxy_line_6_output_side_protrusion
judge_collision_detected:
robot_base_x: 10.500619
robot_base_y: -7.270072
robot_base_yaw: 3.134465
robot_geom: robot0_wheel_right_collision
proxy_geom: scene_aabb_proxy_production_line_6
judge_collision_detected:
robot_base_x: 10.498373
robot_base_y: -7.270361
robot_base_yaw: 3.134493
robot_geom: robot0_back_left_caster_2
proxy_geom: scene_aabb_proxy_line_6_belt
judge_collision_detected:
robot_base_x: 10.498373
robot_base_y: -7.270361
robot_base_yaw: 3.134493
robot_geom: robot0_back_left_caster_2
proxy_geom: scene_aabb_proxy_line_6_output_side_protrusion
judge_collision_detected:
robot_base_x: 10.498373
robot_base_y: -7.270361
robot_base_yaw: 3.134493
robot_geom: robot0_back_right_caster_2
proxy_geom: scene_aabb_proxy_line_6_belt
judge_collision_detected:
robot_base_x: 10.498373
robot_base_y: -7.270361
robot_base_yaw: 3.134493
robot_geom: robot0_back_right_caster_2
proxy_geom: scene_aabb_proxy_line_6_output_side_protrusion
judge_collision_detected:
robot_base_x: 10.498373
robot_base_y: -7.270361
robot_base_yaw: 3.134493
robot_geom: robot0_base_collision
proxy_geom: scene_aabb_proxy_line_6_belt
judge_collision_detected:
robot_base_x: 10.498373
robot_base_y: -7.270361
robot_base_yaw: 3.134493
robot_geom: robot0_base_collision
proxy_geom: scene_aabb_proxy_line_6_output_side_protrusion
judge_collision_detected:
robot_base_x: 10.498373
robot_base_y: -7.270361
robot_base_yaw: 3.134493
robot_geom: robot0_base_collision
proxy_geom: scene_aabb_proxy_output_6
judge_collision_detected:
robot_base_x: 10.498373
robot_base_y: -7.270361
robot_base_yaw: 3.134493
robot_geom: robot0_base_collision
proxy_geom: scene_aabb_proxy_production_line_6
judge_collision_detected:
robot_base_x: 10.498373
robot_base_y: -7.270361
robot_base_yaw: 3.134493
robot_geom: robot0_torso_fixed_collision_box_1
proxy_geom: scene_aabb_proxy_line_6_belt
judge_collision_detected:
robot_base_x: 10.498373
robot_base_y: -7.270361
robot_base_yaw: 3.134493
robot_geom: robot0_torso_fixed_collision_box_1
proxy_geom: scene_aabb_proxy_line_6_output_side_protrusion
judge_collision_detected:
robot_base_x: 10.498373
robot_base_y: -7.270361
robot_base_yaw: 3.134493
robot_geom: robot0_torso_fixed_collision_box_1
proxy_geom: scene_aabb_proxy_output_6
judge_collision_detected:
robot_base_x: 10.498373
robot_base_y: -7.270361
robot_base_yaw: 3.134493
robot_geom: robot0_torso_fixed_collision_box_1
proxy_geom: scene_aabb_proxy_production_line_6
judge_collision_detected:
robot_base_x: 10.498373
robot_base_y: -7.270361
robot_base_yaw: 3.134493
robot_geom: robot0_torso_fixed_column_collision
proxy_geom: scene_aabb_proxy_line_6_belt
judge_collision_detected:
robot_base_x: 10.498373
robot_base_y: -7.270361
robot_base_yaw: 3.134493
robot_geom: robot0_torso_fixed_column_collision
proxy_geom: scene_aabb_proxy_line_6_output_side_protrusion
judge_collision_detected:
robot_base_x: 10.498373
robot_base_y: -7.270361
robot_base_yaw: 3.134493
robot_geom: robot0_wheel_left_collision
proxy_geom: scene_aabb_proxy_line_6_output_side_protrusion
judge_collision_detected:
robot_base_x: 10.498373
robot_base_y: -7.270361
robot_base_yaw: 3.134493
robot_geom: robot0_wheel_right_collision
proxy_geom: scene_aabb_proxy_line_6_output_side_protrusion
judge_collision_detected:
robot_base_x: 10.498373
robot_base_y: -7.270361
robot_base_yaw: 3.134493
robot_geom: robot0_wheel_right_collision
proxy_geom: scene_aabb_proxy_production_line_6
judge_collision_detected:
robot_base_x: 10.496258
robot_base_y: -7.270637
robot_base_yaw: 3.134453
robot_geom: robot0_back_left_caster_2
proxy_geom: scene_aabb_proxy_line_6_belt
judge_collision_detected:
robot_base_x: 10.496258
robot_base_y: -7.270637
robot_base_yaw: 3.134453
robot_geom: robot0_back_left_caster_2
proxy_geom: scene_aabb_proxy_line_6_output_side_protrusion
judge_collision_detected:
robot_base_x: 10.496258
robot_base_y: -7.270637
robot_base_yaw: 3.134453
robot_geom: robot0_back_right_caster_2
proxy_geom: scene_aabb_proxy_line_6_belt
judge_collision_detected:
robot_base_x: 10.496258
robot_base_y: -7.270637
robot_base_yaw: 3.134453
robot_geom: robot0_back_right_caster_2
proxy_geom: scene_aabb_proxy_line_6_output_side_protrusion
judge_collision_detected:
robot_base_x: 10.496258
robot_base_y: -7.270637
robot_base_yaw: 3.134453
robot_geom: robot0_base_collision
proxy_geom: scene_aabb_proxy_line_6_belt
judge_collision_detected:
robot_base_x: 10.496258
robot_base_y: -7.270637
robot_base_yaw: 3.134453
robot_geom: robot0_base_collision
proxy_geom: scene_aabb_proxy_line_6_output_side_protrusion
judge_collision_detected:
robot_base_x: 10.496258
robot_base_y: -7.270637
robot_base_yaw: 3.134453
robot_geom: robot0_base_collision
proxy_geom: scene_aabb_proxy_output_6
judge_collision_detected:
robot_base_x: 10.496258
robot_base_y: -7.270637
robot_base_yaw: 3.134453
robot_geom: robot0_base_collision
proxy_geom: scene_aabb_proxy_production_line_6
judge_collision_detected:
robot_base_x: 10.496258
robot_base_y: -7.270637
robot_base_yaw: 3.134453
robot_geom: robot0_torso_fixed_collision_box_1
proxy_geom: scene_aabb_proxy_line_6_belt
judge_collision_detected:
robot_base_x: 10.496258
robot_base_y: -7.270637
robot_base_yaw: 3.134453
robot_geom: robot0_torso_fixed_collision_box_1
proxy_geom: scene_aabb_proxy_line_6_output_side_protrusion
judge_collision_detected:
robot_base_x: 10.496258
robot_base_y: -7.270637
robot_base_yaw: 3.134453
robot_geom: robot0_torso_fixed_collision_box_1
proxy_geom: scene_aabb_proxy_output_6
judge_collision_detected:
robot_base_x: 10.496258
robot_base_y: -7.270637
robot_base_yaw: 3.134453
robot_geom: robot0_torso_fixed_collision_box_1
proxy_geom: scene_aabb_proxy_production_line_6
judge_collision_detected:
robot_base_x: 10.496258
robot_base_y: -7.270637
robot_base_yaw: 3.134453
robot_geom: robot0_torso_fixed_column_collision
proxy_geom: scene_aabb_proxy_line_6_belt
judge_collision_detected:
robot_base_x: 10.496258
robot_base_y: -7.270637
robot_base_yaw: 3.134453
robot_geom: robot0_torso_fixed_column_collision
proxy_geom: scene_aabb_proxy_line_6_output_side_protrusion
judge_collision_detected:
robot_base_x: 10.496258
robot_base_y: -7.270637
robot_base_yaw: 3.134453
robot_geom: robot0_wheel_left_collision
proxy_geom: scene_aabb_proxy_line_6_output_side_protrusion
judge_collision_detected:
robot_base_x: 10.496258
robot_base_y: -7.270637
robot_base_yaw: 3.134453
robot_geom: robot0_wheel_right_collision
proxy_geom: scene_aabb_proxy_line_6_output_side_protrusion
judge_collision_detected:
robot_base_x: 10.496258
robot_base_y: -7.270637
robot_base_yaw: 3.134453
robot_geom: robot0_wheel_right_collision
proxy_geom: scene_aabb_proxy_production_line_6
judge_collision_detected:
robot_base_x: 10.494225
robot_base_y: -7.270910
robot_base_yaw: 3.134402
robot_geom: robot0_back_left_caster_2
proxy_geom: scene_aabb_proxy_line_6_belt
judge_collision_detected:
robot_base_x: 10.494225
robot_base_y: -7.270910
robot_base_yaw: 3.134402
robot_geom: robot0_back_left_caster_2
proxy_geom: scene_aabb_proxy_line_6_output_side_protrusion
judge_collision_detected:
robot_base_x: 10.494225
robot_base_y: -7.270910
robot_base_yaw: 3.134402
robot_geom: robot0_back_right_caster_2
proxy_geom: scene_aabb_proxy_line_6_belt
judge_collision_detected:
robot_base_x: 10.494225
robot_base_y: -7.270910
robot_base_yaw: 3.134402
robot_geom: robot0_back_right_caster_2
proxy_geom: scene_aabb_proxy_line_6_output_side_protrusion
judge_collision_detected:
robot_base_x: 10.494225
robot_base_y: -7.270910
robot_base_yaw: 3.134402
robot_geom: robot0_base_collision
proxy_geom: scene_aabb_proxy_line_6_belt
judge_collision_detected:
robot_base_x: 10.494225
robot_base_y: -7.270910
robot_base_yaw: 3.134402
robot_geom: robot0_base_collision
proxy_geom: scene_aabb_proxy_line_6_output_side_protrusion
judge_collision_detected:
robot_base_x: 10.494225
robot_base_y: -7.270910
robot_base_yaw: 3.134402
robot_geom: robot0_base_collision
proxy_geom: scene_aabb_proxy_output_6
judge_collision_detected:
robot_base_x: 10.494225
robot_base_y: -7.270910
robot_base_yaw: 3.134402
robot_geom: robot0_base_collision
proxy_geom: scene_aabb_proxy_production_line_6
judge_collision_detected:
robot_base_x: 10.494225
robot_base_y: -7.270910
robot_base_yaw: 3.134402
robot_geom: robot0_torso_fixed_collision_box_1
proxy_geom: scene_aabb_proxy_line_6_belt
judge_collision_detected:
robot_base_x: 10.494225
robot_base_y: -7.270910
robot_base_yaw: 3.134402
robot_geom: robot0_torso_fixed_collision_box_1
proxy_geom: scene_aabb_proxy_line_6_output_side_protrusion
judge_collision_detected:
robot_base_x: 10.494225
robot_base_y: -7.270910
robot_base_yaw: 3.134402
robot_geom: robot0_torso_fixed_collision_box_1
proxy_geom: scene_aabb_proxy_output_6
judge_collision_detected:
robot_base_x: 10.494225
robot_base_y: -7.270910
robot_base_yaw: 3.134402
robot_geom: robot0_torso_fixed_collision_box_1
proxy_geom: scene_aabb_proxy_production_line_6
judge_collision_detected:
robot_base_x: 10.494225
robot_base_y: -7.270910
robot_base_yaw: 3.134402
robot_geom: robot0_torso_fixed_column_collision
proxy_geom: scene_aabb_proxy_line_6_belt
judge_collision_detected:
robot_base_x: 10.494225
robot_base_y: -7.270910
robot_base_yaw: 3.134402
robot_geom: robot0_torso_fixed_column_collision
proxy_geom: scene_aabb_proxy_line_6_output_side_protrusion
judge_collision_detected:
robot_base_x: 10.494225
robot_base_y: -7.270910
robot_base_yaw: 3.134402
robot_geom: robot0_wheel_left_collision
proxy_geom: scene_aabb_proxy_line_6_output_side_protrusion
judge_collision_detected:
robot_base_x: 10.494225
robot_base_y: -7.270910
robot_base_yaw: 3.134402
robot_geom: robot0_wheel_right_collision
proxy_geom: scene_aabb_proxy_line_6_output_side_protrusion
judge_collision_detected:
robot_base_x: 10.494225
robot_base_y: -7.270910
robot_base_yaw: 3.134402
robot_geom: robot0_wheel_right_collision
proxy_geom: scene_aabb_proxy_production_line_6
judge_collision_detected:
robot_base_x: 10.492268
robot_base_y: -7.271180
robot_base_yaw: 3.134364
robot_geom: robot0_back_left_caster_2
proxy_geom: scene_aabb_proxy_line_6_belt
judge_collision_detected:
robot_base_x: 10.492268
robot_base_y: -7.271180
robot_base_yaw: 3.134364
robot_geom: robot0_back_left_caster_2
proxy_geom: scene_aabb_proxy_line_6_output_side_protrusion
judge_collision_detected:
robot_base_x: 10.492268
robot_base_y: -7.271180
robot_base_yaw: 3.134364
robot_geom: robot0_back_right_caster_2
proxy_geom: scene_aabb_proxy_line_6_belt
judge_collision_detected:
robot_base_x: 10.492268
robot_base_y: -7.271180
robot_base_yaw: 3.134364
robot_geom: robot0_back_right_caster_2
proxy_geom: scene_aabb_proxy_line_6_output_side_protrusion
judge_collision_detected:
robot_base_x: 10.492268
robot_base_y: -7.271180
robot_base_yaw: 3.134364
robot_geom: robot0_base_collision
proxy_geom: scene_aabb_proxy_line_6_belt
judge_collision_detected:
robot_base_x: 10.492268
robot_base_y: -7.271180
robot_base_yaw: 3.134364
robot_geom: robot0_base_collision
proxy_geom: scene_aabb_proxy_line_6_output_side_protrusion
judge_collision_detected:
robot_base_x: 10.492268
robot_base_y: -7.271180
robot_base_yaw: 3.134364
robot_geom: robot0_base_collision
proxy_geom: scene_aabb_proxy_output_6
judge_collision_detected:
robot_base_x: 10.492268
robot_base_y: -7.271180
robot_base_yaw: 3.134364
robot_geom: robot0_base_collision
proxy_geom: scene_aabb_proxy_production_line_6
judge_collision_detected:
robot_base_x: 10.492268
robot_base_y: -7.271180
robot_base_yaw: 3.134364
robot_geom: robot0_torso_fixed_collision_box_1
proxy_geom: scene_aabb_proxy_line_6_belt
judge_collision_detected:
robot_base_x: 10.492268
robot_base_y: -7.271180
robot_base_yaw: 3.134364
robot_geom: robot0_torso_fixed_collision_box_1
proxy_geom: scene_aabb_proxy_line_6_output_side_protrusion
judge_collision_detected:
robot_base_x: 10.492268
robot_base_y: -7.271180
robot_base_yaw: 3.134364
robot_geom: robot0_torso_fixed_collision_box_1
proxy_geom: scene_aabb_proxy_output_6
judge_collision_detected:
robot_base_x: 10.492268
robot_base_y: -7.271180
robot_base_yaw: 3.134364
robot_geom: robot0_torso_fixed_collision_box_1
proxy_geom: scene_aabb_proxy_production_line_6
judge_collision_detected:
robot_base_x: 10.492268
robot_base_y: -7.271180
robot_base_yaw: 3.134364
robot_geom: robot0_torso_fixed_column_collision
proxy_geom: scene_aabb_proxy_line_6_belt
judge_collision_detected:
robot_base_x: 10.492268
robot_base_y: -7.271180
robot_base_yaw: 3.134364
robot_geom: robot0_torso_fixed_column_collision
proxy_geom: scene_aabb_proxy_line_6_output_side_protrusion
judge_collision_detected:
robot_base_x: 10.492268
robot_base_y: -7.271180
robot_base_yaw: 3.134364
robot_geom: robot0_wheel_left_collision
proxy_geom: scene_aabb_proxy_line_6_output_side_protrusion
judge_collision_detected:
robot_base_x: 10.492268
robot_base_y: -7.271180
robot_base_yaw: 3.134364
robot_geom: robot0_wheel_right_collision
proxy_geom: scene_aabb_proxy_line_6_output_side_protrusion
judge_collision_detected:
robot_base_x: 10.492268
robot_base_y: -7.271180
robot_base_yaw: 3.134364
robot_geom: robot0_wheel_right_collision
proxy_geom: scene_aabb_proxy_production_line_6
judge_collision_detected:
robot_base_x: 10.490305
robot_base_y: -7.271452
robot_base_yaw: 3.134335
robot_geom: robot0_back_left_caster_2
proxy_geom: scene_aabb_proxy_line_6_belt
judge_collision_detected:
robot_base_x: 10.490305
robot_base_y: -7.271452
robot_base_yaw: 3.134335
robot_geom: robot0_back_left_caster_2
proxy_geom: scene_aabb_proxy_line_6_output_side_protrusion
judge_collision_detected:
robot_base_x: 10.490305
robot_base_y: -7.271452
robot_base_yaw: 3.134335
robot_geom: robot0_back_right_caster_2
proxy_geom: scene_aabb_proxy_line_6_belt
judge_collision_detected:
robot_base_x: 10.490305
robot_base_y: -7.271452
robot_base_yaw: 3.134335
robot_geom: robot0_back_right_caster_2
proxy_geom: scene_aabb_proxy_line_6_output_side_protrusion
judge_collision_detected:
robot_base_x: 10.490305
robot_base_y: -7.271452
robot_base_yaw: 3.134335
robot_geom: robot0_base_collision
proxy_geom: scene_aabb_proxy_line_6_belt
judge_collision_detected:
robot_base_x: 10.490305
robot_base_y: -7.271452
robot_base_yaw: 3.134335
robot_geom: robot0_base_collision
proxy_geom: scene_aabb_proxy_line_6_output_side_protrusion
judge_collision_detected:
robot_base_x: 10.490305
robot_base_y: -7.271452
robot_base_yaw: 3.134335
robot_geom: robot0_base_collision
proxy_geom: scene_aabb_proxy_output_6
judge_collision_detected:
robot_base_x: 10.490305
robot_base_y: -7.271452
robot_base_yaw: 3.134335
robot_geom: robot0_base_collision
proxy_geom: scene_aabb_proxy_production_line_6
judge_collision_detected:
robot_base_x: 10.490305
robot_base_y: -7.271452
robot_base_yaw: 3.134335
robot_geom: robot0_torso_fixed_collision_box_1
proxy_geom: scene_aabb_proxy_line_6_belt
judge_collision_detected:
robot_base_x: 10.490305
robot_base_y: -7.271452
robot_base_yaw: 3.134335
robot_geom: robot0_torso_fixed_collision_box_1
proxy_geom: scene_aabb_proxy_line_6_output_side_protrusion
judge_collision_detected:
robot_base_x: 10.490305
robot_base_y: -7.271452
robot_base_yaw: 3.134335
robot_geom: robot0_torso_fixed_collision_box_1
proxy_geom: scene_aabb_proxy_output_6
judge_collision_detected:
robot_base_x: 10.490305
robot_base_y: -7.271452
robot_base_yaw: 3.134335
robot_geom: robot0_torso_fixed_collision_box_1
proxy_geom: scene_aabb_proxy_production_line_6
judge_collision_detected:
robot_base_x: 10.490305
robot_base_y: -7.271452
robot_base_yaw: 3.134335
robot_geom: robot0_torso_fixed_column_collision
proxy_geom: scene_aabb_proxy_line_6_belt
judge_collision_detected:
robot_base_x: 10.490305
robot_base_y: -7.271452
robot_base_yaw: 3.134335
robot_geom: robot0_torso_fixed_column_collision
proxy_geom: scene_aabb_proxy_line_6_output_side_protrusion
judge_collision_detected:
robot_base_x: 10.490305
robot_base_y: -7.271452
robot_base_yaw: 3.134335
robot_geom: robot0_wheel_left_collision
proxy_geom: scene_aabb_proxy_line_6_output_side_protrusion
judge_collision_detected:
robot_base_x: 10.490305
robot_base_y: -7.271452
robot_base_yaw: 3.134335
robot_geom: robot0_wheel_right_collision
proxy_geom: scene_aabb_proxy_line_6_output_side_protrusion
judge_collision_detected:
robot_base_x: 10.490305
robot_base_y: -7.271452
robot_base_yaw: 3.134335
robot_geom: robot0_wheel_right_collision
proxy_geom: scene_aabb_proxy_production_line_6
judge_collision_detected:
robot_base_x: 10.488197
robot_base_y: -7.271720
robot_base_yaw: 3.134285
robot_geom: robot0_back_left_caster_2
proxy_geom: scene_aabb_proxy_line_6_belt
judge_collision_detected:
robot_base_x: 10.488197
robot_base_y: -7.271720
robot_base_yaw: 3.134285
robot_geom: robot0_back_left_caster_2
proxy_geom: scene_aabb_proxy_line_6_output_side_protrusion
judge_collision_detected:
robot_base_x: 10.488197
robot_base_y: -7.271720
robot_base_yaw: 3.134285
robot_geom: robot0_back_right_caster_2
proxy_geom: scene_aabb_proxy_line_6_belt
judge_collision_detected:
robot_base_x: 10.488197
robot_base_y: -7.271720
robot_base_yaw: 3.134285
robot_geom: robot0_back_right_caster_2
proxy_geom: scene_aabb_proxy_line_6_output_side_protrusion
judge_collision_detected:
robot_base_x: 10.488197
robot_base_y: -7.271720
robot_base_yaw: 3.134285
robot_geom: robot0_base_collision
proxy_geom: scene_aabb_proxy_line_6_belt
judge_collision_detected:
robot_base_x: 10.488197
robot_base_y: -7.271720
robot_base_yaw: 3.134285
robot_geom: robot0_base_collision
proxy_geom: scene_aabb_proxy_line_6_output_side_protrusion
judge_collision_detected:
robot_base_x: 10.488197
robot_base_y: -7.271720
robot_base_yaw: 3.134285
robot_geom: robot0_base_collision
proxy_geom: scene_aabb_proxy_output_6
judge_collision_detected:
robot_base_x: 10.488197
robot_base_y: -7.271720
robot_base_yaw: 3.134285
robot_geom: robot0_base_collision
proxy_geom: scene_aabb_proxy_production_line_6
judge_collision_detected:
robot_base_x: 10.488197
robot_base_y: -7.271720
robot_base_yaw: 3.134285
robot_geom: robot0_torso_fixed_collision_box_1
proxy_geom: scene_aabb_proxy_line_6_belt
judge_collision_detected:
robot_base_x: 10.488197
robot_base_y: -7.271720
robot_base_yaw: 3.134285
robot_geom: robot0_torso_fixed_collision_box_1
proxy_geom: scene_aabb_proxy_line_6_output_side_protrusion
judge_collision_detected:
robot_base_x: 10.488197
robot_base_y: -7.271720
robot_base_yaw: 3.134285
robot_geom: robot0_torso_fixed_collision_box_1
proxy_geom: scene_aabb_proxy_output_6
judge_collision_detected:
robot_base_x: 10.488197
robot_base_y: -7.271720
robot_base_yaw: 3.134285
robot_geom: robot0_torso_fixed_collision_box_1
proxy_geom: scene_aabb_proxy_production_line_6
judge_collision_detected:
robot_base_x: 10.488197
robot_base_y: -7.271720
robot_base_yaw: 3.134285
robot_geom: robot0_torso_fixed_column_collision
proxy_geom: scene_aabb_proxy_line_6_belt
judge_collision_detected:
robot_base_x: 10.488197
robot_base_y: -7.271720
robot_base_yaw: 3.134285
robot_geom: robot0_torso_fixed_column_collision
proxy_geom: scene_aabb_proxy_line_6_output_side_protrusion
judge_collision_detected:
robot_base_x: 10.488197
robot_base_y: -7.271720
robot_base_yaw: 3.134285
robot_geom: robot0_wheel_left_collision
proxy_geom: scene_aabb_proxy_line_6_output_side_protrusion
judge_collision_detected:
robot_base_x: 10.488197
robot_base_y: -7.271720
robot_base_yaw: 3.134285
robot_geom: robot0_wheel_right_collision
proxy_geom: scene_aabb_proxy_line_6_output_side_protrusion
judge_collision_detected:
robot_base_x: 10.488197
robot_base_y: -7.271720
robot_base_yaw: 3.134285
robot_geom: robot0_wheel_right_collision
proxy_geom: scene_aabb_proxy_production_line_6
judge_collision_detected:
robot_base_x: 10.486110
robot_base_y: -7.271983
robot_base_yaw: 3.134220
robot_geom: robot0_back_left_caster_2
proxy_geom: scene_aabb_proxy_line_6_belt
judge_collision_detected:
robot_base_x: 10.486110
robot_base_y: -7.271983
robot_base_yaw: 3.134220
robot_geom: robot0_back_left_caster_2
proxy_geom: scene_aabb_proxy_line_6_output_side_protrusion
judge_collision_detected:
robot_base_x: 10.486110
robot_base_y: -7.271983
robot_base_yaw: 3.134220
robot_geom: robot0_back_right_caster_2
proxy_geom: scene_aabb_proxy_line_6_belt
judge_collision_detected:
robot_base_x: 10.486110
robot_base_y: -7.271983
robot_base_yaw: 3.134220
robot_geom: robot0_back_right_caster_2
proxy_geom: scene_aabb_proxy_line_6_output_side_protrusion
judge_collision_detected:
robot_base_x: 10.486110
robot_base_y: -7.271983
robot_base_yaw: 3.134220
robot_geom: robot0_base_collision
proxy_geom: scene_aabb_proxy_line_6_belt
judge_collision_detected:
robot_base_x: 10.486110
robot_base_y: -7.271983
robot_base_yaw: 3.134220
robot_geom: robot0_base_collision
proxy_geom: scene_aabb_proxy_line_6_output_side_protrusion
judge_collision_detected:
robot_base_x: 10.486110
robot_base_y: -7.271983
robot_base_yaw: 3.134220
robot_geom: robot0_base_collision
proxy_geom: scene_aabb_proxy_output_6
judge_collision_detected:
robot_base_x: 10.486110
robot_base_y: -7.271983
robot_base_yaw: 3.134220
robot_geom: robot0_base_collision
proxy_geom: scene_aabb_proxy_production_line_6
judge_collision_detected:
robot_base_x: 10.486110
robot_base_y: -7.271983
robot_base_yaw: 3.134220
robot_geom: robot0_torso_fixed_collision_box_1
proxy_geom: scene_aabb_proxy_line_6_belt
judge_collision_detected:
robot_base_x: 10.486110
robot_base_y: -7.271983
robot_base_yaw: 3.134220
robot_geom: robot0_torso_fixed_collision_box_1
proxy_geom: scene_aabb_proxy_line_6_output_side_protrusion
judge_collision_detected:
robot_base_x: 10.486110
robot_base_y: -7.271983
robot_base_yaw: 3.134220
robot_geom: robot0_torso_fixed_collision_box_1
proxy_geom: scene_aabb_proxy_output_6
judge_collision_detected:
robot_base_x: 10.486110
robot_base_y: -7.271983
robot_base_yaw: 3.134220
robot_geom: robot0_torso_fixed_collision_box_1
proxy_geom: scene_aabb_proxy_production_line_6
judge_collision_detected:
robot_base_x: 10.486110
robot_base_y: -7.271983
robot_base_yaw: 3.134220
robot_geom: robot0_torso_fixed_column_collision
proxy_geom: scene_aabb_proxy_line_6_belt
judge_collision_detected:
robot_base_x: 10.486110
robot_base_y: -7.271983
robot_base_yaw: 3.134220
robot_geom: robot0_torso_fixed_column_collision
proxy_geom: scene_aabb_proxy_line_6_output_side_protrusion
judge_collision_detected:
robot_base_x: 10.486110
robot_base_y: -7.271983
robot_base_yaw: 3.134220
robot_geom: robot0_wheel_left_collision
proxy_geom: scene_aabb_proxy_line_6_output_side_protrusion
judge_collision_detected:
robot_base_x: 10.486110
robot_base_y: -7.271983
robot_base_yaw: 3.134220
robot_geom: robot0_wheel_right_collision
proxy_geom: scene_aabb_proxy_line_6_output_side_protrusion
judge_collision_detected:
robot_base_x: 10.486110
robot_base_y: -7.271983
robot_base_yaw: 3.134220
robot_geom: robot0_wheel_right_collision
proxy_geom: scene_aabb_proxy_production_line_6
judge_collision_detected:
robot_base_x: 10.484118
robot_base_y: -7.272243
robot_base_yaw: 3.134168
robot_geom: robot0_back_left_caster_2
proxy_geom: scene_aabb_proxy_line_6_belt
judge_collision_detected:
robot_base_x: 10.484118
robot_base_y: -7.272243
robot_base_yaw: 3.134168
robot_geom: robot0_back_left_caster_2
proxy_geom: scene_aabb_proxy_line_6_output_side_protrusion
judge_collision_detected:
robot_base_x: 10.484118
robot_base_y: -7.272243
robot_base_yaw: 3.134168
robot_geom: robot0_back_right_caster_2
proxy_geom: scene_aabb_proxy_line_6_belt
judge_collision_detected:
robot_base_x: 10.484118
robot_base_y: -7.272243
robot_base_yaw: 3.134168
robot_geom: robot0_back_right_caster_2
proxy_geom: scene_aabb_proxy_line_6_output_side_protrusion
judge_collision_detected:
robot_base_x: 10.484118
robot_base_y: -7.272243
robot_base_yaw: 3.134168
robot_geom: robot0_base_collision
proxy_geom: scene_aabb_proxy_line_6_belt
judge_collision_detected:
robot_base_x: 10.484118
robot_base_y: -7.272243
robot_base_yaw: 3.134168
robot_geom: robot0_base_collision
proxy_geom: scene_aabb_proxy_line_6_output_side_protrusion
judge_collision_detected:
robot_base_x: 10.484118
robot_base_y: -7.272243
robot_base_yaw: 3.134168
robot_geom: robot0_base_collision
proxy_geom: scene_aabb_proxy_output_6
judge_collision_detected:
robot_base_x: 10.484118
robot_base_y: -7.272243
robot_base_yaw: 3.134168
robot_geom: robot0_base_collision
proxy_geom: scene_aabb_proxy_production_line_6
judge_collision_detected:
robot_base_x: 10.484118
robot_base_y: -7.272243
robot_base_yaw: 3.134168
robot_geom: robot0_torso_fixed_collision_box_1
proxy_geom: scene_aabb_proxy_line_6_belt
judge_collision_detected:
robot_base_x: 10.484118
robot_base_y: -7.272243
robot_base_yaw: 3.134168
robot_geom: robot0_torso_fixed_collision_box_1
proxy_geom: scene_aabb_proxy_line_6_output_side_protrusion
judge_collision_detected:
robot_base_x: 10.484118
robot_base_y: -7.272243
robot_base_yaw: 3.134168
robot_geom: robot0_torso_fixed_collision_box_1
proxy_geom: scene_aabb_proxy_output_6
judge_collision_detected:
robot_base_x: 10.484118
robot_base_y: -7.272243
robot_base_yaw: 3.134168
robot_geom: robot0_torso_fixed_collision_box_1
proxy_geom: scene_aabb_proxy_production_line_6
judge_collision_detected:
robot_base_x: 10.484118
robot_base_y: -7.272243
robot_base_yaw: 3.134168
robot_geom: robot0_torso_fixed_column_collision
proxy_geom: scene_aabb_proxy_line_6_belt
judge_collision_detected:
robot_base_x: 10.484118
robot_base_y: -7.272243
robot_base_yaw: 3.134168
robot_geom: robot0_torso_fixed_column_collision
proxy_geom: scene_aabb_proxy_line_6_output_side_protrusion
judge_collision_detected:
robot_base_x: 10.484118
robot_base_y: -7.272243
robot_base_yaw: 3.134168
robot_geom: robot0_wheel_left_collision
proxy_geom: scene_aabb_proxy_line_6_output_side_protrusion
judge_collision_detected:
robot_base_x: 10.484118
robot_base_y: -7.272243
robot_base_yaw: 3.134168
robot_geom: robot0_wheel_right_collision
proxy_geom: scene_aabb_proxy_line_6_output_side_protrusion
judge_collision_detected:
robot_base_x: 10.484118
robot_base_y: -7.272243
robot_base_yaw: 3.134168
robot_geom: robot0_wheel_right_collision
proxy_geom: scene_aabb_proxy_production_line_6
judge_collision_detected:
robot_base_x: 10.482202
robot_base_y: -7.272500
robot_base_yaw: 3.134110
robot_geom: robot0_back_left_caster_2
proxy_geom: scene_aabb_proxy_line_6_belt
judge_collision_detected:
robot_base_x: 10.482202
robot_base_y: -7.272500
robot_base_yaw: 3.134110
robot_geom: robot0_back_left_caster_2
proxy_geom: scene_aabb_proxy_line_6_output_side_protrusion
judge_collision_detected:
robot_base_x: 10.482202
robot_base_y: -7.272500
robot_base_yaw: 3.134110
robot_geom: robot0_back_right_caster_2
proxy_geom: scene_aabb_proxy_line_6_belt
judge_collision_detected:
robot_base_x: 10.482202
robot_base_y: -7.272500
robot_base_yaw: 3.134110
robot_geom: robot0_back_right_caster_2
proxy_geom: scene_aabb_proxy_line_6_output_side_protrusion
judge_collision_detected:
robot_base_x: 10.482202
robot_base_y: -7.272500
robot_base_yaw: 3.134110
robot_geom: robot0_base_collision
proxy_geom: scene_aabb_proxy_line_6_belt
judge_collision_detected:
robot_base_x: 10.482202
robot_base_y: -7.272500
robot_base_yaw: 3.134110
robot_geom: robot0_base_collision
proxy_geom: scene_aabb_proxy_line_6_output_side_protrusion
judge_collision_detected:
robot_base_x: 10.482202
robot_base_y: -7.272500
robot_base_yaw: 3.134110
robot_geom: robot0_base_collision
proxy_geom: scene_aabb_proxy_output_6
judge_collision_detected:
robot_base_x: 10.482202
robot_base_y: -7.272500
robot_base_yaw: 3.134110
robot_geom: robot0_base_collision
proxy_geom: scene_aabb_proxy_production_line_6
judge_collision_detected:
robot_base_x: 10.482202
robot_base_y: -7.272500
robot_base_yaw: 3.134110
robot_geom: robot0_torso_fixed_collision_box_1
proxy_geom: scene_aabb_proxy_line_6_belt
judge_collision_detected:
robot_base_x: 10.482202
robot_base_y: -7.272500
robot_base_yaw: 3.134110
robot_geom: robot0_torso_fixed_collision_box_1
proxy_geom: scene_aabb_proxy_line_6_output_side_protrusion
judge_collision_detected:
robot_base_x: 10.482202
robot_base_y: -7.272500
robot_base_yaw: 3.134110
robot_geom: robot0_torso_fixed_collision_box_1
proxy_geom: scene_aabb_proxy_output_6
judge_collision_detected:
robot_base_x: 10.482202
robot_base_y: -7.272500
robot_base_yaw: 3.134110
robot_geom: robot0_torso_fixed_collision_box_1
proxy_geom: scene_aabb_proxy_production_line_6
judge_collision_detected:
robot_base_x: 10.482202
robot_base_y: -7.272500
robot_base_yaw: 3.134110
robot_geom: robot0_torso_fixed_column_collision
proxy_geom: scene_aabb_proxy_line_6_belt
judge_collision_detected:
robot_base_x: 10.482202
robot_base_y: -7.272500
robot_base_yaw: 3.134110
robot_geom: robot0_torso_fixed_column_collision
proxy_geom: scene_aabb_proxy_line_6_output_side_protrusion
judge_collision_detected:
robot_base_x: 10.482202
robot_base_y: -7.272500
robot_base_yaw: 3.134110
robot_geom: robot0_wheel_left_collision
proxy_geom: scene_aabb_proxy_line_6_output_side_protrusion
judge_collision_detected:
robot_base_x: 10.482202
robot_base_y: -7.272500
robot_base_yaw: 3.134110
robot_geom: robot0_wheel_right_collision
proxy_geom: scene_aabb_proxy_line_6_output_side_protrusion
judge_collision_detected:
robot_base_x: 10.482202
robot_base_y: -7.272500
robot_base_yaw: 3.134110
robot_geom: robot0_wheel_right_collision
proxy_geom: scene_aabb_proxy_production_line_6
judge_collision_detected:
robot_base_x: 10.480364
robot_base_y: -7.272754
robot_base_yaw: 3.134059
robot_geom: robot0_back_left_caster_2
proxy_geom: scene_aabb_proxy_line_6_belt
judge_collision_detected:
robot_base_x: 10.480364
robot_base_y: -7.272754
robot_base_yaw: 3.134059
robot_geom: robot0_back_left_caster_2
proxy_geom: scene_aabb_proxy_line_6_output_side_protrusion
judge_collision_detected:
robot_base_x: 10.480364
robot_base_y: -7.272754
robot_base_yaw: 3.134059
robot_geom: robot0_back_right_caster_2
proxy_geom: scene_aabb_proxy_line_6_belt
judge_collision_detected:
robot_base_x: 10.480364
robot_base_y: -7.272754
robot_base_yaw: 3.134059
robot_geom: robot0_back_right_caster_2
proxy_geom: scene_aabb_proxy_line_6_output_side_protrusion
judge_collision_detected:
robot_base_x: 10.480364
robot_base_y: -7.272754
robot_base_yaw: 3.134059
robot_geom: robot0_base_collision
proxy_geom: scene_aabb_proxy_line_6_belt
judge_collision_detected:
robot_base_x: 10.480364
robot_base_y: -7.272754
robot_base_yaw: 3.134059
robot_geom: robot0_base_collision
proxy_geom: scene_aabb_proxy_line_6_output_side_protrusion
judge_collision_detected:
robot_base_x: 10.480364
robot_base_y: -7.272754
robot_base_yaw: 3.134059
robot_geom: robot0_base_collision
proxy_geom: scene_aabb_proxy_output_6
judge_collision_detected:
robot_base_x: 10.480364
robot_base_y: -7.272754
robot_base_yaw: 3.134059
robot_geom: robot0_base_collision
proxy_geom: scene_aabb_proxy_production_line_6
judge_collision_detected:
robot_base_x: 10.480364
robot_base_y: -7.272754
robot_base_yaw: 3.134059
robot_geom: robot0_torso_fixed_collision_box_1
proxy_geom: scene_aabb_proxy_line_6_belt
judge_collision_detected:
robot_base_x: 10.480364
robot_base_y: -7.272754
robot_base_yaw: 3.134059
robot_geom: robot0_torso_fixed_collision_box_1
proxy_geom: scene_aabb_proxy_line_6_output_side_protrusion
judge_collision_detected:
robot_base_x: 10.480364
robot_base_y: -7.272754
robot_base_yaw: 3.134059
robot_geom: robot0_torso_fixed_collision_box_1
proxy_geom: scene_aabb_proxy_output_6
judge_collision_detected:
robot_base_x: 10.480364
robot_base_y: -7.272754
robot_base_yaw: 3.134059
robot_geom: robot0_torso_fixed_collision_box_1
proxy_geom: scene_aabb_proxy_production_line_6
judge_collision_detected:
robot_base_x: 10.480364
robot_base_y: -7.272754
robot_base_yaw: 3.134059
robot_geom: robot0_torso_fixed_column_collision
proxy_geom: scene_aabb_proxy_line_6_belt
judge_collision_detected:
robot_base_x: 10.480364
robot_base_y: -7.272754
robot_base_yaw: 3.134059
robot_geom: robot0_torso_fixed_column_collision
proxy_geom: scene_aabb_proxy_line_6_output_side_protrusion
judge_collision_detected:
robot_base_x: 10.480364
robot_base_y: -7.272754
robot_base_yaw: 3.134059
robot_geom: robot0_wheel_left_collision
proxy_geom: scene_aabb_proxy_line_6_output_side_protrusion
judge_collision_detected:
robot_base_x: 10.480364
robot_base_y: -7.272754
robot_base_yaw: 3.134059
robot_geom: robot0_wheel_right_collision
proxy_geom: scene_aabb_proxy_line_6_output_side_protrusion
judge_collision_detected:
robot_base_x: 10.480364
robot_base_y: -7.272754
robot_base_yaw: 3.134059
robot_geom: robot0_wheel_right_collision
proxy_geom: scene_aabb_proxy_production_line_6
judge_collision_detected:
robot_base_x: 10.478598
robot_base_y: -7.273005
robot_base_yaw: 3.134012
robot_geom: robot0_back_left_caster_2
proxy_geom: scene_aabb_proxy_line_6_belt
judge_collision_detected:
robot_base_x: 10.478598
robot_base_y: -7.273005
robot_base_yaw: 3.134012
robot_geom: robot0_back_left_caster_2
proxy_geom: scene_aabb_proxy_line_6_output_side_protrusion
judge_collision_detected:
robot_base_x: 10.478598
robot_base_y: -7.273005
robot_base_yaw: 3.134012
robot_geom: robot0_back_right_caster_2
proxy_geom: scene_aabb_proxy_line_6_belt
judge_collision_detected:
robot_base_x: 10.478598
robot_base_y: -7.273005
robot_base_yaw: 3.134012
robot_geom: robot0_back_right_caster_2
proxy_geom: scene_aabb_proxy_line_6_output_side_protrusion
judge_collision_detected:
robot_base_x: 10.478598
robot_base_y: -7.273005
robot_base_yaw: 3.134012
robot_geom: robot0_base_collision
proxy_geom: scene_aabb_proxy_line_6_belt
judge_collision_detected:
robot_base_x: 10.478598
robot_base_y: -7.273005
robot_base_yaw: 3.134012
robot_geom: robot0_base_collision
proxy_geom: scene_aabb_proxy_line_6_output_side_protrusion
judge_collision_detected:
robot_base_x: 10.478598
robot_base_y: -7.273005
robot_base_yaw: 3.134012
robot_geom: robot0_base_collision
proxy_geom: scene_aabb_proxy_output_6
judge_collision_detected:
robot_base_x: 10.478598
robot_base_y: -7.273005
robot_base_yaw: 3.134012
robot_geom: robot0_base_collision
proxy_geom: scene_aabb_proxy_production_line_6
judge_collision_detected:
robot_base_x: 10.478598
robot_base_y: -7.273005
robot_base_yaw: 3.134012
robot_geom: robot0_torso_fixed_collision_box_1
proxy_geom: scene_aabb_proxy_line_6_belt
judge_collision_detected:
robot_base_x: 10.478598
robot_base_y: -7.273005
robot_base_yaw: 3.134012
robot_geom: robot0_torso_fixed_collision_box_1
proxy_geom: scene_aabb_proxy_line_6_output_side_protrusion
judge_collision_detected:
robot_base_x: 10.478598
robot_base_y: -7.273005
robot_base_yaw: 3.134012
robot_geom: robot0_torso_fixed_collision_box_1
proxy_geom: scene_aabb_proxy_output_6
judge_collision_detected:
robot_base_x: 10.478598
robot_base_y: -7.273005
robot_base_yaw: 3.134012
robot_geom: robot0_torso_fixed_collision_box_1
proxy_geom: scene_aabb_proxy_production_line_6
judge_collision_detected:
robot_base_x: 10.478598
robot_base_y: -7.273005
robot_base_yaw: 3.134012
robot_geom: robot0_torso_fixed_column_collision
proxy_geom: scene_aabb_proxy_line_6_belt
judge_collision_detected:
robot_base_x: 10.478598
robot_base_y: -7.273005
robot_base_yaw: 3.134012
robot_geom: robot0_torso_fixed_column_collision
proxy_geom: scene_aabb_proxy_line_6_output_side_protrusion
judge_collision_detected:
robot_base_x: 10.478598
robot_base_y: -7.273005
robot_base_yaw: 3.134012
robot_geom: robot0_wheel_left_collision
proxy_geom: scene_aabb_proxy_line_6_output_side_protrusion
judge_collision_detected:
robot_base_x: 10.478598
robot_base_y: -7.273005
robot_base_yaw: 3.134012
robot_geom: robot0_wheel_right_collision
proxy_geom: scene_aabb_proxy_line_6_output_side_protrusion
judge_collision_detected:
robot_base_x: 10.478598
robot_base_y: -7.273005
robot_base_yaw: 3.134012
robot_geom: robot0_wheel_right_collision
proxy_geom: scene_aabb_proxy_production_line_6
judge_collision_detected:
robot_base_x: 10.476897
robot_base_y: -7.273253
robot_base_yaw: 3.133965
robot_geom: robot0_back_left_caster_2
proxy_geom: scene_aabb_proxy_line_6_belt
judge_collision_detected:
robot_base_x: 10.476897
robot_base_y: -7.273253
robot_base_yaw: 3.133965
robot_geom: robot0_back_left_caster_2
proxy_geom: scene_aabb_proxy_line_6_output_side_protrusion
judge_collision_detected:
robot_base_x: 10.476897
robot_base_y: -7.273253
robot_base_yaw: 3.133965
robot_geom: robot0_back_right_caster_2
proxy_geom: scene_aabb_proxy_line_6_belt
judge_collision_detected:
robot_base_x: 10.476897
robot_base_y: -7.273253
robot_base_yaw: 3.133965
robot_geom: robot0_back_right_caster_2
proxy_geom: scene_aabb_proxy_line_6_output_side_protrusion
judge_collision_detected:
robot_base_x: 10.476897
robot_base_y: -7.273253
robot_base_yaw: 3.133965
robot_geom: robot0_base_collision
proxy_geom: scene_aabb_proxy_line_6_belt
judge_collision_detected:
robot_base_x: 10.476897
robot_base_y: -7.273253
robot_base_yaw: 3.133965
robot_geom: robot0_base_collision
proxy_geom: scene_aabb_proxy_line_6_output_side_protrusion
judge_collision_detected:
robot_base_x: 10.476897
robot_base_y: -7.273253
robot_base_yaw: 3.133965
robot_geom: robot0_base_collision
proxy_geom: scene_aabb_proxy_output_6
judge_collision_detected:
robot_base_x: 10.476897
robot_base_y: -7.273253
robot_base_yaw: 3.133965
robot_geom: robot0_base_collision
proxy_geom: scene_aabb_proxy_production_line_6
judge_collision_detected:
robot_base_x: 10.476897
robot_base_y: -7.273253
robot_base_yaw: 3.133965
robot_geom: robot0_torso_fixed_collision_box_1
proxy_geom: scene_aabb_proxy_line_6_belt
judge_collision_detected:
robot_base_x: 10.476897
robot_base_y: -7.273253
robot_base_yaw: 3.133965
robot_geom: robot0_torso_fixed_collision_box_1
proxy_geom: scene_aabb_proxy_line_6_output_side_protrusion
judge_collision_detected:
robot_base_x: 10.476897
robot_base_y: -7.273253
robot_base_yaw: 3.133965
robot_geom: robot0_torso_fixed_collision_box_1
proxy_geom: scene_aabb_proxy_output_6
judge_collision_detected:
robot_base_x: 10.476897
robot_base_y: -7.273253
robot_base_yaw: 3.133965
robot_geom: robot0_torso_fixed_collision_box_1
proxy_geom: scene_aabb_proxy_production_line_6
judge_collision_detected:
robot_base_x: 10.476897
robot_base_y: -7.273253
robot_base_yaw: 3.133965
robot_geom: robot0_torso_fixed_column_collision
proxy_geom: scene_aabb_proxy_line_6_belt
judge_collision_detected:
robot_base_x: 10.476897
robot_base_y: -7.273253
robot_base_yaw: 3.133965
robot_geom: robot0_torso_fixed_column_collision
proxy_geom: scene_aabb_proxy_line_6_output_side_protrusion
judge_collision_detected:
robot_base_x: 10.476897
robot_base_y: -7.273253
robot_base_yaw: 3.133965
robot_geom: robot0_wheel_left_collision
proxy_geom: scene_aabb_proxy_line_6_output_side_protrusion
judge_collision_detected:
robot_base_x: 10.476897
robot_base_y: -7.273253
robot_base_yaw: 3.133965
robot_geom: robot0_wheel_right_collision
proxy_geom: scene_aabb_proxy_line_6_output_side_protrusion
judge_collision_detected:
robot_base_x: 10.476897
robot_base_y: -7.273253
robot_base_yaw: 3.133965
robot_geom: robot0_wheel_right_collision
proxy_geom: scene_aabb_proxy_production_line_6
judge_collision_detected:
robot_base_x: 10.475073
robot_base_y: -7.273466
robot_base_yaw: 3.133374
robot_geom: robot0_back_left_caster_2
proxy_geom: scene_aabb_proxy_line_6_belt
judge_collision_detected:
robot_base_x: 10.475073
robot_base_y: -7.273466
robot_base_yaw: 3.133374
robot_geom: robot0_back_left_caster_2
proxy_geom: scene_aabb_proxy_line_6_output_side_protrusion
judge_collision_detected:
robot_base_x: 10.475073
robot_base_y: -7.273466
robot_base_yaw: 3.133374
robot_geom: robot0_back_right_caster_2
proxy_geom: scene_aabb_proxy_line_6_belt
judge_collision_detected:
robot_base_x: 10.475073
robot_base_y: -7.273466
robot_base_yaw: 3.133374
robot_geom: robot0_back_right_caster_2
proxy_geom: scene_aabb_proxy_line_6_output_side_protrusion
judge_collision_detected:
robot_base_x: 10.475073
robot_base_y: -7.273466
robot_base_yaw: 3.133374
robot_geom: robot0_base_collision
proxy_geom: scene_aabb_proxy_line_6_belt
judge_collision_detected:
robot_base_x: 10.475073
robot_base_y: -7.273466
robot_base_yaw: 3.133374
robot_geom: robot0_base_collision
proxy_geom: scene_aabb_proxy_line_6_output_side_protrusion
judge_collision_detected:
robot_base_x: 10.475073
robot_base_y: -7.273466
robot_base_yaw: 3.133374
robot_geom: robot0_base_collision
proxy_geom: scene_aabb_proxy_output_6
judge_collision_detected:
robot_base_x: 10.475073
robot_base_y: -7.273466
robot_base_yaw: 3.133374
robot_geom: robot0_base_collision
proxy_geom: scene_aabb_proxy_production_line_6
judge_collision_detected:
robot_base_x: 10.475073
robot_base_y: -7.273466
robot_base_yaw: 3.133374
robot_geom: robot0_torso_fixed_collision_box_1
proxy_geom: scene_aabb_proxy_line_6_belt
judge_collision_detected:
robot_base_x: 10.475073
robot_base_y: -7.273466
robot_base_yaw: 3.133374
robot_geom: robot0_torso_fixed_collision_box_1
proxy_geom: scene_aabb_proxy_line_6_output_side_protrusion
judge_collision_detected:
robot_base_x: 10.475073
robot_base_y: -7.273466
robot_base_yaw: 3.133374
robot_geom: robot0_torso_fixed_collision_box_1
proxy_geom: scene_aabb_proxy_output_6
judge_collision_detected:
robot_base_x: 10.475073
robot_base_y: -7.273466
robot_base_yaw: 3.133374
robot_geom: robot0_torso_fixed_collision_box_1
proxy_geom: scene_aabb_proxy_production_line_6
judge_collision_detected:
robot_base_x: 10.475073
robot_base_y: -7.273466
robot_base_yaw: 3.133374
robot_geom: robot0_torso_fixed_column_collision
proxy_geom: scene_aabb_proxy_line_6_belt
judge_collision_detected:
robot_base_x: 10.475073
robot_base_y: -7.273466
robot_base_yaw: 3.133374
robot_geom: robot0_torso_fixed_column_collision
proxy_geom: scene_aabb_proxy_line_6_output_side_protrusion
judge_collision_detected:
robot_base_x: 10.475073
robot_base_y: -7.273466
robot_base_yaw: 3.133374
robot_geom: robot0_wheel_left_collision
proxy_geom: scene_aabb_proxy_line_6_output_side_protrusion
judge_collision_detected:
robot_base_x: 10.475073
robot_base_y: -7.273466
robot_base_yaw: 3.133374
robot_geom: robot0_wheel_right_collision
proxy_geom: scene_aabb_proxy_line_6_output_side_protrusion
judge_collision_detected:
robot_base_x: 10.475073
robot_base_y: -7.273466
robot_base_yaw: 3.133374
robot_geom: robot0_wheel_right_collision
proxy_geom: scene_aabb_proxy_production_line_6
judge_collision_detected:
robot_base_x: 10.472369
robot_base_y: -7.273516
robot_base_yaw: 3.130152
robot_geom: robot0_back_left_caster_2
proxy_geom: scene_aabb_proxy_line_6_belt
judge_collision_detected:
robot_base_x: 10.472369
robot_base_y: -7.273516
robot_base_yaw: 3.130152
robot_geom: robot0_back_left_caster_2
proxy_geom: scene_aabb_proxy_line_6_output_side_protrusion
judge_collision_detected:
robot_base_x: 10.472369
robot_base_y: -7.273516
robot_base_yaw: 3.130152
robot_geom: robot0_back_right_caster_2
proxy_geom: scene_aabb_proxy_line_6_belt
judge_collision_detected:
robot_base_x: 10.472369
robot_base_y: -7.273516
robot_base_yaw: 3.130152
robot_geom: robot0_back_right_caster_2
proxy_geom: scene_aabb_proxy_line_6_output_side_protrusion
judge_collision_detected:
robot_base_x: 10.472369
robot_base_y: -7.273516
robot_base_yaw: 3.130152
robot_geom: robot0_base_collision
proxy_geom: scene_aabb_proxy_line_6_belt
judge_collision_detected:
robot_base_x: 10.472369
robot_base_y: -7.273516
robot_base_yaw: 3.130152
robot_geom: robot0_base_collision
proxy_geom: scene_aabb_proxy_line_6_output_side_protrusion
judge_collision_detected:
robot_base_x: 10.472369
robot_base_y: -7.273516
robot_base_yaw: 3.130152
robot_geom: robot0_base_collision
proxy_geom: scene_aabb_proxy_output_6
judge_collision_detected:
robot_base_x: 10.472369
robot_base_y: -7.273516
robot_base_yaw: 3.130152
robot_geom: robot0_base_collision
proxy_geom: scene_aabb_proxy_production_line_6
judge_collision_detected:
robot_base_x: 10.472369
robot_base_y: -7.273516
robot_base_yaw: 3.130152
robot_geom: robot0_torso_fixed_collision_box_1
proxy_geom: scene_aabb_proxy_line_6_belt
judge_collision_detected:
robot_base_x: 10.472369
robot_base_y: -7.273516
robot_base_yaw: 3.130152
robot_geom: robot0_torso_fixed_collision_box_1
proxy_geom: scene_aabb_proxy_line_6_output_side_protrusion
judge_collision_detected:
robot_base_x: 10.472369
robot_base_y: -7.273516
robot_base_yaw: 3.130152
robot_geom: robot0_torso_fixed_collision_box_1
proxy_geom: scene_aabb_proxy_output_6
judge_collision_detected:
robot_base_x: 10.472369
robot_base_y: -7.273516
robot_base_yaw: 3.130152
robot_geom: robot0_torso_fixed_collision_box_1
proxy_geom: scene_aabb_proxy_production_line_6
judge_collision_detected:
robot_base_x: 10.472369
robot_base_y: -7.273516
robot_base_yaw: 3.130152
robot_geom: robot0_torso_fixed_column_collision
proxy_geom: scene_aabb_proxy_line_6_belt
judge_collision_detected:
robot_base_x: 10.472369
robot_base_y: -7.273516
robot_base_yaw: 3.130152
robot_geom: robot0_torso_fixed_column_collision
proxy_geom: scene_aabb_proxy_line_6_output_side_protrusion
judge_collision_detected:
robot_base_x: 10.472369
robot_base_y: -7.273516
robot_base_yaw: 3.130152
robot_geom: robot0_wheel_left_collision
proxy_geom: scene_aabb_proxy_line_6_output_side_protrusion
judge_collision_detected:
robot_base_x: 10.472369
robot_base_y: -7.273516
robot_base_yaw: 3.130152
robot_geom: robot0_wheel_right_collision
proxy_geom: scene_aabb_proxy_line_6_output_side_protrusion
judge_collision_detected:
robot_base_x: 10.472369
robot_base_y: -7.273516
robot_base_yaw: 3.130152
robot_geom: robot0_wheel_right_collision
proxy_geom: scene_aabb_proxy_production_line_6
judge_collision_detected:
robot_base_x: 10.468373
robot_base_y: -7.273805
robot_base_yaw: 3.130250
robot_geom: robot0_back_left_caster_2
proxy_geom: scene_aabb_proxy_line_6_belt
judge_collision_detected:
robot_base_x: 10.468373
robot_base_y: -7.273805
robot_base_yaw: 3.130250
robot_geom: robot0_back_left_caster_2
proxy_geom: scene_aabb_proxy_line_6_output_side_protrusion
judge_collision_detected:
robot_base_x: 10.468373
robot_base_y: -7.273805
robot_base_yaw: 3.130250
robot_geom: robot0_back_right_caster_2
proxy_geom: scene_aabb_proxy_line_6_belt
judge_collision_detected:
robot_base_x: 10.468373
robot_base_y: -7.273805
robot_base_yaw: 3.130250
robot_geom: robot0_back_right_caster_2
proxy_geom: scene_aabb_proxy_line_6_output_side_protrusion
judge_collision_detected:
robot_base_x: 10.468373
robot_base_y: -7.273805
robot_base_yaw: 3.130250
robot_geom: robot0_base_collision
proxy_geom: scene_aabb_proxy_line_6_belt
judge_collision_detected:
robot_base_x: 10.468373
robot_base_y: -7.273805
robot_base_yaw: 3.130250
robot_geom: robot0_base_collision
proxy_geom: scene_aabb_proxy_line_6_output_side_protrusion
judge_collision_detected:
robot_base_x: 10.468373
robot_base_y: -7.273805
robot_base_yaw: 3.130250
robot_geom: robot0_base_collision
proxy_geom: scene_aabb_proxy_output_6
judge_collision_detected:
robot_base_x: 10.468373
robot_base_y: -7.273805
robot_base_yaw: 3.130250
robot_geom: robot0_base_collision
proxy_geom: scene_aabb_proxy_production_line_6
judge_collision_detected:
robot_base_x: 10.468373
robot_base_y: -7.273805
robot_base_yaw: 3.130250
robot_geom: robot0_torso_fixed_collision_box_1
proxy_geom: scene_aabb_proxy_line_6_belt
judge_collision_detected:
robot_base_x: 10.468373
robot_base_y: -7.273805
robot_base_yaw: 3.130250
robot_geom: robot0_torso_fixed_collision_box_1
proxy_geom: scene_aabb_proxy_line_6_output_side_protrusion
judge_collision_detected:
robot_base_x: 10.468373
robot_base_y: -7.273805
robot_base_yaw: 3.130250
robot_geom: robot0_torso_fixed_collision_box_1
proxy_geom: scene_aabb_proxy_output_6
judge_collision_detected:
robot_base_x: 10.468373
robot_base_y: -7.273805
robot_base_yaw: 3.130250
robot_geom: robot0_torso_fixed_collision_box_1
proxy_geom: scene_aabb_proxy_production_line_6
judge_collision_detected:
robot_base_x: 10.468373
robot_base_y: -7.273805
robot_base_yaw: 3.130250
robot_geom: robot0_torso_fixed_column_collision
proxy_geom: scene_aabb_proxy_line_6_belt
judge_collision_detected:
robot_base_x: 10.468373
robot_base_y: -7.273805
robot_base_yaw: 3.130250
robot_geom: robot0_torso_fixed_column_collision
proxy_geom: scene_aabb_proxy_line_6_output_side_protrusion
judge_collision_detected:
robot_base_x: 10.468373
robot_base_y: -7.273805
robot_base_yaw: 3.130250
robot_geom: robot0_wheel_left_collision
proxy_geom: scene_aabb_proxy_line_6_output_side_protrusion
judge_collision_detected:
robot_base_x: 10.468373
robot_base_y: -7.273805
robot_base_yaw: 3.130250
robot_geom: robot0_wheel_right_collision
proxy_geom: scene_aabb_proxy_line_6_output_side_protrusion
judge_collision_detected:
robot_base_x: 10.468373
robot_base_y: -7.273805
robot_base_yaw: 3.130250
robot_geom: robot0_wheel_right_collision
proxy_geom: scene_aabb_proxy_production_line_6
judge_collision_detected:
robot_base_x: 10.463301
robot_base_y: -7.274312
robot_base_yaw: 3.133163
robot_geom: robot0_back_left_caster_2
proxy_geom: scene_aabb_proxy_line_6_belt
judge_collision_detected:
robot_base_x: 10.463301
robot_base_y: -7.274312
robot_base_yaw: 3.133163
robot_geom: robot0_back_left_caster_2
proxy_geom: scene_aabb_proxy_line_6_output_side_protrusion
judge_collision_detected:
robot_base_x: 10.463301
robot_base_y: -7.274312
robot_base_yaw: 3.133163
robot_geom: robot0_back_right_caster_2
proxy_geom: scene_aabb_proxy_line_6_belt
judge_collision_detected:
robot_base_x: 10.463301
robot_base_y: -7.274312
robot_base_yaw: 3.133163
robot_geom: robot0_back_right_caster_2
proxy_geom: scene_aabb_proxy_line_6_output_side_protrusion
judge_collision_detected:
robot_base_x: 10.463301
robot_base_y: -7.274312
robot_base_yaw: 3.133163
robot_geom: robot0_base_collision
proxy_geom: scene_aabb_proxy_line_6_belt
judge_collision_detected:
robot_base_x: 10.463301
robot_base_y: -7.274312
robot_base_yaw: 3.133163
robot_geom: robot0_base_collision
proxy_geom: scene_aabb_proxy_line_6_output_side_protrusion
judge_collision_detected:
robot_base_x: 10.463301
robot_base_y: -7.274312
robot_base_yaw: 3.133163
robot_geom: robot0_base_collision
proxy_geom: scene_aabb_proxy_output_6
judge_collision_detected:
robot_base_x: 10.463301
robot_base_y: -7.274312
robot_base_yaw: 3.133163
robot_geom: robot0_base_collision
proxy_geom: scene_aabb_proxy_production_line_6
judge_collision_detected:
robot_base_x: 10.463301
robot_base_y: -7.274312
robot_base_yaw: 3.133163
robot_geom: robot0_front_left_caster_2
proxy_geom: scene_aabb_proxy_output_6
judge_collision_detected:
robot_base_x: 10.463301
robot_base_y: -7.274312
robot_base_yaw: 3.133163
robot_geom: robot0_front_right_caster_2
proxy_geom: scene_aabb_proxy_output_6
judge_collision_detected:
robot_base_x: 10.463301
robot_base_y: -7.274312
robot_base_yaw: 3.133163
robot_geom: robot0_torso_fixed_collision_box_1
proxy_geom: scene_aabb_proxy_line_6_belt
judge_collision_detected:
robot_base_x: 10.463301
robot_base_y: -7.274312
robot_base_yaw: 3.133163
robot_geom: robot0_torso_fixed_collision_box_1
proxy_geom: scene_aabb_proxy_line_6_output_side_protrusion
judge_collision_detected:
robot_base_x: 10.463301
robot_base_y: -7.274312
robot_base_yaw: 3.133163
robot_geom: robot0_torso_fixed_collision_box_1
proxy_geom: scene_aabb_proxy_output_6
judge_collision_detected:
robot_base_x: 10.463301
robot_base_y: -7.274312
robot_base_yaw: 3.133163
robot_geom: robot0_torso_fixed_collision_box_1
proxy_geom: scene_aabb_proxy_production_line_6
judge_collision_detected:
robot_base_x: 10.463301
robot_base_y: -7.274312
robot_base_yaw: 3.133163
robot_geom: robot0_torso_fixed_column_collision
proxy_geom: scene_aabb_proxy_line_6_belt
judge_collision_detected:
robot_base_x: 10.463301
robot_base_y: -7.274312
robot_base_yaw: 3.133163
robot_geom: robot0_torso_fixed_column_collision
proxy_geom: scene_aabb_proxy_line_6_output_side_protrusion
judge_collision_detected:
robot_base_x: 10.463301
robot_base_y: -7.274312
robot_base_yaw: 3.133163
robot_geom: robot0_wheel_left_collision
proxy_geom: scene_aabb_proxy_line_6_output_side_protrusion
judge_collision_detected:
robot_base_x: 10.463301
robot_base_y: -7.274312
robot_base_yaw: 3.133163
robot_geom: robot0_wheel_right_collision
proxy_geom: scene_aabb_proxy_line_6_output_side_protrusion
judge_collision_detected:
robot_base_x: 10.463301
robot_base_y: -7.274312
robot_base_yaw: 3.133163
robot_geom: robot0_wheel_right_collision
proxy_geom: scene_aabb_proxy_production_line_6
judge_collision_detected:
robot_base_x: 10.456501
robot_base_y: -7.274701
robot_base_yaw: 3.135147
robot_geom: robot0_back_left_caster_2
proxy_geom: scene_aabb_proxy_line_6_belt
judge_collision_detected:
robot_base_x: 10.456501
robot_base_y: -7.274701
robot_base_yaw: 3.135147
robot_geom: robot0_back_left_caster_2
proxy_geom: scene_aabb_proxy_line_6_output_side_protrusion
judge_collision_detected:
robot_base_x: 10.456501
robot_base_y: -7.274701
robot_base_yaw: 3.135147
robot_geom: robot0_back_right_caster_2
proxy_geom: scene_aabb_proxy_line_6_belt
judge_collision_detected:
robot_base_x: 10.456501
robot_base_y: -7.274701
robot_base_yaw: 3.135147
robot_geom: robot0_back_right_caster_2
proxy_geom: scene_aabb_proxy_line_6_output_side_protrusion
judge_collision_detected:
robot_base_x: 10.456501
robot_base_y: -7.274701
robot_base_yaw: 3.135147
robot_geom: robot0_base_collision
proxy_geom: scene_aabb_proxy_line_6_belt
judge_collision_detected:
robot_base_x: 10.456501
robot_base_y: -7.274701
robot_base_yaw: 3.135147
robot_geom: robot0_base_collision
proxy_geom: scene_aabb_proxy_line_6_output_side_protrusion
judge_collision_detected:
robot_base_x: 10.456501
robot_base_y: -7.274701
robot_base_yaw: 3.135147
robot_geom: robot0_base_collision
proxy_geom: scene_aabb_proxy_output_6
judge_collision_detected:
robot_base_x: 10.456501
robot_base_y: -7.274701
robot_base_yaw: 3.135147
robot_geom: robot0_base_collision
proxy_geom: scene_aabb_proxy_production_line_6
judge_collision_detected:
robot_base_x: 10.456501
robot_base_y: -7.274701
robot_base_yaw: 3.135147
robot_geom: robot0_front_left_caster_2
proxy_geom: scene_aabb_proxy_output_6
judge_collision_detected:
robot_base_x: 10.456501
robot_base_y: -7.274701
robot_base_yaw: 3.135147
robot_geom: robot0_front_right_caster_2
proxy_geom: scene_aabb_proxy_output_6
judge_collision_detected:
robot_base_x: 10.456501
robot_base_y: -7.274701
robot_base_yaw: 3.135147
robot_geom: robot0_torso_fixed_collision_box_1
proxy_geom: scene_aabb_proxy_line_6_belt
judge_collision_detected:
robot_base_x: 10.456501
robot_base_y: -7.274701
robot_base_yaw: 3.135147
robot_geom: robot0_torso_fixed_collision_box_1
proxy_geom: scene_aabb_proxy_line_6_output_side_protrusion
judge_collision_detected:
robot_base_x: 10.456501
robot_base_y: -7.274701
robot_base_yaw: 3.135147
robot_geom: robot0_torso_fixed_collision_box_1
proxy_geom: scene_aabb_proxy_output_6
judge_collision_detected:
robot_base_x: 10.456501
robot_base_y: -7.274701
robot_base_yaw: 3.135147
robot_geom: robot0_torso_fixed_collision_box_1
proxy_geom: scene_aabb_proxy_production_line_6
judge_collision_detected:
robot_base_x: 10.456501
robot_base_y: -7.274701
robot_base_yaw: 3.135147
robot_geom: robot0_torso_fixed_column_collision
proxy_geom: scene_aabb_proxy_line_6_output_side_protrusion
judge_collision_detected:
robot_base_x: 10.456501
robot_base_y: -7.274701
robot_base_yaw: 3.135147
robot_geom: robot0_wheel_left_collision
proxy_geom: scene_aabb_proxy_line_6_output_side_protrusion
judge_collision_detected:
robot_base_x: 10.456501
robot_base_y: -7.274701
robot_base_yaw: 3.135147
robot_geom: robot0_wheel_right_collision
proxy_geom: scene_aabb_proxy_line_6_output_side_protrusion
judge_collision_detected:
robot_base_x: 10.456501
robot_base_y: -7.274701
robot_base_yaw: 3.135147
robot_geom: robot0_wheel_right_collision
proxy_geom: scene_aabb_proxy_production_line_6
judge_collision_detected:
robot_base_x: 10.448482
robot_base_y: -7.275106
robot_base_yaw: 3.137439
robot_geom: robot0_back_left_caster_2
proxy_geom: scene_aabb_proxy_line_6_belt
judge_collision_detected:
robot_base_x: 10.448482
robot_base_y: -7.275106
robot_base_yaw: 3.137439
robot_geom: robot0_back_left_caster_2
proxy_geom: scene_aabb_proxy_line_6_output_side_protrusion
judge_collision_detected:
robot_base_x: 10.448482
robot_base_y: -7.275106
robot_base_yaw: 3.137439
robot_geom: robot0_back_right_caster_2
proxy_geom: scene_aabb_proxy_line_6_belt
judge_collision_detected:
robot_base_x: 10.448482
robot_base_y: -7.275106
robot_base_yaw: 3.137439
robot_geom: robot0_back_right_caster_2
proxy_geom: scene_aabb_proxy_line_6_output_side_protrusion
judge_collision_detected:
robot_base_x: 10.448482
robot_base_y: -7.275106
robot_base_yaw: 3.137439
robot_geom: robot0_base_collision
proxy_geom: scene_aabb_proxy_line_6_belt
judge_collision_detected:
robot_base_x: 10.448482
robot_base_y: -7.275106
robot_base_yaw: 3.137439
robot_geom: robot0_base_collision
proxy_geom: scene_aabb_proxy_line_6_output_side_protrusion
judge_collision_detected:
robot_base_x: 10.448482
robot_base_y: -7.275106
robot_base_yaw: 3.137439
robot_geom: robot0_base_collision
proxy_geom: scene_aabb_proxy_output_6
judge_collision_detected:
robot_base_x: 10.448482
robot_base_y: -7.275106
robot_base_yaw: 3.137439
robot_geom: robot0_base_collision
proxy_geom: scene_aabb_proxy_production_line_6
judge_collision_detected:
robot_base_x: 10.448482
robot_base_y: -7.275106
robot_base_yaw: 3.137439
robot_geom: robot0_front_left_caster_2
proxy_geom: scene_aabb_proxy_output_6
judge_collision_detected:
robot_base_x: 10.448482
robot_base_y: -7.275106
robot_base_yaw: 3.137439
robot_geom: robot0_front_right_caster_2
proxy_geom: scene_aabb_proxy_output_6
judge_collision_detected:
robot_base_x: 10.448482
robot_base_y: -7.275106
robot_base_yaw: 3.137439
robot_geom: robot0_torso_fixed_collision_box_1
proxy_geom: scene_aabb_proxy_line_6_belt
judge_collision_detected:
robot_base_x: 10.448482
robot_base_y: -7.275106
robot_base_yaw: 3.137439
robot_geom: robot0_torso_fixed_collision_box_1
proxy_geom: scene_aabb_proxy_line_6_output_side_protrusion
judge_collision_detected:
robot_base_x: 10.448482
robot_base_y: -7.275106
robot_base_yaw: 3.137439
robot_geom: robot0_torso_fixed_collision_box_1
proxy_geom: scene_aabb_proxy_output_6
judge_collision_detected:
robot_base_x: 10.448482
robot_base_y: -7.275106
robot_base_yaw: 3.137439
robot_geom: robot0_torso_fixed_collision_box_1
proxy_geom: scene_aabb_proxy_production_line_6
judge_collision_detected:
robot_base_x: 10.448482
robot_base_y: -7.275106
robot_base_yaw: 3.137439
robot_geom: robot0_torso_fixed_column_collision
proxy_geom: scene_aabb_proxy_line_6_output_side_protrusion
judge_collision_detected:
robot_base_x: 10.448482
robot_base_y: -7.275106
robot_base_yaw: 3.137439
robot_geom: robot0_wheel_left_collision
proxy_geom: scene_aabb_proxy_line_6_output_side_protrusion
judge_collision_detected:
robot_base_x: 10.448482
robot_base_y: -7.275106
robot_base_yaw: 3.137439
robot_geom: robot0_wheel_right_collision
proxy_geom: scene_aabb_proxy_line_6_output_side_protrusion
judge_collision_detected:
robot_base_x: 10.448482
robot_base_y: -7.275106
robot_base_yaw: 3.137439
robot_geom: robot0_wheel_right_collision
proxy_geom: scene_aabb_proxy_production_line_6
judge_collision_detected:
robot_base_x: 10.441517
robot_base_y: -7.275543
robot_base_yaw: 3.139393
robot_geom: robot0_back_left_caster_2
proxy_geom: scene_aabb_proxy_line_6_belt
judge_collision_detected:
robot_base_x: 10.441517
robot_base_y: -7.275543
robot_base_yaw: 3.139393
robot_geom: robot0_back_left_caster_2
proxy_geom: scene_aabb_proxy_line_6_output_side_protrusion
judge_collision_detected:
robot_base_x: 10.441517
robot_base_y: -7.275543
robot_base_yaw: 3.139393
robot_geom: robot0_back_right_caster_2
proxy_geom: scene_aabb_proxy_line_6_belt
judge_collision_detected:
robot_base_x: 10.441517
robot_base_y: -7.275543
robot_base_yaw: 3.139393
robot_geom: robot0_back_right_caster_2
proxy_geom: scene_aabb_proxy_line_6_output_side_protrusion
judge_collision_detected:
robot_base_x: 10.441517
robot_base_y: -7.275543
robot_base_yaw: 3.139393
robot_geom: robot0_base_collision
proxy_geom: scene_aabb_proxy_line_6_belt
judge_collision_detected:
robot_base_x: 10.441517
robot_base_y: -7.275543
robot_base_yaw: 3.139393
robot_geom: robot0_base_collision
proxy_geom: scene_aabb_proxy_line_6_output_side_protrusion
judge_collision_detected:
robot_base_x: 10.441517
robot_base_y: -7.275543
robot_base_yaw: 3.139393
robot_geom: robot0_base_collision
proxy_geom: scene_aabb_proxy_output_6
judge_collision_detected:
robot_base_x: 10.441517
robot_base_y: -7.275543
robot_base_yaw: 3.139393
robot_geom: robot0_base_collision
proxy_geom: scene_aabb_proxy_production_line_6
judge_collision_detected:
robot_base_x: 10.441517
robot_base_y: -7.275543
robot_base_yaw: 3.139393
robot_geom: robot0_front_left_caster_2
proxy_geom: scene_aabb_proxy_output_6
judge_collision_detected:
robot_base_x: 10.441517
robot_base_y: -7.275543
robot_base_yaw: 3.139393
robot_geom: robot0_front_right_caster_2
proxy_geom: scene_aabb_proxy_output_6
judge_collision_detected:
robot_base_x: 10.441517
robot_base_y: -7.275543
robot_base_yaw: 3.139393
robot_geom: robot0_torso_fixed_collision_box_1
proxy_geom: scene_aabb_proxy_line_6_belt
judge_collision_detected:
robot_base_x: 10.441517
robot_base_y: -7.275543
robot_base_yaw: 3.139393
robot_geom: robot0_torso_fixed_collision_box_1
proxy_geom: scene_aabb_proxy_line_6_output_side_protrusion
judge_collision_detected:
robot_base_x: 10.441517
robot_base_y: -7.275543
robot_base_yaw: 3.139393
robot_geom: robot0_torso_fixed_collision_box_1
proxy_geom: scene_aabb_proxy_output_6
judge_collision_detected:
robot_base_x: 10.441517
robot_base_y: -7.275543
robot_base_yaw: 3.139393
robot_geom: robot0_torso_fixed_collision_box_1
proxy_geom: scene_aabb_proxy_production_line_6
judge_collision_detected:
robot_base_x: 10.441517
robot_base_y: -7.275543
robot_base_yaw: 3.139393
robot_geom: robot0_torso_fixed_column_collision
proxy_geom: scene_aabb_proxy_line_6_output_side_protrusion
judge_collision_detected:
robot_base_x: 10.441517
robot_base_y: -7.275543
robot_base_yaw: 3.139393
robot_geom: robot0_wheel_left_collision
proxy_geom: scene_aabb_proxy_line_6_output_side_protrusion
judge_collision_detected:
robot_base_x: 10.441517
robot_base_y: -7.275543
robot_base_yaw: 3.139393
robot_geom: robot0_wheel_right_collision
proxy_geom: scene_aabb_proxy_line_6_output_side_protrusion
judge_collision_detected:
robot_base_x: 10.441517
robot_base_y: -7.275543
robot_base_yaw: 3.139393
robot_geom: robot0_wheel_right_collision
proxy_geom: scene_aabb_proxy_production_line_6
judge_collision_detected:
robot_base_x: 10.435719
robot_base_y: -7.275951
robot_base_yaw: 3.140301
robot_geom: robot0_back_left_caster_2
proxy_geom: scene_aabb_proxy_line_6_belt
judge_collision_detected:
robot_base_x: 10.435719
robot_base_y: -7.275951
robot_base_yaw: 3.140301
robot_geom: robot0_back_left_caster_2
proxy_geom: scene_aabb_proxy_line_6_output_side_protrusion
judge_collision_detected:
robot_base_x: 10.435719
robot_base_y: -7.275951
robot_base_yaw: 3.140301
robot_geom: robot0_back_right_caster_2
proxy_geom: scene_aabb_proxy_line_6_belt
judge_collision_detected:
robot_base_x: 10.435719
robot_base_y: -7.275951
robot_base_yaw: 3.140301
robot_geom: robot0_back_right_caster_2
proxy_geom: scene_aabb_proxy_line_6_output_side_protrusion
judge_collision_detected:
robot_base_x: 10.435719
robot_base_y: -7.275951
robot_base_yaw: 3.140301
robot_geom: robot0_base_collision
proxy_geom: scene_aabb_proxy_line_6_belt
judge_collision_detected:
robot_base_x: 10.435719
robot_base_y: -7.275951
robot_base_yaw: 3.140301
robot_geom: robot0_base_collision
proxy_geom: scene_aabb_proxy_line_6_output_side_protrusion
judge_collision_detected:
robot_base_x: 10.435719
robot_base_y: -7.275951
robot_base_yaw: 3.140301
robot_geom: robot0_base_collision
proxy_geom: scene_aabb_proxy_output_6
judge_collision_detected:
robot_base_x: 10.435719
robot_base_y: -7.275951
robot_base_yaw: 3.140301
robot_geom: robot0_base_collision
proxy_geom: scene_aabb_proxy_production_line_6
judge_collision_detected:
robot_base_x: 10.435719
robot_base_y: -7.275951
robot_base_yaw: 3.140301
robot_geom: robot0_front_left_caster_2
proxy_geom: scene_aabb_proxy_output_6
judge_collision_detected:
robot_base_x: 10.435719
robot_base_y: -7.275951
robot_base_yaw: 3.140301
robot_geom: robot0_front_right_caster_2
proxy_geom: scene_aabb_proxy_output_6
judge_collision_detected:
robot_base_x: 10.435719
robot_base_y: -7.275951
robot_base_yaw: 3.140301
robot_geom: robot0_torso_fixed_collision_box_1
proxy_geom: scene_aabb_proxy_line_6_belt
judge_collision_detected:
robot_base_x: 10.435719
robot_base_y: -7.275951
robot_base_yaw: 3.140301
robot_geom: robot0_torso_fixed_collision_box_1
proxy_geom: scene_aabb_proxy_line_6_output_side_protrusion
judge_collision_detected:
robot_base_x: 10.435719
robot_base_y: -7.275951
robot_base_yaw: 3.140301
robot_geom: robot0_torso_fixed_collision_box_1
proxy_geom: scene_aabb_proxy_output_6
judge_collision_detected:
robot_base_x: 10.435719
robot_base_y: -7.275951
robot_base_yaw: 3.140301
robot_geom: robot0_torso_fixed_collision_box_1
proxy_geom: scene_aabb_proxy_production_line_6
judge_collision_detected:
robot_base_x: 10.435719
robot_base_y: -7.275951
robot_base_yaw: 3.140301
robot_geom: robot0_torso_fixed_column_collision
proxy_geom: scene_aabb_proxy_line_6_output_side_protrusion
judge_collision_detected:
robot_base_x: 10.435719
robot_base_y: -7.275951
robot_base_yaw: 3.140301
robot_geom: robot0_wheel_left_collision
proxy_geom: scene_aabb_proxy_line_6_output_side_protrusion
judge_collision_detected:
robot_base_x: 10.435719
robot_base_y: -7.275951
robot_base_yaw: 3.140301
robot_geom: robot0_wheel_right_collision
proxy_geom: scene_aabb_proxy_line_6_output_side_protrusion
judge_collision_detected:
robot_base_x: 10.435719
robot_base_y: -7.275951
robot_base_yaw: 3.140301
robot_geom: robot0_wheel_right_collision
proxy_geom: scene_aabb_proxy_production_line_6
judge_collision_detected:
robot_base_x: 10.431195
robot_base_y: -7.276288
robot_base_yaw: 3.140549
robot_geom: robot0_back_left_caster_2
proxy_geom: scene_aabb_proxy_line_6_belt
judge_collision_detected:
robot_base_x: 10.431195
robot_base_y: -7.276288
robot_base_yaw: 3.140549
robot_geom: robot0_back_left_caster_2
proxy_geom: scene_aabb_proxy_line_6_output_side_protrusion
judge_collision_detected:
robot_base_x: 10.431195
robot_base_y: -7.276288
robot_base_yaw: 3.140549
robot_geom: robot0_back_right_caster_2
proxy_geom: scene_aabb_proxy_line_6_belt
judge_collision_detected:
robot_base_x: 10.431195
robot_base_y: -7.276288
robot_base_yaw: 3.140549
robot_geom: robot0_back_right_caster_2
proxy_geom: scene_aabb_proxy_line_6_output_side_protrusion
judge_collision_detected:
robot_base_x: 10.431195
robot_base_y: -7.276288
robot_base_yaw: 3.140549
robot_geom: robot0_base_collision
proxy_geom: scene_aabb_proxy_line_6_belt
judge_collision_detected:
robot_base_x: 10.431195
robot_base_y: -7.276288
robot_base_yaw: 3.140549
robot_geom: robot0_base_collision
proxy_geom: scene_aabb_proxy_line_6_output_side_protrusion
judge_collision_detected:
robot_base_x: 10.431195
robot_base_y: -7.276288
robot_base_yaw: 3.140549
robot_geom: robot0_base_collision
proxy_geom: scene_aabb_proxy_output_6
judge_collision_detected:
robot_base_x: 10.431195
robot_base_y: -7.276288
robot_base_yaw: 3.140549
robot_geom: robot0_base_collision
proxy_geom: scene_aabb_proxy_production_line_6
judge_collision_detected:
robot_base_x: 10.431195
robot_base_y: -7.276288
robot_base_yaw: 3.140549
robot_geom: robot0_front_left_caster_2
proxy_geom: scene_aabb_proxy_output_6
judge_collision_detected:
robot_base_x: 10.431195
robot_base_y: -7.276288
robot_base_yaw: 3.140549
robot_geom: robot0_front_right_caster_2
proxy_geom: scene_aabb_proxy_output_6
judge_collision_detected:
robot_base_x: 10.431195
robot_base_y: -7.276288
robot_base_yaw: 3.140549
robot_geom: robot0_torso_fixed_collision_box_1
proxy_geom: scene_aabb_proxy_line_6_belt
judge_collision_detected:
robot_base_x: 10.431195
robot_base_y: -7.276288
robot_base_yaw: 3.140549
robot_geom: robot0_torso_fixed_collision_box_1
proxy_geom: scene_aabb_proxy_line_6_output_side_protrusion
judge_collision_detected:
robot_base_x: 10.431195
robot_base_y: -7.276288
robot_base_yaw: 3.140549
robot_geom: robot0_torso_fixed_collision_box_1
proxy_geom: scene_aabb_proxy_output_6
judge_collision_detected:
robot_base_x: 10.431195
robot_base_y: -7.276288
robot_base_yaw: 3.140549
robot_geom: robot0_torso_fixed_collision_box_1
proxy_geom: scene_aabb_proxy_production_line_6
judge_collision_detected:
robot_base_x: 10.431195
robot_base_y: -7.276288
robot_base_yaw: 3.140549
robot_geom: robot0_torso_fixed_column_collision
proxy_geom: scene_aabb_proxy_line_6_output_side_protrusion
judge_collision_detected:
robot_base_x: 10.431195
robot_base_y: -7.276288
robot_base_yaw: 3.140549
robot_geom: robot0_wheel_left_collision
proxy_geom: scene_aabb_proxy_line_6_output_side_protrusion
judge_collision_detected:
robot_base_x: 10.431195
robot_base_y: -7.276288
robot_base_yaw: 3.140549
robot_geom: robot0_wheel_right_collision
proxy_geom: scene_aabb_proxy_line_6_output_side_protrusion
judge_collision_detected:
robot_base_x: 10.431195
robot_base_y: -7.276288
robot_base_yaw: 3.140549
robot_geom: robot0_wheel_right_collision
proxy_geom: scene_aabb_proxy_production_line_6
judge_collision_detected:
robot_base_x: 10.426372
robot_base_y: -7.276608
robot_base_yaw: 3.140912
robot_geom: robot0_back_left_caster_2
proxy_geom: scene_aabb_proxy_line_6_belt
judge_collision_detected:
robot_base_x: 10.426372
robot_base_y: -7.276608
robot_base_yaw: 3.140912
robot_geom: robot0_back_left_caster_2
proxy_geom: scene_aabb_proxy_line_6_output_side_protrusion
judge_collision_detected:
robot_base_x: 10.426372
robot_base_y: -7.276608
robot_base_yaw: 3.140912
robot_geom: robot0_back_right_caster_2
proxy_geom: scene_aabb_proxy_line_6_belt
judge_collision_detected:
robot_base_x: 10.426372
robot_base_y: -7.276608
robot_base_yaw: 3.140912
robot_geom: robot0_back_right_caster_2
proxy_geom: scene_aabb_proxy_line_6_output_side_protrusion
judge_collision_detected:
robot_base_x: 10.426372
robot_base_y: -7.276608
robot_base_yaw: 3.140912
robot_geom: robot0_base_collision
proxy_geom: scene_aabb_proxy_line_6_belt
judge_collision_detected:
robot_base_x: 10.426372
robot_base_y: -7.276608
robot_base_yaw: 3.140912
robot_geom: robot0_base_collision
proxy_geom: scene_aabb_proxy_line_6_output_side_protrusion
judge_collision_detected:
robot_base_x: 10.426372
robot_base_y: -7.276608
robot_base_yaw: 3.140912
robot_geom: robot0_base_collision
proxy_geom: scene_aabb_proxy_output_6
judge_collision_detected:
robot_base_x: 10.426372
robot_base_y: -7.276608
robot_base_yaw: 3.140912
robot_geom: robot0_base_collision
proxy_geom: scene_aabb_proxy_production_line_6
judge_collision_detected:
robot_base_x: 10.426372
robot_base_y: -7.276608
robot_base_yaw: 3.140912
robot_geom: robot0_front_left_caster_2
proxy_geom: scene_aabb_proxy_output_6
judge_collision_detected:
robot_base_x: 10.426372
robot_base_y: -7.276608
robot_base_yaw: 3.140912
robot_geom: robot0_front_right_caster_2
proxy_geom: scene_aabb_proxy_output_6
judge_collision_detected:
robot_base_x: 10.426372
robot_base_y: -7.276608
robot_base_yaw: 3.140912
robot_geom: robot0_torso_fixed_collision_box_1
proxy_geom: scene_aabb_proxy_line_6_belt
judge_collision_detected:
robot_base_x: 10.426372
robot_base_y: -7.276608
robot_base_yaw: 3.140912
robot_geom: robot0_torso_fixed_collision_box_1
proxy_geom: scene_aabb_proxy_line_6_output_side_protrusion
judge_collision_detected:
robot_base_x: 10.426372
robot_base_y: -7.276608
robot_base_yaw: 3.140912
robot_geom: robot0_torso_fixed_collision_box_1
proxy_geom: scene_aabb_proxy_output_6
judge_collision_detected:
robot_base_x: 10.426372
robot_base_y: -7.276608
robot_base_yaw: 3.140912
robot_geom: robot0_torso_fixed_collision_box_1
proxy_geom: scene_aabb_proxy_production_line_6
judge_collision_detected:
robot_base_x: 10.426372
robot_base_y: -7.276608
robot_base_yaw: 3.140912
robot_geom: robot0_torso_fixed_column_collision
proxy_geom: scene_aabb_proxy_line_6_output_side_protrusion
judge_collision_detected:
robot_base_x: 10.426372
robot_base_y: -7.276608
robot_base_yaw: 3.140912
robot_geom: robot0_wheel_left_collision
proxy_geom: scene_aabb_proxy_line_6_output_side_protrusion
judge_collision_detected:
robot_base_x: 10.426372
robot_base_y: -7.276608
robot_base_yaw: 3.140912
robot_geom: robot0_wheel_right_collision
proxy_geom: scene_aabb_proxy_line_6_output_side_protrusion
judge_collision_detected:
robot_base_x: 10.426372
robot_base_y: -7.276608
robot_base_yaw: 3.140912
robot_geom: robot0_wheel_right_collision
proxy_geom: scene_aabb_proxy_production_line_6
judge_collision_detected:
robot_base_x: 10.415398
robot_base_y: -7.277073
robot_base_yaw: 3.138880
robot_geom: robot0_back_left_caster_2
proxy_geom: scene_aabb_proxy_line_6_belt
judge_collision_detected:
robot_base_x: 10.415398
robot_base_y: -7.277073
robot_base_yaw: 3.138880
robot_geom: robot0_back_left_caster_2
proxy_geom: scene_aabb_proxy_line_6_output_side_protrusion
judge_collision_detected:
robot_base_x: 10.415398
robot_base_y: -7.277073
robot_base_yaw: 3.138880
robot_geom: robot0_back_right_caster_2
proxy_geom: scene_aabb_proxy_line_6_belt
judge_collision_detected:
robot_base_x: 10.415398
robot_base_y: -7.277073
robot_base_yaw: 3.138880
robot_geom: robot0_back_right_caster_2
proxy_geom: scene_aabb_proxy_line_6_output_side_protrusion
judge_collision_detected:
robot_base_x: 10.415398
robot_base_y: -7.277073
robot_base_yaw: 3.138880
robot_geom: robot0_base_collision
proxy_geom: scene_aabb_proxy_line_6_belt
judge_collision_detected:
robot_base_x: 10.415398
robot_base_y: -7.277073
robot_base_yaw: 3.138880
robot_geom: robot0_base_collision
proxy_geom: scene_aabb_proxy_line_6_output_side_protrusion
judge_collision_detected:
robot_base_x: 10.415398
robot_base_y: -7.277073
robot_base_yaw: 3.138880
robot_geom: robot0_base_collision
proxy_geom: scene_aabb_proxy_output_6
judge_collision_detected:
robot_base_x: 10.415398
robot_base_y: -7.277073
robot_base_yaw: 3.138880
robot_geom: robot0_base_collision
proxy_geom: scene_aabb_proxy_production_line_6
judge_collision_detected:
robot_base_x: 10.415398
robot_base_y: -7.277073
robot_base_yaw: 3.138880
robot_geom: robot0_front_left_caster_2
proxy_geom: scene_aabb_proxy_output_6
judge_collision_detected:
robot_base_x: 10.415398
robot_base_y: -7.277073
robot_base_yaw: 3.138880
robot_geom: robot0_front_right_caster_2
proxy_geom: scene_aabb_proxy_output_6
judge_collision_detected:
robot_base_x: 10.415398
robot_base_y: -7.277073
robot_base_yaw: 3.138880
robot_geom: robot0_torso_fixed_collision_box_1
proxy_geom: scene_aabb_proxy_line_6_belt
judge_collision_detected:
robot_base_x: 10.415398
robot_base_y: -7.277073
robot_base_yaw: 3.138880
robot_geom: robot0_torso_fixed_collision_box_1
proxy_geom: scene_aabb_proxy_line_6_output_side_protrusion
judge_collision_detected:
robot_base_x: 10.415398
robot_base_y: -7.277073
robot_base_yaw: 3.138880
robot_geom: robot0_torso_fixed_collision_box_1
proxy_geom: scene_aabb_proxy_output_6
judge_collision_detected:
robot_base_x: 10.415398
robot_base_y: -7.277073
robot_base_yaw: 3.138880
robot_geom: robot0_torso_fixed_collision_box_1
proxy_geom: scene_aabb_proxy_production_line_6
judge_collision_detected:
robot_base_x: 10.415398
robot_base_y: -7.277073
robot_base_yaw: 3.138880
robot_geom: robot0_torso_fixed_column_collision
proxy_geom: scene_aabb_proxy_line_6_output_side_protrusion
judge_collision_detected:
robot_base_x: 10.415398
robot_base_y: -7.277073
robot_base_yaw: 3.138880
robot_geom: robot0_wheel_left_collision
proxy_geom: scene_aabb_proxy_line_6_output_side_protrusion
judge_collision_detected:
robot_base_x: 10.415398
robot_base_y: -7.277073
robot_base_yaw: 3.138880
robot_geom: robot0_wheel_right_collision
proxy_geom: scene_aabb_proxy_line_6_output_side_protrusion
judge_collision_detected:
robot_base_x: 10.415398
robot_base_y: -7.277073
robot_base_yaw: 3.138880
robot_geom: robot0_wheel_right_collision
proxy_geom: scene_aabb_proxy_production_line_6
judge_collision_detected:
robot_base_x: 10.407205
robot_base_y: -7.277525
robot_base_yaw: 3.138196
robot_geom: robot0_back_left_caster_2
proxy_geom: scene_aabb_proxy_line_6_output_side_protrusion
judge_collision_detected:
robot_base_x: 10.407205
robot_base_y: -7.277525
robot_base_yaw: 3.138196
robot_geom: robot0_back_right_caster_2
proxy_geom: scene_aabb_proxy_line_6_output_side_protrusion
judge_collision_detected:
robot_base_x: 10.407205
robot_base_y: -7.277525
robot_base_yaw: 3.138196
robot_geom: robot0_base_collision
proxy_geom: scene_aabb_proxy_line_6_belt
judge_collision_detected:
robot_base_x: 10.407205
robot_base_y: -7.277525
robot_base_yaw: 3.138196
robot_geom: robot0_base_collision
proxy_geom: scene_aabb_proxy_line_6_output_side_protrusion
judge_collision_detected:
robot_base_x: 10.407205
robot_base_y: -7.277525
robot_base_yaw: 3.138196
robot_geom: robot0_base_collision
proxy_geom: scene_aabb_proxy_output_6
judge_collision_detected:
robot_base_x: 10.407205
robot_base_y: -7.277525
robot_base_yaw: 3.138196
robot_geom: robot0_base_collision
proxy_geom: scene_aabb_proxy_production_line_6
judge_collision_detected:
robot_base_x: 10.407205
robot_base_y: -7.277525
robot_base_yaw: 3.138196
robot_geom: robot0_front_left_caster_2
proxy_geom: scene_aabb_proxy_output_6
judge_collision_detected:
robot_base_x: 10.407205
robot_base_y: -7.277525
robot_base_yaw: 3.138196
robot_geom: robot0_front_right_caster_2
proxy_geom: scene_aabb_proxy_output_6
judge_collision_detected:
robot_base_x: 10.407205
robot_base_y: -7.277525
robot_base_yaw: 3.138196
robot_geom: robot0_torso_fixed_collision_box_1
proxy_geom: scene_aabb_proxy_line_6_belt
judge_collision_detected:
robot_base_x: 10.407205
robot_base_y: -7.277525
robot_base_yaw: 3.138196
robot_geom: robot0_torso_fixed_collision_box_1
proxy_geom: scene_aabb_proxy_line_6_output_side_protrusion
judge_collision_detected:
robot_base_x: 10.407205
robot_base_y: -7.277525
robot_base_yaw: 3.138196
robot_geom: robot0_torso_fixed_collision_box_1
proxy_geom: scene_aabb_proxy_output_6
judge_collision_detected:
robot_base_x: 10.407205
robot_base_y: -7.277525
robot_base_yaw: 3.138196
robot_geom: robot0_torso_fixed_collision_box_1
proxy_geom: scene_aabb_proxy_production_line_6
judge_collision_detected:
robot_base_x: 10.407205
robot_base_y: -7.277525
robot_base_yaw: 3.138196
robot_geom: robot0_torso_fixed_column_collision
proxy_geom: scene_aabb_proxy_line_6_output_side_protrusion
judge_collision_detected:
robot_base_x: 10.407205
robot_base_y: -7.277525
robot_base_yaw: 3.138196
robot_geom: robot0_wheel_left_collision
proxy_geom: scene_aabb_proxy_line_6_output_side_protrusion
judge_collision_detected:
robot_base_x: 10.407205
robot_base_y: -7.277525
robot_base_yaw: 3.138196
robot_geom: robot0_wheel_right_collision
proxy_geom: scene_aabb_proxy_line_6_output_side_protrusion
judge_collision_detected:
robot_base_x: 10.407205
robot_base_y: -7.277525
robot_base_yaw: 3.138196
robot_geom: robot0_wheel_right_collision
proxy_geom: scene_aabb_proxy_production_line_6
judge_collision_detected:
robot_base_x: 10.400296
robot_base_y: -7.277987
robot_base_yaw: 3.137639
robot_geom: robot0_back_left_caster_2
proxy_geom: scene_aabb_proxy_line_6_output_side_protrusion
judge_collision_detected:
robot_base_x: 10.400296
robot_base_y: -7.277987
robot_base_yaw: 3.137639
robot_geom: robot0_back_right_caster_2
proxy_geom: scene_aabb_proxy_line_6_output_side_protrusion
judge_collision_detected:
robot_base_x: 10.400296
robot_base_y: -7.277987
robot_base_yaw: 3.137639
robot_geom: robot0_base_collision
proxy_geom: scene_aabb_proxy_line_6_belt
judge_collision_detected:
robot_base_x: 10.400296
robot_base_y: -7.277987
robot_base_yaw: 3.137639
robot_geom: robot0_base_collision
proxy_geom: scene_aabb_proxy_line_6_output_side_protrusion
judge_collision_detected:
robot_base_x: 10.400296
robot_base_y: -7.277987
robot_base_yaw: 3.137639
robot_geom: robot0_base_collision
proxy_geom: scene_aabb_proxy_output_6
judge_collision_detected:
robot_base_x: 10.400296
robot_base_y: -7.277987
robot_base_yaw: 3.137639
robot_geom: robot0_base_collision
proxy_geom: scene_aabb_proxy_production_line_6
judge_collision_detected:
robot_base_x: 10.400296
robot_base_y: -7.277987
robot_base_yaw: 3.137639
robot_geom: robot0_front_left_caster_2
proxy_geom: scene_aabb_proxy_output_6
judge_collision_detected:
robot_base_x: 10.400296
robot_base_y: -7.277987
robot_base_yaw: 3.137639
robot_geom: robot0_front_right_caster_2
proxy_geom: scene_aabb_proxy_output_6
judge_collision_detected:
robot_base_x: 10.400296
robot_base_y: -7.277987
robot_base_yaw: 3.137639
robot_geom: robot0_torso_fixed_collision_box_1
proxy_geom: scene_aabb_proxy_line_6_belt
judge_collision_detected:
robot_base_x: 10.400296
robot_base_y: -7.277987
robot_base_yaw: 3.137639
robot_geom: robot0_torso_fixed_collision_box_1
proxy_geom: scene_aabb_proxy_line_6_output_side_protrusion
judge_collision_detected:
robot_base_x: 10.400296
robot_base_y: -7.277987
robot_base_yaw: 3.137639
robot_geom: robot0_torso_fixed_collision_box_1
proxy_geom: scene_aabb_proxy_output_6
judge_collision_detected:
robot_base_x: 10.400296
robot_base_y: -7.277987
robot_base_yaw: 3.137639
robot_geom: robot0_torso_fixed_collision_box_1
proxy_geom: scene_aabb_proxy_production_line_6
judge_collision_detected:
robot_base_x: 10.400296
robot_base_y: -7.277987
robot_base_yaw: 3.137639
robot_geom: robot0_torso_fixed_column_collision
proxy_geom: scene_aabb_proxy_line_6_output_side_protrusion
judge_collision_detected:
robot_base_x: 10.400296
robot_base_y: -7.277987
robot_base_yaw: 3.137639
robot_geom: robot0_wheel_left_collision
proxy_geom: scene_aabb_proxy_line_6_output_side_protrusion
judge_collision_detected:
robot_base_x: 10.400296
robot_base_y: -7.277987
robot_base_yaw: 3.137639
robot_geom: robot0_wheel_right_collision
proxy_geom: scene_aabb_proxy_line_6_output_side_protrusion
judge_collision_detected:
robot_base_x: 10.400296
robot_base_y: -7.277987
robot_base_yaw: 3.137639
robot_geom: robot0_wheel_right_collision
proxy_geom: scene_aabb_proxy_production_line_6
judge_collision_detected:
robot_base_x: 10.394171
robot_base_y: -7.278427
robot_base_yaw: 3.137185
robot_geom: robot0_back_left_caster_2
proxy_geom: scene_aabb_proxy_line_6_output_side_protrusion
judge_collision_detected:
robot_base_x: 10.394171
robot_base_y: -7.278427
robot_base_yaw: 3.137185
robot_geom: robot0_back_right_caster_2
proxy_geom: scene_aabb_proxy_line_6_output_side_protrusion
judge_collision_detected:
robot_base_x: 10.394171
robot_base_y: -7.278427
robot_base_yaw: 3.137185
robot_geom: robot0_base_collision
proxy_geom: scene_aabb_proxy_line_6_belt
judge_collision_detected:
robot_base_x: 10.394171
robot_base_y: -7.278427
robot_base_yaw: 3.137185
robot_geom: robot0_base_collision
proxy_geom: scene_aabb_proxy_line_6_output_side_protrusion
judge_collision_detected:
robot_base_x: 10.394171
robot_base_y: -7.278427
robot_base_yaw: 3.137185
robot_geom: robot0_base_collision
proxy_geom: scene_aabb_proxy_output_6
judge_collision_detected:
robot_base_x: 10.394171
robot_base_y: -7.278427
robot_base_yaw: 3.137185
robot_geom: robot0_base_collision
proxy_geom: scene_aabb_proxy_production_line_6
judge_collision_detected:
robot_base_x: 10.394171
robot_base_y: -7.278427
robot_base_yaw: 3.137185
robot_geom: robot0_front_left_caster_2
proxy_geom: scene_aabb_proxy_output_6
judge_collision_detected:
robot_base_x: 10.394171
robot_base_y: -7.278427
robot_base_yaw: 3.137185
robot_geom: robot0_front_right_caster_2
proxy_geom: scene_aabb_proxy_output_6
judge_collision_detected:
robot_base_x: 10.394171
robot_base_y: -7.278427
robot_base_yaw: 3.137185
robot_geom: robot0_torso_fixed_collision_box_1
proxy_geom: scene_aabb_proxy_line_6_output_side_protrusion
judge_collision_detected:
robot_base_x: 10.394171
robot_base_y: -7.278427
robot_base_yaw: 3.137185
robot_geom: robot0_torso_fixed_collision_box_1
proxy_geom: scene_aabb_proxy_output_6
judge_collision_detected:
robot_base_x: 10.394171
robot_base_y: -7.278427
robot_base_yaw: 3.137185
robot_geom: robot0_torso_fixed_collision_box_1
proxy_geom: scene_aabb_proxy_production_line_6
judge_collision_detected:
robot_base_x: 10.394171
robot_base_y: -7.278427
robot_base_yaw: 3.137185
robot_geom: robot0_torso_fixed_column_collision
proxy_geom: scene_aabb_proxy_line_6_output_side_protrusion
judge_collision_detected:
robot_base_x: 10.394171
robot_base_y: -7.278427
robot_base_yaw: 3.137185
robot_geom: robot0_wheel_left_collision
proxy_geom: scene_aabb_proxy_line_6_output_side_protrusion
judge_collision_detected:
robot_base_x: 10.394171
robot_base_y: -7.278427
robot_base_yaw: 3.137185
robot_geom: robot0_wheel_right_collision
proxy_geom: scene_aabb_proxy_line_6_output_side_protrusion
judge_collision_detected:
robot_base_x: 10.394171
robot_base_y: -7.278427
robot_base_yaw: 3.137185
robot_geom: robot0_wheel_right_collision
proxy_geom: scene_aabb_proxy_production_line_6
judge_collision_detected:
robot_base_x: 10.388574
robot_base_y: -7.278838
robot_base_yaw: 3.136785
robot_geom: robot0_back_left_caster_2
proxy_geom: scene_aabb_proxy_line_6_output_side_protrusion
judge_collision_detected:
robot_base_x: 10.388574
robot_base_y: -7.278838
robot_base_yaw: 3.136785
robot_geom: robot0_back_right_caster_2
proxy_geom: scene_aabb_proxy_line_6_output_side_protrusion
judge_collision_detected:
robot_base_x: 10.388574
robot_base_y: -7.278838
robot_base_yaw: 3.136785
robot_geom: robot0_base_collision
proxy_geom: scene_aabb_proxy_line_6_belt
judge_collision_detected:
robot_base_x: 10.388574
robot_base_y: -7.278838
robot_base_yaw: 3.136785
robot_geom: robot0_base_collision
proxy_geom: scene_aabb_proxy_line_6_output_side_protrusion
judge_collision_detected:
robot_base_x: 10.388574
robot_base_y: -7.278838
robot_base_yaw: 3.136785
robot_geom: robot0_base_collision
proxy_geom: scene_aabb_proxy_output_6
judge_collision_detected:
robot_base_x: 10.388574
robot_base_y: -7.278838
robot_base_yaw: 3.136785
robot_geom: robot0_base_collision
proxy_geom: scene_aabb_proxy_production_line_6
judge_collision_detected:
robot_base_x: 10.388574
robot_base_y: -7.278838
robot_base_yaw: 3.136785
robot_geom: robot0_front_left_caster_2
proxy_geom: scene_aabb_proxy_output_6
judge_collision_detected:
robot_base_x: 10.388574
robot_base_y: -7.278838
robot_base_yaw: 3.136785
robot_geom: robot0_front_right_caster_2
proxy_geom: scene_aabb_proxy_output_6
judge_collision_detected:
robot_base_x: 10.388574
robot_base_y: -7.278838
robot_base_yaw: 3.136785
robot_geom: robot0_torso_fixed_collision_box_1
proxy_geom: scene_aabb_proxy_line_6_output_side_protrusion
judge_collision_detected:
robot_base_x: 10.388574
robot_base_y: -7.278838
robot_base_yaw: 3.136785
robot_geom: robot0_torso_fixed_collision_box_1
proxy_geom: scene_aabb_proxy_output_6
judge_collision_detected:
robot_base_x: 10.388574
robot_base_y: -7.278838
robot_base_yaw: 3.136785
robot_geom: robot0_torso_fixed_collision_box_1
proxy_geom: scene_aabb_proxy_production_line_6
judge_collision_detected:
robot_base_x: 10.388574
robot_base_y: -7.278838
robot_base_yaw: 3.136785
robot_geom: robot0_torso_fixed_column_collision
proxy_geom: scene_aabb_proxy_line_6_output_side_protrusion
judge_collision_detected:
robot_base_x: 10.388574
robot_base_y: -7.278838
robot_base_yaw: 3.136785
robot_geom: robot0_wheel_left_collision
proxy_geom: scene_aabb_proxy_line_6_output_side_protrusion
judge_collision_detected:
robot_base_x: 10.388574
robot_base_y: -7.278838
robot_base_yaw: 3.136785
robot_geom: robot0_wheel_right_collision
proxy_geom: scene_aabb_proxy_line_6_output_side_protrusion
judge_collision_detected:
robot_base_x: 10.388574
robot_base_y: -7.278838
robot_base_yaw: 3.136785
robot_geom: robot0_wheel_right_collision
proxy_geom: scene_aabb_proxy_production_line_6
judge_collision_detected:
robot_base_x: 10.383572
robot_base_y: -7.279206
robot_base_yaw: 3.136655
robot_geom: robot0_back_left_caster_2
proxy_geom: scene_aabb_proxy_line_6_output_side_protrusion
judge_collision_detected:
robot_base_x: 10.383572
robot_base_y: -7.279206
robot_base_yaw: 3.136655
robot_geom: robot0_back_right_caster_2
proxy_geom: scene_aabb_proxy_line_6_output_side_protrusion
judge_collision_detected:
robot_base_x: 10.383572
robot_base_y: -7.279206
robot_base_yaw: 3.136655
robot_geom: robot0_base_collision
proxy_geom: scene_aabb_proxy_line_6_belt
judge_collision_detected:
robot_base_x: 10.383572
robot_base_y: -7.279206
robot_base_yaw: 3.136655
robot_geom: robot0_base_collision
proxy_geom: scene_aabb_proxy_line_6_output_side_protrusion
judge_collision_detected:
robot_base_x: 10.383572
robot_base_y: -7.279206
robot_base_yaw: 3.136655
robot_geom: robot0_base_collision
proxy_geom: scene_aabb_proxy_output_6
judge_collision_detected:
robot_base_x: 10.383572
robot_base_y: -7.279206
robot_base_yaw: 3.136655
robot_geom: robot0_base_collision
proxy_geom: scene_aabb_proxy_production_line_6
judge_collision_detected:
robot_base_x: 10.383572
robot_base_y: -7.279206
robot_base_yaw: 3.136655
robot_geom: robot0_front_left_caster_2
proxy_geom: scene_aabb_proxy_output_6
judge_collision_detected:
robot_base_x: 10.383572
robot_base_y: -7.279206
robot_base_yaw: 3.136655
robot_geom: robot0_front_right_caster_2
proxy_geom: scene_aabb_proxy_output_6
judge_collision_detected:
robot_base_x: 10.383572
robot_base_y: -7.279206
robot_base_yaw: 3.136655
robot_geom: robot0_torso_fixed_collision_box_1
proxy_geom: scene_aabb_proxy_line_6_output_side_protrusion
judge_collision_detected:
robot_base_x: 10.383572
robot_base_y: -7.279206
robot_base_yaw: 3.136655
robot_geom: robot0_torso_fixed_collision_box_1
proxy_geom: scene_aabb_proxy_output_6
judge_collision_detected:
robot_base_x: 10.383572
robot_base_y: -7.279206
robot_base_yaw: 3.136655
robot_geom: robot0_torso_fixed_collision_box_1
proxy_geom: scene_aabb_proxy_production_line_6
judge_collision_detected:
robot_base_x: 10.383572
robot_base_y: -7.279206
robot_base_yaw: 3.136655
robot_geom: robot0_torso_fixed_column_collision
proxy_geom: scene_aabb_proxy_line_6_output_side_protrusion
judge_collision_detected:
robot_base_x: 10.383572
robot_base_y: -7.279206
robot_base_yaw: 3.136655
robot_geom: robot0_wheel_left_collision
proxy_geom: scene_aabb_proxy_line_6_output_side_protrusion
judge_collision_detected:
robot_base_x: 10.383572
robot_base_y: -7.279206
robot_base_yaw: 3.136655
robot_geom: robot0_wheel_left_collision
proxy_geom: scene_aabb_proxy_output_6
judge_collision_detected:
robot_base_x: 10.383572
robot_base_y: -7.279206
robot_base_yaw: 3.136655
robot_geom: robot0_wheel_right_collision
proxy_geom: scene_aabb_proxy_line_6_output_side_protrusion
judge_collision_detected:
robot_base_x: 10.383572
robot_base_y: -7.279206
robot_base_yaw: 3.136655
robot_geom: robot0_wheel_right_collision
proxy_geom: scene_aabb_proxy_output_6
judge_collision_detected:
robot_base_x: 10.383572
robot_base_y: -7.279206
robot_base_yaw: 3.136655
robot_geom: robot0_wheel_right_collision
proxy_geom: scene_aabb_proxy_production_line_6
judge_collision_detected:
robot_base_x: 10.380424
robot_base_y: -7.279519
robot_base_yaw: 3.136542
robot_geom: robot0_back_left_caster_2
proxy_geom: scene_aabb_proxy_line_6_output_side_protrusion
judge_collision_detected:
robot_base_x: 10.380424
robot_base_y: -7.279519
robot_base_yaw: 3.136542
robot_geom: robot0_back_right_caster_2
proxy_geom: scene_aabb_proxy_line_6_output_side_protrusion
judge_collision_detected:
robot_base_x: 10.380424
robot_base_y: -7.279519
robot_base_yaw: 3.136542
robot_geom: robot0_base_collision
proxy_geom: scene_aabb_proxy_line_6_belt
judge_collision_detected:
robot_base_x: 10.380424
robot_base_y: -7.279519
robot_base_yaw: 3.136542
robot_geom: robot0_base_collision
proxy_geom: scene_aabb_proxy_line_6_output_side_protrusion
judge_collision_detected:
robot_base_x: 10.380424
robot_base_y: -7.279519
robot_base_yaw: 3.136542
robot_geom: robot0_base_collision
proxy_geom: scene_aabb_proxy_output_6
judge_collision_detected:
robot_base_x: 10.380424
robot_base_y: -7.279519
robot_base_yaw: 3.136542
robot_geom: robot0_base_collision
proxy_geom: scene_aabb_proxy_production_line_6
judge_collision_detected:
robot_base_x: 10.380424
robot_base_y: -7.279519
robot_base_yaw: 3.136542
robot_geom: robot0_front_left_caster_2
proxy_geom: scene_aabb_proxy_output_6
judge_collision_detected:
robot_base_x: 10.380424
robot_base_y: -7.279519
robot_base_yaw: 3.136542
robot_geom: robot0_front_right_caster_2
proxy_geom: scene_aabb_proxy_output_6
judge_collision_detected:
robot_base_x: 10.380424
robot_base_y: -7.279519
robot_base_yaw: 3.136542
robot_geom: robot0_torso_fixed_collision_box_1
proxy_geom: scene_aabb_proxy_line_6_output_side_protrusion
judge_collision_detected:
robot_base_x: 10.380424
robot_base_y: -7.279519
robot_base_yaw: 3.136542
robot_geom: robot0_torso_fixed_collision_box_1
proxy_geom: scene_aabb_proxy_output_6
judge_collision_detected:
robot_base_x: 10.380424
robot_base_y: -7.279519
robot_base_yaw: 3.136542
robot_geom: robot0_torso_fixed_collision_box_1
proxy_geom: scene_aabb_proxy_production_line_6
judge_collision_detected:
robot_base_x: 10.380424
robot_base_y: -7.279519
robot_base_yaw: 3.136542
robot_geom: robot0_torso_fixed_column_collision
proxy_geom: scene_aabb_proxy_line_6_output_side_protrusion
judge_collision_detected:
robot_base_x: 10.380424
robot_base_y: -7.279519
robot_base_yaw: 3.136542
robot_geom: robot0_wheel_left_collision
proxy_geom: scene_aabb_proxy_line_6_output_side_protrusion
judge_collision_detected:
robot_base_x: 10.380424
robot_base_y: -7.279519
robot_base_yaw: 3.136542
robot_geom: robot0_wheel_left_collision
proxy_geom: scene_aabb_proxy_output_6
judge_collision_detected:
robot_base_x: 10.380424
robot_base_y: -7.279519
robot_base_yaw: 3.136542
robot_geom: robot0_wheel_right_collision
proxy_geom: scene_aabb_proxy_line_6_output_side_protrusion
judge_collision_detected:
robot_base_x: 10.380424
robot_base_y: -7.279519
robot_base_yaw: 3.136542
robot_geom: robot0_wheel_right_collision
proxy_geom: scene_aabb_proxy_output_6
judge_collision_detected:
robot_base_x: 10.380424
robot_base_y: -7.279519
robot_base_yaw: 3.136542
robot_geom: robot0_wheel_right_collision
proxy_geom: scene_aabb_proxy_production_line_6
judge_collision_detected:
robot_base_x: 10.378130
robot_base_y: -7.279803
robot_base_yaw: 3.135658
robot_geom: robot0_back_left_caster_2
proxy_geom: scene_aabb_proxy_line_6_output_side_protrusion
judge_collision_detected:
robot_base_x: 10.378130
robot_base_y: -7.279803
robot_base_yaw: 3.135658
robot_geom: robot0_back_right_caster_2
proxy_geom: scene_aabb_proxy_line_6_output_side_protrusion
judge_collision_detected:
robot_base_x: 10.378130
robot_base_y: -7.279803
robot_base_yaw: 3.135658
robot_geom: robot0_base_collision
proxy_geom: scene_aabb_proxy_line_6_belt
judge_collision_detected:
robot_base_x: 10.378130
robot_base_y: -7.279803
robot_base_yaw: 3.135658
robot_geom: robot0_base_collision
proxy_geom: scene_aabb_proxy_line_6_output_side_protrusion
judge_collision_detected:
robot_base_x: 10.378130
robot_base_y: -7.279803
robot_base_yaw: 3.135658
robot_geom: robot0_base_collision
proxy_geom: scene_aabb_proxy_output_6
judge_collision_detected:
robot_base_x: 10.378130
robot_base_y: -7.279803
robot_base_yaw: 3.135658
robot_geom: robot0_base_collision
proxy_geom: scene_aabb_proxy_production_line_6
judge_collision_detected:
robot_base_x: 10.378130
robot_base_y: -7.279803
robot_base_yaw: 3.135658
robot_geom: robot0_front_left_caster_2
proxy_geom: scene_aabb_proxy_output_6
judge_collision_detected:
robot_base_x: 10.378130
robot_base_y: -7.279803
robot_base_yaw: 3.135658
robot_geom: robot0_front_right_caster_2
proxy_geom: scene_aabb_proxy_output_6
judge_collision_detected:
robot_base_x: 10.378130
robot_base_y: -7.279803
robot_base_yaw: 3.135658
robot_geom: robot0_torso_fixed_collision_box_1
proxy_geom: scene_aabb_proxy_line_6_output_side_protrusion
judge_collision_detected:
robot_base_x: 10.378130
robot_base_y: -7.279803
robot_base_yaw: 3.135658
robot_geom: robot0_torso_fixed_collision_box_1
proxy_geom: scene_aabb_proxy_output_6
judge_collision_detected:
robot_base_x: 10.378130
robot_base_y: -7.279803
robot_base_yaw: 3.135658
robot_geom: robot0_torso_fixed_collision_box_1
proxy_geom: scene_aabb_proxy_production_line_6
judge_collision_detected:
robot_base_x: 10.378130
robot_base_y: -7.279803
robot_base_yaw: 3.135658
robot_geom: robot0_torso_fixed_column_collision
proxy_geom: scene_aabb_proxy_line_6_output_side_protrusion
judge_collision_detected:
robot_base_x: 10.378130
robot_base_y: -7.279803
robot_base_yaw: 3.135658
robot_geom: robot0_wheel_left_collision
proxy_geom: scene_aabb_proxy_line_6_output_side_protrusion
judge_collision_detected:
robot_base_x: 10.378130
robot_base_y: -7.279803
robot_base_yaw: 3.135658
robot_geom: robot0_wheel_left_collision
proxy_geom: scene_aabb_proxy_output_6
judge_collision_detected:
robot_base_x: 10.378130
robot_base_y: -7.279803
robot_base_yaw: 3.135658
robot_geom: robot0_wheel_right_collision
proxy_geom: scene_aabb_proxy_line_6_output_side_protrusion
judge_collision_detected:
robot_base_x: 10.378130
robot_base_y: -7.279803
robot_base_yaw: 3.135658
robot_geom: robot0_wheel_right_collision
proxy_geom: scene_aabb_proxy_output_6
judge_collision_detected:
robot_base_x: 10.378130
robot_base_y: -7.279803
robot_base_yaw: 3.135658
robot_geom: robot0_wheel_right_collision
proxy_geom: scene_aabb_proxy_production_line_6
judge_collision_detected:
robot_base_x: 10.376100
robot_base_y: -7.280088
robot_base_yaw: 3.134770
robot_geom: robot0_back_left_caster_2
proxy_geom: scene_aabb_proxy_line_6_output_side_protrusion
judge_collision_detected:
robot_base_x: 10.376100
robot_base_y: -7.280088
robot_base_yaw: 3.134770
robot_geom: robot0_back_right_caster_2
proxy_geom: scene_aabb_proxy_line_6_output_side_protrusion
judge_collision_detected:
robot_base_x: 10.376100
robot_base_y: -7.280088
robot_base_yaw: 3.134770
robot_geom: robot0_base_collision
proxy_geom: scene_aabb_proxy_line_6_belt
judge_collision_detected:
robot_base_x: 10.376100
robot_base_y: -7.280088
robot_base_yaw: 3.134770
robot_geom: robot0_base_collision
proxy_geom: scene_aabb_proxy_line_6_output_side_protrusion
judge_collision_detected:
robot_base_x: 10.376100
robot_base_y: -7.280088
robot_base_yaw: 3.134770
robot_geom: robot0_base_collision
proxy_geom: scene_aabb_proxy_output_6
judge_collision_detected:
robot_base_x: 10.376100
robot_base_y: -7.280088
robot_base_yaw: 3.134770
robot_geom: robot0_base_collision
proxy_geom: scene_aabb_proxy_production_line_6
judge_collision_detected:
robot_base_x: 10.376100
robot_base_y: -7.280088
robot_base_yaw: 3.134770
robot_geom: robot0_front_left_caster_2
proxy_geom: scene_aabb_proxy_output_6
judge_collision_detected:
robot_base_x: 10.376100
robot_base_y: -7.280088
robot_base_yaw: 3.134770
robot_geom: robot0_front_right_caster_2
proxy_geom: scene_aabb_proxy_output_6
judge_collision_detected:
robot_base_x: 10.376100
robot_base_y: -7.280088
robot_base_yaw: 3.134770
robot_geom: robot0_torso_fixed_collision_box_1
proxy_geom: scene_aabb_proxy_line_6_output_side_protrusion
judge_collision_detected:
robot_base_x: 10.376100
robot_base_y: -7.280088
robot_base_yaw: 3.134770
robot_geom: robot0_torso_fixed_collision_box_1
proxy_geom: scene_aabb_proxy_output_6
judge_collision_detected:
robot_base_x: 10.376100
robot_base_y: -7.280088
robot_base_yaw: 3.134770
robot_geom: robot0_torso_fixed_collision_box_1
proxy_geom: scene_aabb_proxy_production_line_6
judge_collision_detected:
robot_base_x: 10.376100
robot_base_y: -7.280088
robot_base_yaw: 3.134770
robot_geom: robot0_torso_fixed_column_collision
proxy_geom: scene_aabb_proxy_line_6_output_side_protrusion
judge_collision_detected:
robot_base_x: 10.376100
robot_base_y: -7.280088
robot_base_yaw: 3.134770
robot_geom: robot0_wheel_left_collision
proxy_geom: scene_aabb_proxy_line_6_output_side_protrusion
judge_collision_detected:
robot_base_x: 10.376100
robot_base_y: -7.280088
robot_base_yaw: 3.134770
robot_geom: robot0_wheel_left_collision
proxy_geom: scene_aabb_proxy_output_6
judge_collision_detected:
robot_base_x: 10.376100
robot_base_y: -7.280088
robot_base_yaw: 3.134770
robot_geom: robot0_wheel_right_collision
proxy_geom: scene_aabb_proxy_line_6_output_side_protrusion
judge_collision_detected:
robot_base_x: 10.376100
robot_base_y: -7.280088
robot_base_yaw: 3.134770
robot_geom: robot0_wheel_right_collision
proxy_geom: scene_aabb_proxy_output_6
judge_collision_detected:
robot_base_x: 10.376100
robot_base_y: -7.280088
robot_base_yaw: 3.134770
robot_geom: robot0_wheel_right_collision
proxy_geom: scene_aabb_proxy_production_line_6
judge_collision_detected:
robot_base_x: 10.374158
robot_base_y: -7.280367
robot_base_yaw: 3.133927
robot_geom: robot0_back_left_caster_2
proxy_geom: scene_aabb_proxy_line_6_output_side_protrusion
judge_collision_detected:
robot_base_x: 10.374158
robot_base_y: -7.280367
robot_base_yaw: 3.133927
robot_geom: robot0_back_right_caster_2
proxy_geom: scene_aabb_proxy_line_6_output_side_protrusion
judge_collision_detected:
robot_base_x: 10.374158
robot_base_y: -7.280367
robot_base_yaw: 3.133927
robot_geom: robot0_base_collision
proxy_geom: scene_aabb_proxy_line_6_output_side_protrusion
judge_collision_detected:
robot_base_x: 10.374158
robot_base_y: -7.280367
robot_base_yaw: 3.133927
robot_geom: robot0_base_collision
proxy_geom: scene_aabb_proxy_output_6
judge_collision_detected:
robot_base_x: 10.374158
robot_base_y: -7.280367
robot_base_yaw: 3.133927
robot_geom: robot0_base_collision
proxy_geom: scene_aabb_proxy_production_line_6
judge_collision_detected:
robot_base_x: 10.374158
robot_base_y: -7.280367
robot_base_yaw: 3.133927
robot_geom: robot0_front_left_caster_2
proxy_geom: scene_aabb_proxy_output_6
judge_collision_detected:
robot_base_x: 10.374158
robot_base_y: -7.280367
robot_base_yaw: 3.133927
robot_geom: robot0_front_right_caster_2
proxy_geom: scene_aabb_proxy_output_6
judge_collision_detected:
robot_base_x: 10.374158
robot_base_y: -7.280367
robot_base_yaw: 3.133927
robot_geom: robot0_torso_fixed_collision_box_1
proxy_geom: scene_aabb_proxy_line_6_output_side_protrusion
judge_collision_detected:
robot_base_x: 10.374158
robot_base_y: -7.280367
robot_base_yaw: 3.133927
robot_geom: robot0_torso_fixed_collision_box_1
proxy_geom: scene_aabb_proxy_output_6
judge_collision_detected:
robot_base_x: 10.374158
robot_base_y: -7.280367
robot_base_yaw: 3.133927
robot_geom: robot0_torso_fixed_collision_box_1
proxy_geom: scene_aabb_proxy_production_line_6
judge_collision_detected:
robot_base_x: 10.374158
robot_base_y: -7.280367
robot_base_yaw: 3.133927
robot_geom: robot0_torso_fixed_column_collision
proxy_geom: scene_aabb_proxy_line_6_output_side_protrusion
judge_collision_detected:
robot_base_x: 10.374158
robot_base_y: -7.280367
robot_base_yaw: 3.133927
robot_geom: robot0_wheel_left_collision
proxy_geom: scene_aabb_proxy_line_6_output_side_protrusion
judge_collision_detected:
robot_base_x: 10.374158
robot_base_y: -7.280367
robot_base_yaw: 3.133927
robot_geom: robot0_wheel_left_collision
proxy_geom: scene_aabb_proxy_output_6
judge_collision_detected:
robot_base_x: 10.374158
robot_base_y: -7.280367
robot_base_yaw: 3.133927
robot_geom: robot0_wheel_right_collision
proxy_geom: scene_aabb_proxy_line_6_output_side_protrusion
judge_collision_detected:
robot_base_x: 10.374158
robot_base_y: -7.280367
robot_base_yaw: 3.133927
robot_geom: robot0_wheel_right_collision
proxy_geom: scene_aabb_proxy_output_6
judge_collision_detected:
robot_base_x: 10.374158
robot_base_y: -7.280367
robot_base_yaw: 3.133927
robot_geom: robot0_wheel_right_collision
proxy_geom: scene_aabb_proxy_production_line_6
judge_collision_detected:
robot_base_x: 10.372279
robot_base_y: -7.280639
robot_base_yaw: 3.133132
robot_geom: robot0_back_left_caster_2
proxy_geom: scene_aabb_proxy_line_6_output_side_protrusion
judge_collision_detected:
robot_base_x: 10.372279
robot_base_y: -7.280639
robot_base_yaw: 3.133132
robot_geom: robot0_back_right_caster_2
proxy_geom: scene_aabb_proxy_line_6_output_side_protrusion
judge_collision_detected:
robot_base_x: 10.372279
robot_base_y: -7.280639
robot_base_yaw: 3.133132
robot_geom: robot0_base_collision
proxy_geom: scene_aabb_proxy_line_6_output_side_protrusion
judge_collision_detected:
robot_base_x: 10.372279
robot_base_y: -7.280639
robot_base_yaw: 3.133132
robot_geom: robot0_base_collision
proxy_geom: scene_aabb_proxy_output_6
judge_collision_detected:
robot_base_x: 10.372279
robot_base_y: -7.280639
robot_base_yaw: 3.133132
robot_geom: robot0_base_collision
proxy_geom: scene_aabb_proxy_production_line_6
judge_collision_detected:
robot_base_x: 10.372279
robot_base_y: -7.280639
robot_base_yaw: 3.133132
robot_geom: robot0_front_left_caster_2
proxy_geom: scene_aabb_proxy_output_6
judge_collision_detected:
robot_base_x: 10.372279
robot_base_y: -7.280639
robot_base_yaw: 3.133132
robot_geom: robot0_front_right_caster_2
proxy_geom: scene_aabb_proxy_output_6
judge_collision_detected:
robot_base_x: 10.372279
robot_base_y: -7.280639
robot_base_yaw: 3.133132
robot_geom: robot0_torso_fixed_collision_box_1
proxy_geom: scene_aabb_proxy_line_6_output_side_protrusion
judge_collision_detected:
robot_base_x: 10.372279
robot_base_y: -7.280639
robot_base_yaw: 3.133132
robot_geom: robot0_torso_fixed_collision_box_1
proxy_geom: scene_aabb_proxy_output_6
judge_collision_detected:
robot_base_x: 10.372279
robot_base_y: -7.280639
robot_base_yaw: 3.133132
robot_geom: robot0_torso_fixed_collision_box_1
proxy_geom: scene_aabb_proxy_production_line_6
judge_collision_detected:
robot_base_x: 10.372279
robot_base_y: -7.280639
robot_base_yaw: 3.133132
robot_geom: robot0_torso_fixed_column_collision
proxy_geom: scene_aabb_proxy_line_6_output_side_protrusion
judge_collision_detected:
robot_base_x: 10.372279
robot_base_y: -7.280639
robot_base_yaw: 3.133132
robot_geom: robot0_wheel_left_collision
proxy_geom: scene_aabb_proxy_line_6_output_side_protrusion
judge_collision_detected:
robot_base_x: 10.372279
robot_base_y: -7.280639
robot_base_yaw: 3.133132
robot_geom: robot0_wheel_left_collision
proxy_geom: scene_aabb_proxy_output_6
judge_collision_detected:
robot_base_x: 10.372279
robot_base_y: -7.280639
robot_base_yaw: 3.133132
robot_geom: robot0_wheel_right_collision
proxy_geom: scene_aabb_proxy_line_6_output_side_protrusion
judge_collision_detected:
robot_base_x: 10.372279
robot_base_y: -7.280639
robot_base_yaw: 3.133132
robot_geom: robot0_wheel_right_collision
proxy_geom: scene_aabb_proxy_output_6
judge_collision_detected:
robot_base_x: 10.372279
robot_base_y: -7.280639
robot_base_yaw: 3.133132
robot_geom: robot0_wheel_right_collision
proxy_geom: scene_aabb_proxy_production_line_6
judge_collision_detected:
robot_base_x: 10.370059
robot_base_y: -7.280923
robot_base_yaw: 3.132367
robot_geom: robot0_back_left_caster_2
proxy_geom: scene_aabb_proxy_line_6_output_side_protrusion
judge_collision_detected:
robot_base_x: 10.370059
robot_base_y: -7.280923
robot_base_yaw: 3.132367
robot_geom: robot0_back_right_caster_2
proxy_geom: scene_aabb_proxy_line_6_output_side_protrusion
judge_collision_detected:
robot_base_x: 10.370059
robot_base_y: -7.280923
robot_base_yaw: 3.132367
robot_geom: robot0_base_collision
proxy_geom: scene_aabb_proxy_line_6_output_side_protrusion
judge_collision_detected:
robot_base_x: 10.370059
robot_base_y: -7.280923
robot_base_yaw: 3.132367
robot_geom: robot0_base_collision
proxy_geom: scene_aabb_proxy_output_6
judge_collision_detected:
robot_base_x: 10.370059
robot_base_y: -7.280923
robot_base_yaw: 3.132367
robot_geom: robot0_base_collision
proxy_geom: scene_aabb_proxy_production_line_6
judge_collision_detected:
robot_base_x: 10.370059
robot_base_y: -7.280923
robot_base_yaw: 3.132367
robot_geom: robot0_front_left_caster_2
proxy_geom: scene_aabb_proxy_output_6
judge_collision_detected:
robot_base_x: 10.370059
robot_base_y: -7.280923
robot_base_yaw: 3.132367
robot_geom: robot0_front_right_caster_2
proxy_geom: scene_aabb_proxy_output_6
judge_collision_detected:
robot_base_x: 10.370059
robot_base_y: -7.280923
robot_base_yaw: 3.132367
robot_geom: robot0_torso_fixed_collision_box_1
proxy_geom: scene_aabb_proxy_line_6_output_side_protrusion
judge_collision_detected:
robot_base_x: 10.370059
robot_base_y: -7.280923
robot_base_yaw: 3.132367
robot_geom: robot0_torso_fixed_collision_box_1
proxy_geom: scene_aabb_proxy_output_6
judge_collision_detected:
robot_base_x: 10.370059
robot_base_y: -7.280923
robot_base_yaw: 3.132367
robot_geom: robot0_torso_fixed_collision_box_1
proxy_geom: scene_aabb_proxy_production_line_6
judge_collision_detected:
robot_base_x: 10.370059
robot_base_y: -7.280923
robot_base_yaw: 3.132367
robot_geom: robot0_torso_fixed_column_collision
proxy_geom: scene_aabb_proxy_line_6_output_side_protrusion
judge_collision_detected:
robot_base_x: 10.370059
robot_base_y: -7.280923
robot_base_yaw: 3.132367
robot_geom: robot0_wheel_left_collision
proxy_geom: scene_aabb_proxy_line_6_output_side_protrusion
judge_collision_detected:
robot_base_x: 10.370059
robot_base_y: -7.280923
robot_base_yaw: 3.132367
robot_geom: robot0_wheel_left_collision
proxy_geom: scene_aabb_proxy_output_6
judge_collision_detected:
robot_base_x: 10.370059
robot_base_y: -7.280923
robot_base_yaw: 3.132367
robot_geom: robot0_wheel_right_collision
proxy_geom: scene_aabb_proxy_line_6_output_side_protrusion
judge_collision_detected:
robot_base_x: 10.370059
robot_base_y: -7.280923
robot_base_yaw: 3.132367
robot_geom: robot0_wheel_right_collision
proxy_geom: scene_aabb_proxy_output_6
judge_collision_detected:
robot_base_x: 10.370059
robot_base_y: -7.280923
robot_base_yaw: 3.132367
robot_geom: robot0_wheel_right_collision
proxy_geom: scene_aabb_proxy_production_line_6
judge_collision_detected:
robot_base_x: 10.367620
robot_base_y: -7.281202
robot_base_yaw: 3.130927
robot_geom: robot0_back_left_caster_2
proxy_geom: scene_aabb_proxy_line_6_output_side_protrusion
judge_collision_detected:
robot_base_x: 10.367620
robot_base_y: -7.281202
robot_base_yaw: 3.130927
robot_geom: robot0_back_right_caster_2
proxy_geom: scene_aabb_proxy_line_6_output_side_protrusion
judge_collision_detected:
robot_base_x: 10.367620
robot_base_y: -7.281202
robot_base_yaw: 3.130927
robot_geom: robot0_base_collision
proxy_geom: scene_aabb_proxy_line_6_output_side_protrusion
judge_collision_detected:
robot_base_x: 10.367620
robot_base_y: -7.281202
robot_base_yaw: 3.130927
robot_geom: robot0_base_collision
proxy_geom: scene_aabb_proxy_output_6
judge_collision_detected:
robot_base_x: 10.367620
robot_base_y: -7.281202
robot_base_yaw: 3.130927
robot_geom: robot0_base_collision
proxy_geom: scene_aabb_proxy_production_line_6
judge_collision_detected:
robot_base_x: 10.367620
robot_base_y: -7.281202
robot_base_yaw: 3.130927
robot_geom: robot0_front_left_caster_2
proxy_geom: scene_aabb_proxy_output_6
judge_collision_detected:
robot_base_x: 10.367620
robot_base_y: -7.281202
robot_base_yaw: 3.130927
robot_geom: robot0_front_right_caster_2
proxy_geom: scene_aabb_proxy_output_6
judge_collision_detected:
robot_base_x: 10.367620
robot_base_y: -7.281202
robot_base_yaw: 3.130927
robot_geom: robot0_torso_fixed_collision_box_1
proxy_geom: scene_aabb_proxy_line_6_output_side_protrusion
judge_collision_detected:
robot_base_x: 10.367620
robot_base_y: -7.281202
robot_base_yaw: 3.130927
robot_geom: robot0_torso_fixed_collision_box_1
proxy_geom: scene_aabb_proxy_output_6
judge_collision_detected:
robot_base_x: 10.367620
robot_base_y: -7.281202
robot_base_yaw: 3.130927
robot_geom: robot0_torso_fixed_collision_box_1
proxy_geom: scene_aabb_proxy_production_line_6
judge_collision_detected:
robot_base_x: 10.367620
robot_base_y: -7.281202
robot_base_yaw: 3.130927
robot_geom: robot0_torso_fixed_column_collision
proxy_geom: scene_aabb_proxy_line_6_output_side_protrusion
judge_collision_detected:
robot_base_x: 10.367620
robot_base_y: -7.281202
robot_base_yaw: 3.130927
robot_geom: robot0_wheel_left_collision
proxy_geom: scene_aabb_proxy_line_6_output_side_protrusion
judge_collision_detected:
robot_base_x: 10.367620
robot_base_y: -7.281202
robot_base_yaw: 3.130927
robot_geom: robot0_wheel_left_collision
proxy_geom: scene_aabb_proxy_output_6
judge_collision_detected:
robot_base_x: 10.367620
robot_base_y: -7.281202
robot_base_yaw: 3.130927
robot_geom: robot0_wheel_right_collision
proxy_geom: scene_aabb_proxy_line_6_output_side_protrusion
judge_collision_detected:
robot_base_x: 10.367620
robot_base_y: -7.281202
robot_base_yaw: 3.130927
robot_geom: robot0_wheel_right_collision
proxy_geom: scene_aabb_proxy_output_6
judge_collision_detected:
robot_base_x: 10.367620
robot_base_y: -7.281202
robot_base_yaw: 3.130927
robot_geom: robot0_wheel_right_collision
proxy_geom: scene_aabb_proxy_production_line_6
judge_collision_detected:
robot_base_x: 10.365402
robot_base_y: -7.281421
robot_base_yaw: 3.129463
robot_geom: robot0_back_left_caster_2
proxy_geom: scene_aabb_proxy_line_6_output_side_protrusion
judge_collision_detected:
robot_base_x: 10.365402
robot_base_y: -7.281421
robot_base_yaw: 3.129463
robot_geom: robot0_back_right_caster_2
proxy_geom: scene_aabb_proxy_line_6_output_side_protrusion
judge_collision_detected:
robot_base_x: 10.365402
robot_base_y: -7.281421
robot_base_yaw: 3.129463
robot_geom: robot0_base_collision
proxy_geom: scene_aabb_proxy_line_6_output_side_protrusion
judge_collision_detected:
robot_base_x: 10.365402
robot_base_y: -7.281421
robot_base_yaw: 3.129463
robot_geom: robot0_base_collision
proxy_geom: scene_aabb_proxy_output_6
judge_collision_detected:
robot_base_x: 10.365402
robot_base_y: -7.281421
robot_base_yaw: 3.129463
robot_geom: robot0_base_collision
proxy_geom: scene_aabb_proxy_production_line_6
judge_collision_detected:
robot_base_x: 10.365402
robot_base_y: -7.281421
robot_base_yaw: 3.129463
robot_geom: robot0_front_left_caster_2
proxy_geom: scene_aabb_proxy_output_6
judge_collision_detected:
robot_base_x: 10.365402
robot_base_y: -7.281421
robot_base_yaw: 3.129463
robot_geom: robot0_front_right_caster_2
proxy_geom: scene_aabb_proxy_output_6
judge_collision_detected:
robot_base_x: 10.365402
robot_base_y: -7.281421
robot_base_yaw: 3.129463
robot_geom: robot0_torso_fixed_collision_box_1
proxy_geom: scene_aabb_proxy_line_6_output_side_protrusion
judge_collision_detected:
robot_base_x: 10.365402
robot_base_y: -7.281421
robot_base_yaw: 3.129463
robot_geom: robot0_torso_fixed_collision_box_1
proxy_geom: scene_aabb_proxy_output_6
judge_collision_detected:
robot_base_x: 10.365402
robot_base_y: -7.281421
robot_base_yaw: 3.129463
robot_geom: robot0_torso_fixed_collision_box_1
proxy_geom: scene_aabb_proxy_production_line_6
judge_collision_detected:
robot_base_x: 10.365402
robot_base_y: -7.281421
robot_base_yaw: 3.129463
robot_geom: robot0_torso_fixed_column_collision
proxy_geom: scene_aabb_proxy_line_6_output_side_protrusion
judge_collision_detected:
robot_base_x: 10.365402
robot_base_y: -7.281421
robot_base_yaw: 3.129463
robot_geom: robot0_wheel_left_collision
proxy_geom: scene_aabb_proxy_line_6_output_side_protrusion
judge_collision_detected:
robot_base_x: 10.365402
robot_base_y: -7.281421
robot_base_yaw: 3.129463
robot_geom: robot0_wheel_left_collision
proxy_geom: scene_aabb_proxy_output_6
judge_collision_detected:
robot_base_x: 10.365402
robot_base_y: -7.281421
robot_base_yaw: 3.129463
robot_geom: robot0_wheel_right_collision
proxy_geom: scene_aabb_proxy_line_6_output_side_protrusion
judge_collision_detected:
robot_base_x: 10.365402
robot_base_y: -7.281421
robot_base_yaw: 3.129463
robot_geom: robot0_wheel_right_collision
proxy_geom: scene_aabb_proxy_output_6
judge_collision_detected:
robot_base_x: 10.365402
robot_base_y: -7.281421
robot_base_yaw: 3.129463
robot_geom: robot0_wheel_right_collision
proxy_geom: scene_aabb_proxy_production_line_6
judge_collision_detected:
robot_base_x: 10.363038
robot_base_y: -7.281638
robot_base_yaw: 3.129234
robot_geom: robot0_back_left_caster_2
proxy_geom: scene_aabb_proxy_line_6_output_side_protrusion
judge_collision_detected:
robot_base_x: 10.363038
robot_base_y: -7.281638
robot_base_yaw: 3.129234
robot_geom: robot0_back_right_caster_2
proxy_geom: scene_aabb_proxy_line_6_output_side_protrusion
judge_collision_detected:
robot_base_x: 10.363038
robot_base_y: -7.281638
robot_base_yaw: 3.129234
robot_geom: robot0_base_collision
proxy_geom: scene_aabb_proxy_line_6_output_side_protrusion
judge_collision_detected:
robot_base_x: 10.363038
robot_base_y: -7.281638
robot_base_yaw: 3.129234
robot_geom: robot0_base_collision
proxy_geom: scene_aabb_proxy_output_6
judge_collision_detected:
robot_base_x: 10.363038
robot_base_y: -7.281638
robot_base_yaw: 3.129234
robot_geom: robot0_base_collision
proxy_geom: scene_aabb_proxy_production_line_6
judge_collision_detected:
robot_base_x: 10.363038
robot_base_y: -7.281638
robot_base_yaw: 3.129234
robot_geom: robot0_front_left_caster_2
proxy_geom: scene_aabb_proxy_output_6
judge_collision_detected:
robot_base_x: 10.363038
robot_base_y: -7.281638
robot_base_yaw: 3.129234
robot_geom: robot0_front_right_caster_2
proxy_geom: scene_aabb_proxy_output_6
judge_collision_detected:
robot_base_x: 10.363038
robot_base_y: -7.281638
robot_base_yaw: 3.129234
robot_geom: robot0_torso_fixed_collision_box_1
proxy_geom: scene_aabb_proxy_line_6_output_side_protrusion
judge_collision_detected:
robot_base_x: 10.363038
robot_base_y: -7.281638
robot_base_yaw: 3.129234
robot_geom: robot0_torso_fixed_collision_box_1
proxy_geom: scene_aabb_proxy_output_6
judge_collision_detected:
robot_base_x: 10.363038
robot_base_y: -7.281638
robot_base_yaw: 3.129234
robot_geom: robot0_torso_fixed_collision_box_1
proxy_geom: scene_aabb_proxy_production_line_6
judge_collision_detected:
robot_base_x: 10.363038
robot_base_y: -7.281638
robot_base_yaw: 3.129234
robot_geom: robot0_torso_fixed_column_collision
proxy_geom: scene_aabb_proxy_line_6_output_side_protrusion
judge_collision_detected:
robot_base_x: 10.363038
robot_base_y: -7.281638
robot_base_yaw: 3.129234
robot_geom: robot0_wheel_left_collision
proxy_geom: scene_aabb_proxy_line_6_output_side_protrusion
judge_collision_detected:
robot_base_x: 10.363038
robot_base_y: -7.281638
robot_base_yaw: 3.129234
robot_geom: robot0_wheel_left_collision
proxy_geom: scene_aabb_proxy_output_6
judge_collision_detected:
robot_base_x: 10.363038
robot_base_y: -7.281638
robot_base_yaw: 3.129234
robot_geom: robot0_wheel_right_collision
proxy_geom: scene_aabb_proxy_line_6_output_side_protrusion
judge_collision_detected:
robot_base_x: 10.363038
robot_base_y: -7.281638
robot_base_yaw: 3.129234
robot_geom: robot0_wheel_right_collision
proxy_geom: scene_aabb_proxy_output_6
judge_collision_detected:
robot_base_x: 10.363038
robot_base_y: -7.281638
robot_base_yaw: 3.129234
robot_geom: robot0_wheel_right_collision
proxy_geom: scene_aabb_proxy_production_line_6
judge_collision_detected:
robot_base_x: 10.360690
robot_base_y: -7.281855
robot_base_yaw: 3.129362
robot_geom: robot0_back_left_caster_2
proxy_geom: scene_aabb_proxy_line_6_output_side_protrusion
judge_collision_detected:
robot_base_x: 10.360690
robot_base_y: -7.281855
robot_base_yaw: 3.129362
robot_geom: robot0_back_right_caster_2
proxy_geom: scene_aabb_proxy_line_6_output_side_protrusion
judge_collision_detected:
robot_base_x: 10.360690
robot_base_y: -7.281855
robot_base_yaw: 3.129362
robot_geom: robot0_base_collision
proxy_geom: scene_aabb_proxy_line_6_output_side_protrusion
judge_collision_detected:
robot_base_x: 10.360690
robot_base_y: -7.281855
robot_base_yaw: 3.129362
robot_geom: robot0_base_collision
proxy_geom: scene_aabb_proxy_output_6
judge_collision_detected:
robot_base_x: 10.360690
robot_base_y: -7.281855
robot_base_yaw: 3.129362
robot_geom: robot0_base_collision
proxy_geom: scene_aabb_proxy_production_line_6
judge_collision_detected:
robot_base_x: 10.360690
robot_base_y: -7.281855
robot_base_yaw: 3.129362
robot_geom: robot0_front_left_caster_2
proxy_geom: scene_aabb_proxy_output_6
judge_collision_detected:
robot_base_x: 10.360690
robot_base_y: -7.281855
robot_base_yaw: 3.129362
robot_geom: robot0_front_right_caster_2
proxy_geom: scene_aabb_proxy_output_6
judge_collision_detected:
robot_base_x: 10.360690
robot_base_y: -7.281855
robot_base_yaw: 3.129362
robot_geom: robot0_torso_fixed_collision_box_1
proxy_geom: scene_aabb_proxy_line_6_output_side_protrusion
judge_collision_detected:
robot_base_x: 10.360690
robot_base_y: -7.281855
robot_base_yaw: 3.129362
robot_geom: robot0_torso_fixed_collision_box_1
proxy_geom: scene_aabb_proxy_output_6
judge_collision_detected:
robot_base_x: 10.360690
robot_base_y: -7.281855
robot_base_yaw: 3.129362
robot_geom: robot0_torso_fixed_collision_box_1
proxy_geom: scene_aabb_proxy_production_line_6
judge_collision_detected:
robot_base_x: 10.360690
robot_base_y: -7.281855
robot_base_yaw: 3.129362
robot_geom: robot0_torso_fixed_column_collision
proxy_geom: scene_aabb_proxy_line_6_output_side_protrusion
judge_collision_detected:
robot_base_x: 10.360690
robot_base_y: -7.281855
robot_base_yaw: 3.129362
robot_geom: robot0_wheel_left_collision
proxy_geom: scene_aabb_proxy_line_6_output_side_protrusion
judge_collision_detected:
robot_base_x: 10.360690
robot_base_y: -7.281855
robot_base_yaw: 3.129362
robot_geom: robot0_wheel_left_collision
proxy_geom: scene_aabb_proxy_output_6
judge_collision_detected:
robot_base_x: 10.360690
robot_base_y: -7.281855
robot_base_yaw: 3.129362
robot_geom: robot0_wheel_right_collision
proxy_geom: scene_aabb_proxy_line_6_output_side_protrusion
judge_collision_detected:
robot_base_x: 10.360690
robot_base_y: -7.281855
robot_base_yaw: 3.129362
robot_geom: robot0_wheel_right_collision
proxy_geom: scene_aabb_proxy_output_6
judge_collision_detected:
robot_base_x: 10.360690
robot_base_y: -7.281855
robot_base_yaw: 3.129362
robot_geom: robot0_wheel_right_collision
proxy_geom: scene_aabb_proxy_production_line_6
judge_collision_detected:
robot_base_x: 10.358446
robot_base_y: -7.282069
robot_base_yaw: 3.129512
robot_geom: robot0_back_left_caster_2
proxy_geom: scene_aabb_proxy_line_6_output_side_protrusion
judge_collision_detected:
robot_base_x: 10.358446
robot_base_y: -7.282069
robot_base_yaw: 3.129512
robot_geom: robot0_back_right_caster_2
proxy_geom: scene_aabb_proxy_line_6_output_side_protrusion
judge_collision_detected:
robot_base_x: 10.358446
robot_base_y: -7.282069
robot_base_yaw: 3.129512
robot_geom: robot0_base_collision
proxy_geom: scene_aabb_proxy_line_6_output_side_protrusion
judge_collision_detected:
robot_base_x: 10.358446
robot_base_y: -7.282069
robot_base_yaw: 3.129512
robot_geom: robot0_base_collision
proxy_geom: scene_aabb_proxy_output_6
judge_collision_detected:
robot_base_x: 10.358446
robot_base_y: -7.282069
robot_base_yaw: 3.129512
robot_geom: robot0_base_collision
proxy_geom: scene_aabb_proxy_production_line_6
judge_collision_detected:
robot_base_x: 10.358446
robot_base_y: -7.282069
robot_base_yaw: 3.129512
robot_geom: robot0_front_left_caster_2
proxy_geom: scene_aabb_proxy_output_6
judge_collision_detected:
robot_base_x: 10.358446
robot_base_y: -7.282069
robot_base_yaw: 3.129512
robot_geom: robot0_front_right_caster_2
proxy_geom: scene_aabb_proxy_output_6
judge_collision_detected:
robot_base_x: 10.358446
robot_base_y: -7.282069
robot_base_yaw: 3.129512
robot_geom: robot0_torso_fixed_collision_box_1
proxy_geom: scene_aabb_proxy_line_6_output_side_protrusion
judge_collision_detected:
robot_base_x: 10.358446
robot_base_y: -7.282069
robot_base_yaw: 3.129512
robot_geom: robot0_torso_fixed_collision_box_1
proxy_geom: scene_aabb_proxy_output_6
judge_collision_detected:
robot_base_x: 10.358446
robot_base_y: -7.282069
robot_base_yaw: 3.129512
robot_geom: robot0_torso_fixed_collision_box_1
proxy_geom: scene_aabb_proxy_production_line_6
judge_collision_detected:
robot_base_x: 10.358446
robot_base_y: -7.282069
robot_base_yaw: 3.129512
robot_geom: robot0_torso_fixed_column_collision
proxy_geom: scene_aabb_proxy_line_6_output_side_protrusion
judge_collision_detected:
robot_base_x: 10.358446
robot_base_y: -7.282069
robot_base_yaw: 3.129512
robot_geom: robot0_wheel_left_collision
proxy_geom: scene_aabb_proxy_line_6_output_side_protrusion
judge_collision_detected:
robot_base_x: 10.358446
robot_base_y: -7.282069
robot_base_yaw: 3.129512
robot_geom: robot0_wheel_left_collision
proxy_geom: scene_aabb_proxy_output_6
judge_collision_detected:
robot_base_x: 10.358446
robot_base_y: -7.282069
robot_base_yaw: 3.129512
robot_geom: robot0_wheel_right_collision
proxy_geom: scene_aabb_proxy_line_6_output_side_protrusion
judge_collision_detected:
robot_base_x: 10.358446
robot_base_y: -7.282069
robot_base_yaw: 3.129512
robot_geom: robot0_wheel_right_collision
proxy_geom: scene_aabb_proxy_output_6
judge_collision_detected:
robot_base_x: 10.358446
robot_base_y: -7.282069
robot_base_yaw: 3.129512
robot_geom: robot0_wheel_right_collision
proxy_geom: scene_aabb_proxy_production_line_6
judge_collision_detected:
robot_base_x: 10.356301
robot_base_y: -7.282279
robot_base_yaw: 3.129676
robot_geom: robot0_back_left_caster_2
proxy_geom: scene_aabb_proxy_line_6_output_side_protrusion
judge_collision_detected:
robot_base_x: 10.356301
robot_base_y: -7.282279
robot_base_yaw: 3.129676
robot_geom: robot0_back_right_caster_2
proxy_geom: scene_aabb_proxy_line_6_output_side_protrusion
judge_collision_detected:
robot_base_x: 10.356301
robot_base_y: -7.282279
robot_base_yaw: 3.129676
robot_geom: robot0_base_collision
proxy_geom: scene_aabb_proxy_line_6_output_side_protrusion
judge_collision_detected:
robot_base_x: 10.356301
robot_base_y: -7.282279
robot_base_yaw: 3.129676
robot_geom: robot0_base_collision
proxy_geom: scene_aabb_proxy_output_6
judge_collision_detected:
robot_base_x: 10.356301
robot_base_y: -7.282279
robot_base_yaw: 3.129676
robot_geom: robot0_base_collision
proxy_geom: scene_aabb_proxy_production_line_6
judge_collision_detected:
robot_base_x: 10.356301
robot_base_y: -7.282279
robot_base_yaw: 3.129676
robot_geom: robot0_front_left_caster_2
proxy_geom: scene_aabb_proxy_output_6
judge_collision_detected:
robot_base_x: 10.356301
robot_base_y: -7.282279
robot_base_yaw: 3.129676
robot_geom: robot0_front_right_caster_2
proxy_geom: scene_aabb_proxy_output_6
judge_collision_detected:
robot_base_x: 10.356301
robot_base_y: -7.282279
robot_base_yaw: 3.129676
robot_geom: robot0_torso_fixed_collision_box_1
proxy_geom: scene_aabb_proxy_line_6_output_side_protrusion
judge_collision_detected:
robot_base_x: 10.356301
robot_base_y: -7.282279
robot_base_yaw: 3.129676
robot_geom: robot0_torso_fixed_collision_box_1
proxy_geom: scene_aabb_proxy_output_6
judge_collision_detected:
robot_base_x: 10.356301
robot_base_y: -7.282279
robot_base_yaw: 3.129676
robot_geom: robot0_torso_fixed_collision_box_1
proxy_geom: scene_aabb_proxy_production_line_6
judge_collision_detected:
robot_base_x: 10.356301
robot_base_y: -7.282279
robot_base_yaw: 3.129676
robot_geom: robot0_torso_fixed_column_collision
proxy_geom: scene_aabb_proxy_line_6_output_side_protrusion
judge_collision_detected:
robot_base_x: 10.356301
robot_base_y: -7.282279
robot_base_yaw: 3.129676
robot_geom: robot0_wheel_left_collision
proxy_geom: scene_aabb_proxy_line_6_output_side_protrusion
judge_collision_detected:
robot_base_x: 10.356301
robot_base_y: -7.282279
robot_base_yaw: 3.129676
robot_geom: robot0_wheel_left_collision
proxy_geom: scene_aabb_proxy_output_6
judge_collision_detected:
robot_base_x: 10.356301
robot_base_y: -7.282279
robot_base_yaw: 3.129676
robot_geom: robot0_wheel_right_collision
proxy_geom: scene_aabb_proxy_line_6_output_side_protrusion
judge_collision_detected:
robot_base_x: 10.356301
robot_base_y: -7.282279
robot_base_yaw: 3.129676
robot_geom: robot0_wheel_right_collision
proxy_geom: scene_aabb_proxy_output_6
judge_collision_detected:
robot_base_x: 10.356301
robot_base_y: -7.282279
robot_base_yaw: 3.129676
robot_geom: robot0_wheel_right_collision
proxy_geom: scene_aabb_proxy_production_line_6
judge_collision_detected:
robot_base_x: 10.354252
robot_base_y: -7.282485
robot_base_yaw: 3.129854
robot_geom: robot0_back_left_caster_2
proxy_geom: scene_aabb_proxy_line_6_output_side_protrusion
judge_collision_detected:
robot_base_x: 10.354252
robot_base_y: -7.282485
robot_base_yaw: 3.129854
robot_geom: robot0_back_right_caster_2
proxy_geom: scene_aabb_proxy_line_6_output_side_protrusion
judge_collision_detected:
robot_base_x: 10.354252
robot_base_y: -7.282485
robot_base_yaw: 3.129854
robot_geom: robot0_base_collision
proxy_geom: scene_aabb_proxy_line_6_output_side_protrusion
judge_collision_detected:
robot_base_x: 10.354252
robot_base_y: -7.282485
robot_base_yaw: 3.129854
robot_geom: robot0_base_collision
proxy_geom: scene_aabb_proxy_output_6
judge_collision_detected:
robot_base_x: 10.354252
robot_base_y: -7.282485
robot_base_yaw: 3.129854
robot_geom: robot0_base_collision
proxy_geom: scene_aabb_proxy_production_line_6
judge_collision_detected:
robot_base_x: 10.354252
robot_base_y: -7.282485
robot_base_yaw: 3.129854
robot_geom: robot0_front_left_caster_2
proxy_geom: scene_aabb_proxy_output_6
judge_collision_detected:
robot_base_x: 10.354252
robot_base_y: -7.282485
robot_base_yaw: 3.129854
robot_geom: robot0_front_right_caster_2
proxy_geom: scene_aabb_proxy_output_6
judge_collision_detected:
robot_base_x: 10.354252
robot_base_y: -7.282485
robot_base_yaw: 3.129854
robot_geom: robot0_torso_fixed_collision_box_1
proxy_geom: scene_aabb_proxy_line_6_output_side_protrusion
judge_collision_detected:
robot_base_x: 10.354252
robot_base_y: -7.282485
robot_base_yaw: 3.129854
robot_geom: robot0_torso_fixed_collision_box_1
proxy_geom: scene_aabb_proxy_output_6
judge_collision_detected:
robot_base_x: 10.354252
robot_base_y: -7.282485
robot_base_yaw: 3.129854
robot_geom: robot0_torso_fixed_collision_box_1
proxy_geom: scene_aabb_proxy_production_line_6
judge_collision_detected:
robot_base_x: 10.354252
robot_base_y: -7.282485
robot_base_yaw: 3.129854
robot_geom: robot0_torso_fixed_column_collision
proxy_geom: scene_aabb_proxy_line_6_output_side_protrusion
judge_collision_detected:
robot_base_x: 10.354252
robot_base_y: -7.282485
robot_base_yaw: 3.129854
robot_geom: robot0_wheel_left_collision
proxy_geom: scene_aabb_proxy_line_6_output_side_protrusion
judge_collision_detected:
robot_base_x: 10.354252
robot_base_y: -7.282485
robot_base_yaw: 3.129854
robot_geom: robot0_wheel_left_collision
proxy_geom: scene_aabb_proxy_output_6
judge_collision_detected:
robot_base_x: 10.354252
robot_base_y: -7.282485
robot_base_yaw: 3.129854
robot_geom: robot0_wheel_right_collision
proxy_geom: scene_aabb_proxy_line_6_output_side_protrusion
judge_collision_detected:
robot_base_x: 10.354252
robot_base_y: -7.282485
robot_base_yaw: 3.129854
robot_geom: robot0_wheel_right_collision
proxy_geom: scene_aabb_proxy_output_6
judge_collision_detected:
robot_base_x: 10.354252
robot_base_y: -7.282485
robot_base_yaw: 3.129854
robot_geom: robot0_wheel_right_collision
proxy_geom: scene_aabb_proxy_production_line_6
judge_collision_detected:
robot_base_x: 10.352292
robot_base_y: -7.282688
robot_base_yaw: 3.130045
robot_geom: robot0_back_left_caster_2
proxy_geom: scene_aabb_proxy_line_6_output_side_protrusion
judge_collision_detected:
robot_base_x: 10.352292
robot_base_y: -7.282688
robot_base_yaw: 3.130045
robot_geom: robot0_back_right_caster_2
proxy_geom: scene_aabb_proxy_line_6_output_side_protrusion
judge_collision_detected:
robot_base_x: 10.352292
robot_base_y: -7.282688
robot_base_yaw: 3.130045
robot_geom: robot0_base_collision
proxy_geom: scene_aabb_proxy_line_6_output_side_protrusion
judge_collision_detected:
robot_base_x: 10.352292
robot_base_y: -7.282688
robot_base_yaw: 3.130045
robot_geom: robot0_base_collision
proxy_geom: scene_aabb_proxy_output_6
judge_collision_detected:
robot_base_x: 10.352292
robot_base_y: -7.282688
robot_base_yaw: 3.130045
robot_geom: robot0_base_collision
proxy_geom: scene_aabb_proxy_production_line_6
judge_collision_detected:
robot_base_x: 10.352292
robot_base_y: -7.282688
robot_base_yaw: 3.130045
robot_geom: robot0_front_left_caster_2
proxy_geom: scene_aabb_proxy_output_6
judge_collision_detected:
robot_base_x: 10.352292
robot_base_y: -7.282688
robot_base_yaw: 3.130045
robot_geom: robot0_front_right_caster_2
proxy_geom: scene_aabb_proxy_output_6
judge_collision_detected:
robot_base_x: 10.352292
robot_base_y: -7.282688
robot_base_yaw: 3.130045
robot_geom: robot0_torso_fixed_collision_box_1
proxy_geom: scene_aabb_proxy_line_6_output_side_protrusion
judge_collision_detected:
robot_base_x: 10.352292
robot_base_y: -7.282688
robot_base_yaw: 3.130045
robot_geom: robot0_torso_fixed_collision_box_1
proxy_geom: scene_aabb_proxy_output_6
judge_collision_detected:
robot_base_x: 10.352292
robot_base_y: -7.282688
robot_base_yaw: 3.130045
robot_geom: robot0_torso_fixed_collision_box_1
proxy_geom: scene_aabb_proxy_production_line_6
judge_collision_detected:
robot_base_x: 10.352292
robot_base_y: -7.282688
robot_base_yaw: 3.130045
robot_geom: robot0_torso_fixed_column_collision
proxy_geom: scene_aabb_proxy_line_6_output_side_protrusion
judge_collision_detected:
robot_base_x: 10.352292
robot_base_y: -7.282688
robot_base_yaw: 3.130045
robot_geom: robot0_wheel_left_collision
proxy_geom: scene_aabb_proxy_line_6_output_side_protrusion
judge_collision_detected:
robot_base_x: 10.352292
robot_base_y: -7.282688
robot_base_yaw: 3.130045
robot_geom: robot0_wheel_left_collision
proxy_geom: scene_aabb_proxy_output_6
judge_collision_detected:
robot_base_x: 10.352292
robot_base_y: -7.282688
robot_base_yaw: 3.130045
robot_geom: robot0_wheel_right_collision
proxy_geom: scene_aabb_proxy_line_6_output_side_protrusion
judge_collision_detected:
robot_base_x: 10.352292
robot_base_y: -7.282688
robot_base_yaw: 3.130045
robot_geom: robot0_wheel_right_collision
proxy_geom: scene_aabb_proxy_output_6
judge_collision_detected:
robot_base_x: 10.352292
robot_base_y: -7.282688
robot_base_yaw: 3.130045
robot_geom: robot0_wheel_right_collision
proxy_geom: scene_aabb_proxy_production_line_6
judge_collision_detected:
robot_base_x: 10.350413
robot_base_y: -7.282888
robot_base_yaw: 3.130260
robot_geom: robot0_back_left_caster_2
proxy_geom: scene_aabb_proxy_line_6_output_side_protrusion
judge_collision_detected:
robot_base_x: 10.350413
robot_base_y: -7.282888
robot_base_yaw: 3.130260
robot_geom: robot0_back_right_caster_2
proxy_geom: scene_aabb_proxy_line_6_output_side_protrusion
judge_collision_detected:
robot_base_x: 10.350413
robot_base_y: -7.282888
robot_base_yaw: 3.130260
robot_geom: robot0_base_collision
proxy_geom: scene_aabb_proxy_line_6_output_side_protrusion
judge_collision_detected:
robot_base_x: 10.350413
robot_base_y: -7.282888
robot_base_yaw: 3.130260
robot_geom: robot0_base_collision
proxy_geom: scene_aabb_proxy_output_6
judge_collision_detected:
robot_base_x: 10.350413
robot_base_y: -7.282888
robot_base_yaw: 3.130260
robot_geom: robot0_base_collision
proxy_geom: scene_aabb_proxy_production_line_6
judge_collision_detected:
robot_base_x: 10.350413
robot_base_y: -7.282888
robot_base_yaw: 3.130260
robot_geom: robot0_front_left_caster_2
proxy_geom: scene_aabb_proxy_output_6
judge_collision_detected:
robot_base_x: 10.350413
robot_base_y: -7.282888
robot_base_yaw: 3.130260
robot_geom: robot0_front_right_caster_2
proxy_geom: scene_aabb_proxy_output_6
judge_collision_detected:
robot_base_x: 10.350413
robot_base_y: -7.282888
robot_base_yaw: 3.130260
robot_geom: robot0_torso_fixed_collision_box_1
proxy_geom: scene_aabb_proxy_line_6_output_side_protrusion
judge_collision_detected:
robot_base_x: 10.350413
robot_base_y: -7.282888
robot_base_yaw: 3.130260
robot_geom: robot0_torso_fixed_collision_box_1
proxy_geom: scene_aabb_proxy_output_6
judge_collision_detected:
robot_base_x: 10.350413
robot_base_y: -7.282888
robot_base_yaw: 3.130260
robot_geom: robot0_torso_fixed_collision_box_1
proxy_geom: scene_aabb_proxy_production_line_6
judge_collision_detected:
robot_base_x: 10.350413
robot_base_y: -7.282888
robot_base_yaw: 3.130260
robot_geom: robot0_torso_fixed_column_collision
proxy_geom: scene_aabb_proxy_line_6_output_side_protrusion
judge_collision_detected:
robot_base_x: 10.350413
robot_base_y: -7.282888
robot_base_yaw: 3.130260
robot_geom: robot0_wheel_left_collision
proxy_geom: scene_aabb_proxy_line_6_output_side_protrusion
judge_collision_detected:
robot_base_x: 10.350413
robot_base_y: -7.282888
robot_base_yaw: 3.130260
robot_geom: robot0_wheel_left_collision
proxy_geom: scene_aabb_proxy_output_6
judge_collision_detected:
robot_base_x: 10.350413
robot_base_y: -7.282888
robot_base_yaw: 3.130260
robot_geom: robot0_wheel_right_collision
proxy_geom: scene_aabb_proxy_line_6_output_side_protrusion
judge_collision_detected:
robot_base_x: 10.350413
robot_base_y: -7.282888
robot_base_yaw: 3.130260
robot_geom: robot0_wheel_right_collision
proxy_geom: scene_aabb_proxy_output_6
judge_collision_detected:
robot_base_x: 10.350413
robot_base_y: -7.282888
robot_base_yaw: 3.130260
robot_geom: robot0_wheel_right_collision
proxy_geom: scene_aabb_proxy_production_line_6
judge_collision_detected:
robot_base_x: 10.348559
robot_base_y: -7.283089
robot_base_yaw: 3.130572
robot_geom: robot0_back_left_caster_2
proxy_geom: scene_aabb_proxy_line_6_output_side_protrusion
judge_collision_detected:
robot_base_x: 10.348559
robot_base_y: -7.283089
robot_base_yaw: 3.130572
robot_geom: robot0_back_right_caster_2
proxy_geom: scene_aabb_proxy_line_6_output_side_protrusion
judge_collision_detected:
robot_base_x: 10.348559
robot_base_y: -7.283089
robot_base_yaw: 3.130572
robot_geom: robot0_base_collision
proxy_geom: scene_aabb_proxy_line_6_output_side_protrusion
judge_collision_detected:
robot_base_x: 10.348559
robot_base_y: -7.283089
robot_base_yaw: 3.130572
robot_geom: robot0_base_collision
proxy_geom: scene_aabb_proxy_output_6
judge_collision_detected:
robot_base_x: 10.348559
robot_base_y: -7.283089
robot_base_yaw: 3.130572
robot_geom: robot0_base_collision
proxy_geom: scene_aabb_proxy_production_line_6
judge_collision_detected:
robot_base_x: 10.348559
robot_base_y: -7.283089
robot_base_yaw: 3.130572
robot_geom: robot0_front_left_caster_2
proxy_geom: scene_aabb_proxy_output_6
judge_collision_detected:
robot_base_x: 10.348559
robot_base_y: -7.283089
robot_base_yaw: 3.130572
robot_geom: robot0_front_right_caster_2
proxy_geom: scene_aabb_proxy_output_6
judge_collision_detected:
robot_base_x: 10.348559
robot_base_y: -7.283089
robot_base_yaw: 3.130572
robot_geom: robot0_torso_fixed_collision_box_1
proxy_geom: scene_aabb_proxy_line_6_output_side_protrusion
judge_collision_detected:
robot_base_x: 10.348559
robot_base_y: -7.283089
robot_base_yaw: 3.130572
robot_geom: robot0_torso_fixed_collision_box_1
proxy_geom: scene_aabb_proxy_output_6
judge_collision_detected:
robot_base_x: 10.348559
robot_base_y: -7.283089
robot_base_yaw: 3.130572
robot_geom: robot0_torso_fixed_collision_box_1
proxy_geom: scene_aabb_proxy_production_line_6
judge_collision_detected:
robot_base_x: 10.348559
robot_base_y: -7.283089
robot_base_yaw: 3.130572
robot_geom: robot0_torso_fixed_column_collision
proxy_geom: scene_aabb_proxy_line_6_output_side_protrusion
judge_collision_detected:
robot_base_x: 10.348559
robot_base_y: -7.283089
robot_base_yaw: 3.130572
robot_geom: robot0_wheel_left_collision
proxy_geom: scene_aabb_proxy_line_6_output_side_protrusion
judge_collision_detected:
robot_base_x: 10.348559
robot_base_y: -7.283089
robot_base_yaw: 3.130572
robot_geom: robot0_wheel_left_collision
proxy_geom: scene_aabb_proxy_output_6
judge_collision_detected:
robot_base_x: 10.348559
robot_base_y: -7.283089
robot_base_yaw: 3.130572
robot_geom: robot0_wheel_right_collision
proxy_geom: scene_aabb_proxy_line_6_output_side_protrusion
judge_collision_detected:
robot_base_x: 10.348559
robot_base_y: -7.283089
robot_base_yaw: 3.130572
robot_geom: robot0_wheel_right_collision
proxy_geom: scene_aabb_proxy_output_6
judge_collision_detected:
robot_base_x: 10.348559
robot_base_y: -7.283089
robot_base_yaw: 3.130572
robot_geom: robot0_wheel_right_collision
proxy_geom: scene_aabb_proxy_production_line_6
judge_collision_detected:
robot_base_x: 10.346788
robot_base_y: -7.283288
robot_base_yaw: 3.130898
robot_geom: robot0_back_left_caster_2
proxy_geom: scene_aabb_proxy_line_6_output_side_protrusion
judge_collision_detected:
robot_base_x: 10.346788
robot_base_y: -7.283288
robot_base_yaw: 3.130898
robot_geom: robot0_back_right_caster_2
proxy_geom: scene_aabb_proxy_line_6_output_side_protrusion
judge_collision_detected:
robot_base_x: 10.346788
robot_base_y: -7.283288
robot_base_yaw: 3.130898
robot_geom: robot0_base_collision
proxy_geom: scene_aabb_proxy_line_6_output_side_protrusion
judge_collision_detected:
robot_base_x: 10.346788
robot_base_y: -7.283288
robot_base_yaw: 3.130898
robot_geom: robot0_base_collision
proxy_geom: scene_aabb_proxy_output_6
judge_collision_detected:
robot_base_x: 10.346788
robot_base_y: -7.283288
robot_base_yaw: 3.130898
robot_geom: robot0_base_collision
proxy_geom: scene_aabb_proxy_production_line_6
judge_collision_detected:
robot_base_x: 10.346788
robot_base_y: -7.283288
robot_base_yaw: 3.130898
robot_geom: robot0_front_left_caster_2
proxy_geom: scene_aabb_proxy_output_6
judge_collision_detected:
robot_base_x: 10.346788
robot_base_y: -7.283288
robot_base_yaw: 3.130898
robot_geom: robot0_front_right_caster_2
proxy_geom: scene_aabb_proxy_output_6
judge_collision_detected:
robot_base_x: 10.346788
robot_base_y: -7.283288
robot_base_yaw: 3.130898
robot_geom: robot0_torso_fixed_collision_box_1
proxy_geom: scene_aabb_proxy_line_6_output_side_protrusion
judge_collision_detected:
robot_base_x: 10.346788
robot_base_y: -7.283288
robot_base_yaw: 3.130898
robot_geom: robot0_torso_fixed_collision_box_1
proxy_geom: scene_aabb_proxy_output_6
judge_collision_detected:
robot_base_x: 10.346788
robot_base_y: -7.283288
robot_base_yaw: 3.130898
robot_geom: robot0_torso_fixed_collision_box_1
proxy_geom: scene_aabb_proxy_production_line_6
judge_collision_detected:
robot_base_x: 10.346788
robot_base_y: -7.283288
robot_base_yaw: 3.130898
robot_geom: robot0_torso_fixed_column_collision
proxy_geom: scene_aabb_proxy_line_6_output_side_protrusion
judge_collision_detected:
robot_base_x: 10.346788
robot_base_y: -7.283288
robot_base_yaw: 3.130898
robot_geom: robot0_wheel_left_collision
proxy_geom: scene_aabb_proxy_line_6_output_side_protrusion
judge_collision_detected:
robot_base_x: 10.346788
robot_base_y: -7.283288
robot_base_yaw: 3.130898
robot_geom: robot0_wheel_left_collision
proxy_geom: scene_aabb_proxy_output_6
judge_collision_detected:
robot_base_x: 10.346788
robot_base_y: -7.283288
robot_base_yaw: 3.130898
robot_geom: robot0_wheel_right_collision
proxy_geom: scene_aabb_proxy_line_6_output_side_protrusion
judge_collision_detected:
robot_base_x: 10.346788
robot_base_y: -7.283288
robot_base_yaw: 3.130898
robot_geom: robot0_wheel_right_collision
proxy_geom: scene_aabb_proxy_output_6
judge_collision_detected:
robot_base_x: 10.346788
robot_base_y: -7.283288
robot_base_yaw: 3.130898
robot_geom: robot0_wheel_right_collision
proxy_geom: scene_aabb_proxy_production_line_6
judge_collision_detected:
robot_base_x: 10.345068
robot_base_y: -7.283483
robot_base_yaw: 3.131173
robot_geom: robot0_back_left_caster_2
proxy_geom: scene_aabb_proxy_line_6_output_side_protrusion
judge_collision_detected:
robot_base_x: 10.345068
robot_base_y: -7.283483
robot_base_yaw: 3.131173
robot_geom: robot0_back_right_caster_2
proxy_geom: scene_aabb_proxy_line_6_output_side_protrusion
judge_collision_detected:
robot_base_x: 10.345068
robot_base_y: -7.283483
robot_base_yaw: 3.131173
robot_geom: robot0_base_collision
proxy_geom: scene_aabb_proxy_line_6_output_side_protrusion
judge_collision_detected:
robot_base_x: 10.345068
robot_base_y: -7.283483
robot_base_yaw: 3.131173
robot_geom: robot0_base_collision
proxy_geom: scene_aabb_proxy_output_6
judge_collision_detected:
robot_base_x: 10.345068
robot_base_y: -7.283483
robot_base_yaw: 3.131173
robot_geom: robot0_base_collision
proxy_geom: scene_aabb_proxy_production_line_6
judge_collision_detected:
robot_base_x: 10.345068
robot_base_y: -7.283483
robot_base_yaw: 3.131173
robot_geom: robot0_front_left_caster_2
proxy_geom: scene_aabb_proxy_output_6
judge_collision_detected:
robot_base_x: 10.345068
robot_base_y: -7.283483
robot_base_yaw: 3.131173
robot_geom: robot0_front_right_caster_2
proxy_geom: scene_aabb_proxy_output_6
judge_collision_detected:
robot_base_x: 10.345068
robot_base_y: -7.283483
robot_base_yaw: 3.131173
robot_geom: robot0_torso_fixed_collision_box_1
proxy_geom: scene_aabb_proxy_line_6_output_side_protrusion
judge_collision_detected:
robot_base_x: 10.345068
robot_base_y: -7.283483
robot_base_yaw: 3.131173
robot_geom: robot0_torso_fixed_collision_box_1
proxy_geom: scene_aabb_proxy_output_6
judge_collision_detected:
robot_base_x: 10.345068
robot_base_y: -7.283483
robot_base_yaw: 3.131173
robot_geom: robot0_torso_fixed_collision_box_1
proxy_geom: scene_aabb_proxy_production_line_6
judge_collision_detected:
robot_base_x: 10.345068
robot_base_y: -7.283483
robot_base_yaw: 3.131173
robot_geom: robot0_torso_fixed_column_collision
proxy_geom: scene_aabb_proxy_line_6_output_side_protrusion
judge_collision_detected:
robot_base_x: 10.345068
robot_base_y: -7.283483
robot_base_yaw: 3.131173
robot_geom: robot0_wheel_left_collision
proxy_geom: scene_aabb_proxy_line_6_output_side_protrusion
judge_collision_detected:
robot_base_x: 10.345068
robot_base_y: -7.283483
robot_base_yaw: 3.131173
robot_geom: robot0_wheel_left_collision
proxy_geom: scene_aabb_proxy_output_6
judge_collision_detected:
robot_base_x: 10.345068
robot_base_y: -7.283483
robot_base_yaw: 3.131173
robot_geom: robot0_wheel_right_collision
proxy_geom: scene_aabb_proxy_line_6_output_side_protrusion
judge_collision_detected:
robot_base_x: 10.345068
robot_base_y: -7.283483
robot_base_yaw: 3.131173
robot_geom: robot0_wheel_right_collision
proxy_geom: scene_aabb_proxy_output_6
judge_collision_detected:
robot_base_x: 10.345068
robot_base_y: -7.283483
robot_base_yaw: 3.131173
robot_geom: robot0_wheel_right_collision
proxy_geom: scene_aabb_proxy_production_line_6
judge_collision_detected:
robot_base_x: 10.343389
robot_base_y: -7.283677
robot_base_yaw: 3.131394
robot_geom: robot0_back_left_caster_2
proxy_geom: scene_aabb_proxy_line_6_output_side_protrusion
judge_collision_detected:
robot_base_x: 10.343389
robot_base_y: -7.283677
robot_base_yaw: 3.131394
robot_geom: robot0_back_right_caster_2
proxy_geom: scene_aabb_proxy_line_6_output_side_protrusion
judge_collision_detected:
robot_base_x: 10.343389
robot_base_y: -7.283677
robot_base_yaw: 3.131394
robot_geom: robot0_base_collision
proxy_geom: scene_aabb_proxy_line_6_output_side_protrusion
judge_collision_detected:
robot_base_x: 10.343389
robot_base_y: -7.283677
robot_base_yaw: 3.131394
robot_geom: robot0_base_collision
proxy_geom: scene_aabb_proxy_output_6
judge_collision_detected:
robot_base_x: 10.343389
robot_base_y: -7.283677
robot_base_yaw: 3.131394
robot_geom: robot0_base_collision
proxy_geom: scene_aabb_proxy_production_line_6
judge_collision_detected:
robot_base_x: 10.343389
robot_base_y: -7.283677
robot_base_yaw: 3.131394
robot_geom: robot0_front_left_caster_2
proxy_geom: scene_aabb_proxy_output_6
judge_collision_detected:
robot_base_x: 10.343389
robot_base_y: -7.283677
robot_base_yaw: 3.131394
robot_geom: robot0_front_right_caster_2
proxy_geom: scene_aabb_proxy_output_6
judge_collision_detected:
robot_base_x: 10.343389
robot_base_y: -7.283677
robot_base_yaw: 3.131394
robot_geom: robot0_torso_fixed_collision_box_1
proxy_geom: scene_aabb_proxy_line_6_output_side_protrusion
judge_collision_detected:
robot_base_x: 10.343389
robot_base_y: -7.283677
robot_base_yaw: 3.131394
robot_geom: robot0_torso_fixed_collision_box_1
proxy_geom: scene_aabb_proxy_output_6
judge_collision_detected:
robot_base_x: 10.343389
robot_base_y: -7.283677
robot_base_yaw: 3.131394
robot_geom: robot0_torso_fixed_collision_box_1
proxy_geom: scene_aabb_proxy_production_line_6
judge_collision_detected:
robot_base_x: 10.343389
robot_base_y: -7.283677
robot_base_yaw: 3.131394
robot_geom: robot0_torso_fixed_column_collision
proxy_geom: scene_aabb_proxy_line_6_output_side_protrusion
judge_collision_detected:
robot_base_x: 10.343389
robot_base_y: -7.283677
robot_base_yaw: 3.131394
robot_geom: robot0_wheel_left_collision
proxy_geom: scene_aabb_proxy_line_6_output_side_protrusion
judge_collision_detected:
robot_base_x: 10.343389
robot_base_y: -7.283677
robot_base_yaw: 3.131394
robot_geom: robot0_wheel_left_collision
proxy_geom: scene_aabb_proxy_output_6
judge_collision_detected:
robot_base_x: 10.343389
robot_base_y: -7.283677
robot_base_yaw: 3.131394
robot_geom: robot0_wheel_right_collision
proxy_geom: scene_aabb_proxy_line_6_output_side_protrusion
judge_collision_detected:
robot_base_x: 10.343389
robot_base_y: -7.283677
robot_base_yaw: 3.131394
robot_geom: robot0_wheel_right_collision
proxy_geom: scene_aabb_proxy_output_6
judge_collision_detected:
robot_base_x: 10.343389
robot_base_y: -7.283677
robot_base_yaw: 3.131394
robot_geom: robot0_wheel_right_collision
proxy_geom: scene_aabb_proxy_production_line_6
judge_collision_detected:
robot_base_x: 10.341752
robot_base_y: -7.283880
robot_base_yaw: 3.131654
robot_geom: robot0_back_left_caster_2
proxy_geom: scene_aabb_proxy_line_6_output_side_protrusion
judge_collision_detected:
robot_base_x: 10.341752
robot_base_y: -7.283880
robot_base_yaw: 3.131654
robot_geom: robot0_back_right_caster_2
proxy_geom: scene_aabb_proxy_line_6_output_side_protrusion
judge_collision_detected:
robot_base_x: 10.341752
robot_base_y: -7.283880
robot_base_yaw: 3.131654
robot_geom: robot0_base_collision
proxy_geom: scene_aabb_proxy_line_6_output_side_protrusion
judge_collision_detected:
robot_base_x: 10.341752
robot_base_y: -7.283880
robot_base_yaw: 3.131654
robot_geom: robot0_base_collision
proxy_geom: scene_aabb_proxy_output_6
judge_collision_detected:
robot_base_x: 10.341752
robot_base_y: -7.283880
robot_base_yaw: 3.131654
robot_geom: robot0_base_collision
proxy_geom: scene_aabb_proxy_production_line_6
judge_collision_detected:
robot_base_x: 10.341752
robot_base_y: -7.283880
robot_base_yaw: 3.131654
robot_geom: robot0_front_left_caster_2
proxy_geom: scene_aabb_proxy_output_6
judge_collision_detected:
robot_base_x: 10.341752
robot_base_y: -7.283880
robot_base_yaw: 3.131654
robot_geom: robot0_front_right_caster_2
proxy_geom: scene_aabb_proxy_output_6
judge_collision_detected:
robot_base_x: 10.341752
robot_base_y: -7.283880
robot_base_yaw: 3.131654
robot_geom: robot0_torso_fixed_collision_box_1
proxy_geom: scene_aabb_proxy_line_6_output_side_protrusion
judge_collision_detected:
robot_base_x: 10.341752
robot_base_y: -7.283880
robot_base_yaw: 3.131654
robot_geom: robot0_torso_fixed_collision_box_1
proxy_geom: scene_aabb_proxy_output_6
judge_collision_detected:
robot_base_x: 10.341752
robot_base_y: -7.283880
robot_base_yaw: 3.131654
robot_geom: robot0_torso_fixed_collision_box_1
proxy_geom: scene_aabb_proxy_production_line_6
judge_collision_detected:
robot_base_x: 10.341752
robot_base_y: -7.283880
robot_base_yaw: 3.131654
robot_geom: robot0_torso_fixed_column_collision
proxy_geom: scene_aabb_proxy_line_6_output_side_protrusion
judge_collision_detected:
robot_base_x: 10.341752
robot_base_y: -7.283880
robot_base_yaw: 3.131654
robot_geom: robot0_wheel_left_collision
proxy_geom: scene_aabb_proxy_line_6_output_side_protrusion
judge_collision_detected:
robot_base_x: 10.341752
robot_base_y: -7.283880
robot_base_yaw: 3.131654
robot_geom: robot0_wheel_left_collision
proxy_geom: scene_aabb_proxy_output_6
judge_collision_detected:
robot_base_x: 10.341752
robot_base_y: -7.283880
robot_base_yaw: 3.131654
robot_geom: robot0_wheel_right_collision
proxy_geom: scene_aabb_proxy_line_6_output_side_protrusion
judge_collision_detected:
robot_base_x: 10.341752
robot_base_y: -7.283880
robot_base_yaw: 3.131654
robot_geom: robot0_wheel_right_collision
proxy_geom: scene_aabb_proxy_output_6
judge_collision_detected:
robot_base_x: 10.341752
robot_base_y: -7.283880
robot_base_yaw: 3.131654
robot_geom: robot0_wheel_right_collision
proxy_geom: scene_aabb_proxy_production_line_6
judge_collision_detected:
robot_base_x: 10.340192
robot_base_y: -7.284081
robot_base_yaw: 3.131925
robot_geom: robot0_back_left_caster_2
proxy_geom: scene_aabb_proxy_line_6_output_side_protrusion
judge_collision_detected:
robot_base_x: 10.340192
robot_base_y: -7.284081
robot_base_yaw: 3.131925
robot_geom: robot0_back_right_caster_2
proxy_geom: scene_aabb_proxy_line_6_output_side_protrusion
judge_collision_detected:
robot_base_x: 10.340192
robot_base_y: -7.284081
robot_base_yaw: 3.131925
robot_geom: robot0_base_collision
proxy_geom: scene_aabb_proxy_line_6_output_side_protrusion
judge_collision_detected:
robot_base_x: 10.340192
robot_base_y: -7.284081
robot_base_yaw: 3.131925
robot_geom: robot0_base_collision
proxy_geom: scene_aabb_proxy_output_6
judge_collision_detected:
robot_base_x: 10.340192
robot_base_y: -7.284081
robot_base_yaw: 3.131925
robot_geom: robot0_base_collision
proxy_geom: scene_aabb_proxy_production_line_6
judge_collision_detected:
robot_base_x: 10.340192
robot_base_y: -7.284081
robot_base_yaw: 3.131925
robot_geom: robot0_front_left_caster_2
proxy_geom: scene_aabb_proxy_output_6
judge_collision_detected:
robot_base_x: 10.340192
robot_base_y: -7.284081
robot_base_yaw: 3.131925
robot_geom: robot0_front_right_caster_2
proxy_geom: scene_aabb_proxy_output_6
judge_collision_detected:
robot_base_x: 10.340192
robot_base_y: -7.284081
robot_base_yaw: 3.131925
robot_geom: robot0_torso_fixed_collision_box_1
proxy_geom: scene_aabb_proxy_line_6_output_side_protrusion
judge_collision_detected:
robot_base_x: 10.340192
robot_base_y: -7.284081
robot_base_yaw: 3.131925
robot_geom: robot0_torso_fixed_collision_box_1
proxy_geom: scene_aabb_proxy_output_6
judge_collision_detected:
robot_base_x: 10.340192
robot_base_y: -7.284081
robot_base_yaw: 3.131925
robot_geom: robot0_torso_fixed_collision_box_1
proxy_geom: scene_aabb_proxy_production_line_6
judge_collision_detected:
robot_base_x: 10.340192
robot_base_y: -7.284081
robot_base_yaw: 3.131925
robot_geom: robot0_torso_fixed_column_collision
proxy_geom: scene_aabb_proxy_line_6_output_side_protrusion
judge_collision_detected:
robot_base_x: 10.340192
robot_base_y: -7.284081
robot_base_yaw: 3.131925
robot_geom: robot0_wheel_left_collision
proxy_geom: scene_aabb_proxy_line_6_output_side_protrusion
judge_collision_detected:
robot_base_x: 10.340192
robot_base_y: -7.284081
robot_base_yaw: 3.131925
robot_geom: robot0_wheel_left_collision
proxy_geom: scene_aabb_proxy_output_6
judge_collision_detected:
robot_base_x: 10.340192
robot_base_y: -7.284081
robot_base_yaw: 3.131925
robot_geom: robot0_wheel_right_collision
proxy_geom: scene_aabb_proxy_line_6_output_side_protrusion
judge_collision_detected:
robot_base_x: 10.340192
robot_base_y: -7.284081
robot_base_yaw: 3.131925
robot_geom: robot0_wheel_right_collision
proxy_geom: scene_aabb_proxy_output_6
judge_collision_detected:
robot_base_x: 10.340192
robot_base_y: -7.284081
robot_base_yaw: 3.131925
robot_geom: robot0_wheel_right_collision
proxy_geom: scene_aabb_proxy_production_line_6
judge_collision_detected:
robot_base_x: 10.338707
robot_base_y: -7.284278
robot_base_yaw: 3.132206
robot_geom: robot0_back_left_caster_2
proxy_geom: scene_aabb_proxy_line_6_output_side_protrusion
judge_collision_detected:
robot_base_x: 10.338707
robot_base_y: -7.284278
robot_base_yaw: 3.132206
robot_geom: robot0_back_right_caster_2
proxy_geom: scene_aabb_proxy_line_6_output_side_protrusion
judge_collision_detected:
robot_base_x: 10.338707
robot_base_y: -7.284278
robot_base_yaw: 3.132206
robot_geom: robot0_base_collision
proxy_geom: scene_aabb_proxy_line_6_output_side_protrusion
judge_collision_detected:
robot_base_x: 10.338707
robot_base_y: -7.284278
robot_base_yaw: 3.132206
robot_geom: robot0_base_collision
proxy_geom: scene_aabb_proxy_output_6
judge_collision_detected:
robot_base_x: 10.338707
robot_base_y: -7.284278
robot_base_yaw: 3.132206
robot_geom: robot0_base_collision
proxy_geom: scene_aabb_proxy_production_line_6
judge_collision_detected:
robot_base_x: 10.338707
robot_base_y: -7.284278
robot_base_yaw: 3.132206
robot_geom: robot0_front_left_caster_2
proxy_geom: scene_aabb_proxy_output_6
judge_collision_detected:
robot_base_x: 10.338707
robot_base_y: -7.284278
robot_base_yaw: 3.132206
robot_geom: robot0_front_right_caster_2
proxy_geom: scene_aabb_proxy_output_6
judge_collision_detected:
robot_base_x: 10.338707
robot_base_y: -7.284278
robot_base_yaw: 3.132206
robot_geom: robot0_torso_fixed_collision_box_1
proxy_geom: scene_aabb_proxy_line_6_output_side_protrusion
judge_collision_detected:
robot_base_x: 10.338707
robot_base_y: -7.284278
robot_base_yaw: 3.132206
robot_geom: robot0_torso_fixed_collision_box_1
proxy_geom: scene_aabb_proxy_output_6
judge_collision_detected:
robot_base_x: 10.338707
robot_base_y: -7.284278
robot_base_yaw: 3.132206
robot_geom: robot0_torso_fixed_collision_box_1
proxy_geom: scene_aabb_proxy_production_line_6
judge_collision_detected:
robot_base_x: 10.338707
robot_base_y: -7.284278
robot_base_yaw: 3.132206
robot_geom: robot0_torso_fixed_column_collision
proxy_geom: scene_aabb_proxy_line_6_output_side_protrusion
judge_collision_detected:
robot_base_x: 10.338707
robot_base_y: -7.284278
robot_base_yaw: 3.132206
robot_geom: robot0_wheel_left_collision
proxy_geom: scene_aabb_proxy_line_6_output_side_protrusion
judge_collision_detected:
robot_base_x: 10.338707
robot_base_y: -7.284278
robot_base_yaw: 3.132206
robot_geom: robot0_wheel_left_collision
proxy_geom: scene_aabb_proxy_output_6
judge_collision_detected:
robot_base_x: 10.338707
robot_base_y: -7.284278
robot_base_yaw: 3.132206
robot_geom: robot0_wheel_right_collision
proxy_geom: scene_aabb_proxy_line_6_output_side_protrusion
judge_collision_detected:
robot_base_x: 10.338707
robot_base_y: -7.284278
robot_base_yaw: 3.132206
robot_geom: robot0_wheel_right_collision
proxy_geom: scene_aabb_proxy_output_6
judge_collision_detected:
robot_base_x: 10.338707
robot_base_y: -7.284278
robot_base_yaw: 3.132206
robot_geom: robot0_wheel_right_collision
proxy_geom: scene_aabb_proxy_production_line_6
judge_collision_detected:
robot_base_x: 10.337294
robot_base_y: -7.284471
robot_base_yaw: 3.132496
robot_geom: robot0_back_left_caster_2
proxy_geom: scene_aabb_proxy_line_6_output_side_protrusion
judge_collision_detected:
robot_base_x: 10.337294
robot_base_y: -7.284471
robot_base_yaw: 3.132496
robot_geom: robot0_back_right_caster_2
proxy_geom: scene_aabb_proxy_line_6_output_side_protrusion
judge_collision_detected:
robot_base_x: 10.337294
robot_base_y: -7.284471
robot_base_yaw: 3.132496
robot_geom: robot0_base_collision
proxy_geom: scene_aabb_proxy_line_6_output_side_protrusion
judge_collision_detected:
robot_base_x: 10.337294
robot_base_y: -7.284471
robot_base_yaw: 3.132496
robot_geom: robot0_base_collision
proxy_geom: scene_aabb_proxy_output_6
judge_collision_detected:
robot_base_x: 10.337294
robot_base_y: -7.284471
robot_base_yaw: 3.132496
robot_geom: robot0_base_collision
proxy_geom: scene_aabb_proxy_production_line_6
judge_collision_detected:
robot_base_x: 10.337294
robot_base_y: -7.284471
robot_base_yaw: 3.132496
robot_geom: robot0_front_left_caster_2
proxy_geom: scene_aabb_proxy_output_6
judge_collision_detected:
robot_base_x: 10.337294
robot_base_y: -7.284471
robot_base_yaw: 3.132496
robot_geom: robot0_front_right_caster_2
proxy_geom: scene_aabb_proxy_output_6
judge_collision_detected:
robot_base_x: 10.337294
robot_base_y: -7.284471
robot_base_yaw: 3.132496
robot_geom: robot0_torso_fixed_collision_box_1
proxy_geom: scene_aabb_proxy_line_6_output_side_protrusion
judge_collision_detected:
robot_base_x: 10.337294
robot_base_y: -7.284471
robot_base_yaw: 3.132496
robot_geom: robot0_torso_fixed_collision_box_1
proxy_geom: scene_aabb_proxy_output_6
judge_collision_detected:
robot_base_x: 10.337294
robot_base_y: -7.284471
robot_base_yaw: 3.132496
robot_geom: robot0_torso_fixed_collision_box_1
proxy_geom: scene_aabb_proxy_production_line_6
judge_collision_detected:
robot_base_x: 10.337294
robot_base_y: -7.284471
robot_base_yaw: 3.132496
robot_geom: robot0_torso_fixed_column_collision
proxy_geom: scene_aabb_proxy_line_6_output_side_protrusion
judge_collision_detected:
robot_base_x: 10.337294
robot_base_y: -7.284471
robot_base_yaw: 3.132496
robot_geom: robot0_wheel_left_collision
proxy_geom: scene_aabb_proxy_line_6_output_side_protrusion
judge_collision_detected:
robot_base_x: 10.337294
robot_base_y: -7.284471
robot_base_yaw: 3.132496
robot_geom: robot0_wheel_left_collision
proxy_geom: scene_aabb_proxy_output_6
judge_collision_detected:
robot_base_x: 10.337294
robot_base_y: -7.284471
robot_base_yaw: 3.132496
robot_geom: robot0_wheel_right_collision
proxy_geom: scene_aabb_proxy_line_6_output_side_protrusion
judge_collision_detected:
robot_base_x: 10.337294
robot_base_y: -7.284471
robot_base_yaw: 3.132496
robot_geom: robot0_wheel_right_collision
proxy_geom: scene_aabb_proxy_output_6
judge_collision_detected:
robot_base_x: 10.337294
robot_base_y: -7.284471
robot_base_yaw: 3.132496
robot_geom: robot0_wheel_right_collision
proxy_geom: scene_aabb_proxy_production_line_6
judge_collision_detected:
robot_base_x: 10.335940
robot_base_y: -7.284655
robot_base_yaw: 3.132813
robot_geom: robot0_back_left_caster_2
proxy_geom: scene_aabb_proxy_line_6_output_side_protrusion
judge_collision_detected:
robot_base_x: 10.335940
robot_base_y: -7.284655
robot_base_yaw: 3.132813
robot_geom: robot0_back_right_caster_2
proxy_geom: scene_aabb_proxy_line_6_output_side_protrusion
judge_collision_detected:
robot_base_x: 10.335940
robot_base_y: -7.284655
robot_base_yaw: 3.132813
robot_geom: robot0_base_collision
proxy_geom: scene_aabb_proxy_line_6_output_side_protrusion
judge_collision_detected:
robot_base_x: 10.335940
robot_base_y: -7.284655
robot_base_yaw: 3.132813
robot_geom: robot0_base_collision
proxy_geom: scene_aabb_proxy_output_6
judge_collision_detected:
robot_base_x: 10.335940
robot_base_y: -7.284655
robot_base_yaw: 3.132813
robot_geom: robot0_base_collision
proxy_geom: scene_aabb_proxy_production_line_6
judge_collision_detected:
robot_base_x: 10.335940
robot_base_y: -7.284655
robot_base_yaw: 3.132813
robot_geom: robot0_front_left_caster_2
proxy_geom: scene_aabb_proxy_output_6
judge_collision_detected:
robot_base_x: 10.335940
robot_base_y: -7.284655
robot_base_yaw: 3.132813
robot_geom: robot0_front_right_caster_2
proxy_geom: scene_aabb_proxy_output_6
judge_collision_detected:
robot_base_x: 10.335940
robot_base_y: -7.284655
robot_base_yaw: 3.132813
robot_geom: robot0_torso_fixed_collision_box_1
proxy_geom: scene_aabb_proxy_line_6_output_side_protrusion
judge_collision_detected:
robot_base_x: 10.335940
robot_base_y: -7.284655
robot_base_yaw: 3.132813
robot_geom: robot0_torso_fixed_collision_box_1
proxy_geom: scene_aabb_proxy_output_6
judge_collision_detected:
robot_base_x: 10.335940
robot_base_y: -7.284655
robot_base_yaw: 3.132813
robot_geom: robot0_torso_fixed_collision_box_1
proxy_geom: scene_aabb_proxy_production_line_6
judge_collision_detected:
robot_base_x: 10.335940
robot_base_y: -7.284655
robot_base_yaw: 3.132813
robot_geom: robot0_torso_fixed_column_collision
proxy_geom: scene_aabb_proxy_line_6_output_side_protrusion
judge_collision_detected:
robot_base_x: 10.335940
robot_base_y: -7.284655
robot_base_yaw: 3.132813
robot_geom: robot0_wheel_left_collision
proxy_geom: scene_aabb_proxy_line_6_output_side_protrusion
judge_collision_detected:
robot_base_x: 10.335940
robot_base_y: -7.284655
robot_base_yaw: 3.132813
robot_geom: robot0_wheel_left_collision
proxy_geom: scene_aabb_proxy_output_6
judge_collision_detected:
robot_base_x: 10.335940
robot_base_y: -7.284655
robot_base_yaw: 3.132813
robot_geom: robot0_wheel_right_collision
proxy_geom: scene_aabb_proxy_line_6_output_side_protrusion
judge_collision_detected:
robot_base_x: 10.335940
robot_base_y: -7.284655
robot_base_yaw: 3.132813
robot_geom: robot0_wheel_right_collision
proxy_geom: scene_aabb_proxy_output_6
judge_collision_detected:
robot_base_x: 10.335940
robot_base_y: -7.284655
robot_base_yaw: 3.132813
robot_geom: robot0_wheel_right_collision
proxy_geom: scene_aabb_proxy_production_line_6
judge_collision_detected:
robot_base_x: 10.334642
robot_base_y: -7.284832
robot_base_yaw: 3.133153
robot_geom: robot0_back_left_caster_2
proxy_geom: scene_aabb_proxy_line_6_output_side_protrusion
judge_collision_detected:
robot_base_x: 10.334642
robot_base_y: -7.284832
robot_base_yaw: 3.133153
robot_geom: robot0_back_right_caster_2
proxy_geom: scene_aabb_proxy_line_6_output_side_protrusion
judge_collision_detected:
robot_base_x: 10.334642
robot_base_y: -7.284832
robot_base_yaw: 3.133153
robot_geom: robot0_base_collision
proxy_geom: scene_aabb_proxy_line_6_output_side_protrusion
judge_collision_detected:
robot_base_x: 10.334642
robot_base_y: -7.284832
robot_base_yaw: 3.133153
robot_geom: robot0_base_collision
proxy_geom: scene_aabb_proxy_output_6
judge_collision_detected:
robot_base_x: 10.334642
robot_base_y: -7.284832
robot_base_yaw: 3.133153
robot_geom: robot0_base_collision
proxy_geom: scene_aabb_proxy_production_line_6
judge_collision_detected:
robot_base_x: 10.334642
robot_base_y: -7.284832
robot_base_yaw: 3.133153
robot_geom: robot0_front_left_caster_2
proxy_geom: scene_aabb_proxy_output_6
judge_collision_detected:
robot_base_x: 10.334642
robot_base_y: -7.284832
robot_base_yaw: 3.133153
robot_geom: robot0_front_right_caster_2
proxy_geom: scene_aabb_proxy_output_6
judge_collision_detected:
robot_base_x: 10.334642
robot_base_y: -7.284832
robot_base_yaw: 3.133153
robot_geom: robot0_torso_fixed_collision_box_1
proxy_geom: scene_aabb_proxy_line_6_output_side_protrusion
judge_collision_detected:
robot_base_x: 10.334642
robot_base_y: -7.284832
robot_base_yaw: 3.133153
robot_geom: robot0_torso_fixed_collision_box_1
proxy_geom: scene_aabb_proxy_output_6
judge_collision_detected:
robot_base_x: 10.334642
robot_base_y: -7.284832
robot_base_yaw: 3.133153
robot_geom: robot0_torso_fixed_collision_box_1
proxy_geom: scene_aabb_proxy_production_line_6
judge_collision_detected:
robot_base_x: 10.334642
robot_base_y: -7.284832
robot_base_yaw: 3.133153
robot_geom: robot0_torso_fixed_column_collision
proxy_geom: scene_aabb_proxy_line_6_output_side_protrusion
judge_collision_detected:
robot_base_x: 10.334642
robot_base_y: -7.284832
robot_base_yaw: 3.133153
robot_geom: robot0_wheel_left_collision
proxy_geom: scene_aabb_proxy_line_6_output_side_protrusion
judge_collision_detected:
robot_base_x: 10.334642
robot_base_y: -7.284832
robot_base_yaw: 3.133153
robot_geom: robot0_wheel_left_collision
proxy_geom: scene_aabb_proxy_output_6
judge_collision_detected:
robot_base_x: 10.334642
robot_base_y: -7.284832
robot_base_yaw: 3.133153
robot_geom: robot0_wheel_right_collision
proxy_geom: scene_aabb_proxy_line_6_output_side_protrusion
judge_collision_detected:
robot_base_x: 10.334642
robot_base_y: -7.284832
robot_base_yaw: 3.133153
robot_geom: robot0_wheel_right_collision
proxy_geom: scene_aabb_proxy_output_6
judge_collision_detected:
robot_base_x: 10.334642
robot_base_y: -7.284832
robot_base_yaw: 3.133153
robot_geom: robot0_wheel_right_collision
proxy_geom: scene_aabb_proxy_production_line_6
judge_collision_detected:
robot_base_x: 10.333750
robot_base_y: -7.284999
robot_base_yaw: 3.133508
robot_geom: robot0_back_left_caster_2
proxy_geom: scene_aabb_proxy_line_6_output_side_protrusion
judge_collision_detected:
robot_base_x: 10.333750
robot_base_y: -7.284999
robot_base_yaw: 3.133508
robot_geom: robot0_back_right_caster_2
proxy_geom: scene_aabb_proxy_line_6_output_side_protrusion
judge_collision_detected:
robot_base_x: 10.333750
robot_base_y: -7.284999
robot_base_yaw: 3.133508
robot_geom: robot0_base_collision
proxy_geom: scene_aabb_proxy_line_6_output_side_protrusion
judge_collision_detected:
robot_base_x: 10.333750
robot_base_y: -7.284999
robot_base_yaw: 3.133508
robot_geom: robot0_base_collision
proxy_geom: scene_aabb_proxy_output_6
judge_collision_detected:
robot_base_x: 10.333750
robot_base_y: -7.284999
robot_base_yaw: 3.133508
robot_geom: robot0_base_collision
proxy_geom: scene_aabb_proxy_production_line_6
judge_collision_detected:
robot_base_x: 10.333750
robot_base_y: -7.284999
robot_base_yaw: 3.133508
robot_geom: robot0_front_left_caster_2
proxy_geom: scene_aabb_proxy_output_6
judge_collision_detected:
robot_base_x: 10.333750
robot_base_y: -7.284999
robot_base_yaw: 3.133508
robot_geom: robot0_front_right_caster_2
proxy_geom: scene_aabb_proxy_output_6
judge_collision_detected:
robot_base_x: 10.333750
robot_base_y: -7.284999
robot_base_yaw: 3.133508
robot_geom: robot0_torso_fixed_collision_box_1
proxy_geom: scene_aabb_proxy_line_6_output_side_protrusion
judge_collision_detected:
robot_base_x: 10.333750
robot_base_y: -7.284999
robot_base_yaw: 3.133508
robot_geom: robot0_torso_fixed_collision_box_1
proxy_geom: scene_aabb_proxy_output_6
judge_collision_detected:
robot_base_x: 10.333750
robot_base_y: -7.284999
robot_base_yaw: 3.133508
robot_geom: robot0_torso_fixed_collision_box_1
proxy_geom: scene_aabb_proxy_production_line_6
judge_collision_detected:
robot_base_x: 10.333750
robot_base_y: -7.284999
robot_base_yaw: 3.133508
robot_geom: robot0_torso_fixed_column_collision
proxy_geom: scene_aabb_proxy_line_6_output_side_protrusion
judge_collision_detected:
robot_base_x: 10.333750
robot_base_y: -7.284999
robot_base_yaw: 3.133508
robot_geom: robot0_wheel_left_collision
proxy_geom: scene_aabb_proxy_line_6_output_side_protrusion
judge_collision_detected:
robot_base_x: 10.333750
robot_base_y: -7.284999
robot_base_yaw: 3.133508
robot_geom: robot0_wheel_left_collision
proxy_geom: scene_aabb_proxy_output_6
judge_collision_detected:
robot_base_x: 10.333750
robot_base_y: -7.284999
robot_base_yaw: 3.133508
robot_geom: robot0_wheel_right_collision
proxy_geom: scene_aabb_proxy_line_6_output_side_protrusion
judge_collision_detected:
robot_base_x: 10.333750
robot_base_y: -7.284999
robot_base_yaw: 3.133508
robot_geom: robot0_wheel_right_collision
proxy_geom: scene_aabb_proxy_output_6
judge_collision_detected:
robot_base_x: 10.333750
robot_base_y: -7.284999
robot_base_yaw: 3.133508
robot_geom: robot0_wheel_right_collision
proxy_geom: scene_aabb_proxy_production_line_6
judge_collision_detected:
robot_base_x: 10.333112
robot_base_y: -7.285159
robot_base_yaw: 3.133880
robot_geom: robot0_back_left_caster_2
proxy_geom: scene_aabb_proxy_line_6_output_side_protrusion
judge_collision_detected:
robot_base_x: 10.333112
robot_base_y: -7.285159
robot_base_yaw: 3.133880
robot_geom: robot0_back_right_caster_2
proxy_geom: scene_aabb_proxy_line_6_output_side_protrusion
judge_collision_detected:
robot_base_x: 10.333112
robot_base_y: -7.285159
robot_base_yaw: 3.133880
robot_geom: robot0_base_collision
proxy_geom: scene_aabb_proxy_line_6_output_side_protrusion
judge_collision_detected:
robot_base_x: 10.333112
robot_base_y: -7.285159
robot_base_yaw: 3.133880
robot_geom: robot0_base_collision
proxy_geom: scene_aabb_proxy_output_6
judge_collision_detected:
robot_base_x: 10.333112
robot_base_y: -7.285159
robot_base_yaw: 3.133880
robot_geom: robot0_base_collision
proxy_geom: scene_aabb_proxy_production_line_6
judge_collision_detected:
robot_base_x: 10.333112
robot_base_y: -7.285159
robot_base_yaw: 3.133880
robot_geom: robot0_front_left_caster_2
proxy_geom: scene_aabb_proxy_output_6
judge_collision_detected:
robot_base_x: 10.333112
robot_base_y: -7.285159
robot_base_yaw: 3.133880
robot_geom: robot0_front_right_caster_2
proxy_geom: scene_aabb_proxy_output_6
judge_collision_detected:
robot_base_x: 10.333112
robot_base_y: -7.285159
robot_base_yaw: 3.133880
robot_geom: robot0_torso_fixed_collision_box_1
proxy_geom: scene_aabb_proxy_line_6_output_side_protrusion
judge_collision_detected:
robot_base_x: 10.333112
robot_base_y: -7.285159
robot_base_yaw: 3.133880
robot_geom: robot0_torso_fixed_collision_box_1
proxy_geom: scene_aabb_proxy_output_6
judge_collision_detected:
robot_base_x: 10.333112
robot_base_y: -7.285159
robot_base_yaw: 3.133880
robot_geom: robot0_torso_fixed_collision_box_1
proxy_geom: scene_aabb_proxy_production_line_6
judge_collision_detected:
robot_base_x: 10.333112
robot_base_y: -7.285159
robot_base_yaw: 3.133880
robot_geom: robot0_torso_fixed_column_collision
proxy_geom: scene_aabb_proxy_line_6_output_side_protrusion
judge_collision_detected:
robot_base_x: 10.333112
robot_base_y: -7.285159
robot_base_yaw: 3.133880
robot_geom: robot0_wheel_left_collision
proxy_geom: scene_aabb_proxy_line_6_output_side_protrusion
judge_collision_detected:
robot_base_x: 10.333112
robot_base_y: -7.285159
robot_base_yaw: 3.133880
robot_geom: robot0_wheel_left_collision
proxy_geom: scene_aabb_proxy_output_6
judge_collision_detected:
robot_base_x: 10.333112
robot_base_y: -7.285159
robot_base_yaw: 3.133880
robot_geom: robot0_wheel_right_collision
proxy_geom: scene_aabb_proxy_line_6_output_side_protrusion
judge_collision_detected:
robot_base_x: 10.333112
robot_base_y: -7.285159
robot_base_yaw: 3.133880
robot_geom: robot0_wheel_right_collision
proxy_geom: scene_aabb_proxy_output_6
judge_collision_detected:
robot_base_x: 10.333112
robot_base_y: -7.285159
robot_base_yaw: 3.133880
robot_geom: robot0_wheel_right_collision
proxy_geom: scene_aabb_proxy_production_line_6
judge_collision_detected:
robot_base_x: 10.332504
robot_base_y: -7.285317
robot_base_yaw: 3.134263
robot_geom: robot0_back_left_caster_2
proxy_geom: scene_aabb_proxy_line_6_output_side_protrusion
judge_collision_detected:
robot_base_x: 10.332504
robot_base_y: -7.285317
robot_base_yaw: 3.134263
robot_geom: robot0_back_right_caster_2
proxy_geom: scene_aabb_proxy_line_6_output_side_protrusion
judge_collision_detected:
robot_base_x: 10.332504
robot_base_y: -7.285317
robot_base_yaw: 3.134263
robot_geom: robot0_base_collision
proxy_geom: scene_aabb_proxy_line_6_output_side_protrusion
judge_collision_detected:
robot_base_x: 10.332504
robot_base_y: -7.285317
robot_base_yaw: 3.134263
robot_geom: robot0_base_collision
proxy_geom: scene_aabb_proxy_output_6
judge_collision_detected:
robot_base_x: 10.332504
robot_base_y: -7.285317
robot_base_yaw: 3.134263
robot_geom: robot0_base_collision
proxy_geom: scene_aabb_proxy_production_line_6
judge_collision_detected:
robot_base_x: 10.332504
robot_base_y: -7.285317
robot_base_yaw: 3.134263
robot_geom: robot0_front_left_caster_2
proxy_geom: scene_aabb_proxy_output_6
judge_collision_detected:
robot_base_x: 10.332504
robot_base_y: -7.285317
robot_base_yaw: 3.134263
robot_geom: robot0_front_right_caster_2
proxy_geom: scene_aabb_proxy_output_6
judge_collision_detected:
robot_base_x: 10.332504
robot_base_y: -7.285317
robot_base_yaw: 3.134263
robot_geom: robot0_torso_fixed_collision_box_1
proxy_geom: scene_aabb_proxy_line_6_output_side_protrusion
judge_collision_detected:
robot_base_x: 10.332504
robot_base_y: -7.285317
robot_base_yaw: 3.134263
robot_geom: robot0_torso_fixed_collision_box_1
proxy_geom: scene_aabb_proxy_output_6
judge_collision_detected:
robot_base_x: 10.332504
robot_base_y: -7.285317
robot_base_yaw: 3.134263
robot_geom: robot0_torso_fixed_collision_box_1
proxy_geom: scene_aabb_proxy_production_line_6
judge_collision_detected:
robot_base_x: 10.332504
robot_base_y: -7.285317
robot_base_yaw: 3.134263
robot_geom: robot0_torso_fixed_column_collision
proxy_geom: scene_aabb_proxy_line_6_output_side_protrusion
judge_collision_detected:
robot_base_x: 10.332504
robot_base_y: -7.285317
robot_base_yaw: 3.134263
robot_geom: robot0_wheel_left_collision
proxy_geom: scene_aabb_proxy_line_6_output_side_protrusion
judge_collision_detected:
robot_base_x: 10.332504
robot_base_y: -7.285317
robot_base_yaw: 3.134263
robot_geom: robot0_wheel_left_collision
proxy_geom: scene_aabb_proxy_output_6
judge_collision_detected:
robot_base_x: 10.332504
robot_base_y: -7.285317
robot_base_yaw: 3.134263
robot_geom: robot0_wheel_right_collision
proxy_geom: scene_aabb_proxy_line_6_output_side_protrusion
judge_collision_detected:
robot_base_x: 10.332504
robot_base_y: -7.285317
robot_base_yaw: 3.134263
robot_geom: robot0_wheel_right_collision
proxy_geom: scene_aabb_proxy_output_6
judge_collision_detected:
robot_base_x: 10.332504
robot_base_y: -7.285317
robot_base_yaw: 3.134263
robot_geom: robot0_wheel_right_collision
proxy_geom: scene_aabb_proxy_production_line_6
judge_collision_detected:
robot_base_x: 10.331922
robot_base_y: -7.285471
robot_base_yaw: 3.134659
robot_geom: robot0_back_left_caster_2
proxy_geom: scene_aabb_proxy_line_6_output_side_protrusion
judge_collision_detected:
robot_base_x: 10.331922
robot_base_y: -7.285471
robot_base_yaw: 3.134659
robot_geom: robot0_back_right_caster_2
proxy_geom: scene_aabb_proxy_line_6_output_side_protrusion
judge_collision_detected:
robot_base_x: 10.331922
robot_base_y: -7.285471
robot_base_yaw: 3.134659
robot_geom: robot0_base_collision
proxy_geom: scene_aabb_proxy_line_6_output_side_protrusion
judge_collision_detected:
robot_base_x: 10.331922
robot_base_y: -7.285471
robot_base_yaw: 3.134659
robot_geom: robot0_base_collision
proxy_geom: scene_aabb_proxy_output_6
judge_collision_detected:
robot_base_x: 10.331922
robot_base_y: -7.285471
robot_base_yaw: 3.134659
robot_geom: robot0_base_collision
proxy_geom: scene_aabb_proxy_production_line_6
judge_collision_detected:
robot_base_x: 10.331922
robot_base_y: -7.285471
robot_base_yaw: 3.134659
robot_geom: robot0_front_left_caster_2
proxy_geom: scene_aabb_proxy_output_6
judge_collision_detected:
robot_base_x: 10.331922
robot_base_y: -7.285471
robot_base_yaw: 3.134659
robot_geom: robot0_front_right_caster_2
proxy_geom: scene_aabb_proxy_output_6
judge_collision_detected:
robot_base_x: 10.331922
robot_base_y: -7.285471
robot_base_yaw: 3.134659
robot_geom: robot0_torso_fixed_collision_box_1
proxy_geom: scene_aabb_proxy_line_6_output_side_protrusion
judge_collision_detected:
robot_base_x: 10.331922
robot_base_y: -7.285471
robot_base_yaw: 3.134659
robot_geom: robot0_torso_fixed_collision_box_1
proxy_geom: scene_aabb_proxy_output_6
judge_collision_detected:
robot_base_x: 10.331922
robot_base_y: -7.285471
robot_base_yaw: 3.134659
robot_geom: robot0_torso_fixed_collision_box_1
proxy_geom: scene_aabb_proxy_production_line_6
judge_collision_detected:
robot_base_x: 10.331922
robot_base_y: -7.285471
robot_base_yaw: 3.134659
robot_geom: robot0_torso_fixed_column_collision
proxy_geom: scene_aabb_proxy_line_6_output_side_protrusion
judge_collision_detected:
robot_base_x: 10.331922
robot_base_y: -7.285471
robot_base_yaw: 3.134659
robot_geom: robot0_wheel_left_collision
proxy_geom: scene_aabb_proxy_line_6_output_side_protrusion
judge_collision_detected:
robot_base_x: 10.331922
robot_base_y: -7.285471
robot_base_yaw: 3.134659
robot_geom: robot0_wheel_left_collision
proxy_geom: scene_aabb_proxy_output_6
judge_collision_detected:
robot_base_x: 10.331922
robot_base_y: -7.285471
robot_base_yaw: 3.134659
robot_geom: robot0_wheel_right_collision
proxy_geom: scene_aabb_proxy_line_6_output_side_protrusion
judge_collision_detected:
robot_base_x: 10.331922
robot_base_y: -7.285471
robot_base_yaw: 3.134659
robot_geom: robot0_wheel_right_collision
proxy_geom: scene_aabb_proxy_output_6
judge_collision_detected:
robot_base_x: 10.331922
robot_base_y: -7.285471
robot_base_yaw: 3.134659
robot_geom: robot0_wheel_right_collision
proxy_geom: scene_aabb_proxy_production_line_6
judge_collision_detected:
robot_base_x: 10.331379
robot_base_y: -7.285619
robot_base_yaw: 3.135085
robot_geom: robot0_back_left_caster_2
proxy_geom: scene_aabb_proxy_line_6_output_side_protrusion
judge_collision_detected:
robot_base_x: 10.331379
robot_base_y: -7.285619
robot_base_yaw: 3.135085
robot_geom: robot0_back_right_caster_2
proxy_geom: scene_aabb_proxy_line_6_output_side_protrusion
judge_collision_detected:
robot_base_x: 10.331379
robot_base_y: -7.285619
robot_base_yaw: 3.135085
robot_geom: robot0_base_collision
proxy_geom: scene_aabb_proxy_line_6_output_side_protrusion
judge_collision_detected:
robot_base_x: 10.331379
robot_base_y: -7.285619
robot_base_yaw: 3.135085
robot_geom: robot0_base_collision
proxy_geom: scene_aabb_proxy_output_6
judge_collision_detected:
robot_base_x: 10.331379
robot_base_y: -7.285619
robot_base_yaw: 3.135085
robot_geom: robot0_base_collision
proxy_geom: scene_aabb_proxy_production_line_6
judge_collision_detected:
robot_base_x: 10.331379
robot_base_y: -7.285619
robot_base_yaw: 3.135085
robot_geom: robot0_front_left_caster_2
proxy_geom: scene_aabb_proxy_output_6
judge_collision_detected:
robot_base_x: 10.331379
robot_base_y: -7.285619
robot_base_yaw: 3.135085
robot_geom: robot0_front_right_caster_2
proxy_geom: scene_aabb_proxy_output_6
judge_collision_detected:
robot_base_x: 10.331379
robot_base_y: -7.285619
robot_base_yaw: 3.135085
robot_geom: robot0_torso_fixed_collision_box_1
proxy_geom: scene_aabb_proxy_line_6_output_side_protrusion
judge_collision_detected:
robot_base_x: 10.331379
robot_base_y: -7.285619
robot_base_yaw: 3.135085
robot_geom: robot0_torso_fixed_collision_box_1
proxy_geom: scene_aabb_proxy_output_6
judge_collision_detected:
robot_base_x: 10.331379
robot_base_y: -7.285619
robot_base_yaw: 3.135085
robot_geom: robot0_torso_fixed_collision_box_1
proxy_geom: scene_aabb_proxy_production_line_6
judge_collision_detected:
robot_base_x: 10.331379
robot_base_y: -7.285619
robot_base_yaw: 3.135085
robot_geom: robot0_torso_fixed_column_collision
proxy_geom: scene_aabb_proxy_line_6_output_side_protrusion
judge_collision_detected:
robot_base_x: 10.331379
robot_base_y: -7.285619
robot_base_yaw: 3.135085
robot_geom: robot0_wheel_left_collision
proxy_geom: scene_aabb_proxy_line_6_output_side_protrusion
judge_collision_detected:
robot_base_x: 10.331379
robot_base_y: -7.285619
robot_base_yaw: 3.135085
robot_geom: robot0_wheel_left_collision
proxy_geom: scene_aabb_proxy_output_6
judge_collision_detected:
robot_base_x: 10.331379
robot_base_y: -7.285619
robot_base_yaw: 3.135085
robot_geom: robot0_wheel_right_collision
proxy_geom: scene_aabb_proxy_line_6_output_side_protrusion
judge_collision_detected:
robot_base_x: 10.331379
robot_base_y: -7.285619
robot_base_yaw: 3.135085
robot_geom: robot0_wheel_right_collision
proxy_geom: scene_aabb_proxy_output_6
judge_collision_detected:
robot_base_x: 10.331379
robot_base_y: -7.285619
robot_base_yaw: 3.135085
robot_geom: robot0_wheel_right_collision
proxy_geom: scene_aabb_proxy_production_line_6
judge_collision_detected:
robot_base_x: 10.330861
robot_base_y: -7.285763
robot_base_yaw: 3.135522
robot_geom: robot0_back_left_caster_2
proxy_geom: scene_aabb_proxy_line_6_output_side_protrusion
judge_collision_detected:
robot_base_x: 10.330861
robot_base_y: -7.285763
robot_base_yaw: 3.135522
robot_geom: robot0_back_right_caster_2
proxy_geom: scene_aabb_proxy_line_6_output_side_protrusion
judge_collision_detected:
robot_base_x: 10.330861
robot_base_y: -7.285763
robot_base_yaw: 3.135522
robot_geom: robot0_base_collision
proxy_geom: scene_aabb_proxy_line_6_output_side_protrusion
judge_collision_detected:
robot_base_x: 10.330861
robot_base_y: -7.285763
robot_base_yaw: 3.135522
robot_geom: robot0_base_collision
proxy_geom: scene_aabb_proxy_output_6
judge_collision_detected:
robot_base_x: 10.330861
robot_base_y: -7.285763
robot_base_yaw: 3.135522
robot_geom: robot0_base_collision
proxy_geom: scene_aabb_proxy_production_line_6
judge_collision_detected:
robot_base_x: 10.330861
robot_base_y: -7.285763
robot_base_yaw: 3.135522
robot_geom: robot0_front_left_caster_2
proxy_geom: scene_aabb_proxy_output_6
judge_collision_detected:
robot_base_x: 10.330861
robot_base_y: -7.285763
robot_base_yaw: 3.135522
robot_geom: robot0_front_right_caster_2
proxy_geom: scene_aabb_proxy_output_6
judge_collision_detected:
robot_base_x: 10.330861
robot_base_y: -7.285763
robot_base_yaw: 3.135522
robot_geom: robot0_torso_fixed_collision_box_1
proxy_geom: scene_aabb_proxy_line_6_output_side_protrusion
judge_collision_detected:
robot_base_x: 10.330861
robot_base_y: -7.285763
robot_base_yaw: 3.135522
robot_geom: robot0_torso_fixed_collision_box_1
proxy_geom: scene_aabb_proxy_output_6
judge_collision_detected:
robot_base_x: 10.330861
robot_base_y: -7.285763
robot_base_yaw: 3.135522
robot_geom: robot0_torso_fixed_collision_box_1
proxy_geom: scene_aabb_proxy_production_line_6
judge_collision_detected:
robot_base_x: 10.330861
robot_base_y: -7.285763
robot_base_yaw: 3.135522
robot_geom: robot0_torso_fixed_column_collision
proxy_geom: scene_aabb_proxy_line_6_output_side_protrusion
judge_collision_detected:
robot_base_x: 10.330861
robot_base_y: -7.285763
robot_base_yaw: 3.135522
robot_geom: robot0_wheel_left_collision
proxy_geom: scene_aabb_proxy_line_6_output_side_protrusion
judge_collision_detected:
robot_base_x: 10.330861
robot_base_y: -7.285763
robot_base_yaw: 3.135522
robot_geom: robot0_wheel_left_collision
proxy_geom: scene_aabb_proxy_output_6
judge_collision_detected:
robot_base_x: 10.330861
robot_base_y: -7.285763
robot_base_yaw: 3.135522
robot_geom: robot0_wheel_right_collision
proxy_geom: scene_aabb_proxy_line_6_output_side_protrusion
judge_collision_detected:
robot_base_x: 10.330861
robot_base_y: -7.285763
robot_base_yaw: 3.135522
robot_geom: robot0_wheel_right_collision
proxy_geom: scene_aabb_proxy_output_6
judge_collision_detected:
robot_base_x: 10.330861
robot_base_y: -7.285763
robot_base_yaw: 3.135522
robot_geom: robot0_wheel_right_collision
proxy_geom: scene_aabb_proxy_production_line_6
judge_collision_detected:
robot_base_x: 10.330355
robot_base_y: -7.285906
robot_base_yaw: 3.135948
robot_geom: robot0_back_left_caster_2
proxy_geom: scene_aabb_proxy_line_6_output_side_protrusion
judge_collision_detected:
robot_base_x: 10.330355
robot_base_y: -7.285906
robot_base_yaw: 3.135948
robot_geom: robot0_back_right_caster_2
proxy_geom: scene_aabb_proxy_line_6_output_side_protrusion
judge_collision_detected:
robot_base_x: 10.330355
robot_base_y: -7.285906
robot_base_yaw: 3.135948
robot_geom: robot0_base_collision
proxy_geom: scene_aabb_proxy_line_6_output_side_protrusion
judge_collision_detected:
robot_base_x: 10.330355
robot_base_y: -7.285906
robot_base_yaw: 3.135948
robot_geom: robot0_base_collision
proxy_geom: scene_aabb_proxy_output_6
judge_collision_detected:
robot_base_x: 10.330355
robot_base_y: -7.285906
robot_base_yaw: 3.135948
robot_geom: robot0_base_collision
proxy_geom: scene_aabb_proxy_production_line_6
judge_collision_detected:
robot_base_x: 10.330355
robot_base_y: -7.285906
robot_base_yaw: 3.135948
robot_geom: robot0_front_left_caster_2
proxy_geom: scene_aabb_proxy_output_6
judge_collision_detected:
robot_base_x: 10.330355
robot_base_y: -7.285906
robot_base_yaw: 3.135948
robot_geom: robot0_front_right_caster_2
proxy_geom: scene_aabb_proxy_output_6
judge_collision_detected:
robot_base_x: 10.330355
robot_base_y: -7.285906
robot_base_yaw: 3.135948
robot_geom: robot0_torso_fixed_collision_box_1
proxy_geom: scene_aabb_proxy_line_6_output_side_protrusion
judge_collision_detected:
robot_base_x: 10.330355
robot_base_y: -7.285906
robot_base_yaw: 3.135948
robot_geom: robot0_torso_fixed_collision_box_1
proxy_geom: scene_aabb_proxy_output_6
judge_collision_detected:
robot_base_x: 10.330355
robot_base_y: -7.285906
robot_base_yaw: 3.135948
robot_geom: robot0_torso_fixed_collision_box_1
proxy_geom: scene_aabb_proxy_production_line_6
judge_collision_detected:
robot_base_x: 10.330355
robot_base_y: -7.285906
robot_base_yaw: 3.135948
robot_geom: robot0_torso_fixed_column_collision
proxy_geom: scene_aabb_proxy_line_6_output_side_protrusion
judge_collision_detected:
robot_base_x: 10.330355
robot_base_y: -7.285906
robot_base_yaw: 3.135948
robot_geom: robot0_wheel_left_collision
proxy_geom: scene_aabb_proxy_line_6_output_side_protrusion
judge_collision_detected:
robot_base_x: 10.330355
robot_base_y: -7.285906
robot_base_yaw: 3.135948
robot_geom: robot0_wheel_left_collision
proxy_geom: scene_aabb_proxy_output_6
judge_collision_detected:
robot_base_x: 10.330355
robot_base_y: -7.285906
robot_base_yaw: 3.135948
robot_geom: robot0_wheel_right_collision
proxy_geom: scene_aabb_proxy_line_6_output_side_protrusion
judge_collision_detected:
robot_base_x: 10.330355
robot_base_y: -7.285906
robot_base_yaw: 3.135948
robot_geom: robot0_wheel_right_collision
proxy_geom: scene_aabb_proxy_output_6
judge_collision_detected:
robot_base_x: 10.330355
robot_base_y: -7.285906
robot_base_yaw: 3.135948
robot_geom: robot0_wheel_right_collision
proxy_geom: scene_aabb_proxy_production_line_6
judge_collision_detected:
robot_base_x: 10.329862
robot_base_y: -7.286047
robot_base_yaw: 3.136368
robot_geom: robot0_back_left_caster_2
proxy_geom: scene_aabb_proxy_line_6_output_side_protrusion
judge_collision_detected:
robot_base_x: 10.329862
robot_base_y: -7.286047
robot_base_yaw: 3.136368
robot_geom: robot0_back_right_caster_2
proxy_geom: scene_aabb_proxy_line_6_output_side_protrusion
judge_collision_detected:
robot_base_x: 10.329862
robot_base_y: -7.286047
robot_base_yaw: 3.136368
robot_geom: robot0_base_collision
proxy_geom: scene_aabb_proxy_line_6_output_side_protrusion
judge_collision_detected:
robot_base_x: 10.329862
robot_base_y: -7.286047
robot_base_yaw: 3.136368
robot_geom: robot0_base_collision
proxy_geom: scene_aabb_proxy_output_6
judge_collision_detected:
robot_base_x: 10.329862
robot_base_y: -7.286047
robot_base_yaw: 3.136368
robot_geom: robot0_base_collision
proxy_geom: scene_aabb_proxy_production_line_6
judge_collision_detected:
robot_base_x: 10.329862
robot_base_y: -7.286047
robot_base_yaw: 3.136368
robot_geom: robot0_front_left_caster_2
proxy_geom: scene_aabb_proxy_output_6
judge_collision_detected:
robot_base_x: 10.329862
robot_base_y: -7.286047
robot_base_yaw: 3.136368
robot_geom: robot0_front_right_caster_2
proxy_geom: scene_aabb_proxy_output_6
judge_collision_detected:
robot_base_x: 10.329862
robot_base_y: -7.286047
robot_base_yaw: 3.136368
robot_geom: robot0_torso_fixed_collision_box_1
proxy_geom: scene_aabb_proxy_line_6_output_side_protrusion
judge_collision_detected:
robot_base_x: 10.329862
robot_base_y: -7.286047
robot_base_yaw: 3.136368
robot_geom: robot0_torso_fixed_collision_box_1
proxy_geom: scene_aabb_proxy_output_6
judge_collision_detected:
robot_base_x: 10.329862
robot_base_y: -7.286047
robot_base_yaw: 3.136368
robot_geom: robot0_torso_fixed_collision_box_1
proxy_geom: scene_aabb_proxy_production_line_6
judge_collision_detected:
robot_base_x: 10.329862
robot_base_y: -7.286047
robot_base_yaw: 3.136368
robot_geom: robot0_torso_fixed_column_collision
proxy_geom: scene_aabb_proxy_line_6_output_side_protrusion
judge_collision_detected:
robot_base_x: 10.329862
robot_base_y: -7.286047
robot_base_yaw: 3.136368
robot_geom: robot0_wheel_left_collision
proxy_geom: scene_aabb_proxy_line_6_output_side_protrusion
judge_collision_detected:
robot_base_x: 10.329862
robot_base_y: -7.286047
robot_base_yaw: 3.136368
robot_geom: robot0_wheel_left_collision
proxy_geom: scene_aabb_proxy_output_6
judge_collision_detected:
robot_base_x: 10.329862
robot_base_y: -7.286047
robot_base_yaw: 3.136368
robot_geom: robot0_wheel_right_collision
proxy_geom: scene_aabb_proxy_line_6_output_side_protrusion
judge_collision_detected:
robot_base_x: 10.329862
robot_base_y: -7.286047
robot_base_yaw: 3.136368
robot_geom: robot0_wheel_right_collision
proxy_geom: scene_aabb_proxy_output_6
judge_collision_detected:
robot_base_x: 10.329862
robot_base_y: -7.286047
robot_base_yaw: 3.136368
robot_geom: robot0_wheel_right_collision
proxy_geom: scene_aabb_proxy_production_line_6
judge_collision_detected:
robot_base_x: 10.329010
robot_base_y: -7.286192
robot_base_yaw: 3.136702
robot_geom: robot0_back_left_caster_2
proxy_geom: scene_aabb_proxy_line_6_output_side_protrusion
judge_collision_detected:
robot_base_x: 10.329010
robot_base_y: -7.286192
robot_base_yaw: 3.136702
robot_geom: robot0_back_right_caster_2
proxy_geom: scene_aabb_proxy_line_6_output_side_protrusion
judge_collision_detected:
robot_base_x: 10.329010
robot_base_y: -7.286192
robot_base_yaw: 3.136702
robot_geom: robot0_base_collision
proxy_geom: scene_aabb_proxy_line_6_output_side_protrusion
judge_collision_detected:
robot_base_x: 10.329010
robot_base_y: -7.286192
robot_base_yaw: 3.136702
robot_geom: robot0_base_collision
proxy_geom: scene_aabb_proxy_output_6
judge_collision_detected:
robot_base_x: 10.329010
robot_base_y: -7.286192
robot_base_yaw: 3.136702
robot_geom: robot0_base_collision
proxy_geom: scene_aabb_proxy_production_line_6
judge_collision_detected:
robot_base_x: 10.329010
robot_base_y: -7.286192
robot_base_yaw: 3.136702
robot_geom: robot0_front_left_caster_2
proxy_geom: scene_aabb_proxy_output_6
judge_collision_detected:
robot_base_x: 10.329010
robot_base_y: -7.286192
robot_base_yaw: 3.136702
robot_geom: robot0_front_right_caster_2
proxy_geom: scene_aabb_proxy_output_6
judge_collision_detected:
robot_base_x: 10.329010
robot_base_y: -7.286192
robot_base_yaw: 3.136702
robot_geom: robot0_torso_fixed_collision_box_1
proxy_geom: scene_aabb_proxy_line_6_output_side_protrusion
judge_collision_detected:
robot_base_x: 10.329010
robot_base_y: -7.286192
robot_base_yaw: 3.136702
robot_geom: robot0_torso_fixed_collision_box_1
proxy_geom: scene_aabb_proxy_output_6
judge_collision_detected:
robot_base_x: 10.329010
robot_base_y: -7.286192
robot_base_yaw: 3.136702
robot_geom: robot0_torso_fixed_collision_box_1
proxy_geom: scene_aabb_proxy_production_line_6
judge_collision_detected:
robot_base_x: 10.329010
robot_base_y: -7.286192
robot_base_yaw: 3.136702
robot_geom: robot0_torso_fixed_column_collision
proxy_geom: scene_aabb_proxy_line_6_output_side_protrusion
judge_collision_detected:
robot_base_x: 10.329010
robot_base_y: -7.286192
robot_base_yaw: 3.136702
robot_geom: robot0_wheel_left_collision
proxy_geom: scene_aabb_proxy_line_6_output_side_protrusion
judge_collision_detected:
robot_base_x: 10.329010
robot_base_y: -7.286192
robot_base_yaw: 3.136702
robot_geom: robot0_wheel_left_collision
proxy_geom: scene_aabb_proxy_output_6
judge_collision_detected:
robot_base_x: 10.329010
robot_base_y: -7.286192
robot_base_yaw: 3.136702
robot_geom: robot0_wheel_right_collision
proxy_geom: scene_aabb_proxy_line_6_output_side_protrusion
judge_collision_detected:
robot_base_x: 10.329010
robot_base_y: -7.286192
robot_base_yaw: 3.136702
robot_geom: robot0_wheel_right_collision
proxy_geom: scene_aabb_proxy_output_6
judge_collision_detected:
robot_base_x: 10.329010
robot_base_y: -7.286192
robot_base_yaw: 3.136702
robot_geom: robot0_wheel_right_collision
proxy_geom: scene_aabb_proxy_production_line_6
judge_collision_detected:
robot_base_x: 10.328017
robot_base_y: -7.286341
robot_base_yaw: 3.136979
robot_geom: robot0_back_left_caster_2
proxy_geom: scene_aabb_proxy_line_6_output_side_protrusion
judge_collision_detected:
robot_base_x: 10.328017
robot_base_y: -7.286341
robot_base_yaw: 3.136979
robot_geom: robot0_back_right_caster_2
proxy_geom: scene_aabb_proxy_line_6_output_side_protrusion
judge_collision_detected:
robot_base_x: 10.328017
robot_base_y: -7.286341
robot_base_yaw: 3.136979
robot_geom: robot0_base_collision
proxy_geom: scene_aabb_proxy_line_6_output_side_protrusion
judge_collision_detected:
robot_base_x: 10.328017
robot_base_y: -7.286341
robot_base_yaw: 3.136979
robot_geom: robot0_base_collision
proxy_geom: scene_aabb_proxy_output_6
judge_collision_detected:
robot_base_x: 10.328017
robot_base_y: -7.286341
robot_base_yaw: 3.136979
robot_geom: robot0_base_collision
proxy_geom: scene_aabb_proxy_production_line_6
judge_collision_detected:
robot_base_x: 10.328017
robot_base_y: -7.286341
robot_base_yaw: 3.136979
robot_geom: robot0_front_left_caster_2
proxy_geom: scene_aabb_proxy_output_6
judge_collision_detected:
robot_base_x: 10.328017
robot_base_y: -7.286341
robot_base_yaw: 3.136979
robot_geom: robot0_front_right_caster_2
proxy_geom: scene_aabb_proxy_output_6
judge_collision_detected:
robot_base_x: 10.328017
robot_base_y: -7.286341
robot_base_yaw: 3.136979
robot_geom: robot0_torso_fixed_collision_box_1
proxy_geom: scene_aabb_proxy_line_6_output_side_protrusion
judge_collision_detected:
robot_base_x: 10.328017
robot_base_y: -7.286341
robot_base_yaw: 3.136979
robot_geom: robot0_torso_fixed_collision_box_1
proxy_geom: scene_aabb_proxy_output_6
judge_collision_detected:
robot_base_x: 10.328017
robot_base_y: -7.286341
robot_base_yaw: 3.136979
robot_geom: robot0_torso_fixed_collision_box_1
proxy_geom: scene_aabb_proxy_production_line_6
judge_collision_detected:
robot_base_x: 10.328017
robot_base_y: -7.286341
robot_base_yaw: 3.136979
robot_geom: robot0_torso_fixed_column_collision
proxy_geom: scene_aabb_proxy_line_6_output_side_protrusion
judge_collision_detected:
robot_base_x: 10.328017
robot_base_y: -7.286341
robot_base_yaw: 3.136979
robot_geom: robot0_wheel_left_collision
proxy_geom: scene_aabb_proxy_line_6_output_side_protrusion
judge_collision_detected:
robot_base_x: 10.328017
robot_base_y: -7.286341
robot_base_yaw: 3.136979
robot_geom: robot0_wheel_left_collision
proxy_geom: scene_aabb_proxy_output_6
judge_collision_detected:
robot_base_x: 10.328017
robot_base_y: -7.286341
robot_base_yaw: 3.136979
robot_geom: robot0_wheel_right_collision
proxy_geom: scene_aabb_proxy_line_6_output_side_protrusion
judge_collision_detected:
robot_base_x: 10.328017
robot_base_y: -7.286341
robot_base_yaw: 3.136979
robot_geom: robot0_wheel_right_collision
proxy_geom: scene_aabb_proxy_output_6
judge_collision_detected:
robot_base_x: 10.328017
robot_base_y: -7.286341
robot_base_yaw: 3.136979
robot_geom: robot0_wheel_right_collision
proxy_geom: scene_aabb_proxy_production_line_6
judge_collision_detected:
robot_base_x: 10.327060
robot_base_y: -7.286495
robot_base_yaw: 3.137224
robot_geom: robot0_back_left_caster_2
proxy_geom: scene_aabb_proxy_line_6_output_side_protrusion
judge_collision_detected:
robot_base_x: 10.327060
robot_base_y: -7.286495
robot_base_yaw: 3.137224
robot_geom: robot0_back_right_caster_2
proxy_geom: scene_aabb_proxy_line_6_output_side_protrusion
judge_collision_detected:
robot_base_x: 10.327060
robot_base_y: -7.286495
robot_base_yaw: 3.137224
robot_geom: robot0_base_collision
proxy_geom: scene_aabb_proxy_line_6_output_side_protrusion
judge_collision_detected:
robot_base_x: 10.327060
robot_base_y: -7.286495
robot_base_yaw: 3.137224
robot_geom: robot0_base_collision
proxy_geom: scene_aabb_proxy_output_6
judge_collision_detected:
robot_base_x: 10.327060
robot_base_y: -7.286495
robot_base_yaw: 3.137224
robot_geom: robot0_base_collision
proxy_geom: scene_aabb_proxy_production_line_6
judge_collision_detected:
robot_base_x: 10.327060
robot_base_y: -7.286495
robot_base_yaw: 3.137224
robot_geom: robot0_front_left_caster_2
proxy_geom: scene_aabb_proxy_output_6
judge_collision_detected:
robot_base_x: 10.327060
robot_base_y: -7.286495
robot_base_yaw: 3.137224
robot_geom: robot0_front_right_caster_2
proxy_geom: scene_aabb_proxy_output_6
judge_collision_detected:
robot_base_x: 10.327060
robot_base_y: -7.286495
robot_base_yaw: 3.137224
robot_geom: robot0_torso_fixed_collision_box_1
proxy_geom: scene_aabb_proxy_line_6_output_side_protrusion
judge_collision_detected:
robot_base_x: 10.327060
robot_base_y: -7.286495
robot_base_yaw: 3.137224
robot_geom: robot0_torso_fixed_collision_box_1
proxy_geom: scene_aabb_proxy_output_6
judge_collision_detected:
robot_base_x: 10.327060
robot_base_y: -7.286495
robot_base_yaw: 3.137224
robot_geom: robot0_torso_fixed_collision_box_1
proxy_geom: scene_aabb_proxy_production_line_6
judge_collision_detected:
robot_base_x: 10.327060
robot_base_y: -7.286495
robot_base_yaw: 3.137224
robot_geom: robot0_torso_fixed_column_collision
proxy_geom: scene_aabb_proxy_line_6_output_side_protrusion
judge_collision_detected:
robot_base_x: 10.327060
robot_base_y: -7.286495
robot_base_yaw: 3.137224
robot_geom: robot0_wheel_left_collision
proxy_geom: scene_aabb_proxy_line_6_output_side_protrusion
judge_collision_detected:
robot_base_x: 10.327060
robot_base_y: -7.286495
robot_base_yaw: 3.137224
robot_geom: robot0_wheel_left_collision
proxy_geom: scene_aabb_proxy_output_6
judge_collision_detected:
robot_base_x: 10.327060
robot_base_y: -7.286495
robot_base_yaw: 3.137224
robot_geom: robot0_wheel_right_collision
proxy_geom: scene_aabb_proxy_line_6_output_side_protrusion
judge_collision_detected:
robot_base_x: 10.327060
robot_base_y: -7.286495
robot_base_yaw: 3.137224
robot_geom: robot0_wheel_right_collision
proxy_geom: scene_aabb_proxy_output_6
judge_collision_detected:
robot_base_x: 10.327060
robot_base_y: -7.286495
robot_base_yaw: 3.137224
robot_geom: robot0_wheel_right_collision
proxy_geom: scene_aabb_proxy_production_line_6
judge_collision_detected:
robot_base_x: 10.326150
robot_base_y: -7.286645
robot_base_yaw: 3.137476
robot_geom: robot0_back_left_caster_2
proxy_geom: scene_aabb_proxy_line_6_output_side_protrusion
judge_collision_detected:
robot_base_x: 10.326150
robot_base_y: -7.286645
robot_base_yaw: 3.137476
robot_geom: robot0_back_right_caster_2
proxy_geom: scene_aabb_proxy_line_6_output_side_protrusion
judge_collision_detected:
robot_base_x: 10.326150
robot_base_y: -7.286645
robot_base_yaw: 3.137476
robot_geom: robot0_base_collision
proxy_geom: scene_aabb_proxy_line_6_output_side_protrusion
judge_collision_detected:
robot_base_x: 10.326150
robot_base_y: -7.286645
robot_base_yaw: 3.137476
robot_geom: robot0_base_collision
proxy_geom: scene_aabb_proxy_output_6
judge_collision_detected:
robot_base_x: 10.326150
robot_base_y: -7.286645
robot_base_yaw: 3.137476
robot_geom: robot0_base_collision
proxy_geom: scene_aabb_proxy_production_line_6
judge_collision_detected:
robot_base_x: 10.326150
robot_base_y: -7.286645
robot_base_yaw: 3.137476
robot_geom: robot0_front_left_caster_2
proxy_geom: scene_aabb_proxy_output_6
judge_collision_detected:
robot_base_x: 10.326150
robot_base_y: -7.286645
robot_base_yaw: 3.137476
robot_geom: robot0_front_right_caster_2
proxy_geom: scene_aabb_proxy_output_6
judge_collision_detected:
robot_base_x: 10.326150
robot_base_y: -7.286645
robot_base_yaw: 3.137476
robot_geom: robot0_torso_fixed_collision_box_1
proxy_geom: scene_aabb_proxy_line_6_output_side_protrusion
judge_collision_detected:
robot_base_x: 10.326150
robot_base_y: -7.286645
robot_base_yaw: 3.137476
robot_geom: robot0_torso_fixed_collision_box_1
proxy_geom: scene_aabb_proxy_output_6
judge_collision_detected:
robot_base_x: 10.326150
robot_base_y: -7.286645
robot_base_yaw: 3.137476
robot_geom: robot0_torso_fixed_collision_box_1
proxy_geom: scene_aabb_proxy_production_line_6
judge_collision_detected:
robot_base_x: 10.326150
robot_base_y: -7.286645
robot_base_yaw: 3.137476
robot_geom: robot0_torso_fixed_column_collision
proxy_geom: scene_aabb_proxy_line_6_output_side_protrusion
judge_collision_detected:
robot_base_x: 10.326150
robot_base_y: -7.286645
robot_base_yaw: 3.137476
robot_geom: robot0_wheel_left_collision
proxy_geom: scene_aabb_proxy_line_6_output_side_protrusion
judge_collision_detected:
robot_base_x: 10.326150
robot_base_y: -7.286645
robot_base_yaw: 3.137476
robot_geom: robot0_wheel_left_collision
proxy_geom: scene_aabb_proxy_output_6
judge_collision_detected:
robot_base_x: 10.326150
robot_base_y: -7.286645
robot_base_yaw: 3.137476
robot_geom: robot0_wheel_right_collision
proxy_geom: scene_aabb_proxy_line_6_output_side_protrusion
judge_collision_detected:
robot_base_x: 10.326150
robot_base_y: -7.286645
robot_base_yaw: 3.137476
robot_geom: robot0_wheel_right_collision
proxy_geom: scene_aabb_proxy_output_6
judge_collision_detected:
robot_base_x: 10.326150
robot_base_y: -7.286645
robot_base_yaw: 3.137476
robot_geom: robot0_wheel_right_collision
proxy_geom: scene_aabb_proxy_production_line_6
judge_collision_detected:
robot_base_x: 10.325285
robot_base_y: -7.286793
robot_base_yaw: 3.137737
robot_geom: robot0_back_left_caster_2
proxy_geom: scene_aabb_proxy_line_6_output_side_protrusion
judge_collision_detected:
robot_base_x: 10.325285
robot_base_y: -7.286793
robot_base_yaw: 3.137737
robot_geom: robot0_back_right_caster_2
proxy_geom: scene_aabb_proxy_line_6_output_side_protrusion
judge_collision_detected:
robot_base_x: 10.325285
robot_base_y: -7.286793
robot_base_yaw: 3.137737
robot_geom: robot0_base_collision
proxy_geom: scene_aabb_proxy_line_6_output_side_protrusion
judge_collision_detected:
robot_base_x: 10.325285
robot_base_y: -7.286793
robot_base_yaw: 3.137737
robot_geom: robot0_base_collision
proxy_geom: scene_aabb_proxy_output_6
judge_collision_detected:
robot_base_x: 10.325285
robot_base_y: -7.286793
robot_base_yaw: 3.137737
robot_geom: robot0_base_collision
proxy_geom: scene_aabb_proxy_production_line_6
judge_collision_detected:
robot_base_x: 10.325285
robot_base_y: -7.286793
robot_base_yaw: 3.137737
robot_geom: robot0_front_left_caster_2
proxy_geom: scene_aabb_proxy_output_6
judge_collision_detected:
robot_base_x: 10.325285
robot_base_y: -7.286793
robot_base_yaw: 3.137737
robot_geom: robot0_front_right_caster_2
proxy_geom: scene_aabb_proxy_output_6
judge_collision_detected:
robot_base_x: 10.325285
robot_base_y: -7.286793
robot_base_yaw: 3.137737
robot_geom: robot0_torso_fixed_collision_box_1
proxy_geom: scene_aabb_proxy_line_6_output_side_protrusion
judge_collision_detected:
robot_base_x: 10.325285
robot_base_y: -7.286793
robot_base_yaw: 3.137737
robot_geom: robot0_torso_fixed_collision_box_1
proxy_geom: scene_aabb_proxy_output_6
judge_collision_detected:
robot_base_x: 10.325285
robot_base_y: -7.286793
robot_base_yaw: 3.137737
robot_geom: robot0_torso_fixed_collision_box_1
proxy_geom: scene_aabb_proxy_production_line_6
judge_collision_detected:
robot_base_x: 10.325285
robot_base_y: -7.286793
robot_base_yaw: 3.137737
robot_geom: robot0_torso_fixed_column_collision
proxy_geom: scene_aabb_proxy_line_6_output_side_protrusion
judge_collision_detected:
robot_base_x: 10.325285
robot_base_y: -7.286793
robot_base_yaw: 3.137737
robot_geom: robot0_wheel_left_collision
proxy_geom: scene_aabb_proxy_line_6_output_side_protrusion
judge_collision_detected:
robot_base_x: 10.325285
robot_base_y: -7.286793
robot_base_yaw: 3.137737
robot_geom: robot0_wheel_left_collision
proxy_geom: scene_aabb_proxy_output_6
judge_collision_detected:
robot_base_x: 10.325285
robot_base_y: -7.286793
robot_base_yaw: 3.137737
robot_geom: robot0_wheel_right_collision
proxy_geom: scene_aabb_proxy_line_6_output_side_protrusion
judge_collision_detected:
robot_base_x: 10.325285
robot_base_y: -7.286793
robot_base_yaw: 3.137737
robot_geom: robot0_wheel_right_collision
proxy_geom: scene_aabb_proxy_output_6
judge_collision_detected:
robot_base_x: 10.325285
robot_base_y: -7.286793
robot_base_yaw: 3.137737
robot_geom: robot0_wheel_right_collision
proxy_geom: scene_aabb_proxy_production_line_6
judge_collision_detected:
robot_base_x: 10.324453
robot_base_y: -7.286939
robot_base_yaw: 3.138001
robot_geom: robot0_back_left_caster_2
proxy_geom: scene_aabb_proxy_line_6_output_side_protrusion
judge_collision_detected:
robot_base_x: 10.324453
robot_base_y: -7.286939
robot_base_yaw: 3.138001
robot_geom: robot0_back_right_caster_2
proxy_geom: scene_aabb_proxy_line_6_output_side_protrusion
judge_collision_detected:
robot_base_x: 10.324453
robot_base_y: -7.286939
robot_base_yaw: 3.138001
robot_geom: robot0_base_collision
proxy_geom: scene_aabb_proxy_line_6_output_side_protrusion
judge_collision_detected:
robot_base_x: 10.324453
robot_base_y: -7.286939
robot_base_yaw: 3.138001
robot_geom: robot0_base_collision
proxy_geom: scene_aabb_proxy_output_6
judge_collision_detected:
robot_base_x: 10.324453
robot_base_y: -7.286939
robot_base_yaw: 3.138001
robot_geom: robot0_base_collision
proxy_geom: scene_aabb_proxy_production_line_6
judge_collision_detected:
robot_base_x: 10.324453
robot_base_y: -7.286939
robot_base_yaw: 3.138001
robot_geom: robot0_front_left_caster_2
proxy_geom: scene_aabb_proxy_output_6
judge_collision_detected:
robot_base_x: 10.324453
robot_base_y: -7.286939
robot_base_yaw: 3.138001
robot_geom: robot0_front_right_caster_2
proxy_geom: scene_aabb_proxy_output_6
judge_collision_detected:
robot_base_x: 10.324453
robot_base_y: -7.286939
robot_base_yaw: 3.138001
robot_geom: robot0_torso_fixed_collision_box_1
proxy_geom: scene_aabb_proxy_line_6_output_side_protrusion
judge_collision_detected:
robot_base_x: 10.324453
robot_base_y: -7.286939
robot_base_yaw: 3.138001
robot_geom: robot0_torso_fixed_collision_box_1
proxy_geom: scene_aabb_proxy_output_6
judge_collision_detected:
robot_base_x: 10.324453
robot_base_y: -7.286939
robot_base_yaw: 3.138001
robot_geom: robot0_torso_fixed_collision_box_1
proxy_geom: scene_aabb_proxy_production_line_6
judge_collision_detected:
robot_base_x: 10.324453
robot_base_y: -7.286939
robot_base_yaw: 3.138001
robot_geom: robot0_torso_fixed_column_collision
proxy_geom: scene_aabb_proxy_line_6_output_side_protrusion
judge_collision_detected:
robot_base_x: 10.324453
robot_base_y: -7.286939
robot_base_yaw: 3.138001
robot_geom: robot0_wheel_left_collision
proxy_geom: scene_aabb_proxy_line_6_output_side_protrusion
judge_collision_detected:
robot_base_x: 10.324453
robot_base_y: -7.286939
robot_base_yaw: 3.138001
robot_geom: robot0_wheel_left_collision
proxy_geom: scene_aabb_proxy_output_6
judge_collision_detected:
robot_base_x: 10.324453
robot_base_y: -7.286939
robot_base_yaw: 3.138001
robot_geom: robot0_wheel_right_collision
proxy_geom: scene_aabb_proxy_line_6_output_side_protrusion
judge_collision_detected:
robot_base_x: 10.324453
robot_base_y: -7.286939
robot_base_yaw: 3.138001
robot_geom: robot0_wheel_right_collision
proxy_geom: scene_aabb_proxy_output_6
judge_collision_detected:
robot_base_x: 10.324453
robot_base_y: -7.286939
robot_base_yaw: 3.138001
robot_geom: robot0_wheel_right_collision
proxy_geom: scene_aabb_proxy_production_line_6
judge_collision_detected:
robot_base_x: 10.323645
robot_base_y: -7.287082
robot_base_yaw: 3.138257
robot_geom: robot0_back_left_caster_2
proxy_geom: scene_aabb_proxy_line_6_output_side_protrusion
judge_collision_detected:
robot_base_x: 10.323645
robot_base_y: -7.287082
robot_base_yaw: 3.138257
robot_geom: robot0_back_right_caster_2
proxy_geom: scene_aabb_proxy_line_6_output_side_protrusion
judge_collision_detected:
robot_base_x: 10.323645
robot_base_y: -7.287082
robot_base_yaw: 3.138257
robot_geom: robot0_base_collision
proxy_geom: scene_aabb_proxy_line_6_output_side_protrusion
judge_collision_detected:
robot_base_x: 10.323645
robot_base_y: -7.287082
robot_base_yaw: 3.138257
robot_geom: robot0_base_collision
proxy_geom: scene_aabb_proxy_output_6
judge_collision_detected:
robot_base_x: 10.323645
robot_base_y: -7.287082
robot_base_yaw: 3.138257
robot_geom: robot0_base_collision
proxy_geom: scene_aabb_proxy_production_line_6
judge_collision_detected:
robot_base_x: 10.323645
robot_base_y: -7.287082
robot_base_yaw: 3.138257
robot_geom: robot0_front_left_caster_2
proxy_geom: scene_aabb_proxy_output_6
judge_collision_detected:
robot_base_x: 10.323645
robot_base_y: -7.287082
robot_base_yaw: 3.138257
robot_geom: robot0_front_right_caster_2
proxy_geom: scene_aabb_proxy_output_6
judge_collision_detected:
robot_base_x: 10.323645
robot_base_y: -7.287082
robot_base_yaw: 3.138257
robot_geom: robot0_torso_fixed_collision_box_1
proxy_geom: scene_aabb_proxy_line_6_output_side_protrusion
judge_collision_detected:
robot_base_x: 10.323645
robot_base_y: -7.287082
robot_base_yaw: 3.138257
robot_geom: robot0_torso_fixed_collision_box_1
proxy_geom: scene_aabb_proxy_output_6
judge_collision_detected:
robot_base_x: 10.323645
robot_base_y: -7.287082
robot_base_yaw: 3.138257
robot_geom: robot0_torso_fixed_collision_box_1
proxy_geom: scene_aabb_proxy_production_line_6
judge_collision_detected:
robot_base_x: 10.323645
robot_base_y: -7.287082
robot_base_yaw: 3.138257
robot_geom: robot0_torso_fixed_column_collision
proxy_geom: scene_aabb_proxy_line_6_output_side_protrusion
judge_collision_detected:
robot_base_x: 10.323645
robot_base_y: -7.287082
robot_base_yaw: 3.138257
robot_geom: robot0_torso_fixed_column_collision
proxy_geom: scene_aabb_proxy_output_6
judge_collision_detected:
robot_base_x: 10.323645
robot_base_y: -7.287082
robot_base_yaw: 3.138257
robot_geom: robot0_wheel_left_collision
proxy_geom: scene_aabb_proxy_line_6_output_side_protrusion
judge_collision_detected:
robot_base_x: 10.323645
robot_base_y: -7.287082
robot_base_yaw: 3.138257
robot_geom: robot0_wheel_left_collision
proxy_geom: scene_aabb_proxy_output_6
judge_collision_detected:
robot_base_x: 10.323645
robot_base_y: -7.287082
robot_base_yaw: 3.138257
robot_geom: robot0_wheel_right_collision
proxy_geom: scene_aabb_proxy_line_6_output_side_protrusion
judge_collision_detected:
robot_base_x: 10.323645
robot_base_y: -7.287082
robot_base_yaw: 3.138257
robot_geom: robot0_wheel_right_collision
proxy_geom: scene_aabb_proxy_output_6
judge_collision_detected:
robot_base_x: 10.323645
robot_base_y: -7.287082
robot_base_yaw: 3.138257
robot_geom: robot0_wheel_right_collision
proxy_geom: scene_aabb_proxy_production_line_6
judge_collision_detected:
robot_base_x: 10.322925
robot_base_y: -7.287208
robot_base_yaw: 3.138469
robot_geom: robot0_back_left_caster_2
proxy_geom: scene_aabb_proxy_line_6_output_side_protrusion
judge_collision_detected:
robot_base_x: 10.322925
robot_base_y: -7.287208
robot_base_yaw: 3.138469
robot_geom: robot0_back_right_caster_2
proxy_geom: scene_aabb_proxy_line_6_output_side_protrusion
judge_collision_detected:
robot_base_x: 10.322925
robot_base_y: -7.287208
robot_base_yaw: 3.138469
robot_geom: robot0_base_collision
proxy_geom: scene_aabb_proxy_line_6_output_side_protrusion
judge_collision_detected:
robot_base_x: 10.322925
robot_base_y: -7.287208
robot_base_yaw: 3.138469
robot_geom: robot0_base_collision
proxy_geom: scene_aabb_proxy_output_6
judge_collision_detected:
robot_base_x: 10.322925
robot_base_y: -7.287208
robot_base_yaw: 3.138469
robot_geom: robot0_base_collision
proxy_geom: scene_aabb_proxy_production_line_6
judge_collision_detected:
robot_base_x: 10.322925
robot_base_y: -7.287208
robot_base_yaw: 3.138469
robot_geom: robot0_front_left_caster_2
proxy_geom: scene_aabb_proxy_output_6
judge_collision_detected:
robot_base_x: 10.322925
robot_base_y: -7.287208
robot_base_yaw: 3.138469
robot_geom: robot0_front_right_caster_2
proxy_geom: scene_aabb_proxy_output_6
judge_collision_detected:
robot_base_x: 10.322925
robot_base_y: -7.287208
robot_base_yaw: 3.138469
robot_geom: robot0_torso_fixed_collision_box_1
proxy_geom: scene_aabb_proxy_line_6_output_side_protrusion
judge_collision_detected:
robot_base_x: 10.322925
robot_base_y: -7.287208
robot_base_yaw: 3.138469
robot_geom: robot0_torso_fixed_collision_box_1
proxy_geom: scene_aabb_proxy_output_6
judge_collision_detected:
robot_base_x: 10.322925
robot_base_y: -7.287208
robot_base_yaw: 3.138469
robot_geom: robot0_torso_fixed_collision_box_1
proxy_geom: scene_aabb_proxy_production_line_6
judge_collision_detected:
robot_base_x: 10.322925
robot_base_y: -7.287208
robot_base_yaw: 3.138469
robot_geom: robot0_torso_fixed_column_collision
proxy_geom: scene_aabb_proxy_line_6_output_side_protrusion
judge_collision_detected:
robot_base_x: 10.322925
robot_base_y: -7.287208
robot_base_yaw: 3.138469
robot_geom: robot0_torso_fixed_column_collision
proxy_geom: scene_aabb_proxy_output_6
judge_collision_detected:
robot_base_x: 10.322925
robot_base_y: -7.287208
robot_base_yaw: 3.138469
robot_geom: robot0_wheel_left_collision
proxy_geom: scene_aabb_proxy_line_6_output_side_protrusion
judge_collision_detected:
robot_base_x: 10.322925
robot_base_y: -7.287208
robot_base_yaw: 3.138469
robot_geom: robot0_wheel_left_collision
proxy_geom: scene_aabb_proxy_output_6
judge_collision_detected:
robot_base_x: 10.322925
robot_base_y: -7.287208
robot_base_yaw: 3.138469
robot_geom: robot0_wheel_right_collision
proxy_geom: scene_aabb_proxy_line_6_output_side_protrusion
judge_collision_detected:
robot_base_x: 10.322925
robot_base_y: -7.287208
robot_base_yaw: 3.138469
robot_geom: robot0_wheel_right_collision
proxy_geom: scene_aabb_proxy_output_6
judge_collision_detected:
robot_base_x: 10.322925
robot_base_y: -7.287208
robot_base_yaw: 3.138469
robot_geom: robot0_wheel_right_collision
proxy_geom: scene_aabb_proxy_production_line_6
judge_collision_detected:
robot_base_x: 10.322262
robot_base_y: -7.287320
robot_base_yaw: 3.138675
robot_geom: robot0_back_left_caster_2
proxy_geom: scene_aabb_proxy_line_6_output_side_protrusion
judge_collision_detected:
robot_base_x: 10.322262
robot_base_y: -7.287320
robot_base_yaw: 3.138675
robot_geom: robot0_back_right_caster_2
proxy_geom: scene_aabb_proxy_line_6_output_side_protrusion
judge_collision_detected:
robot_base_x: 10.322262
robot_base_y: -7.287320
robot_base_yaw: 3.138675
robot_geom: robot0_base_collision
proxy_geom: scene_aabb_proxy_line_6_output_side_protrusion
judge_collision_detected:
robot_base_x: 10.322262
robot_base_y: -7.287320
robot_base_yaw: 3.138675
robot_geom: robot0_base_collision
proxy_geom: scene_aabb_proxy_output_6
judge_collision_detected:
robot_base_x: 10.322262
robot_base_y: -7.287320
robot_base_yaw: 3.138675
robot_geom: robot0_base_collision
proxy_geom: scene_aabb_proxy_production_line_6
judge_collision_detected:
robot_base_x: 10.322262
robot_base_y: -7.287320
robot_base_yaw: 3.138675
robot_geom: robot0_front_left_caster_2
proxy_geom: scene_aabb_proxy_output_6
judge_collision_detected:
robot_base_x: 10.322262
robot_base_y: -7.287320
robot_base_yaw: 3.138675
robot_geom: robot0_front_right_caster_2
proxy_geom: scene_aabb_proxy_output_6
judge_collision_detected:
robot_base_x: 10.322262
robot_base_y: -7.287320
robot_base_yaw: 3.138675
robot_geom: robot0_torso_fixed_collision_box_1
proxy_geom: scene_aabb_proxy_line_6_output_side_protrusion
judge_collision_detected:
robot_base_x: 10.322262
robot_base_y: -7.287320
robot_base_yaw: 3.138675
robot_geom: robot0_torso_fixed_collision_box_1
proxy_geom: scene_aabb_proxy_output_6
judge_collision_detected:
robot_base_x: 10.322262
robot_base_y: -7.287320
robot_base_yaw: 3.138675
robot_geom: robot0_torso_fixed_collision_box_1
proxy_geom: scene_aabb_proxy_production_line_6
judge_collision_detected:
robot_base_x: 10.322262
robot_base_y: -7.287320
robot_base_yaw: 3.138675
robot_geom: robot0_torso_fixed_column_collision
proxy_geom: scene_aabb_proxy_line_6_output_side_protrusion
judge_collision_detected:
robot_base_x: 10.322262
robot_base_y: -7.287320
robot_base_yaw: 3.138675
robot_geom: robot0_torso_fixed_column_collision
proxy_geom: scene_aabb_proxy_output_6
judge_collision_detected:
robot_base_x: 10.322262
robot_base_y: -7.287320
robot_base_yaw: 3.138675
robot_geom: robot0_wheel_left_collision
proxy_geom: scene_aabb_proxy_line_6_output_side_protrusion
judge_collision_detected:
robot_base_x: 10.322262
robot_base_y: -7.287320
robot_base_yaw: 3.138675
robot_geom: robot0_wheel_left_collision
proxy_geom: scene_aabb_proxy_output_6
judge_collision_detected:
robot_base_x: 10.322262
robot_base_y: -7.287320
robot_base_yaw: 3.138675
robot_geom: robot0_wheel_right_collision
proxy_geom: scene_aabb_proxy_line_6_output_side_protrusion
judge_collision_detected:
robot_base_x: 10.322262
robot_base_y: -7.287320
robot_base_yaw: 3.138675
robot_geom: robot0_wheel_right_collision
proxy_geom: scene_aabb_proxy_output_6
judge_collision_detected:
robot_base_x: 10.322262
robot_base_y: -7.287320
robot_base_yaw: 3.138675
robot_geom: robot0_wheel_right_collision
proxy_geom: scene_aabb_proxy_production_line_6
judge_collision_detected:
robot_base_x: 10.321644
robot_base_y: -7.287429
robot_base_yaw: 3.138895
robot_geom: robot0_back_left_caster_2
proxy_geom: scene_aabb_proxy_line_6_output_side_protrusion
judge_collision_detected:
robot_base_x: 10.321644
robot_base_y: -7.287429
robot_base_yaw: 3.138895
robot_geom: robot0_back_right_caster_2
proxy_geom: scene_aabb_proxy_line_6_output_side_protrusion
judge_collision_detected:
robot_base_x: 10.321644
robot_base_y: -7.287429
robot_base_yaw: 3.138895
robot_geom: robot0_base_collision
proxy_geom: scene_aabb_proxy_line_6_output_side_protrusion
judge_collision_detected:
robot_base_x: 10.321644
robot_base_y: -7.287429
robot_base_yaw: 3.138895
robot_geom: robot0_base_collision
proxy_geom: scene_aabb_proxy_output_6
judge_collision_detected:
robot_base_x: 10.321644
robot_base_y: -7.287429
robot_base_yaw: 3.138895
robot_geom: robot0_base_collision
proxy_geom: scene_aabb_proxy_production_line_6
judge_collision_detected:
robot_base_x: 10.321644
robot_base_y: -7.287429
robot_base_yaw: 3.138895
robot_geom: robot0_front_left_caster_2
proxy_geom: scene_aabb_proxy_output_6
judge_collision_detected:
robot_base_x: 10.321644
robot_base_y: -7.287429
robot_base_yaw: 3.138895
robot_geom: robot0_front_right_caster_2
proxy_geom: scene_aabb_proxy_output_6
judge_collision_detected:
robot_base_x: 10.321644
robot_base_y: -7.287429
robot_base_yaw: 3.138895
robot_geom: robot0_torso_fixed_collision_box_1
proxy_geom: scene_aabb_proxy_line_6_output_side_protrusion
judge_collision_detected:
robot_base_x: 10.321644
robot_base_y: -7.287429
robot_base_yaw: 3.138895
robot_geom: robot0_torso_fixed_collision_box_1
proxy_geom: scene_aabb_proxy_output_6
judge_collision_detected:
robot_base_x: 10.321644
robot_base_y: -7.287429
robot_base_yaw: 3.138895
robot_geom: robot0_torso_fixed_collision_box_1
proxy_geom: scene_aabb_proxy_production_line_6
judge_collision_detected:
robot_base_x: 10.321644
robot_base_y: -7.287429
robot_base_yaw: 3.138895
robot_geom: robot0_torso_fixed_column_collision
proxy_geom: scene_aabb_proxy_line_6_output_side_protrusion
judge_collision_detected:
robot_base_x: 10.321644
robot_base_y: -7.287429
robot_base_yaw: 3.138895
robot_geom: robot0_torso_fixed_column_collision
proxy_geom: scene_aabb_proxy_output_6
judge_collision_detected:
robot_base_x: 10.321644
robot_base_y: -7.287429
robot_base_yaw: 3.138895
robot_geom: robot0_wheel_left_collision
proxy_geom: scene_aabb_proxy_line_6_output_side_protrusion
judge_collision_detected:
robot_base_x: 10.321644
robot_base_y: -7.287429
robot_base_yaw: 3.138895
robot_geom: robot0_wheel_left_collision
proxy_geom: scene_aabb_proxy_output_6
judge_collision_detected:
robot_base_x: 10.321644
robot_base_y: -7.287429
robot_base_yaw: 3.138895
robot_geom: robot0_wheel_right_collision
proxy_geom: scene_aabb_proxy_line_6_output_side_protrusion
judge_collision_detected:
robot_base_x: 10.321644
robot_base_y: -7.287429
robot_base_yaw: 3.138895
robot_geom: robot0_wheel_right_collision
proxy_geom: scene_aabb_proxy_output_6
judge_collision_detected:
robot_base_x: 10.321644
robot_base_y: -7.287429
robot_base_yaw: 3.138895
robot_geom: robot0_wheel_right_collision
proxy_geom: scene_aabb_proxy_production_line_6
judge_collision_detected:
robot_base_x: 10.321067
robot_base_y: -7.287536
robot_base_yaw: 3.139133
robot_geom: robot0_back_left_caster_2
proxy_geom: scene_aabb_proxy_line_6_output_side_protrusion
judge_collision_detected:
robot_base_x: 10.321067
robot_base_y: -7.287536
robot_base_yaw: 3.139133
robot_geom: robot0_back_right_caster_2
proxy_geom: scene_aabb_proxy_line_6_output_side_protrusion
judge_collision_detected:
robot_base_x: 10.321067
robot_base_y: -7.287536
robot_base_yaw: 3.139133
robot_geom: robot0_base_collision
proxy_geom: scene_aabb_proxy_line_6_output_side_protrusion
judge_collision_detected:
robot_base_x: 10.321067
robot_base_y: -7.287536
robot_base_yaw: 3.139133
robot_geom: robot0_base_collision
proxy_geom: scene_aabb_proxy_output_6
judge_collision_detected:
robot_base_x: 10.321067
robot_base_y: -7.287536
robot_base_yaw: 3.139133
robot_geom: robot0_base_collision
proxy_geom: scene_aabb_proxy_production_line_6
judge_collision_detected:
robot_base_x: 10.321067
robot_base_y: -7.287536
robot_base_yaw: 3.139133
robot_geom: robot0_front_left_caster_2
proxy_geom: scene_aabb_proxy_output_6
judge_collision_detected:
robot_base_x: 10.321067
robot_base_y: -7.287536
robot_base_yaw: 3.139133
robot_geom: robot0_front_right_caster_2
proxy_geom: scene_aabb_proxy_output_6
judge_collision_detected:
robot_base_x: 10.321067
robot_base_y: -7.287536
robot_base_yaw: 3.139133
robot_geom: robot0_torso_fixed_collision_box_1
proxy_geom: scene_aabb_proxy_line_6_output_side_protrusion
judge_collision_detected:
robot_base_x: 10.321067
robot_base_y: -7.287536
robot_base_yaw: 3.139133
robot_geom: robot0_torso_fixed_collision_box_1
proxy_geom: scene_aabb_proxy_output_6
judge_collision_detected:
robot_base_x: 10.321067
robot_base_y: -7.287536
robot_base_yaw: 3.139133
robot_geom: robot0_torso_fixed_collision_box_1
proxy_geom: scene_aabb_proxy_production_line_6
judge_collision_detected:
robot_base_x: 10.321067
robot_base_y: -7.287536
robot_base_yaw: 3.139133
robot_geom: robot0_torso_fixed_column_collision
proxy_geom: scene_aabb_proxy_line_6_output_side_protrusion
judge_collision_detected:
robot_base_x: 10.321067
robot_base_y: -7.287536
robot_base_yaw: 3.139133
robot_geom: robot0_torso_fixed_column_collision
proxy_geom: scene_aabb_proxy_output_6
judge_collision_detected:
robot_base_x: 10.321067
robot_base_y: -7.287536
robot_base_yaw: 3.139133
robot_geom: robot0_wheel_left_collision
proxy_geom: scene_aabb_proxy_line_6_output_side_protrusion
judge_collision_detected:
robot_base_x: 10.321067
robot_base_y: -7.287536
robot_base_yaw: 3.139133
robot_geom: robot0_wheel_left_collision
proxy_geom: scene_aabb_proxy_output_6
judge_collision_detected:
robot_base_x: 10.321067
robot_base_y: -7.287536
robot_base_yaw: 3.139133
robot_geom: robot0_wheel_right_collision
proxy_geom: scene_aabb_proxy_line_6_output_side_protrusion
judge_collision_detected:
robot_base_x: 10.321067
robot_base_y: -7.287536
robot_base_yaw: 3.139133
robot_geom: robot0_wheel_right_collision
proxy_geom: scene_aabb_proxy_output_6
judge_collision_detected:
robot_base_x: 10.321067
robot_base_y: -7.287536
robot_base_yaw: 3.139133
robot_geom: robot0_wheel_right_collision
proxy_geom: scene_aabb_proxy_production_line_6
judge_collision_detected:
robot_base_x: 10.320526
robot_base_y: -7.287641
robot_base_yaw: 3.139394
robot_geom: robot0_back_left_caster_2
proxy_geom: scene_aabb_proxy_line_6_output_side_protrusion
judge_collision_detected:
robot_base_x: 10.320526
robot_base_y: -7.287641
robot_base_yaw: 3.139394
robot_geom: robot0_back_right_caster_2
proxy_geom: scene_aabb_proxy_line_6_output_side_protrusion
judge_collision_detected:
robot_base_x: 10.320526
robot_base_y: -7.287641
robot_base_yaw: 3.139394
robot_geom: robot0_base_collision
proxy_geom: scene_aabb_proxy_line_6_output_side_protrusion
judge_collision_detected:
robot_base_x: 10.320526
robot_base_y: -7.287641
robot_base_yaw: 3.139394
robot_geom: robot0_base_collision
proxy_geom: scene_aabb_proxy_output_6
judge_collision_detected:
robot_base_x: 10.320526
robot_base_y: -7.287641
robot_base_yaw: 3.139394
robot_geom: robot0_base_collision
proxy_geom: scene_aabb_proxy_production_line_6
judge_collision_detected:
robot_base_x: 10.320526
robot_base_y: -7.287641
robot_base_yaw: 3.139394
robot_geom: robot0_front_left_caster_2
proxy_geom: scene_aabb_proxy_output_6
judge_collision_detected:
robot_base_x: 10.320526
robot_base_y: -7.287641
robot_base_yaw: 3.139394
robot_geom: robot0_front_right_caster_2
proxy_geom: scene_aabb_proxy_output_6
judge_collision_detected:
robot_base_x: 10.320526
robot_base_y: -7.287641
robot_base_yaw: 3.139394
robot_geom: robot0_torso_fixed_collision_box_1
proxy_geom: scene_aabb_proxy_line_6_output_side_protrusion
judge_collision_detected:
robot_base_x: 10.320526
robot_base_y: -7.287641
robot_base_yaw: 3.139394
robot_geom: robot0_torso_fixed_collision_box_1
proxy_geom: scene_aabb_proxy_output_6
judge_collision_detected:
robot_base_x: 10.320526
robot_base_y: -7.287641
robot_base_yaw: 3.139394
robot_geom: robot0_torso_fixed_collision_box_1
proxy_geom: scene_aabb_proxy_production_line_6
judge_collision_detected:
robot_base_x: 10.320526
robot_base_y: -7.287641
robot_base_yaw: 3.139394
robot_geom: robot0_torso_fixed_column_collision
proxy_geom: scene_aabb_proxy_line_6_output_side_protrusion
judge_collision_detected:
robot_base_x: 10.320526
robot_base_y: -7.287641
robot_base_yaw: 3.139394
robot_geom: robot0_torso_fixed_column_collision
proxy_geom: scene_aabb_proxy_output_6
judge_collision_detected:
robot_base_x: 10.320526
robot_base_y: -7.287641
robot_base_yaw: 3.139394
robot_geom: robot0_wheel_left_collision
proxy_geom: scene_aabb_proxy_line_6_output_side_protrusion
judge_collision_detected:
robot_base_x: 10.320526
robot_base_y: -7.287641
robot_base_yaw: 3.139394
robot_geom: robot0_wheel_left_collision
proxy_geom: scene_aabb_proxy_output_6
judge_collision_detected:
robot_base_x: 10.320526
robot_base_y: -7.287641
robot_base_yaw: 3.139394
robot_geom: robot0_wheel_right_collision
proxy_geom: scene_aabb_proxy_line_6_output_side_protrusion
judge_collision_detected:
robot_base_x: 10.320526
robot_base_y: -7.287641
robot_base_yaw: 3.139394
robot_geom: robot0_wheel_right_collision
proxy_geom: scene_aabb_proxy_output_6
judge_collision_detected:
robot_base_x: 10.320526
robot_base_y: -7.287641
robot_base_yaw: 3.139394
robot_geom: robot0_wheel_right_collision
proxy_geom: scene_aabb_proxy_production_line_6
judge_collision_detected:
robot_base_x: 10.320039
robot_base_y: -7.287743
robot_base_yaw: 3.139671
robot_geom: robot0_back_left_caster_2
proxy_geom: scene_aabb_proxy_line_6_output_side_protrusion
judge_collision_detected:
robot_base_x: 10.320039
robot_base_y: -7.287743
robot_base_yaw: 3.139671
robot_geom: robot0_back_right_caster_2
proxy_geom: scene_aabb_proxy_line_6_output_side_protrusion
judge_collision_detected:
robot_base_x: 10.320039
robot_base_y: -7.287743
robot_base_yaw: 3.139671
robot_geom: robot0_base_collision
proxy_geom: scene_aabb_proxy_line_6_output_side_protrusion
judge_collision_detected:
robot_base_x: 10.320039
robot_base_y: -7.287743
robot_base_yaw: 3.139671
robot_geom: robot0_base_collision
proxy_geom: scene_aabb_proxy_output_6
judge_collision_detected:
robot_base_x: 10.320039
robot_base_y: -7.287743
robot_base_yaw: 3.139671
robot_geom: robot0_base_collision
proxy_geom: scene_aabb_proxy_production_line_6
judge_collision_detected:
robot_base_x: 10.320039
robot_base_y: -7.287743
robot_base_yaw: 3.139671
robot_geom: robot0_front_left_caster_2
proxy_geom: scene_aabb_proxy_output_6
judge_collision_detected:
robot_base_x: 10.320039
robot_base_y: -7.287743
robot_base_yaw: 3.139671
robot_geom: robot0_front_right_caster_2
proxy_geom: scene_aabb_proxy_output_6
judge_collision_detected:
robot_base_x: 10.320039
robot_base_y: -7.287743
robot_base_yaw: 3.139671
robot_geom: robot0_torso_fixed_collision_box_1
proxy_geom: scene_aabb_proxy_line_6_output_side_protrusion
judge_collision_detected:
robot_base_x: 10.320039
robot_base_y: -7.287743
robot_base_yaw: 3.139671
robot_geom: robot0_torso_fixed_collision_box_1
proxy_geom: scene_aabb_proxy_output_6
judge_collision_detected:
robot_base_x: 10.320039
robot_base_y: -7.287743
robot_base_yaw: 3.139671
robot_geom: robot0_torso_fixed_collision_box_1
proxy_geom: scene_aabb_proxy_production_line_6
judge_collision_detected:
robot_base_x: 10.320039
robot_base_y: -7.287743
robot_base_yaw: 3.139671
robot_geom: robot0_torso_fixed_column_collision
proxy_geom: scene_aabb_proxy_line_6_output_side_protrusion
judge_collision_detected:
robot_base_x: 10.320039
robot_base_y: -7.287743
robot_base_yaw: 3.139671
robot_geom: robot0_torso_fixed_column_collision
proxy_geom: scene_aabb_proxy_output_6
judge_collision_detected:
robot_base_x: 10.320039
robot_base_y: -7.287743
robot_base_yaw: 3.139671
robot_geom: robot0_wheel_left_collision
proxy_geom: scene_aabb_proxy_line_6_output_side_protrusion
judge_collision_detected:
robot_base_x: 10.320039
robot_base_y: -7.287743
robot_base_yaw: 3.139671
robot_geom: robot0_wheel_left_collision
proxy_geom: scene_aabb_proxy_output_6
judge_collision_detected:
robot_base_x: 10.320039
robot_base_y: -7.287743
robot_base_yaw: 3.139671
robot_geom: robot0_wheel_right_collision
proxy_geom: scene_aabb_proxy_line_6_output_side_protrusion
judge_collision_detected:
robot_base_x: 10.320039
robot_base_y: -7.287743
robot_base_yaw: 3.139671
robot_geom: robot0_wheel_right_collision
proxy_geom: scene_aabb_proxy_output_6
judge_collision_detected:
robot_base_x: 10.320039
robot_base_y: -7.287743
robot_base_yaw: 3.139671
robot_geom: robot0_wheel_right_collision
proxy_geom: scene_aabb_proxy_production_line_6
judge_collision_detected:
robot_base_x: 10.319645
robot_base_y: -7.287835
robot_base_yaw: 3.139780
robot_geom: robot0_back_left_caster_2
proxy_geom: scene_aabb_proxy_line_6_output_side_protrusion
judge_collision_detected:
robot_base_x: 10.319645
robot_base_y: -7.287835
robot_base_yaw: 3.139780
robot_geom: robot0_back_right_caster_2
proxy_geom: scene_aabb_proxy_line_6_output_side_protrusion
judge_collision_detected:
robot_base_x: 10.319645
robot_base_y: -7.287835
robot_base_yaw: 3.139780
robot_geom: robot0_base_collision
proxy_geom: scene_aabb_proxy_line_6_output_side_protrusion
judge_collision_detected:
robot_base_x: 10.319645
robot_base_y: -7.287835
robot_base_yaw: 3.139780
robot_geom: robot0_base_collision
proxy_geom: scene_aabb_proxy_output_6
judge_collision_detected:
robot_base_x: 10.319645
robot_base_y: -7.287835
robot_base_yaw: 3.139780
robot_geom: robot0_base_collision
proxy_geom: scene_aabb_proxy_production_line_6
judge_collision_detected:
robot_base_x: 10.319645
robot_base_y: -7.287835
robot_base_yaw: 3.139780
robot_geom: robot0_front_left_caster_2
proxy_geom: scene_aabb_proxy_output_6
judge_collision_detected:
robot_base_x: 10.319645
robot_base_y: -7.287835
robot_base_yaw: 3.139780
robot_geom: robot0_front_right_caster_2
proxy_geom: scene_aabb_proxy_output_6
judge_collision_detected:
robot_base_x: 10.319645
robot_base_y: -7.287835
robot_base_yaw: 3.139780
robot_geom: robot0_torso_fixed_collision_box_1
proxy_geom: scene_aabb_proxy_line_6_output_side_protrusion
judge_collision_detected:
robot_base_x: 10.319645
robot_base_y: -7.287835
robot_base_yaw: 3.139780
robot_geom: robot0_torso_fixed_collision_box_1
proxy_geom: scene_aabb_proxy_output_6
judge_collision_detected:
robot_base_x: 10.319645
robot_base_y: -7.287835
robot_base_yaw: 3.139780
robot_geom: robot0_torso_fixed_collision_box_1
proxy_geom: scene_aabb_proxy_production_line_6
judge_collision_detected:
robot_base_x: 10.319645
robot_base_y: -7.287835
robot_base_yaw: 3.139780
robot_geom: robot0_torso_fixed_column_collision
proxy_geom: scene_aabb_proxy_line_6_output_side_protrusion
judge_collision_detected:
robot_base_x: 10.319645
robot_base_y: -7.287835
robot_base_yaw: 3.139780
robot_geom: robot0_torso_fixed_column_collision
proxy_geom: scene_aabb_proxy_output_6
judge_collision_detected:
robot_base_x: 10.319645
robot_base_y: -7.287835
robot_base_yaw: 3.139780
robot_geom: robot0_wheel_left_collision
proxy_geom: scene_aabb_proxy_line_6_output_side_protrusion
judge_collision_detected:
robot_base_x: 10.319645
robot_base_y: -7.287835
robot_base_yaw: 3.139780
robot_geom: robot0_wheel_left_collision
proxy_geom: scene_aabb_proxy_output_6
judge_collision_detected:
robot_base_x: 10.319645
robot_base_y: -7.287835
robot_base_yaw: 3.139780
robot_geom: robot0_wheel_right_collision
proxy_geom: scene_aabb_proxy_line_6_output_side_protrusion
judge_collision_detected:
robot_base_x: 10.319645
robot_base_y: -7.287835
robot_base_yaw: 3.139780
robot_geom: robot0_wheel_right_collision
proxy_geom: scene_aabb_proxy_output_6
judge_collision_detected:
robot_base_x: 10.319645
robot_base_y: -7.287835
robot_base_yaw: 3.139780
robot_geom: robot0_wheel_right_collision
proxy_geom: scene_aabb_proxy_production_line_6
judge_collision_detected:
robot_base_x: 10.319280
robot_base_y: -7.287926
robot_base_yaw: 3.139900
robot_geom: robot0_back_left_caster_2
proxy_geom: scene_aabb_proxy_line_6_output_side_protrusion
judge_collision_detected:
robot_base_x: 10.319280
robot_base_y: -7.287926
robot_base_yaw: 3.139900
robot_geom: robot0_back_right_caster_2
proxy_geom: scene_aabb_proxy_line_6_output_side_protrusion
judge_collision_detected:
robot_base_x: 10.319280
robot_base_y: -7.287926
robot_base_yaw: 3.139900
robot_geom: robot0_base_collision
proxy_geom: scene_aabb_proxy_line_6_output_side_protrusion
judge_collision_detected:
robot_base_x: 10.319280
robot_base_y: -7.287926
robot_base_yaw: 3.139900
robot_geom: robot0_base_collision
proxy_geom: scene_aabb_proxy_output_6
judge_collision_detected:
robot_base_x: 10.319280
robot_base_y: -7.287926
robot_base_yaw: 3.139900
robot_geom: robot0_base_collision
proxy_geom: scene_aabb_proxy_production_line_6
judge_collision_detected:
robot_base_x: 10.319280
robot_base_y: -7.287926
robot_base_yaw: 3.139900
robot_geom: robot0_front_left_caster_2
proxy_geom: scene_aabb_proxy_output_6
judge_collision_detected:
robot_base_x: 10.319280
robot_base_y: -7.287926
robot_base_yaw: 3.139900
robot_geom: robot0_front_right_caster_2
proxy_geom: scene_aabb_proxy_output_6
judge_collision_detected:
robot_base_x: 10.319280
robot_base_y: -7.287926
robot_base_yaw: 3.139900
robot_geom: robot0_torso_fixed_collision_box_1
proxy_geom: scene_aabb_proxy_line_6_output_side_protrusion
judge_collision_detected:
robot_base_x: 10.319280
robot_base_y: -7.287926
robot_base_yaw: 3.139900
robot_geom: robot0_torso_fixed_collision_box_1
proxy_geom: scene_aabb_proxy_output_6
judge_collision_detected:
robot_base_x: 10.319280
robot_base_y: -7.287926
robot_base_yaw: 3.139900
robot_geom: robot0_torso_fixed_collision_box_1
proxy_geom: scene_aabb_proxy_production_line_6
judge_collision_detected:
robot_base_x: 10.319280
robot_base_y: -7.287926
robot_base_yaw: 3.139900
robot_geom: robot0_torso_fixed_column_collision
proxy_geom: scene_aabb_proxy_line_6_output_side_protrusion
judge_collision_detected:
robot_base_x: 10.319280
robot_base_y: -7.287926
robot_base_yaw: 3.139900
robot_geom: robot0_torso_fixed_column_collision
proxy_geom: scene_aabb_proxy_output_6
judge_collision_detected:
robot_base_x: 10.319280
robot_base_y: -7.287926
robot_base_yaw: 3.139900
robot_geom: robot0_wheel_left_collision
proxy_geom: scene_aabb_proxy_line_6_output_side_protrusion
judge_collision_detected:
robot_base_x: 10.319280
robot_base_y: -7.287926
robot_base_yaw: 3.139900
robot_geom: robot0_wheel_left_collision
proxy_geom: scene_aabb_proxy_output_6
judge_collision_detected:
robot_base_x: 10.319280
robot_base_y: -7.287926
robot_base_yaw: 3.139900
robot_geom: robot0_wheel_right_collision
proxy_geom: scene_aabb_proxy_line_6_output_side_protrusion
judge_collision_detected:
robot_base_x: 10.319280
robot_base_y: -7.287926
robot_base_yaw: 3.139900
robot_geom: robot0_wheel_right_collision
proxy_geom: scene_aabb_proxy_output_6
judge_collision_detected:
robot_base_x: 10.319280
robot_base_y: -7.287926
robot_base_yaw: 3.139900
robot_geom: robot0_wheel_right_collision
proxy_geom: scene_aabb_proxy_production_line_6
[L5] place_skill result for white_tote_b01_left_back: success=True msg=Physics place OK: output_6
[L5] synced white_tote_b01_left_back to output_6 in nav env
clearance-aware A* returned empty; falling back to core A*
core A* planning failed
Traceback (most recent call last):
  File "/mnt/workspace/JCIIOT2026/JCIIOT/src/robot_agent/skills/move.py", line 191, in _plan
    return plan_world_path(
           ^^^^^^^^^^^^^^^^
  File "/mnt/workspace/JCIIOT2026/JCIIOT/src/robot_agent/core/map_loader.py", line 79, in plan_world_path
    cell_path = astar(grid, start_cell, goal_cell)
                ^^^^^^^^^^^^^^^^^^^^^^^^^^^^^^^^^^
  File "/mnt/workspace/JCIIOT2026/JCIIOT/src/robot_agent/core/navigation.py", line 152, in astar
    raise RuntimeError(f"A* failed from {start_cell} to {goal_cell}.")
RuntimeError: A* failed from (582, 80) to (568, 99).
Step 2 (move): all 1 attempts failed
Step 3 (move) failed: A* planning failed: output_6
Step 3 failed, fail_fast — stopping
